"index_keyword_id","index_keyword"
"4323694c-2ae4-456a-a79b-1ab039389f56","AMAZONIA"
"52f087f0-d505-43ec-bb54-cb74f04a9b0e","BRAZIL"
"cc8a68b3-7ab3-4cf0-b84a-fb079c7e7cd3","DIAMETER"
"1548a2b0-51cd-438e-a2c4-daf46ceb3104","EXPLOITATION"
"fc7e6583-4d04-43e1-8a08-9231a4141006","FOREST MANAGEMENT"
"c0d1c617-1868-4ae8-82d0-d43d99808d1f","STIFFNESS"
"9087c3e1-22b6-454a-8a38-a1d431deb693","STRENGTH"
"5ed3f4eb-87b2-4f51-8f7e-8dde6200eb1e","SUSTAINABLE FORESTRY"
"31c6a0af-ba5a-43dc-8089-489df11888f1","TREE"
"6ff71d8c-ff98-4782-84e9-166a22f5cb62","TROPICAL FOREST"
"89b5c934-d923-4a70-8f43-1404839d8151","WOOD"
"14d67511-b4e9-4947-90d3-98cc768a0be2","AREA"
"31865766-72c9-4f7e-ab01-92b4bf390000","CUTTING"
"85c702d6-7d11-49e1-81d6-110783b5cb3f","DATA"
"2ed6e130-0ccf-4237-b4eb-ea3996b49d2f","ESCHWEILERA"
"785156eb-db04-4cbe-81d0-a0596c9e2435","FORESTRY"
"2debd78e-1f32-42f7-ae95-055be9e37c1c","MONITORING"
"8231d8ad-9a9c-41a0-b9a5-9e2e8162781e","PLANTS"
"bf901b11-3a86-45ca-8d5e-b17dde6a381f","AMAZON RAIN FOREST"
"cf397f6b-4b8e-4d47-afc7-b94b6a849c9d","COMMERCIALISATION"
"cfda8f09-b95a-451c-b0c1-7fd217f444b4","DIAMETRIC DISTRIBUTION"
"3246169a-8f08-4f7a-92f8-3c8bcd22c9da","EASTERN AMAZONS"
"fce4fbb0-08f2-4663-98d1-be11432a9b55","FOREST STRUCTURE"
"50400665-f2d9-406a-b3e9-5e97f645d19b","HIGH POTENTIAL"
"8a05c39c-46ca-4c60-967a-6861b33b4489","NATIONAL FORESTS"
"20c71ab5-cf9b-4603-9a45-83e8b08c1997","PERMANENT PLOT"
"2d09cc5b-a495-4702-8c37-290b428dd333","SILVICULTURAL TREATMENTS"
"f34ffd39-778f-460f-868f-29314bd0ac29","ANTIOXIDANTS"
"d6c268ec-6b9f-4b52-97a1-2d38a372f1cd","APOCYNACEAE"
"ff7bffd5-d0dc-4a61-98fd-5706c51ca0bf","FATTY ACIDS"
"7961056e-25dd-4459-af93-c31cc70da05e","FLAVONOIDS"
"eb1946b5-0d50-47f9-ab5a-d8fabc0fa102","FRUIT"
"2d135c75-9598-423e-8442-3318ec9d0e85","POTASSIUM"
"84004219-38ce-4be4-a86f-754d17d04b02","TANDEM MASS SPECTROMETRY"
"ac6534f7-a6ca-475f-9b34-280286dede82","TERPENES"
"b906c5ae-c965-422c-b243-68a6fcf7ff99","CHROMATOGRAPHIC ANALYSIS"
"d16e31f8-cf75-4166-b672-5ff347397fd7","GAS CHROMATOGRAPHY"
"06b51519-3ee2-4668-90d6-07996f727ec2","LINOLEIC ACID"
"3283a106-d273-4e9d-8fed-793931ef6aee","PALMITIC ACID"
"d524e7b2-2a96-4298-98ad-09f081535145","VOLATILE ORGANIC COMPOUNDS"
"2d7e9c83-4211-437d-b6ab-090f0ca152dd","ANTIOXIDANT"
"e0330d5f-62dd-4762-b484-1db15aef3441","FATTY ACID"
"57f8e466-d6a6-4557-9c22-471980383f5a","FLAVONOID"
"d6a7f0ad-56c4-491c-9b9f-517522770c63","TERPENE"
"21d9e490-a0d7-4862-b242-f1f320ea92f8","AMAZON REGION"
"f51d9055-d1a5-4e32-800b-ffc3d6b9dad1","ANTIOXIDANT ACTIVITIES"
"ec4b6ac7-d5f3-4a08-8656-ec10274576f4","CHEMICAL CONSTITUENTS"
"b4402927-3050-456b-9018-43ef5cf19f64","FRUIT PULPS"
"b0f2e6d8-2132-42ac-9600-1c40908db7d4","LIPID PROFILE"
"f50ada3d-7daf-4bf8-91ed-b2e812c5309a","NUTRITIONAL"
"04567a87-da0e-48e7-a51a-16f788d832a9","PHENOLIC COMPOUNDS"
"7b75eddf-ad10-4eb2-b1d3-e7ac08764598","PROXIMATE COMPOSITIONS"
"4c68e011-c107-48b4-9875-b1ddde76421c","CHEMISTRY"
"19b4a5d3-8da3-4fe3-ac8a-771894b9dd4f","FRUITS"
"77db04dd-ba98-49e7-821f-df22c8f90cd1","BIOMASS"
"19efe7b1-5caa-476a-9bbb-dfce57adf9ed","CARBOHYDRATES"
"6f9189be-e3e8-4752-aa24-3378954185fc","FABACEAE"
"7c86be4a-6d19-4bf8-b8f4-1ff63f87fbcf","FERTILIZATION"
"b84271df-2e13-485e-b2e2-4ce081d3d107","FORESTS"
"71fb84ca-3cf1-4dd0-8dd8-4e2a84551de1","NITROGEN"
"f84938fc-0368-4aee-b16f-ed65c89e4ccd","NUTRIENTS"
"8f274f82-4f81-402b-9394-324d2a0a5855","PHOSPHORUS"
"0a24b3ff-9147-4a82-a658-1efaf49da7d4","SOIL"
"d727020d-e1b9-41b2-9455-50b1d00d6224","TROPICAL CLIMATE"
"97168dd3-ffe0-473f-86d3-2551c397c485","CARBOHYDRATE"
"d54aae91-3bba-4482-b697-00f3d80b75b6","FOREST"
"85a6d469-ee17-45db-b191-3308929a3b60","META ANALYSIS"
"3629f3f1-e3e0-46ec-977a-1962c247aa8b","TROPIC CLIMATE"
"b132501d-c3bc-4109-a8fa-863a932174dd","MADEIRA"
"fb1595e3-cd10-4cc6-a5d8-67ce25522eb8","PORTUGAL"
"d748f02a-0eba-4e96-85ba-47e84c903ac5","ANATOMY"
"9019d447-8626-4a90-95f1-eda93902416d","ANGIOSPERM"
"7e165b89-6fd0-4ce3-a544-71215e00d119","ANT"
"d461faa9-1048-4ba7-ae34-c0e72273b816","DOCUMENTARY SOURCE"
"cd2d4aa5-1ba2-40ea-a10a-3af92ff1aa0f","LEAF"
"752f7f50-93b2-422e-aaa0-f477bf185d82","MUTUALISM"
"4dc267d7-41a9-4981-8079-58b78977c7d2","PHOTOCHEMISTRY"
"e6347dd6-cea4-49a2-a811-e1078dbbaba6","VEGETATION COVER"
"524c42cb-bd0c-4dcb-b2bb-e72a68f1be0d","ANIMALS"
"8040e453-e367-4498-a91d-a6ec2c0dcc10","INSECTICIDES"
"db2c9a94-9ae8-4763-8cc0-14428e9119a1","LARVA"
"539e3086-7623-4fb7-ba0d-a1ff5416c962","OILS, VOLATILE"
"3d03291e-ad32-4f9b-9631-99616d46ef62","PLANT OILS"
"07925b33-c202-490d-a9c9-4f104cefa9fe","ESSENTIAL OIL"
"5337f2dc-dcf7-4f77-989a-1c2c53e81648","INSECTICIDE"
"e7fa858e-a248-471b-89b1-d5a51baf7dd0","VEGETABLE OIL"
"f70460a9-0c80-408d-8059-0f208ec2b85f","ANIMAL"
"93d5a8bf-b2d6-4ec3-ba30-a553965330b0","DIMERS"
"44db44f1-b5a7-45ed-8957-8a020bb84cef","FREE ENERGY"
"25f0e025-d9d6-406f-9347-10a695856b09","MEDICAL APPLICATIONS"
"93acc82a-ce40-423b-8995-1d6536fbfc45","MOLECULAR DYNAMICS"
"167b123d-5c8a-401a-add2-9d879553e234","POTENTIAL ENERGY"
"9f82386c-320a-4dfa-ab14-6368e22195a3","ANTICANCER ACTIVITIES"
"46cc6bf9-4b9d-41f6-815c-857b2b850952","ELECTRONIC TRANSITION"
"ad53200c-441d-43cd-b197-eb4432f98f14","FREE ENERGIES OF ASSOCIATIONS"
"fe815497-39eb-4619-9185-e1de1ac5d064","LOCAL IONIZATION ENERGIES"
"7731b539-dc70-49cb-ace0-5f8c3c71db14","PHARMACOLOGICAL PROPERTIES"
"7b32d559-7faf-414e-8a63-989871a217dc","POTENTIAL ENERGY DISTRIBUTION"
"cd0f0b99-1f6e-4955-8ac1-13b93337e4f3","SOLVATION FREE ENERGIES"
"8f71485d-5e11-4a54-9b65-f2dd489b1ad6","TIME DEPENDENT DENSITY FUNCTIONAL THEORY"
"0f0b6dc7-7da2-4a31-89bf-6349a0ec7510","DENSITY FUNCTIONAL THEORY"
"6a5181c9-2c76-40fa-9586-cb15d09dee26","ECUADOR"
"f5133327-c5fb-4703-859d-ffdeee32882f","DENSITY DEPENDENCE"
"68a3df89-d640-4203-a469-76ff6f643c82","DISPERSAL"
"222d8054-7a64-4817-805c-07ec7cf4384f","NEOTROPICAL REGION"
"193fadb5-9a12-41ba-8ff6-0b9f6b01d0dd","RAINFOREST"
"39529966-b289-481b-a0c2-d61d2e50911e","SEEDLING"
"b3561f55-354a-4ff1-a91a-e5697d3a6418","ALUMINUM"
"c74cb2d7-96ce-4f1d-a737-0fed71bcde57","FERRIC COMPOUNDS"
"76da4f4a-99bf-43a0-8721-49f97bdc6b7f","IRON"
"12581174-0288-4e23-9b0e-dca56002905f","IRON COMPOUNDS"
"62abbd06-63e2-4540-996c-c1023e21b821","MINERALS"
"87f599fd-8b2a-4dcd-b7b3-1eae2256f32f","OXIDES"
"734c58f1-bdc9-47ee-831a-62574ad80d9e","PLANT ROOTS"
"b5207a0d-b1d9-4e84-b2a2-8e905e163f8e","RHIZOSPHERE"
"c1da7eff-4ed7-4dec-8d08-1b3e4ac0fbc3","BACTERIA"
"c174f1f8-1cdc-4351-a442-d181cd52c18f","DISSOLUTION"
"e62b17e2-b022-4dcd-8209-b3367385071b","IRON ORES"
"d3c52550-1a03-4a7e-91dc-d06294685c63","OXALIC ACID"
"c4ff6508-59b2-40d7-8168-c4327d2448d0","REVEGETATION"
"f920dd32-5754-460e-b2a5-3fa0d034644b","SCANNING ELECTRON MICROSCOPY"
"e99df4be-215c-4bc5-b441-27e3eb476150","SOIL CONSERVATION"
"e4dbcba2-89ca-4d27-8d5b-58c5a87f4f14","SOILS"
"3278bf3e-6f12-47b3-a7f5-5aaed55cb813","SOLVENTS"
"be3c0570-b48b-484c-8a52-e889d7215533","ALUMINUM HYDROXIDE"
"09a55197-c65f-4579-b73b-9796fca9e609","IRON OXIDE"
"de6300cd-34c3-44da-be06-eb98c38a308a","FERRIC HYDROXIDE"
"7c896560-1fc0-463e-bfdd-30c8c168a7cf","FERRIC ION"
"b23bd6a6-4da2-44c7-90c8-5bcbc0e52102","IRON DERIVATIVE"
"04ce5036-d57a-4e1b-960c-c0dcbd40ca90","MINERAL"
"a1004112-0cf6-4e7f-90e3-a5363a6d233d","OXIDE"
"20a3c598-f630-4744-a2fe-41b95751aa45","BIOGEOCHEMICAL CYCLING"
"8f6ae59c-508a-4df0-b66d-0ec08e027530","CANGA"
"0ad4d4cd-61ac-4553-850a-1e234aa04f0d","FIELD OBSERVATIONS"
"e6c0639d-a29f-4441-832d-5932ecb603fd","IRON CYCLING"
"9ad18db2-49ee-49e3-b983-8d93f7ba3ee8","IRON DISSOLUTION"
"f6eec11a-6c3a-4b01-803e-e5e8999f78b5","IRON(III) OXIDE"
"0b195f79-97ae-4c6e-8f30-5ffc61888cc9","PLANT-MICROBE-ROCK INTERACTION"
"f71b1ce8-d724-40b3-abd1-3bb4f09c3a08","ROCK INTERACTION"
"0c24eea5-6f92-44ba-b374-d5cba112b926","ROCK INTERFACES"
"c7b96222-7684-4f5a-bb1e-c13b320905b2","IRON ORE"
"97cc6605-3559-452f-9472-286a4c138268","IRONSTONE"
"e30d430d-3d8d-4f10-903f-54c1614a14a6","SYNCHRONY"
"93219415-ac08-4c0a-bb83-cf7d8e6fd4e6","ARTICLE"
"5aa9dacd-3e1f-4c78-8574-12335cd01599","BULBOSTYLIS CANGAE"
"e64d29d2-9cad-4c73-b90e-b5549c07b4dc","CYPERACEAE"
"eb975f33-c7bf-4e6d-adb4-ac2c5ac03a95","ECOSYSTEM RESTORATION"
"bedaeea7-9994-4076-8e56-c32c988d072c","LEACHING"
"53478d3f-af2b-440d-af35-5d5ccd69b2e6","MINERALIZATION"
"27234e9c-0ea1-4d59-8d53-477b1f631931","NONHUMAN"
"0e3d7cf2-3c7b-4761-8cae-70ad3af297bc","OXYGEN CONCENTRATION"
"9a436e5b-2dd8-4cc6-b758-58e4875e0f78","PLANT ROOT"
"9a7c8e16-c4d3-4076-aad0-010b050f85f6","PRECIPITATION"
"51aee3bb-5d18-459b-a335-2451e83e9b7a","RAMAN SPECTROMETRY"
"c724d0ac-1ad9-4ad5-8a12-5ba34f60bba6","RHIZOSPHERIC MICROORGANISM"
"0b3d6f8e-fb3e-4bd5-b9fd-77ce24841edd","RHYNCHOSPORA BARBATA"
"49ad4a72-64a0-4901-9c51-595e6e675fff","MICROBIOLOGY"
"2d6efeb2-b259-4732-8747-935078886dd3","PLANT"
"c9840faf-378e-4f6c-98b8-a4857990c200","RARE EARTHS"
"2da8088b-f518-43c5-af9c-e5bcd1871205","ALKALOIDS"
"6c4f4a86-bc25-46ca-bdae-190047db0ff2","CELL CULTURE"
"f518bc33-3ed4-43ba-a41c-2870ad8caa43","CHEMICAL ANALYSIS"
"95327442-d182-45e1-948d-2c68881f0992","MOLECULES"
"4f43ad30-84e3-42be-b291-b1dee0796e1c","ORGANIC SOLVENTS"
"71c4174c-a549-41d6-a82f-0001218f3764","QUANTUM CHEMISTRY"
"26e0020d-6d2a-4269-bfa0-bbae5bf8af2d","SOLVATION"
"94530d87-ffdc-44dc-b19a-f0f78a0f8d65","VIBRATION ANALYSIS"
"68ec2d4a-bf4e-4e70-b2cc-0a43fd05ef59","APORPHINE ALKALOIDS"
"938e548e-129c-40a2-a311-a1f04bb4a23d","BINDING FREE ENERGY"
"2c9a10fe-8e6d-48a4-97fc-9eb554c4a445","CORRELATION FUNCTIONALS"
"bd0477a1-fd60-45dd-8a79-6ead4e4c7768","DNA TOPOISOMERASE I"
"779433b1-9f4c-443a-9093-c46e39ac85cd","VIBRATIONAL ANALYSIS"
"a460cfad-13bd-4a1c-9041-2e0ff3959196","VIBRATIONAL BEHAVIOR"
"f8c551a8-70bb-479c-a933-78bcb18d3fe9","BINDING ENERGY"
"11419815-de3d-48d8-b886-fd9c22453079","BERBERINE"
"35644707-077c-4437-b0f4-387f692c2b8b","DOPAMINE"
"83cf7a3b-b9de-4174-a7be-f925763acad1","GUATTERIA"
"dd2e1d8d-452d-4263-85a7-a575a5ebefc8","HUMANS"
"cf2b5c45-ec89-4794-97f4-59babadeb3fb","MOLECULAR DOCKING SIMULATION"
"d2a9e708-ef0a-4447-9646-6a59c60b98c2","MOLECULAR DYNAMICS SIMULATION"
"de6b0930-e9c3-45c1-a841-def204133840","MONOAMINE OXIDASE"
"1af46710-b391-499b-9a47-e7326b12eecf","MONOAMINE OXIDASE INHIBITORS"
"51e0ada0-585d-4ccd-b825-768305707bbe","PARKINSON DISEASE"
"b3af1e31-c431-4cfc-805f-215ab45c348b","13 HYDROXY DISCRETININE"
"f82e7ca9-655d-468b-b7cb-5613c861ec27","7,8 DIHYDRO 8 HYDROXYPALMATINE"
"f6d1f87b-a7f8-42a1-bdfe-8c713587e323","AMINE OXIDASE (FLAVIN CONTAINING) ISOENZYME B"
"a9538836-d265-446f-be8b-5401ada3584c","ANTIPARKINSON AGENT"
"3704af04-d7a5-4d91-bdb5-f91cb277b079","HUMAN SERUM ALBUMIN"
"d272a93d-b410-4935-8bad-7b0bfa80ce3f","MONOAMINE OXIDASE B INHIBITOR"
"5d9b3cb9-8eef-46b4-bdaa-cda879cbe179","PROTOBERBERINE DERIVATIVE"
"82d3de5c-f282-4aea-998f-3def416f23ba","UNCLASSIFIED DRUG"
"d93205de-6b78-4173-9a48-e36c72d511f7","ALKALOID"
"aedd5213-0bc1-4dc9-917a-585c186e779b","AMINE OXIDASE (FLAVIN CONTAINING)"
"48456f30-a30b-41c4-8352-4f77ce679c99","MONOAMINE OXIDASE INHIBITOR"
"0ef03faf-8e5a-499a-bc7e-8c96b74996de","PROTOBERBERINE"
"d5688d54-b59d-4c9f-ac8e-010dc3ae3583","BINDING SITE"
"d09f9ead-a7f0-4cfd-9e72-8da987f180bf","CONTROLLED STUDY"
"6c7b23c9-ad61-4f5b-8c1f-7cf3a9e334e8","DRUG ISOLATION"
"acabc2bc-240c-49ef-b5cf-6f7c1ed0b2e3","DRUG PROTEIN BINDING"
"31a88e65-3bff-4c04-99c7-d7650bfacfea","DRUG STRUCTURE"
"ffaf367f-1491-4f39-a53d-81da4816b532","GUATTERIA FRIESIANA"
"be2e80aa-0faa-4745-b287-0031cd6a9d25","LIPOPHILICITY"
"f2073fd0-fd3e-435a-8dc8-f85051442819","MOLECULAR DOCKING"
"6c92ea7b-c661-4651-b9e4-1ff42ab48363","MOLECULAR MECHANICS"
"5e776cdb-811a-4d69-8a3f-650530fb1c1f","PROTEIN DATA BANK"
"5874fbcd-b045-45df-9949-8019c9fc6187","SURFACE ANALYSIS"
"f76bea16-68cc-4ef1-a2c9-a87bdffb6637","SURFACE AREA"
"d1868e50-739e-4b8e-9767-9828b8e7b811","HUMAN"
"62b38f6c-f87d-4141-b9cd-ec8b4b3a9720","METABOLISM"
"653c63a3-bcfd-4493-b0ef-65a321591e1c","ANALGESICS"
"002cff96-d8f5-4967-ad52-134993f6461a","ANNONACEAE"
"fcbda0f5-8208-49da-94c5-2f4a5d7ecd64","PLANT LEAVES"
"7d043291-969c-46f4-b20c-edd13e052a19","ALPHA-EUDESMOL"
"716dfa74-7a92-4f2d-bd0f-cc251c8a183a","ANALGESIC AGENT"
"3e2e9c59-300f-4ef1-b1c9-6743f07f3d10","BETA-EUDESMOL"
"5c046c38-c28f-41b2-ad45-03dc086f0fb1","GAMMA-EUDESMOL"
"cb963a3d-2a28-4da4-9616-2a657ed3f5b3","PLANT LEAF"
"637648df-175e-4a78-9112-bf51648fec8e","CHROMATES"
"c7759abe-84e6-4e55-8b6c-ab9ec3777ab6","CLASSIFICATION"
"d3399dc2-c71c-421d-a27b-ddfd05cab350","CONTACTING"
"b5b5a0dc-33f1-4821-84e0-943ce4e5af95","DURABILITY"
"1a152d1a-2406-43c6-83b9-2b5c42cebcd9","GOUPIA"
"12f62ecb-2bbc-491b-8355-d648357e88b9","TEST METHODS"
"4798f753-f356-486b-ac60-6873b9fdf39f","WOOD SPECIES"
"7721c23f-50a9-4c00-91eb-3831ff611bc7","TIMBER"
"a6a675a5-c555-470a-9a96-25de31c1c565","AMAZON FORESTS"
"fcf32aed-b729-48ce-b0d1-e1cf6b5a2829","CHROMATED COPPER ARSENATE"
"10389791-cbcf-4f34-bd92-05c5b712057d","CLASSIFICATION METHODS"
"bcb7e90b-7574-4a01-8ef8-96a8238c3a5f","CLIMATIC CONDITIONS"
"15cb8c3f-2a65-471b-9e61-6a8b41169b72","GROUND CONTACTS"
"ec931c29-5fb2-4a90-81bc-e864c39a4e8c","NATURAL DURABILITY"
"65f78c20-2666-4ebb-bc86-b9ffab77b2e7","PRESERVATIVE TREATMENTS"
"f51e5dc1-f75f-4ce6-b13d-552faa06b61f","FLORAL TRAIT"
"b6b4f4c1-0779-4aa1-b2c2-94464f5ae8db","FLOWER"
"531e3c26-37e9-46a3-96bb-34b84800cd2a","FLOWER VISITING"
"3ea43938-13bf-4d4e-b150-54d7d22762d7","NECTAR"
"dd63f685-cce0-4f65-b9e2-1091f37ef2ea","TRICHOME"
"96005e16-70ce-4514-86ce-ad1167e67cd3","ADENOCARCINOMA"
"609f826f-dfee-4bb4-8cd3-a5546eab4ada","ANTINEOPLASTIC AGENTS"
"269d057f-ed23-4367-bea7-540945911017","COLONIC NEOPLASMS"
"81e2d3af-8fae-47f6-9c71-54c1374e5dcc","DNA DAMAGE"
"f8c8b25f-2304-4fe4-8096-e0e04d32f4a0","MCF-7 CELLS"
"961e5b2d-1f91-4a49-a469-5f00b5c419e4","MICE"
"f436df87-5e03-40e6-98bc-c6e9547393e1","MUTAGENS"
"fce56fbb-b2e2-41c1-93a0-ed080b1c76f0","PLANT BARK"
"9f6de1b8-5b8d-4c1a-b118-36e88974cff7","PLANT EXTRACTS"
"61c33e61-813b-4af6-9387-c3354ba4265c","WATER"
"d949353e-e594-4d46-8cf8-47d0d26dbf22","ANTINEOPLASTIC AGENT"
"6b1709b2-5d76-42d6-b93a-139e024939e6","ENDOPLEURA UCHI EXTRACT"
"2878ad7e-60fc-4794-b07e-876d65256927","GALLIC ACID"
"f5970c67-0036-4bb9-a1a3-dee491c9812a","ISOQUERCETIN"
"32a37e04-5ce2-40c7-8233-d1818fff4229","PLANT EXTRACT"
"c41dff9e-cfd8-417c-a08b-2720fd334c4a","SULFORHODAMINE B"
"dd38583a-bf2a-4b72-aff5-f903405ffc67","MUTAGENIC AGENT"
"cce86c20-4ba3-4358-8c73-f00752fa5395","ANTINEOPLASTIC ACTIVITY"
"47cb67b6-5338-46e7-9fea-543c395ab731","ANTIOXIDANT ACTIVITY"
"e3b22094-e36a-4a50-8db7-1522e5f56d23","ANTIPROLIFERATIVE ACTIVITY"
"3df3bbad-03e4-4baf-a894-04e9d8ec0613","AQUEOUS SOLUTION"
"4a422b8d-d8eb-41be-b6eb-ef54db30e7ed","BARK"
"367497c1-99ca-4a2d-bf23-56ef1e72a25d","BIOASSAY"
"36fa0a78-84c2-4ffe-a6bc-bffe7d468d16","CELL VIABILITY"
"f5eb383a-faf3-4728-a94c-e03ba1307fe7","CHROMATOGRAPHY"
"b45e1497-54ff-436b-857a-cc6124e32723","COLORIMETRY"
"870e44d7-2458-482f-8c1e-9becca43a7f2","COMET ASSAY"
"423a7a8e-9ff9-46ba-9d33-56f06227a935","DPPH RADICAL SCAVENGING ASSAY"
"941c6ace-d9c1-4bbe-8a60-08f88248f54f","DRUG CYTOTOXICITY"
"55c52912-effe-46d4-a43f-23a465d08543","ENDOPLEURA UCHI"
"62505702-bba5-417d-8620-cd4d8634ce41","GENOTOXICITY"
"a6fe1639-bd14-4af4-9cd3-e8166a956767","HT-29 CELL LINE"
"d3f1a493-195d-4cea-b6b1-163443552522","HUMAN CELL"
"52888c44-8bc0-44c1-af43-26aaa45bd810","IC50"
"8c5ca90f-0201-4754-a53f-1c7d88312feb","IN VITRO STUDY"
"ca35e44a-9241-444b-a426-236a66a420e6","MCF-7 CELL LINE"
"537c37ed-4a7d-4b01-8786-c5188587880b","MICRONUCLEUS"
"358446ed-03e0-4f8b-84db-1d77cc43d69c","MICROSOME"
"fdd5bbde-5507-4e39-adbf-7e1dc2e16700","MTT ASSAY"
"b3b72395-ef75-46ec-a8ca-24eca4269436","MUTAGENIC ACTIVITY"
"9ea07a75-0411-4e96-9a7e-fceb14fe86de","MUTAGENICITY"
"547b89fa-134c-42cf-892f-06025e39319a","NCTC CLONE 929 CELL LINE"
"202307e4-d955-4b97-bba9-59434e2ae24f","SALMONELLA"
"a263b8d2-f364-4ee6-b99c-698973168ef0","COLON TUMOR"
"1f81ce8b-0b85-43f4-ab8e-4537f1b08a01","MOUSE"
"f7e04533-8004-4b6c-9fa6-17cb508fda47","AMAZON BASIN"
"0f2575a4-8da9-4ad1-a258-173c8c3e48a6","APULEIA LEIOCARPA"
"8019eb86-0c9a-416a-a830-60a4afc02310","ERISMA"
"bf90a3f8-b314-4835-a24b-e61e7f294e85","HYMENOLOBIUM EXCELSUM"
"648540f2-fe92-4c91-9296-8035c86c4e9c","TRATTINNICKIA"
"61d74f6b-b342-4731-aace-a1b17155333f","GROWTH MODELING"
"dcfa6099-b444-41f5-a3f6-d262fb1f5891","PROBABILITY DENSITY FUNCTION"
"ef1f1e85-bf0f-4ecb-838b-80c19b93312c","SUSTAINABILITY"
"420ea4f7-b6e4-4eb2-85b1-f21afc363991","GEOGRAPHICAL DISTRIBUTION"
"13d4eb6f-e2ba-4829-8403-032033f43fe6","IDENTIFICATION KEY"
"0d0aabc3-b846-4a63-bd0b-5c746a91628e","LEAF MORPHOLOGY"
"b853e1b8-56d4-4e82-8ae2-377531c03b5e","NEW SPECIES"
"b579db6f-e6e7-4b5e-b7df-f5fdc9155dfc","GENOME, PLASTID"
"10a94b82-54d5-4809-a367-2123beaad24c","PASSIFLORA"
"affa05a6-fc5f-4010-ba32-c5129a4af088","PERU"
"28e3ff3d-06e5-464d-bbd9-fae65ed63e52","PHYLOGENY"
"affce884-c2f6-4e68-9294-3d578dca7a78","PLANT BREEDING"
"e29f0ed6-4148-4c6e-bd84-373c5d9240ba","CHLOROPLAST"
"06eaebe8-ab71-4a5b-977a-51f3322dddcb","DNA BASE COMPOSITION"
"8efe0026-2011-40a0-8d29-a9ceb76f8ad7","DOMESTICATION"
"209af4ce-af53-4112-8218-91441adf9576","GENE DUPLICATION"
"a90a8a9d-39f0-4f10-a890-ea0bcdbbdcc5","GENE SEQUENCE"
"ebfa7aa3-ae37-4e42-9d02-4a73dcd8d6b0","GENETIC CODE"
"aef9ff63-36a7-40e9-8001-e7a67a265c12","GENETIC VARIABILITY"
"b2a63ad1-9fef-4bbd-9d4f-ab5860bc8dfb","GENOME SIZE"
"85a7138d-26c0-439a-bb3c-67a3c25abfac","INTRON"
"41460a12-c822-44d4-ad42-2b2ea883400a","MAXIMUM LIKELIHOOD METHOD"
"c82394ea-d208-4f0b-bdbb-afaf2b8bb191","MOLECULAR EVOLUTION"
"55d24fd6-e80f-4a9d-8130-9c0ce6c8a031","MOLECULAR PHYLOGENY"
"0e51b9af-8b4e-4ef0-bb05-f7427b49ae5e","PASSIFLORA MENISPERMIFOLIA"
"bbc63c2e-54a8-4e49-a5b0-18b609f4f852","PASSIFLORA OERSTEDII"
"dfe812ef-d552-46ae-b344-33da2a676374","PASSIFLORA TRIPARTITA VAR. MOLLISSIMA"
"be9ebdf1-06e0-4a58-9115-14e1ac2f779e","PASSIFLORACEAE"
"e4c445aa-fc00-4d2e-a78c-6ea1ab77c297","PHYLOGENETIC TREE"
"3cf7cf9e-d982-4a82-a9a8-93dbb27c75b8","PLASTID GENOME"
"61368831-0967-46a9-93ad-eed965d19052","GENETICS"
"e3fb910d-541d-4703-84c4-a852057cb836","AGING"
"a538ada5-59e6-49c7-b2e7-b2776a1579d0","BUTTERFLIES"
"66b7c3b3-5b85-4e21-b78a-ed968a39b3f1","ENVIRONMENT"
"6d4ca3e1-b8ec-4348-a621-2c3df5f33871","FEMALE"
"9df4e20f-4351-4a1a-8f21-77be2f1ea431","MALE"
"a21bc75e-9119-4178-964f-8795a802919f","SPECIES SPECIFICITY"
"0da0ac2f-f206-4ede-b177-63ada3c23fbf","HELICONIINI"
"7b427798-f9ba-41f8-9533-421269877b9f","HELICONIUS NUMATA"
"5c075e73-beda-4d85-9764-1f01f76250cc","PAPILIONOIDEA"
"17baac95-d83a-4f0e-8e8a-d953fc351d45","PASSIFLORA RIPARIA"
"f9f68372-b910-408c-856e-5861cf096369","BUTTERFLY"
"fd851378-0fc9-416e-8e69-313ec7250c82","CAPTIVITY"
"68020a45-f1e0-4626-bd8c-6972815097c1","CHEMICAL DEFENSE"
"f5fab67c-d65b-4d15-bd1b-0039bf44f6b3","DETECTION METHOD"
"1319429c-de3b-4f35-9e5c-a2b07ce00431","ENVIRONMENTAL FACTOR"
"138a4fc1-e8fb-44b5-98f0-02a27e71f7e2","HERITABILITY"
"f679f07a-3029-4098-80db-29d1196f627c","HOST PLANT"
"545dff2a-482a-48fd-a604-1f24202bd886","GROWTH, DEVELOPMENT AND AGING"
"9c347188-a2e9-499f-87ec-777a9b959f11","PHYSIOLOGY"
"52a7f003-b341-44d5-a125-77131ab6b935","SPECIES DIFFERENCE"
"b153f4f3-3dc7-46cb-a043-7a2004418654","COSTA RICA"
"c6b0872b-3236-4f7f-8530-f73d49d1a05e","AUTOGAMY"
"3f94dddc-06ca-4cef-8cd4-7e20d7783c71","FRUIT SET"
"9730910e-cfbd-4412-8f02-aa5b54a22946","POLLEN"
"e6acef70-bdc2-476d-81d4-8df09ed39bac","POLLINATION"
"90a1df64-428c-4bd5-a493-5427f47386ee","CHLOROPHYLL"
"c216bf6f-0bd7-438e-9983-a1ea4decc858","CONSERVATION OF NATURAL RESOURCES"
"5da40f49-cfaf-4628-a8d0-02f4f37b8f0b","FERTILIZERS"
"67db9894-f658-402e-9798-92f6e7a5b4d9","NITROGEN FIXATION"
"9f7cc518-9ccc-4b5b-8a6f-7877c5c29e6b","PHOTOSYNTHESIS"
"88ee43b2-7608-4ce8-a0c2-f48363f5a2fb","SEASONS"
"7b6a3d81-ff6c-42e5-a09d-98b979cbfcdf","TREES"
"a92ef5ca-354d-4a39-9695-4ce68ed40614","ZINC"
"a9a8c04a-72cf-4bd3-b306-3d5989a6d407","CHLOROPHYLL A"
"4529e307-b77b-4794-bab5-a887aef6875f","FERTILIZER"
"28cb8adb-927a-436e-bbb1-df53177eca3d","ABIOTIC STRESS"
"e3fdd0f9-338c-4bdf-845d-99e79eb87363","ACACIA"
"aac431ac-3eb5-4623-82c6-471667e56ee1","AMAZONAS (BRAZIL)"
"dc137d1d-0dca-45ec-92d1-ff54019225c8","CENOSTIGMA TOCANTINUM"
"522b7634-2640-464a-a5d3-26da82dbdf6d","CHLOROPHYLL FLUORESCENCE"
"78ccf550-935a-4b60-bf3c-0863cc541cdf","CLITORIA"
"740e4f80-26ea-496a-beaa-cd06526da904","CLITORIA FAIRCHILDIANA"
"97b7e68b-df99-48f0-b0bb-47797edcb761","ELECTRON TRANSPORT"
"557a6fdc-68f4-43c6-b4f2-07e6f4b9f679","INGA EDULIS"
"c9eddea8-4a61-499c-9c2b-b172eb173f68","NUTRIENT AVAILABILITY"
"c386fb4f-dd16-4a91-a7e0-3e3847bce0c2","NUTRIENT CONCENTRATION"
"4aedda10-e824-4bd4-b795-0ce52fcb88c1","PHOTOCHEMICAL EFFICIENCY"
"e8dea158-f3d1-4f8c-8143-d087b5ef8473","PHYSIOLOGICAL PROCESS"
"29fad14f-3939-4457-8cd5-d051bd9d148b","REFORESTATION"
"a8aa506b-c25d-4d06-8483-d1be2ab0e60b","SEASONAL VARIATION"
"753591c7-7ca0-4bb2-b4ee-36530669c639","SENNA"
"0076a7a5-6993-4c49-b0e1-162e21b5e3ea","SENNA RETICULATA"
"68aff2e2-854b-4817-add9-1d94126c3c30","SOIL FERTILIZATION"
"7ee0e4b7-fca1-4260-8449-c87b3809d394","TONKA BEAN"
"681ab3f3-0638-4304-af3c-7f5fc79b489b","TROPICAL RAIN FOREST"
"dd75a44d-ccee-45a6-95ef-71f9337d3140","ENVIRONMENTAL PROTECTION"
"51091eed-b403-4da2-9925-0f5015a2fad4","SEASON"
"e18c8485-5b74-44a4-9117-3864bb1e1264","BIOLOGICAL PRODUCTS"
"46d76092-96b2-4958-ab0b-6d137fcdddfe","CANDIDA ALBICANS"
"313f372b-535b-4c51-a94b-5b78b8f6438e","CHEMOKINES"
"e3caa5ec-8ff6-4b58-bba7-c14a92b1837e","CYTOKINES"
"7b205f52-6212-44cb-b30c-8431ec55f3b9","ENDOMETRIUM"
"46a091b9-20e2-435e-8a33-5d0e3a810bbd","LIPOPOLYSACCHARIDES"
"0f60d55f-12e4-4caa-ba60-1736189762f7","PHOSPHOLIPASES A2"
"9712042c-d673-483c-8246-4c5e53ad8b69","RNA, MESSENGER"
"ac92b7a6-4bb6-4f8c-b2f5-d7bfa37342db","VAGINA"
"2d6b1f22-3f1d-4988-84cd-85975480ce9c","BIOLOGICAL PRODUCT"
"02c73c03-84c3-4715-8a1b-5480fe9c9602","CHEMOKINE"
"4183dc78-5e13-4656-81ae-41afe60b7201","CYTOKINE"
"994a4e9a-7092-4ad4-b6a9-d2d5a09b377b","LIPOPOLYSACCHARIDE"
"654d31f6-bb9d-497a-9672-64b2c1f0d78e","MESSENGER RNA"
"768ae519-3238-4152-9fed-87cae81a5935","PHOSPHOLIPASE A2"
"c4e54626-5c81-4c05-bfe6-4caff474e30a","CYTOLOGY"
"d54a10c0-52fc-4063-bf88-4a9b453ade9a","IMMUNOLOGY"
"50494ea3-5cf3-4c7f-927f-edb3fe042982","AGED"
"7436aa44-40be-4bb7-9280-a3fc15eb288d","INDOLE ALKALOIDS"
"5f7c38bf-a74b-42e5-a4ca-dc0d6c437e6e","PHYTOCHEMICALS"
"62e0b405-26ef-45d1-ae3b-4e57f496c547","SECOLOGANIN TRYPTAMINE ALKALOIDS"
"c0042294-b0bd-4067-a9e2-729a9139a046","TABERNAEMONTANA"
"cfd575d1-cf2e-4ea8-aa31-d22ca3162516","ANTIINFECTIVE AGENT"
"f7949997-38ba-4613-88dc-e330ac6b1938","ANTIINFLAMMATORY AGENT"
"80b35a0b-9c87-4790-9458-fda03e9bafc7","ANTINOCICEPTIVE AGENT"
"7e59a2d1-2ecd-4f19-b2f8-29358acdf4e7","ANTIPARASITIC AGENT"
"f0d51a08-f00b-48e1-97a3-7cc0d162d91d","ANTIVIRUS AGENT"
"5df2f418-be45-4c16-8232-ea83d0d872e1","INDOLE ALKALOID"
"fbe5a885-1ef4-43af-b6d5-9bc0f6cce357","MONOTERPENE"
"2423e3f6-9ef0-46db-b6f3-e5daa7e348f3","SNAKE VENOM"
"a301e924-366c-40d6-805c-e7662752c0cc","PHYTOCHEMICAL"
"415f32e9-0e0a-417b-b340-e96f29443913","RAUWOLFIA ALKALOID"
"bfd59a9c-3ee8-4390-971d-bf874752e531","ANTIINFLAMMATORY ACTIVITY"
"6bed5ea2-f650-42d5-bbce-811855980612","ANTINOCICEPTION"
"67ae8ff2-ae56-4336-99ab-e0b0520eb90b","ANTIPARASITIC ACTIVITY"
"c2344240-df85-4045-9714-5c31c8eff8a1","ANTIVIRAL ACTIVITY"
"30bce5c7-4e6a-4af0-a32d-dab1d5d45af3","BIODIVERSITY"
"fa50f8b8-93e3-4369-8f3f-75d1e0ba34aa","BIOLOGICAL ACTIVITY"
"8a1afff8-1e0e-4a27-a3ae-726397266055","LARVICIDAL ACTIVITY"
"c980ea66-5a0f-46c4-a881-fb177023b5fc","PHYTOCHEMISTRY"
"9b236f4e-38b1-4d8a-a710-e7211f54216b","TABERNAEMONTANA ANGULATA"
"33b0fddf-797e-47dc-ac66-06b3e75b6c6e","TABERNAEMONTANA CATHARINENSIS"
"509cc255-5536-4714-b5ee-ca711e024287","TABERNAEMONTANA FLAVICANS"
"06b4ffcf-b692-460b-9266-0ce9c87253e1","TABERNAEMONTANA HETEROPHYLLA"
"a3060ea0-3b87-4305-b8a8-2f907bbef89a","TABERNAEMONTANA HYSTRIX"
"e3ac117b-127f-48c2-b2b8-f66743ba5cac","TABERNAEMONTANA MACROCALYX"
"c58a8628-ff2b-44b5-91a8-a5ddc3e5b1c4","TABERNAEMONTANA SANANHO"
"fb5446dc-8729-43cb-b288-179e0d729fca","TRADITIONAL MEDICINE"
"76edcb9d-81c6-46fb-8c39-9cb621461983","DRUGS, CHINESE HERBAL"
"59d22818-be62-42d4-822d-ff959057227e","ALCOHOL"
"fba90400-2634-4c47-b65a-e70573a2f17d","ASTILBIN"
"ee79852e-ce3f-4941-afe3-b86eac09bb6a","ENGELETIN"
"16ed0ddb-eb6c-4aa1-a098-63876b07ba15","EUCRYPHIN"
"a7b50421-500b-4865-81c8-e6339bb9b866","INGA STIPULARIS EXTRACT"
"db9b30cd-9ec1-45c8-a4ff-9ea96dcecdbc","ISOASTILBIN"
"1226cc69-a078-4fa3-bc58-d66688e04cc1","ISOENGELETIN"
"7cedf59e-a831-40e9-a935-b4168f0816c9","NEOASTILBIN"
"7bb5d4fb-56b9-4861-9687-d8028a6094aa","NEOISOASTILBIN"
"6b1249fe-d20b-4576-8d95-f193053950ee","PHENOL DERIVATIVE"
"69ea8319-c753-4cb6-94b8-f1c3b97c0b56","QUERCETIN"
"2f76e58c-fb6c-416a-b877-e168daaa3eb6","HERBACEOUS AGENT"
"cc4bf925-b51d-414d-a36f-81f748bf6765","CHEMICAL COMPOSITION"
"490120bb-c15a-4e89-b8e8-c41cdeeb89d0","DRUG IDENTIFICATION"
"9c3e80b0-4649-452a-a8a9-bc95e047bc75","DRUG SCREENING"
"5be0fe1e-ebc4-4013-ae08-bb8001484c4e","ECONOMIC ASPECT"
"4f42db32-09c4-41a5-ad5b-50c4ad3ae095","FRACTIONATION"
"6c9a41b7-3904-40e6-9825-79327e7ae552","CERRADO"
"6b7f4cca-638d-487f-b1ed-256ad5e67f78","CHROMOSOME"
"e5051297-2edf-4522-8dc5-dccada9dfbb2","ECOTONE"
"de24287e-384a-4695-8eb0-76b764f3025f","GENOME"
"8abc582c-f4c3-48b7-9726-c36a878c696d","HERB"
"8c644170-215a-4f69-ac26-ac6c030cc510","PIGMENT"
"40a04d92-7116-4cc4-a4ac-dfb9abd6964d","POLYPLOIDY"
"7eab1aaa-e581-476b-a371-36ba2162d76f","TAXONOMY"
"099182bd-0620-43e0-b168-c01f33f4be46","DENSITY"
"be664f99-011e-47a9-8db1-8bd984658b46","DINIZIA"
"8485f048-35f2-4c4b-b6ee-3ec5a38d6f4c","DRYING"
"28355640-d2f3-46fa-aeaf-c4f933a5561e","HYMENOLOBIUM"
"975f354c-5f55-47a1-a100-203e5dd0efaa","SHRINKAGE"
"2489d08b-978c-4aa9-a5d8-8ed3cad7958d","TROPICS"
"62130cd2-b3b9-4dd6-af83-10edd61e25f4","VATAIREA"
"daa7996e-5d59-4be9-837e-a3cebd7b811d","APPLICATION PROGRAMS"
"d400b8df-7c1b-4c97-8bec-40f81fd3721d","ANATOMICAL CHARACTERISTICS"
"e0df41b6-db8c-4fc5-9088-dc6ead7eef4d","DEFECT KINETICS"
"2feab1f5-3927-48d6-973f-5361e64a6690","DRYING DEFECT"
"84ba5ab7-fabe-4e3f-8a70-28920ae22b45","DRYING KINETIC"
"95e6bea9-699d-4511-8e37-5c323c518ca7","DRYING RATES"
"e6155fe6-197d-4501-ba9c-95e19befafa2","EXPERIMENTAL CHARACTERIZATION"
"cb0086be-7cb3-408a-aa24-4ae36c443c3d","INDUSTRIAL USE"
"c9844dd5-e1ee-45d1-8359-8e4e7e1f701d","TROPICAL SPECIES"
"23129a45-4d53-4bae-b264-4929e1473a32","WOOD DRYING"
"19d91b53-7b07-44ee-93fa-1259e0aceaa7","WOOD QUALITIES"
"9da05686-468b-4376-ac80-7bcecbde5ea4","ECOSYSTEM"
"44871d0e-3f05-4d0f-986c-91ffc66e1a59","BIOGENIC EMISSION"
"956ae4cf-4aa3-4cfc-9b7e-0ecefe2b8fdd","DICOTYLEDON"
"ca2cfe60-057d-4e2a-87fa-d163620926df","DOMINANCE"
"b0747f28-0344-47e4-beec-48bee674bc10","DRY SEASON"
"95129900-aec9-4663-90fe-ce0a9ce7695a","ENVIRONMENTAL GRADIENT"
"8ce4e20c-04e4-40fc-9ccd-cdca8b05cecd","ISOPRENE"
"2ea67f54-eba2-4a72-9190-b288bd35ec7b","ISOPRENOID"
"a81835ed-e952-481e-938c-65aa971055ba","PHENOTYPIC PLASTICITY"
"d1716f15-629c-406d-be17-cbb633476a06","SECONDARY METABOLITE"
"9769b3de-c9dd-40ba-aea1-6fa2761f2c3a","TOPOGRAPHY"
"5eb1fb19-4b62-4ecf-b672-6aa55a2214aa","EFFICIENCY"
"7a63c38e-0c0f-4c47-89f2-75a1e496802c","EXTRACTION"
"2e028c06-d14c-4af2-830e-624ccfa13931","PIGMENTS"
"0ff13066-5f94-4672-b509-325f42136e13","UNSATURATED FATTY ACIDS"
"dbaaf1f0-3db8-45c7-bfa8-2a1654cbe526","AQUEOUS EXTRACTION"
"9479c672-9f41-46c2-bc50-c2a684bfb5d3","ASTROCARYUM GIGANTEA"
"b2fc9d3a-774e-41e6-9560-31dc0cb0407c","BIOACTIVE COMPOUNDS"
"884c3f31-2334-4c54-bbe7-aba8cfc4aa06","GIGANTEA"
"84631144-7842-4b9b-98f7-4ef3f96b1af7","OXIDATIVE STABILITY"
"7a99f026-f1e6-4b4a-9d44-045d944c5ea5","PHENOLIC ANTIOXIDANT"
"844bb107-eea9-4f7a-900e-15839cd43f36","TOTAL CAROTENOIDS"
"ba49e94b-1c5c-487d-b2ae-4756802486b8","TOTAL PHENOLIC COMPOUNDS"
"f95a4388-69cf-4e1a-80a8-6f4e281cf4ee","VEGETAL OIL"
"fbd72ef3-c2ff-4bed-ad55-0443f0debb26","ADHESIVES"
"e2b2d812-8cd1-4180-aaf7-012e1d52359e","PANELS"
"99a95ac7-161f-4f52-9f82-1a7e03fba1a8","SUBMERSION"
"9eb44589-7144-4715-a611-bd77117acf42","SWELLING"
"4de48085-2942-40ff-833e-829b451f03e1","THICKNESS"
"fff66258-a963-4dcc-a35e-f0170102d0d0","WATER ABSORPTION"
"06fd2e92-9fae-4cfd-bc95-14d2feda34a6","BENDING TESTS"
"8b4a994c-8d2f-41dc-a971-2220588f9d08","AMAZONIAN TREE"
"3c346c37-bcc4-40ae-9c83-d2263fe6cee4","IMMERSION IN WATERS"
"a9c8db27-32ba-4325-a5f9-1b1e03d7711f","INTERNAL BONDS"
"4ebc43a2-ec10-449e-b5ec-4e80145e6add","ORIENTED STRANDBOARD"
"cf0457ae-a6d6-4cd3-82b6-d7831fa2ae82","OSB PANELS"
"89957298-731c-4804-aa8a-01ed441b2cd5","PARTICLEBOARD"
"9e08ecd1-feeb-4cb4-9deb-cf39344a718b","PROPERTY"
"f4a14648-8966-41d0-a49e-a6e78c82b618","STRAND"
"712f6c83-773a-4a9a-9f48-5c82ff4a6542","TROPICAL WOOD"
"1f2b8ff4-deec-4546-bf45-8f9e7c33814b","WOOD MIXTURES"
"fd329757-6a8a-4eb2-b921-df31925c3c4d","ABSORPTION"
"f880fa1b-d7ed-4a3c-ad2c-ccb5f338dfd6","CONCENTRATION (COMPOSITION)"
"036f6abb-2d71-4096-b46e-1e63bdaf5799","FORMALDEHYDE"
"e94e3593-1df7-425c-ab7d-c93370a12651","MECHANICAL PROPERTY"
"a32285e4-c1f8-45a1-9fa3-5ec27adffb92","PHENOL"
"496589b6-8e46-47bd-ae7c-f9a2fcb6ec14","AGRICULTURAL ECOSYSTEM"
"43f4fa7c-be8f-4e1c-a2e8-20b4a8a78911","AGROFORESTRY"
"97faba37-0b76-42bf-9388-92fc472284ef","ALTERNATIVE AGRICULTURE"
"a9b1bd3b-40b9-4d9e-aff3-b45801273179","COMMERCIAL SPECIES"
"4339d2ce-ca25-48be-a2e7-67b063b8bf01","CROP IMPROVEMENT"
"160d8b39-3e7f-4f8f-864a-8b2c0f018d8c","CULTIVATION"
"2d44f073-ae35-40a3-909d-db3959494292","GROWTH RATE"
"8992477c-915e-4bd9-b932-109f98d1a523","LAND USE"
"7fdcffd2-08b5-4adf-bd15-3a72fb356306","LIGHT INTENSITY"
"91ceba8f-5787-4669-b390-8c210cf53402","ACETIC ACID"
"322be730-f172-4086-9b17-e98d3ae5724c","BRADYKININ"
"af840e54-d3b1-4c99-887b-98d89655f587","CARRAGEENAN"
"2bbd0fa3-7d24-4a25-9348-caf4b0a78938","DITERPENOID"
"9bb34f49-8103-4449-9669-caf2f05ce41a","GLUTATHIONE"
"03d3f2db-69be-4b6f-8a20-e640638eddec","HISTAMINE"
"a9e8f5af-488f-4e92-92d4-050a23d78c8c","INDOMETACIN"
"ab40f3f3-dee8-440f-b140-7516743262c9","MALONALDEHYDE"
"af9220fa-1588-4c36-b6af-f6e75ef2b6c3","NONSTEROID ANTIINFLAMMATORY AGENT"
"b72da377-4a38-49f8-acb7-89cefb4bb5ad","POLYSORBATE 80"
"2bb03942-0068-4654-a853-0bbee7e72081","PROSTAGLANDIN E2"
"fb6001c4-a60c-41ce-a88f-3b6d4233a978","SEROTONIN"
"275516d5-ec5d-4db5-b44b-f9ef40dfb790","ANIMAL EXPERIMENT"
"59328ff5-0eb3-41b3-8792-cf6338853821","ANIMAL MODEL"
"c0996d4c-6d17-4b31-af70-5cab44122a81","ANNONA"
"99689442-5dc2-4e12-bbcb-1c154a851086","CARRAGEENAN-INDUCED PAW EDEMA"
"2b81c16f-00c8-423d-b270-a35d3f34fe51","CELL DAMAGE"
"c813df32-e165-449e-8e05-67679dc3e288","DEFENSE MECHANISM"
"e277a3b7-7655-4568-8ffb-ff827a9a3b4f","ELECTROSPRAY MASS SPECTROMETRY"
"4fd5baf8-acfd-4517-9502-5f80b3a7d119","ENZYME ACTIVITY"
"e2ee8f85-5e8d-4dca-a18c-fd859fafb1c6","FORMALIN TEST"
"c0990913-3834-4d62-b7fc-d5e84e442e13","INFLAMMATION"
"7251d3fb-678e-43b3-9911-233df38d998b","INFLAMMATORY CELL"
"5cd30744-5304-41be-aae2-1bc896ba235a","INFRARED SPECTROSCOPY"
"17e45026-54f6-4c8c-b32d-ac80aa42557a","LEUKOCYTE"
"a838bf53-1c96-4506-99b6-8203e06358ae","LEUKOCYTE MIGRATION"
"da391d17-be9b-476c-b45e-a0f09175f046","LINE OF TREATMENT"
"d05f439e-aa06-4500-87bd-960840dec50a","NOCICEPTION"
"93198d85-088f-49c0-bb6e-7b8602e55a72","PAW EDEMA"
"2c01d605-39a7-49ef-8f1f-10347964380c","PERITONEAL CAVITY"
"9e0dfd63-7895-4587-b151-0f9579a45fa6","DRUG COMPARISON"
"4884efaa-04ee-4d9f-ab3c-e9d262e6e4e5","DRUG THERAPY"
"5d3c4ef5-6365-4083-82d9-5b45ca82f5a8","ORAL DRUG ADMINISTRATION"
"cc433929-2aee-4cc4-aeb0-ab39ec82ceef","PHARMACOLOGY"
"1a3672c1-25bc-41dd-998b-35eff88f8b16","THERAPY"
"52843a9c-b685-45a1-a5ec-2723b2a684ed","NITRIC OXIDE"
"23b78725-beda-4142-aecc-199af97116b1","POACEAE"
"49a07a08-c2e7-47c0-b817-6a5c03c4d766","PROTEOMICS"
"f2228744-0001-4fa0-b6f0-38cc031dbc82","SEEDS"
"34329ac3-a9fe-4ad3-b4d4-1028f30c0662","HISTONE ACETYLTRANSFERASE"
"e0bd5976-11aa-41e2-b6e3-fe54c09ea467","ADAPTATION"
"9330729d-1b5b-4aa2-a452-1677dfc3d9f7","AMAZON CANGA"
"50846245-404d-42e3-8bed-5a864f58e805","BIOMASS PRODUCTION"
"81e3797a-7a26-4681-8913-b0f7aec6b86a","ENDEMIC SPECIES"
"ae09e788-9cab-47a2-8673-597a59dde266","ENDODERMIS"
"47e02003-31f1-42af-ba11-51ba37fd64f8","ENVIRONMENTAL STRESS"
"33338dba-55a1-42e2-beec-508b70cdf997","FLOWER DEVELOPMENT"
"3f0cd724-6a17-4fe7-8cc2-6b0a435df224","FRUIT DEVELOPMENT"
"ddc26791-bcab-4a89-9ed0-16a4f0a26fe7","GERMINATION"
"36f7f8c2-0dcb-4390-9e25-2a5a93705974","HABITAT"
"f94e8085-2bc1-4bc3-86ba-e3041fff0260","PLANT STOMA"
"9d613f7a-da52-454d-a0cc-06443062791c","PROTEIN FINGERPRINTING"
"ae28aee9-7067-443d-ae6b-311bdf202cb6","QUANTUM YIELD"
"fbf12511-68fe-4cdb-a64d-2da120ddc0a2","SEED PRODUCTION"
"1ec34669-ac46-4255-9eb1-8ac7046f0eef","SPOROBOLUS MULTIRAMOSUS"
"10a4b14b-f3e4-4774-87c5-ef45cba1933f","WATER AVAILABILITY"
"27082cea-e31b-458e-9de8-ba3b88f6fc85","WATER CONTENT"
"96614e9c-8ea6-457f-8551-57d11f522ac5","WATER DEFICIT"
"95d7089d-d177-4f38-9b0e-6257eea23b56","WATER STRESS"
"9026501c-b52b-45b9-aae6-518c464cb044","PLANT SEED"
"2d152a47-4de1-4117-8ff6-554769ce180e","APIDAE"
"ad936b0d-71e2-43ca-b2bf-6000220e10a5","GONGORA"
"6206bc1e-8ae3-49c5-9fce-93c8771e3c92","HEXAPODA"
"43826f37-0230-4954-b0cc-8fd5f3524c3c","ORCHIDACEAE"
"9cbd9eb6-26e4-47f2-bc5e-f11e5ac3fe82","STANHOPEINAE"
"4685c82b-1995-4a43-833b-f6abbfc7baeb","SECRETION"
"00fad238-de91-4337-a247-bb3a45db901e","ULTRASTRUCTURE"
"f62d928b-1fc5-4c8f-8210-b97ed5fdb486","AMAZONAS [BRAZIL]"
"bd30be0d-0a5b-4fd6-aa98-7a43f1031320","PARA [BRAZIL]"
"5fe29a2b-432a-42da-837f-9c2c18457af4","CONSERVATION STATUS"
"ca48fa14-d626-4a92-aea7-9ed9662e6302","FLORA"
"fb56e2f2-10d0-45a3-aa2f-228fb8c073ca","MORPHOLOGY"
"a01cffdc-0442-4c7e-99f8-325444608280","PHENOLOGY"
"441c536c-2443-45d4-9d12-8fe26f7de6da","TYPE SPECIMEN"
"c307bda6-5025-4270-9caa-5b94f7f87df2","DILKEA"
"fe89492d-264a-47b5-afb0-3860f8acca88","MITOSTEMMA"
"deb71df0-7a31-4399-a433-a1a6fdae3fee","MITOSTEMMA BREVIFILIS"
"567aafe8-f49a-4ebe-8b31-36a71e15fbb8","RETUSA"
"23b84ba7-c66a-4cdd-b841-d1afaadc4e9d","IDENTIFICATION METHOD"
"76a68867-86db-4ca2-a0fa-a80d885b32a3","PALYNOLOGY"
"1a195058-4fcf-40f3-ad07-b443bd2134f6","CARBON DIOXIDE"
"553acae5-df8a-4b1e-8eed-fa1e758e2a3f","FUNCTIONAL FOOD"
"77d45922-3868-4011-ba64-3d119901ec34","INDUSTRIAL RESEARCH"
"a96c137d-b619-409c-92c2-f9a40a13768c","A-STABLE"
"4e8e4f29-59c0-4ae8-ae82-2210f4f25969","FATTY ACID PROFILES"
"d8f26a9b-74c9-47d6-8584-45cd9219ef2f","FOOD INDUSTRIES"
"811a35bb-fb70-43e7-89bc-2f03a7fc3f6f","GLOBAL YIELD ISOTHERMS"
"b143a0e1-c699-407a-9157-77bd2d9731db","INDUSTRIAL SCENARIOS"
"81f1525b-aceb-4638-b7fb-33cf6bed514f","SUPERCRITICAL CO2"
"95c1969f-7b23-449c-8475-1b72f3a9877b","SUPERCRITICAL CO2 EXTRACTION"
"4ad2c287-398e-4282-97a5-eb0ca16856a0","THERMAL BEHAVIORS"
"863c4da4-dbaa-400d-802c-ebab93b6fec4","OILS AND FATS"
"dbc54d67-1f5a-4c3c-8d12-a43dd457b5cb","MANAUS"
"e46b7d0f-a403-4327-b782-2d7353da0a1c","APOIDEA"
"209dfcc6-69b4-47dc-bb35-eccd1d872bdd","BONAMIA (ANGIOSPERM)"
"c6af4c2d-98bd-4f1c-8af0-09874358402b","BYRSONIMA"
"55012d2b-979b-4774-8ba2-f5cf97bfbfdc","CONVOLVULACEAE"
"d7a5f914-b4d1-4a56-bd7f-db27b19c5335","EMPHORINI"
"fcf855a5-e3c9-4a66-9827-cd2946f112d3","IPOMOEA"
"4f744744-7549-4d67-98ae-f7eaaf00e8fb","MALPIGHIA GLABRA"
"540a813d-a221-4468-ae50-52784219da41","MALPIGHIACEAE"
"bd59727e-f58a-461a-be43-3eff5495fe2d","AGGREGATION BEHAVIOR"
"1e363375-5743-41ac-8138-8c82efef186c","BEE"
"5c8a1973-522a-476d-8043-f9804558776f","NEST"
"3c9339b4-dba8-4976-ae1f-dc5ebc2bf139","NEW RECORD"
"d24e038e-ca6e-4032-8e13-0296d61c43e6","SPECIALIZATION"
"cdeaed6d-7f2d-4ca1-9aa7-6bb132f47686","AZURE STAINS"
"f89cc1e3-ee31-474f-83f0-781ce8345e6a","CHROMOSOMES, PLANT"
"907918c0-704f-4a4f-ae03-1fff28ed93a0","CYTOGENETIC ANALYSIS"
"5fc73c75-3181-4c4d-8c05-aaf6b1d71493","KARYOTYPING"
"4d996b5b-1316-4eec-8c6f-587cd4b420c4","PLANT ROOT CAP"
"72de9779-3e96-4ee5-99fc-a6280338ddb5","COCCOIDEA"
"bc2ee456-59b5-405f-bd67-361763127bb2","PASSIFLORA COCCINEA"
"bea65a77-fa0c-4bf7-a40d-17f9caa32122","PASSIFLORA VITIFOLIA"
"af3fc3ab-43f1-4457-8fab-8894b476fd9e","CYTOGENETICS"
"e959ad97-4e1b-408b-8a47-f7765ed00fd9","GENETIC ANALYSIS"
"c2a44e9d-6aba-4363-8cc0-7167f8fcdf25","HYBRID"
"261a9721-754b-4895-86f5-3385d0966d6f","KARYOLOGY"
"bc0a2bb0-abfa-4dbe-a86d-08c676d33d92","KARYOTYPE"
"f17ae6e7-be67-438e-a963-d52ee9a22cc5","ANATOMY AND HISTOLOGY"
"67539c3f-7cbb-4f9c-96a7-4522aab48514","CHROMOSOME ANALYSIS"
"2c981c2d-2d10-43f5-99e8-3c4a85165224","GIEMSA STAIN"
"98ece690-bb7e-4f46-a8f5-667ad7ae207b","PLANT CHROMOSOME"
"6eebe9a8-32e0-48d5-b2cd-95143016e122","CENOSTIGMA"
"121f5784-7fd4-4160-b115-e10b36972e8b","COLLETOTRICHUM"
"cd3d8735-9bd8-44ab-8261-fd154386af11","ENZYME"
"3bc189db-a8a4-43ea-8913-340b0c35175f","EXTRACTION METHOD"
"c92d1788-1265-4cc3-8854-11daa242f9d8","FUNGUS"
"f4da1c52-b169-4099-8c20-93abc5570a47","GENE"
"fb3fbe50-c7ab-4428-ad2d-8bfbe4eed579","LEGUME"
"777e9b31-78a9-41e3-88f9-d6e64bc01f1a","PATHOGENICITY"
"5e50b6ba-5493-4cc6-882d-647f198b0802","PHYLOGENETICS"
"b11f9421-2469-41b5-8ab5-88935ef9ea05","POLYMERASE CHAIN REACTION"
"1dff8853-2972-4711-b41d-ad4ee4cd2542","AMINO ACID"
"48dd83bd-3f9a-4f6b-b17d-3de048a3f8dd","CARYOPHYLLENE"
"801ea13a-58d1-46b1-b0f9-fd53cf2fb9e6","COSMETIC"
"f39142ea-ed3b-4f8b-85ad-0fae4ed38e46","DOPA"
"0a773aef-1f04-4ae3-a3bd-1741ed98a3c3","ELASTASE"
"eddd682e-b546-440b-a2cc-c16b65514415","HELIUM"
"0c784606-2618-4e2c-9eb7-121d828eedb4","HEMOGLOBIN"
"b21e1dfc-b657-4690-bda4-e47316131c3c","MONOPHENOL MONOOXYGENASE"
"de336584-2673-4e95-a665-af316f997c09","N SUCCINYL ALA ALA ALA P NITROANILIDE"
"d81055c7-8122-41fc-b8ed-05200e967135","OCOTEA CEANOTHIFOLIA EXTRACT"
"62b14a56-281b-42a2-aed2-09c2803896aa","OCOTEA LEUCOXYLON EXTRACT"
"77221d1a-ec55-4ff9-826c-ec9cf2f3a6e2","OCOTEA MINOR EXTRACT"
"6edf1234-d7d9-4cc8-b48d-6014746538f9","SESQUITERPENE"
"3953b061-ba09-4611-b1da-a119d19b5b9f","SODIUM SULFATE"
"4ebb54ee-167a-47c9-9cdb-8f0e335f4829","SPATHULENOL"
"205af4bb-e415-472d-95c9-ea8eb061fc1a","CELL DENSITY"
"811646fc-5ce5-4c33-b1f9-de7ce60ab630","CYTOTOXICITY"
"e50a9b35-f110-4e00-b401-da32129539ad","ENZYME INHIBITION"
"5fe0c17d-ee4f-4d9c-86f3-3e51136c43c8","ERYTHROCYTE"
"5ebf3a05-9f27-44a5-9f0b-3124c4d5211f","FLAME IONIZATION DETECTION"
"e4520641-99f5-4f74-8c0c-9c99d1e4f489","HEMOLYSIS"
"5394fb0f-05d0-44f9-8a63-9eb967f5e146","HYDRODISTILLATION"
"ef4ca86c-b23d-4f0a-8ce5-49b6a104cfc2","MASS FRAGMENTOGRAPHY"
"a09e84c7-bf87-47fa-8dd9-7dbca2d94be3","MASS SPECTROMETRY"
"6c5dfcc0-3c95-4747-9e9a-b0e072ad02aa","OCOTEA"
"3ec0697e-56c1-440b-b400-af96f4c06cd4","RETENTION TIME"
"b8bcc8d9-10fd-4d2d-930e-7e1cf67ae3e2","ATLANTIC FOREST"
"e62675fd-d685-448c-abd0-27f893bf606f","BURSERACEAE"
"0e2815f0-9320-491a-8a2e-b9129fe57059","PROTIUM"
"1ba8cd69-6887-4aea-a60d-82510deebaf4","PROTIUM HEPTAPHYLLUM"
"eefc0c3c-a54a-4773-a830-cce6d0fc33ad","NEAR INFRARED"
"b080ee33-afba-4530-9f2d-a3e5554334ae","SPECIES COMPLEX"
"33d6e9f6-493b-4bb4-bae9-9ada617c8a39","AEDES"
"5048b417-6a2e-4d98-9419-3e0882265bff","MOSQUITO VECTORS"
"d7bfb000-f9f1-4440-a65d-f59e5305deaf","PIPER"
"23cd4c51-f967-432c-9018-2e65b8cf213c","ZIKA VIRUS"
"15d85992-e11e-4628-9188-6ce52655a5ea","ZIKA VIRUS INFECTION"
"cb4bc12c-a259-4dec-8183-22104e88c8ba","AEDES AEGYPTI"
"14b166e6-2feb-417e-8e01-18ff27f33aa9","AEDES ALBOPICTUS"
"e39ad97f-4871-4a02-ab95-3d9275c66f0a","ARTEMIA SALINA"
"b02df24a-e127-41b3-8c84-ae1206901bab","PIPERACEAE"
"e30bb737-9dd9-4ec1-91e3-d7d6e5fd2306","SALINA"
"9d668452-0109-446c-b689-e2447c57c5f2","BIODEGRADATION"
"cc05faa0-805f-4a77-bec0-35e0b72db826","DENGUE FEVER"
"2c395d06-064a-422b-bab9-99fcf91d4dc3","DISEASE VECTOR"
"e1de3d5e-43ba-4ff7-b078-5e12b2cfca45","INHIBITION"
"5712b735-39f6-44d4-ad11-b5680c978ebf","PUBLIC HEALTH"
"21425117-2545-4da7-8685-0c5657ae3edb","MOSQUITO VECTOR"
"a2518768-20ca-4af8-b8d6-0a15130e4c2c","PIPER (PLANT)"
"cadaf71a-2b77-413b-97c6-ec6bc894a4cf","ZIKA FEVER"
"ed1d4de8-ffce-4c39-b44e-be2e21dd28b5","AMAZON RIVER"
"1e182161-c84a-4f83-8c98-baa9028b7190","CLIMATE CHANGE"
"62a18945-3478-447a-acdc-54d826278263","MICROCLIMATE"
"1271570e-2379-4420-899c-7efc94907182","PHOTOSYNTHETICALLY ACTIVE RADIATION"
"3a86a958-0fcb-40dd-a962-73d010bcbf3c","RAINFALL"
"9291ae88-9ec3-4c1e-8883-9ea3699478b2","SAP FLOW"
"4f1cecbe-718e-4d2d-9f5e-9f6413326285","TRANSPIRATION"
"1a3522be-b0fd-461d-adef-45a2c4f0f3f9","VAPOR PRESSURE"
"64a3aa22-eb9c-4337-b9e1-98d1af44b46e","WET SEASON"
"41c6dc4b-2861-4294-ad96-0269b413fdd4","APOPTOSIS"
"cf189548-d468-4d19-b157-2640672476f3","CATHEPSIN B"
"1a5cac7d-5729-4051-8892-bb1acf6c1d8b","CATHEPSIN L"
"58990bad-0498-43c3-8aef-376604f8cf09","CELL CYCLE CHECKPOINTS"
"fad1328e-aa24-4dda-8e0d-aee57287e9ee","CELL LINE, TUMOR"
"f7801719-6e56-4803-b603-b0e298103879","CELL LINEAGE"
"03d6ee57-56ed-4813-a75f-057f9c73d478","INHIBITORY CONCENTRATION 50"
"869cd8b4-1a70-46be-9938-4c12d6642c16","KINETICS"
"c4e31825-4647-4c04-ad5b-94d428d0a5ca","LEUKEMIA"
"11ea2442-f879-43f5-82fe-9bb65b9d38e0","LYSOSOMES"
"0acd0ab1-2931-43b0-8b0a-7eb09adbb7eb","MITOCHONDRIA"
"0822667b-91f3-45a0-9cde-9e5c0b9d81dc","MODELS, BIOLOGICAL"
"92207f8b-ab48-435d-87a0-68530f69734d","NECROSIS"
"eccdd672-c0bb-4ab3-b0ef-e82a78ad8b62","RUTACEAE"
"5a5b7d15-3ac2-4327-896e-7a12f86e0265","4 DEOXYRAPUTINDOLE C"
"2fe37288-80d9-4edf-bc3b-e03ca920a531","ACETYLCYSTEINE"
"0cb16846-b205-4e5b-8fec-0f4b01f5c97e","CARBONYL CYANIDE CHLOROPHENYLHYDRAZONE"
"646fcba4-3a08-4bdb-bc52-898aaae12c15","CASPASE INHIBITOR"
"961a64b5-d0b5-42ea-9036-5d0c179900a6","CYCLOARTENONE"
"05979ea8-f8e1-43d6-93b4-ff8d8b474bb2","EVOLITRINE"
"ea06ec02-1f17-4fd5-8c2d-d1863ecd100f","N METHYL 4 METHOXYQUINOLIN 2(1H) ONE"
"b016b106-3ee1-4856-90a9-85c2f8d4c8ef","N [N (3 CARBOXYOXIRANE 2 CARBONYL)LEUCYL]AGMATINE"
"fda3ee1b-c6bb-459e-bd44-999343ecdc30","NATURAL PRODUCT"
"1018da6d-0289-41f2-bd06-34399add95a9","NECROSTATIN 1"
"e17d1060-d941-4158-a971-caaf040158b7","PROTEIN P16"
"514c3510-ba4e-46a3-98dc-071d2b55f571","PROTEIN P21"
"c8d7a0e3-e0a4-4648-887e-cf11fd4911ed","PROTEIN SERINE THREONINE KINASE INHIBITOR"
"4875bd08-28a1-4692-945a-0e05948f53d2","RAPUTIMONOINDOLE A"
"d3e9f6e3-ff4e-4cb2-83c8-b01ff26b8eda","RAPUTIOLIDE"
"7133c5fc-ea8f-42ba-b1fc-1182b2d65fa3","ROBUSTINE"
"05f4ee4a-5cce-4051-aa06-7cbd990d5e7d","SUPEROXIDE"
"8e9ffe2f-7b32-418a-b398-5afb8f49e0a0","VINBLASTINE"
"f6bf8493-d68a-45ca-81d6-5b3f46ecf2ea","A-549 CELL LINE"
"c0577920-3995-49ed-899a-bc50312834f2","CELL CYCLE ARREST"
"dcc5aae8-c69e-48c7-9860-f2f437c170fa","CELL DEATH"
"c9046ea9-5402-4509-9553-588f6e274682","COMPETITIVE INHIBITION"
"759cc298-ef50-4641-8dec-6a05a7f59226","ENZYME KINETICS"
"4db4b715-5350-4b7d-b8e4-6da7f93c390f","HUMAN TISSUE"
"54035a03-1dc0-4c41-bb98-85035c112fca","LYSOSOME MEMBRANE"
"6067a65b-2930-4003-826e-f8a59dd3270a","MEDICINAL PLANT"
"e86e2202-2fa8-43b5-a984-f9f7032f7f8f","NECROPTOSIS"
"df6ef8d9-f4a0-4fea-8b15-c9e78c1736be","PRIORITY JOURNAL"
"0ec449d5-40bc-4e12-8708-17d95a10a86b","PROTEIN EXPRESSION"
"1fef2c1d-c47b-4056-9b9b-a60fa9e68a5d","RAJI CELL LINE"
"07a12d74-766d-42d0-a178-d02354a0ed91","RAPUTIA PRAETERMISSA"
"565cf992-ee94-42a9-8512-9a950e0833b8","BIOLOGICAL MODEL"
"7d896166-3624-4357-a371-8344c5e1c34b","CELL CYCLE CHECKPOINT"
"9160fb13-b3b3-4bb5-b67d-abc319ec75f0","DRUG EFFECT"
"c99c462e-c205-460c-a5af-70b85eadb6cb","ISOLATION AND PURIFICATION"
"b9a56ed7-b506-4bce-b975-5cc76d1b6bf0","LYSOSOME"
"d0a140ac-ff08-4af9-b19f-8171c17bdc8b","MITOCHONDRION"
"ab5955a4-2f9c-43b7-b3bc-4b3868c5a0dc","PATHOLOGY"
"dde40d89-8f37-41d0-9c8d-0c75bc209fe7","TUMOR CELL LINE"
"0cd202d1-fb62-4022-b605-94db0cece274","DNA, CHLOROPLAST"
"df318e8e-d11d-41ce-adb8-119f0a1c1032","GENE REARRANGEMENT"
"032ec586-9e6a-4b14-8177-ec252f821cad","GENOME, CHLOROPLAST"
"ab9d4d53-5f39-4a2a-b50c-61fd164495a8","INVERTED REPEAT SEQUENCES"
"e24e0587-2a0f-49a3-b343-8ccebf5e4fa0","CHLOROPLAST DNA"
"96457492-67c7-454a-aa9f-2c8d9793cf76","CHLOROPLAST GENOME"
"01962447-c172-4f29-8f2e-84eb5f439474","COMPARATIVE STUDY"
"9da00b2e-e546-4e3a-b2d8-38fa00675272","INVERTED REPEAT"
"1a6a2f66-747e-4860-aead-0b862a861011","HELICONIUS"
"29e4d481-63a3-4e0f-a86b-e35c6aa1cd3b","HELICONIUS MELPOMENE"
"0383ce65-42ca-4539-b8b7-16517c029182","HELICONIUS MELPOMENE ROSINA"
"8d443b47-5d77-42b5-a819-61c7dd3fe5e9","LEPIDOPTERA"
"2866b449-87a9-4a5e-92ed-ea991ffdf850","PASSIFLORA PLATYLOBA"
"6de1dd37-c403-42e1-8850-70c97d162b94","BIOCHEMICAL COMPOSITION"
"a9e2c222-54fe-4a40-b07a-f9d942a5b0a9","DIETARY INTAKE"
"3302f878-c61a-4488-9929-a016faa68fef","ELECTROCHEMISTRY"
"4b94654d-17a0-40b9-9775-88f294f0d7cd","HONEST SIGNALING"
"1ccfd9f3-59df-4b2a-a38f-f77a94365e54","LARVAL DEVELOPMENT"
"386ffda5-0865-4845-b678-a382e672fe0b","PHYSIOLOGICAL RESPONSE"
"a13ba8b9-9c15-4fab-aec1-94852f6c97df","SEX PHEROMONE"
"a922f201-782c-40f1-a6a9-b9dc31cce595","SEXUAL DIMORPHISM"
"f122518b-d02f-4d4c-9266-064dc55ec512","ANTINEOPLASTIC AGENTS, PHYTOGENIC"
"d91a9026-0e40-47ff-9d1e-ad639103488e","CELL LINE"
"81e9ed6f-b368-422b-bdfe-1c23fba076e3","CELL PROLIFERATION"
"abdd649c-99de-4465-80b1-03b785a76872","CELL SURVIVAL"
"8d681604-eb14-465a-a742-662514586578","DOSE-RESPONSE RELATIONSHIP, DRUG"
"14f7afe8-7be2-4126-8f48-145839c55846","DRUG SCREENING ASSAYS, ANTITUMOR"
"4afc54c5-584c-4344-8c4d-edd90cd102e3","HEP G2 CELLS"
"84c43184-2562-4094-afa7-5e5d8ea82ee6","LAURACEAE"
"a682d59e-d85d-424c-a2e1-07fd30d69575","LIVER NEOPLASMS, EXPERIMENTAL"
"c01074ac-5704-4908-911a-2968dc13849f","MICE, SCID"
"323dd7f3-9e69-40f7-b32b-b390c21eea23","STEREOISOMERISM"
"76739638-b363-465c-958a-eb23028d62dd","STRUCTURE-ACTIVITY RELATIONSHIP"
"b2854b4f-bcaa-4055-98e0-7d72ca88afa6","ANIBA PARVIFLORA EXTRACT"
"c420d991-2582-423f-8d32-7239f907a9af","CASPASE"
"0b1f4674-5fed-4448-943f-45bc7763871b","CELL DNA"
"dfc92063-e832-4422-8052-f8b37a8deaaf","COPAENE"
"7d8ca4f0-3257-4118-91d8-a851b4ec406b","DELTA CADINENE"
"617e016a-1f71-4ef9-a810-0c6712b5bc8a","DOXORUBICIN"
"e73cb2ab-dbcc-45d5-8bd8-4bca781ab870","FLUOROURACIL"
"4480542f-bc42-4ee2-9efa-a2908a676da0","GERMACRENE B"
"5b5a0e27-4297-4acb-928b-393291e8b474","HUMULENE"
"ef2aa77e-54f9-40a6-8089-366793194fcd","LINALOOL"
"0b51db06-4e20-4a2f-a967-294f0c5b51c2","REACTIVE OXYGEN METABOLITE"
"2b22af41-4a7a-4999-bd17-59412b084a64","ANIBA PARVIFLORA"
"0cd87b5c-0071-45ac-94a3-0aa6ae447da5","ANIMAL TISSUE"
"450f9c2b-ece7-4cff-a2c2-e40b0ac62220","B16-F10 CELL LINE"
"c00f9fda-9556-4d56-9a71-adfc85ec3666","CANCER GROWTH"
"63ca878a-bf28-4329-a931-f0c25a4d9940","CANCER INHIBITION"
"d75e587a-9716-4de3-aa5e-0258f129c6c8","CANCER MODEL"
"a681aba3-a6b1-4271-bb13-63477724bc29","CELL CYCLE"
"9381cd16-2f23-4242-b2ac-b9df1fac2d51","DNA FRAGMENTATION"
"26d0acb0-9e19-477e-aaf9-1b5e655a0748","DOSE RESPONSE"
"b901ae0e-1318-4592-9ead-efb0b5d480bb","DRUG SELECTIVITY"
"70e6f1cf-61a8-4837-bc2c-201134c06f9d","FLOW CYTOMETRY"
"f698c518-8b5e-4161-b256-87c686c59ef0","HCT 116 CELL LINE"
"4d2a3088-c2c7-48e5-9ecd-f5269f6f1027","HEP-G2 CELL LINE"
"9f09d05f-c23f-4e5b-9ac1-65a1529f0716","HISTOPATHOLOGY"
"8c0af756-f450-42c3-bb5c-f9eb63b9a257","HL-60 CELL LINE"
"fc2ee9f9-6edc-41e7-9b1a-30d7c4c0cabc","IN VIVO STUDY"
"dd579a4d-33fe-498b-9e10-2373195da95f","QUANTITATIVE ANALYSIS"
"7bb0ecb4-1089-4ac2-a895-6c56331ccf84","RESAZURIN ASSAY"
"61a593be-d49f-4b16-b148-c72b659887a6","TUMOR WEIGHT"
"c515c4cb-dc25-47de-8265-a1c4e31c5734","TUMOR XENOGRAFT"
"d635f858-8f8a-439f-9d42-1cd2845862b3","EXPERIMENTAL LIVER NEOPLASM"
"29b84a4b-c541-4c07-a5ae-8d70610f4100","SCID MOUSE"
"73d0b6c6-24d8-4b19-9097-988ed8aef451","STRUCTURE ACTIVITY RELATION"
"9f0a1b6e-de3e-4e6a-89d3-a511f0972de6","ARACEAE"
"61d17382-fb5b-4d7b-9a40-befb15c4d897","COLEOPTERA"
"ded394fd-3073-4e85-a3ed-5148fff243aa","CYCLOPENTANES"
"97ff6fe0-df49-4d75-b8f8-e602fcdffbd8","FLOWERS"
"eebcd138-4cb2-4126-9ef8-d9a05eb83523","GAS CHROMATOGRAPHY-MASS SPECTROMETRY"
"3567c17f-64bf-4b33-9c66-55e2f4552861","MAGNETIC RESONANCE SPECTROSCOPY"
"25ff5033-05a8-4cfe-997d-bc4d85b65b41","OXYLIPINS"
"6785d014-5f74-46b5-8de0-fb4c4765cc90","MAGNOLIOPHYTA"
"69d7c38e-a2fb-4ab3-94c4-aa26c0b25d24","MELOLONTHINAE"
"13ffb0b5-b0bf-45b1-96b5-c978c11d48c9","PHILODENDRON SQUAMIFERUM"
"194dda0f-a06d-4fb4-88f3-ee723392bf62","SCARABAEIDAE"
"7f5dc231-af75-43b4-981c-2edfea002bd1","SCARABAEUS"
"687cbc3d-9bcd-4729-b93a-5635bffa5098","XANTHOSOMA"
"c74d8330-98ea-474f-8c65-d0f905beeeb3","CYCLOPENTANE DERIVATIVE"
"1c371020-bdb8-460f-b089-a307bf939e0c","JASMONE"
"5023a366-0816-4b36-8c05-e56bc397184e","OXYLIPIN"
"2eca1e6d-5261-482a-be98-6caa50afd512","VOLATILE ORGANIC COMPOUND"
"c983742a-621f-4bba-9c04-d87d70c52df6","ATTRACTANT"
"2ee547cf-9308-4a32-8b65-6be09f8729c9","BEETLE"
"7cdb97ee-340e-4bfd-8588-960e3454da08","PLANT-POLLINATOR INTERACTION"
"c9d0b6ed-70ce-4879-9f09-f2001be8680d","SPECTROSCOPY"
"2c3eef6f-63bf-4a0a-a3c3-0c605ed86f27","NUCLEAR MAGNETIC RESONANCE SPECTROSCOPY"
"f52e18e5-54e2-4e15-8792-b1c974233c43","ACYCLIC MONOTERPENES"
"67ac9737-dc1a-4b6e-bd10-5ce9112a6461","CYCLOHEXANE MONOTERPENES"
"1c20b64c-c82c-4307-bfc0-7df5b778f074","MONOTERPENES"
"2371f538-6a45-4b7c-b4c3-448d26827d95","ALPHA PHELLANDRENE"
"334cf54e-70dd-49fd-b3c0-a5f819627d16","DYNAMICS"
"170fd069-0891-4edf-b2ed-08852a0dbc2c","LOGGING"
"062c3701-9407-4cb9-b8a2-e8bcd9fdd938","MACHINERY"
"3f51ee28-7fd4-4ce3-a453-3af2079fed91","OPERATIONS"
"99508729-ac40-4bc2-b72a-b9a05521cf07","PRODUCTIVITY"
"b7d13300-391f-4c54-aa99-eab068b86eae","SAFETY"
"c4379cc5-6ed3-4fe4-b4f4-2ce630b25320","SKIDDING"
"b238c489-bc61-4545-abfc-d3b25056a6ce","ERGONOMICS"
"55c48400-1e41-4a68-bcff-5ddc26028a34","LINEAR REGRESSION"
"631aa61c-de5f-4370-a2af-fe79f482adc2","SUSTAINABLE DEVELOPMENT"
"d2d3bf27-b886-4b2e-b1d6-440df91a76ed","LOGGING OPERATIONS"
"389ea33a-78cf-46e4-9b1c-a711054ae30b","MECHANICAL"
"b4b5d632-f283-4b7c-a1d5-91a17c351fb4","MOTOR-MANUAL"
"a7bfeef0-1648-43dc-9d02-4bf3cfdc1988","MOTOR-MANUAL FELLING"
"280e7542-b69c-4c65-b1bb-ff21d80580a2","PERFORMANCE"
"5ddc9fda-41cf-4c51-8857-adb1996596aa","PERFORMANCE DYNAMICS"
"488897e3-bbcd-4f03-b82b-5fcf18cb0199","PHYSICAL WORKLOADS"
"a7ab50ef-5e17-4afc-9138-b9150f058bbe","THERMAL CONDITION"
"7a257886-63d5-4968-99ed-ed1b009faeb0","WBGT"
"4e7ab9c3-6ee8-43c4-baea-63bf81342410","WORKERS'"
"aa3f804f-c0ec-4d3b-9611-78f971b8184d","ECONOMIC DEVELOPMENT"
"eceb9a04-a077-4f3a-aae6-4f6f14559d9d","ENVIRONMENTAL CONDITIONS"
"0bb145e9-87ea-4732-b49c-0746cee31716","FOREST COVER"
"4fc8ef76-2563-4258-aa8e-dd3cee7c0c81","INVESTMENT"
"cbcef43b-0331-4d2e-b11f-7bd000c463cb","LABOR PRODUCTIVITY"
"44b984fc-d950-422a-b697-b59c1ef99af1","PERFORMANCE ASSESSMENT"
"478af701-a967-4a37-9ff4-d3259b4674b9","WORKING CONDITIONS"
"a910ea13-0cfd-42cf-b545-211548232325","ANTI-BACTERIAL AGENTS"
"f351d4c9-21d4-45d3-97fd-b3dab4ed71ed","ANTIMALARIALS"
"68899cbf-99a0-4fae-a463-902eb949f75e","MICROBIAL SENSITIVITY TESTS"
"191d5376-6676-4706-9752-53c7c8ac5849","PLASMODIUM FALCIPARUM"
"b80cba12-6f89-4938-b0e4-73eda3a5e1b0","PYRONES"
"95034c0a-1122-46c0-aba1-ef65177e5f0f","TRYPANOSOMA CRUZI"
"a86542b7-3df6-40d8-b149-93eb817f2fc4","4 METHOXY 11,12 METHYLENEDIOXY 6 TRANS STYRYL PYRAN 2 ONE"
"c5a07b8d-f19c-46ca-9091-683dd3662b21","5,6 DIHYDROKAWAIN"
"8e39d88f-4744-427c-bee9-51bd217bfd45","ANIBA PANURENSIS EXTRACT"
"a6b9a178-aa2a-466a-9cfc-40f690164753","ANIBA ROSAEODORA EXTRACT"
"813563ee-7f88-47ab-965e-3da378f001b7","ANIBINE"
"07a6f32d-c8ea-4b5f-8c31-243df04540be","DICHLOROMETHANE"
"9a88e3ec-b513-4a0d-bc48-b0073ee94554","DIHYDROMETHYSTICIN"
"e2ec3386-542d-435d-a7c9-171edc1487d8","TETRAHYDROYANGONIN"
"62edfb23-68ea-44c4-8f2d-b671475856f1","7,8-DIHYDROMETHYSTICIN"
"38a3c3f2-dbe8-44dc-83f8-f83fd05434a1","ANTIMALARIAL AGENT"
"e4b641b1-4a4d-4fcd-9f7b-b82e5b8b49d4","DIHYDROKAWAIN"
"2da2bd5f-813d-4dd1-8494-8d7c26dfb930","PYRONE DERIVATIVE"
"1fb2ae42-0534-406a-81bc-31dd6228f63a","ANTIMICROBIAL ACTIVITY"
"3c416542-7d95-4855-bfbb-a31e51698554","ANTIPLASMODIAL ACTIVITY"
"b00b234c-5348-48b5-bfcb-f926b0129ac8","DRUG SYNTHESIS"
"5d196911-5759-4f3e-9360-97f60f5f626b","LEISHMANIA AMAZONENSIS"
"928ae48f-c8c0-4ec7-95de-3549890219e8","METHICILLIN RESISTANT STAPHYLOCOCCUS AUREUS"
"ff09f15b-3219-4c50-8a41-439f047793c1","MINIMUM INHIBITORY CONCENTRATION"
"019aa378-6836-4167-b26a-ca1f02a33821","NUCLEAR MAGNETIC RESONANCE"
"7877bd6c-a96a-41f4-8385-59485de38290","BACTERIUM"
"fea1afa8-13e5-49c7-b0cf-5ca38dc99aec","MICROBIAL SENSITIVITY TEST"
"3984cd4d-ddb1-4227-8a22-4311d1f22285","SANTAREM [PARA]"
"230619b5-d23b-470a-9551-c6bb28eeedc3","INGA STIPULARIS"
"db343811-0497-457c-8013-79add534b3a9","TOCOCA GUIANENSIS"
"25fb071c-f61e-48ca-a2c5-0430235efb98","VOCHYSIA FERRUGINEA"
"059e3fe5-2f8c-4640-af49-d9d79ad9a76c","DECOMPOSITION"
"85f2f149-709b-460c-958b-fa944a26e7c0","LIGNIN"
"218d32cd-03cd-4539-9491-57b50bc05e34","ORGANIC MATTER"
"74a83d2c-a981-480b-8ba0-c8881b9384cb","PHOSPHATE"
"264a6640-5278-4b20-a104-f09a4ae94774","SENESCENCE"
"4ab89573-91c9-4b62-a906-fecf1e52c9bf","STREAMWATER"
"bbdbd8d4-4a9e-42a3-907f-ea69d8ca8daa","TANNIN"
"2cc0d4a7-8e85-44fd-93f1-5eea40628bb1","WATER CHEMISTRY"
"9647bb07-707d-43c5-95e3-15f8ee4eeb8d","CHROMATOGRAPHY, HIGH PRESSURE LIQUID"
"3f8b94b8-4e83-4d17-a90a-fa7fc220d7f5","MAGNOLIOPSIDA"
"32f0b4b4-a1e7-49d6-adf3-4979960f2d3d","MAMMEA"
"42b147ad-4848-444a-9f9e-bda74fb11ef3","METABOLOME"
"2d8be1b8-fcf8-4651-a3b4-72dbf7d3e448","PHYSALIS"
"c1945aff-242e-4f3d-8a7c-02fa9f3170b8","HIGH PERFORMANCE LIQUID CHROMATOGRAPHY"
"bc58a27b-1bf0-44d3-bdc1-4bb06c1d20ca","HARDINESS"
"48121bb5-78fa-4268-a8bc-ec096bf6a288","SCARIFICATION"
"7f415b2a-74ae-4848-bf98-c1ad6fcf1dd8","CARAJAS"
"becff3c1-d5f1-4494-b0b6-c74da8f68a2b","BAUHINIA"
"e7d0f67f-6c93-44a9-8f91-64022d2bc91e","DIOCLEA"
"e7278529-d74d-4823-9004-1e74dfe8a459","MIMOSA"
"dfbdf0e8-8b66-4ee9-b514-d0a35089556c","MIMOSA PUDICA"
"92e77bdb-ef22-439d-91e0-0fec73be9e09","PARKIA PLATYCEPHALA"
"d8ea54cf-ed76-4b44-8728-a8e2083868bb","STRYPHNODENDRON"
"0435c52a-c725-4cf5-809c-a5ccce1fcb9c","VALUE ENGINEERING"
"f524e8a1-aa64-4aaa-84d4-c732bbfd58eb","LEGUMINOUS PLANTS"
"5683d0e7-ac4e-4233-ad7f-5d96d186287a","NATIVE SPECIES"
"a0cb453f-bde1-4c8f-ac3c-5001958ac2ba","SEED CHARACTERISTICS"
"34ffea90-140c-4057-bb5f-3a567acb8ab5","VIABILITY"
"92db1fe4-5226-48f3-87ff-ec9f4b065c30","SAVANNA"
"247aef28-4d75-4472-885a-c6345d3a775e","SEED"
"41911144-bc7f-4153-9605-e3d57eda8721","DBH"
"7b31be4a-e0e8-4281-a3d0-885b1d0eb575","MANAGEMENT"
"a553ec77-3892-4d6d-8c4e-d8418974a852","MANILKARA"
"bc29f0eb-960e-4547-a0e4-ac29c6fb0c92","ASTRONIUM"
"56052f20-5e50-448c-8870-1d4c2ba73798","CHRYSOPHYLLUM LUCENTIFOLIUM"
"d2ed22e8-baed-4750-ba16-9b521b170267","LECYTHIS"
"b361310f-8404-4f5b-8c5a-e2eb4a51e9cf","CUTTING CYCLES"
"6c74ec75-838a-4e5f-9443-543b61378e7e","INDIVIDUAL TREE"
"8c86bf79-a660-4c41-88b5-903068d8743f","MINIMUM CUTTING DIAMETER"
"9573d1be-8968-46a6-9719-803f1f020823","TERRA FIRME FOREST"
"6f8d8316-baf1-4495-b5c3-07610c1a5bb8","CALIBRATION"
"1191eb8a-2b63-45ea-9235-021eea9ac617","EXPERIMENTAL STUDY"
"46575427-f5e5-4391-a94b-b1e052105cc7","INDIVIDUAL-BASED MODEL"
"a6f81b9d-9542-4c68-b64c-0e448f85db62","SPECIES-AREA RELATIONSHIP"
"75a2cd79-a6d5-44ab-9ee3-4fc4910a400c","TEMPORAL ANALYSIS"
"fd5f6e60-cdec-48ef-bf8f-3712e24c048a","NICARAGUA"
"8c1e1443-4344-4dd0-986c-e3f1219f4fb6","CILIOPHORA"
"149c1d97-432f-456a-a5b6-37607e54d6b7","EPIDENDROIDEAE"
"ca417812-0d90-4fb9-82f7-443474378a81","NEOTTIEAE"
"71605c6b-62fd-4589-b921-b54be13de288","PALMORCHIS"
"ecb5a5ef-bc68-43db-a75d-83fdbf5d4b69","MONOCOTYLEDON"
"145e8e40-6bab-4fe4-a330-efe1d5fb5853","BLOCKS"
"037fdec0-e6fd-4392-9343-cb489b1ff26d","CONTROL SYSTEMS"
"1267454f-84a6-4d4d-9b01-2798114f2140","PALMS"
"b3966da2-ef0f-4fc7-a659-4c6e88640efa","SELECTIVE CUTTING"
"a142c9e4-47a4-4bdc-ad03-5f183be68e4f","ASTROCARYUM"
"f9dbd2ba-f2e0-45c2-8c91-355030eedb8c","AMAZONIAN FORESTS"
"bd60e370-a3fa-48ef-84b9-3915c2f41495","CUTTING INTENSITY"
"0ec1806e-092c-4a2e-8065-dc3ffc94173b","DEGREE OF CHANGE"
"e47234ce-31e6-49ac-aacf-962250ccba27","LONG-TERM EFFECTS"
"bac35607-7f70-41b7-8c2e-a0b1ccb1aeb1","SELECTIVE LOGGING"
"e994de86-d0a5-49ee-9c58-b0d5aaa2008b","STANDING DEAD TREES"
"86dc8e56-d80c-4379-9df6-eac44b00a6c9","UNDERSTORY"
"3ebb3350-1ca0-4286-9380-05fd0ef2440b","BASAL AREA"
"c3ef25cb-b615-4893-a634-9d2cb91dc196","CUTTING (PROCESS)"
"71cd1b3b-991b-49ea-8a46-8717f9c6e95b","FOREST ECOSYSTEM"
"6768aa37-cb76-4e82-a492-2feab28aa798","MANAGEMENT PRACTICE"
"e8cc1efc-d2b1-401c-b2cf-858901795849","SIZE STRUCTURE"
"4f1f24e0-4411-4c78-b346-6bf332972841","LOGGING (FORESTRY)"
"0a1d3caa-feb9-4d37-ae8b-4bc03fd9f415","EMBRYO, NONMAMMALIAN"
"ba506adf-d378-412a-a6ec-e5b827e962e9","EMBRYONIC DEVELOPMENT"
"c00d562b-d185-4d51-81ff-1b25a6999b47","GENITAL DISEASES, FEMALE"
"6bdbde8e-d973-4c2c-a79e-3a572aaa4d1e","MALPIGHIALES"
"dd775f46-0c82-4db1-b743-0fc8ab619f02","PLANTS, MEDICINAL"
"71d17387-39ab-4320-908c-4814e71faba1","REPRODUCTION"
"7d2cde6f-afd5-4c31-a5a1-1be9ae207c1e","TERATOGENS"
"614de84d-2f3f-4ad6-a64d-728813c57aba","ZEBRAFISH"
"975a8002-3c09-48a8-a326-d0a0b5d970e6","AGENTS ACTING ON THE GENITAL SYSTEM"
"cdc35d8c-ce23-4dbb-bb1f-6bb466e10300","BERGENIN"
"fad987ef-9f9d-4af1-87ef-e5d39c30a8a5","TERATOGENIC AGENT"
"a2b857d1-6789-42f8-ba09-1399ebfa63b8","ANIMAL BEHAVIOR"
"ebca1bbc-1023-4daa-bce9-c1814279b735","ANIMAL CELL"
"9f2b16e9-c97f-4afc-94a5-3c7055fd54bc","CONGENITAL MALFORMATION"
"6d2eb2a1-7d40-47a7-ac65-ba1a27d67d68","DEVELOPMENTAL TOXICITY"
"e5b3a1de-a36f-4f92-8f02-c78b3f8f435c","DRUG MEGADOSE"
"34bd2324-68b8-4e47-ad10-2230b043b435","EDEMA"
"05a43e05-cbec-4f31-a2c9-63db64013cba","EMBRYO"
"c31ab439-2125-470d-b128-fdd39a075f3c","EMBRYO DEATH"
"41b01d2e-b79e-44c4-a2fc-1696f4a7c162","EMBRYOTOXICITY"
"0371994b-0646-4c34-abf3-7abdae53de37","FERTILITY"
"0128894d-b0e0-432f-bba6-b4a0848385f7","FIBROSING ALVEOLITIS"
"5fcb5290-f5f4-4efc-8de3-2d5f57cf1fbc","GONAD"
"1781eb04-8b84-4a3b-9ed0-f7dd8b339cde","GROWTH RETARDATION"
"6f0ce217-ad13-4035-ba1f-4ef8c16394ce","HEART EDEMA"
"9f51d7f7-af47-4eff-a154-ed3b517df9b4","HEART RATE"
"4e2f58f9-3eb1-4644-9c0c-bb6de630f841","IMMERSION"
"3ee04b8f-4ded-472a-bdc9-500c3efe187b","LETHALITY"
"4d4c0838-ca9c-42a6-9c2c-cc4869c936ae","LIQUID CHROMATOGRAPHY-MASS SPECTROMETRY"
"9cfb5b10-f28a-4402-aee7-27edbf54455a","LOADING DRUG DOSE"
"7ba1a0ca-e548-412e-a334-44fb5f45ed56","OOCYTE"
"22fc54e0-e73d-4ebc-9e3a-5c087b63d463","PROGENY"
"69d2fccf-3b19-4e25-b0c5-926924728566","REPRODUCTIVE TOXICITY"
"3b61e635-5147-402f-b0d3-2fc13ca31cc9","SCOLIOSIS"
"2e868e28-f66b-470d-9599-856f4100ef7a","SOLVENT EXTRACTION"
"45d27806-a017-41e1-8b36-64305b4fda74","SURVIVAL RATE"
"0919326b-3e99-441d-a559-2f3f438d7068","TERATOGENESIS"
"853b7b4d-4424-4736-871d-6ddae966b6b2","TOXICITY TESTING"
"e6887e86-6807-4875-a2c1-0c2da2a9ae9c","VITELLOGENESIS"
"0f7e818e-6573-4a83-8c42-ae28edfa5c98","ZEBRA FISH"
"cf40f815-559c-43f8-9446-1f7e92a45810","EMBRYO DEVELOPMENT"
"26677a71-c169-4a8a-ad8c-a3ef0b6a5757","GYNECOLOGIC DISEASE"
"04ca34a0-fc16-42c7-9394-eb57b79ad998","NONMAMMALIAN EMBRYO"
"ad6c34a9-a2f8-45d4-b3ef-4076495a2fc0","CYTOCHROME P450 2C19"
"5e266d2a-fcd9-4a40-bb19-ac6a1bcc8ea3","CYTOCHROME P450 2C9"
"cf87bf81-4fee-4572-9e83-fde40782e6d1","CYTOCHROME P450 3A4"
"86cd8f8b-e699-4de2-b16b-91aa105ca929","ACUTE TOXICITY"
"15f0077e-2bbe-4bdf-99ec-b5605730b767","ADULT"
"a237c9a3-5724-49b9-bb1a-8dad1d397dbb","BIOCHEMICAL ANALYSIS"
"6d495590-e4db-4dc9-b0c0-505ec8cc3fc2","CARCINOGENICITY"
"855fa7c9-e756-4204-be4a-5a962e38c984","INTESTINE ABSORPTION"
"0d40538f-96cf-43d0-b0f0-c12f695255d0","KIDNEY METABOLISM"
"3e0c768b-06a8-4840-9e31-e21317a51622","LD50"
"8db6681e-5be3-4802-b741-5a8ae030fe69","LIVER METABOLISM"
"eaf114a3-c97d-4b2f-aa68-603aefa083ca","LIVER TOXICITY"
"c474e1b6-3024-439c-a828-492e44629305","METABOLITE"
"e4ba59de-9d14-49d0-a669-2074853ef79a","MOLECULAR WEIGHT"
"8e78f94d-76e5-4df1-8993-f6859f9796be","MORTALITY"
"468175c6-5346-4eaa-8d65-ca9cec7dde3a","PHARMACOKINETICS"
"8cd27da4-d3f7-4fb8-a3f6-b2213e9d6137","PLASMA PROTEIN BINDING"
"cf55f7f0-69ce-45c1-b0d7-2906d66f169a","TOXICOLOGY"
"8a6eba84-e4e8-4c46-a1c1-8f3bc002b36a","ELECTRONIC PROPERTIES"
"dc7e078a-ba06-434f-a559-038c70508db0","HYDROGEN BONDS"
"731577c1-7b1f-486f-9c24-bb712f1758f3","METABOLITES"
"3ef41ab3-6073-4257-b1d3-ac9b5eeca608","ULTRAVIOLET SPECTROSCOPY"
"a66c3d1d-97b9-4ede-8f52-83a392eeaf7e","ANTI-CANCER"
"5ad0bd56-a798-4cc3-8233-814f970c1e00","ANTI-TUMOR ACTIVITIES"
"b7f10514-29b8-4fd8-b73f-3e5a2d2ef573","EXCHANGE-CORRELATION FUNCTIONALS"
"5dc9865a-7106-4156-abda-e77d02c3ae82","INTERMOLECULAR HYDROGEN BONDS"
"06d07808-c7be-401a-a640-c4ec0ba92507","MOLECULAR ELECTROSTATIC POTENTIALS"
"560492ec-4ff1-40c2-8c49-f93845106ee6","NBO/NLO ANALYSIS"
"8236085b-f0ae-477b-8b24-80e16cd1aa4c","SECOND-ORDER HYPERPOLARIZABILITIES"
"34565437-4585-44b6-9c1b-4df38da37828","MOLECULAR MODELING"
"bd7d19ad-437c-42a6-a9e9-c12b2004bb82","EUPHORBIACEAE"
"62e7a80d-191d-47ea-ae98-c594563c6a25","PROCEDURES"
"10561c46-10c3-43ca-97af-507fd5ea8c6e","ASH CONTENT"
"c9ea1578-d58a-4ef3-b4b1-25d83f1704ad","CHARCOAL"
"fc36f64f-9fbb-47bd-bee3-e71a9559bddc","MOISTURE"
"487958e8-6e82-43d9-ac76-42db77386fe7","PRODUCTION"
"8fb3f827-9739-4691-8d7f-b7ce104d4403","SUSTAINABLE FOREST MANAGEMENT"
"7dee06e6-3026-42e4-80fe-620a4b745ba2","CALORIFIC VALUE"
"71ccc16f-45dc-4149-9e9d-7a86e2ac2506","MOISTURE DETERMINATION"
"456cd5ce-ec32-4f43-bbb6-9c3c17b0bd0a","CHARCOAL PRODUCTION"
"4e5ba02e-c9e0-42a3-9681-7d65d50f39bd","ENERGY DENSITY"
"ef88d6ab-9a5a-4e31-8ed3-12c966c581d1","HEATING VALUE"
"0d2ef849-ae29-4fae-b033-ae802868fe34","HIGHER HEATING VALUE"
"cfa352f4-dfd2-481f-8c83-81c6b2b063ea","PHYSICAL CHARACTERISTICS"
"98919180-341f-426f-a9fb-269e46824c36","WOOD RESIDUES"
"c0f257d5-9d0b-4bfe-9d25-0ae143e17854","AGRICULTURAL CHEMICALS"
"cdb98501-9c16-46f9-bc30-a3bf1fdc2c38","ALCOHOLS"
"3fbea59f-4afb-4d3b-84d3-65839a575dd4","ASPERGILLUS"
"17f72a0e-4c9f-4c95-beda-6602c6d62be4","CELL MEMBRANES"
"9fe0fccf-5307-48d6-8dcb-94503538f7c1","DAMAGE DETECTION"
"33b6b868-4ee5-4281-a87e-59ba908a2846","DISEASE CONTROL"
"e089f537-f4e4-414e-af6a-9ed3f0b37a25","GAS OILS"
"f6c23677-4f9c-4f91-9a66-51a92c259396","NUCLEIC ACIDS"
"e9f4195e-0751-42d7-b22b-5ae0c3dcc67f","1-NITRO-2-PHENYLETHANE"
"25fc68ad-a1c5-4103-b72d-83f400eb22df","ANTI-FUNGAL"
"33d8bb47-f7fa-4768-a90b-bd2df54b353b","ANTI-FUNGAL PROPERTIES"
"4d6a2750-b270-4993-b822-1368d13640aa","COLLETOTRICHUM GLOEOSPORIOIDES"
"e25b5897-1c2b-4097-a6f2-381fbd834251","LEAVES"
"4487459a-2713-4190-a6b4-57bd1dedd85e","PHYTOPATHOGENIC FUNGI"
"bc73d815-a5f0-4e7f-969f-4b61388afdad","ESSENTIAL OILS"
"23da088e-fe5e-4efb-a107-df55d9d59647","ACETYLCHOLINESTERASE"
"e20560d7-0ae4-4289-8d68-297ef7396612","BERBERINE ALKALOIDS"
"d690e1f6-545b-42ff-bf9b-376dbeca011c","CHOLINESTERASE INHIBITORS"
"b501c951-5fac-42aa-97be-2ad56a3017e9","HYDROGEN PEROXIDE"
"40a81d3f-f588-43bd-8f26-05feb4558c57","SACCHAROMYCES CEREVISIAE"
"568d93c5-7e69-4662-af3f-c4dd33cac420","ASCORBIC ACID"
"7c398be5-8532-4933-ab98-e13f860fe9f0","CAFFEINE"
"da14d5f4-71d2-41d5-b8a1-11fbcf5df5f8","CATALASE"
"05b014d2-ba03-49be-b61f-d912bcc66a23","PALMATINE"
"f553c422-a15d-42b4-aab1-f6fb9d7b5451","SUPEROXIDE DISMUTASE"
"739d9400-0ecc-48ba-8cb7-e14d9e2179ab","THIOBARBITURIC ACID REACTIVE SUBSTANCE"
"6a3a5eaa-7c80-4eb8-a42b-e1d8bf82070d","TROLOX C"
"ee5f515b-9d4b-4421-ad66-8ada3fbbd23d","BERBERINE DERIVATIVE"
"3b300ec6-4735-4699-bb4e-47922d182ef2","CHOLINESTERASE INHIBITOR"
"adf41a62-72a0-4506-8ee0-2441089751f7","CHOLINESTERASE INHIBITION"
"f266f2f1-c7de-427d-b430-81fd9587b2ef","CONCENTRATION RESPONSE"
"43d62eb2-f78d-4a90-bee5-2c432405c97c","DRUG POTENTIATION"
"26a1b45d-0b99-44c2-9346-49edf212d35f","LIPID PEROXIDATION"
"699e0e17-f6fa-4118-83c7-6764a26bf028","OXIDATIVE STRESS"
"5808301a-528d-47f9-b294-4a64a794d813","CARBON"
"31d4cfdf-eb21-4c2c-99f2-f918acfa96dc","IODINE COMPOUNDS"
"68f0834a-0a3d-41b5-9906-367dad2c9ecb","LUMBER"
"500eda99-c14c-496d-8ee8-e196f7886ff7","MAGNESIUM COMPOUNDS"
"c50ac50a-ddc4-4896-bf92-375eac316cf4","NITROGEN COMPOUNDS"
"c3fe8e5d-72da-4332-9379-b93fdbb0ad2f","ACRE [BRAZIL]"
"5471c264-fdbb-42e7-8d4c-ac09005a9c4b","DIPTERYX ODORATA"
"bc411a75-577a-4698-a837-080a1e2c6129","PHOSPHORUS COMPOUNDS"
"3aaaebec-a29b-458f-ac42-9640f46a1059","SULFUR COMPOUNDS"
"f6e19d2e-4f91-4f3b-ad06-c89a4be24f75","URANIUM COMPOUNDS"
"3dd99cc5-6677-46fa-aa20-5f5f0f570af2","BASIC WOOD DENSITY"
"81d28497-cbcc-4b00-9399-fea2ab808d39","CARBON EMISSIONS"
"8bef63a4-9f6e-464d-9256-81c2213737b0","CONVERSION FACTOR"
"1ec0c3b4-e5dd-41ae-b6d8-563314675920","ENVIRONMENTAL FUNCTIONS"
"ff89f48e-2f6c-4b0c-88b1-79b7ef78433f","LUMBER PRODUCTION"
"49ed81b5-8063-4a8f-8239-7bdbb2aa6918","SAWN WOOD PRODUCTS"
"fcd4efb5-74af-4962-b97c-41a5ae8f0a5b","STANDARD DEVIATION"
"d77bf848-c54c-4a30-bae1-a6426085d889","VOLUMETRIC YIELD"
"d06edc06-57a0-4d79-922f-39d3d60b74cb","CARBON EMISSION"
"c4d4dcf3-a754-4977-b116-dedaca9bb230","CARBON STORAGE"
"0ab50085-79c9-4efc-831e-04ec67763ee4","FORESTRY PRODUCTION"
"880b97ac-178c-47e2-b82a-3d7e127545cd","LOGGING (TIMBER)"
"c8af7966-b1e5-457c-8c10-67dd7ddc5e87","CYCLODEXTRINS"
"eafe050c-fb2e-496e-beb3-1f778e88df6e","MOLAR RATIO"
"b2afd5bc-116a-4993-88af-f1a0cda1f73e","SEDIMENT TRANSPORT"
"36356f61-45be-419d-a674-8ac21d0d0a63","ACTIVE COMPONENTS"
"7520d484-ac41-423b-a024-1e69a4e73772","ACTIVE LOSS"
"e970f624-cbea-4146-9aaf-5aafc05ff8e3","DESIRABILITY FUNCTION"
"46e9525e-3695-4d75-bf0b-c5c98a67d2c6","OPTIMUM CONDITIONS"
"a1aa4994-1b52-4913-b74f-26556283c832","OPTIMUM PROCESS CONDITIONS"
"6eacf96e-e003-4f5b-90e9-8a6d09b4a02d","WATER SOLUBILITIES"
"6691642c-0038-433b-85a5-4391ef69ba60","YIELD"
"a6ff6f9e-adcb-4b72-a6f1-29366b94aef1","SOLUBILITY"
"2b0a07b3-afa4-41eb-aef8-0eea81310cd7","BONDING STRENGTH"
"8d1e34f0-d498-41fc-963f-66bdd0d2dc07","GLUING"
"88f15b19-26f3-456a-85e3-cda801ee377a","SHEAR TESTS"
"d821a92a-d0d8-45b8-b3e4-78471743b97f","WOOD PRODUCTS"
"104190c3-34ac-4fbd-948a-69333c03b6fa","ASTM STANDARDS"
"dfaca646-8ae0-4b61-9d21-612405637faf","BUILDING MATERIALS"
"cf2b7f05-2a41-4a48-9647-40ffc2b08af8","GLUES"
"b494bca8-ba7b-4c92-bb98-b74a4730089a","CONSUMER MARKET"
"0d2f4a3e-0ce3-48e0-9a48-cbcdc1d70b38","GLUE LINES"
"aa71569b-83df-4721-8268-e2172195e4c1","MEAN VALUES"
"284de729-6e7d-4b75-923f-59b410e8dadc","NATIVE WOOD"
"8cbe8a3c-dd64-4cbd-a2b3-b137a1f9237d","SOLID WOODS"
"c1ae0dbf-cb39-4814-bffe-3e21cf7d8c9d","WOOD BONDING"
"a28aa2a4-b1d7-48c9-b83d-bd3ebde49465","WOOD FAILURE"
"efa48e9d-7b85-498e-a265-85ac6033ade3","POLYVINYL ACETATES"
"35fecf89-2aed-4a48-9b6d-627900e0eca6","ANTHURIUM"
"859bb78f-810b-4804-9e7f-f4a874182889","BELLUCIA"
"1c0e2600-92bc-4624-b890-569af97bd818","BORRERIA"
"96d7614f-7efb-45ff-b38c-616bc45ce8ef","GLYCYDENDRON"
"db737a88-dba0-4d16-b2b0-f565c6120bea","HYPTIS"
"480ce9ba-576f-4bdf-8501-8cf3b9d811ba","MICONIA"
"d6b1a214-ca83-4c5c-8014-941867590222","MYRCIA"
"978d18eb-ea33-4527-b43f-3bbb4d2d773f","PERAMA"
"9c6b8ee9-c137-4a2a-8ad0-95cb75a37adb","PSYCHOTRIA"
"931b001f-2f47-4a83-80ff-35029a583670","SCHEFFLERA"
"ce1c2ed1-c598-4349-9587-5a7fcfe34c8a","BIOSTRATIGRAPHY"
"76543a70-c42f-47f9-a861-2c5be4279d17","FOSSIL ASSEMBLAGE"
"bea2b0ff-6a41-4b35-b1a1-8126691b1c6f","PALEOCLIMATE"
"5e4fde7a-1e39-481e-b000-4969cde8bede","POLLEN RAIN"
"e4392d29-562a-4d93-958a-1a320630b9d5","PRECIPITATION INTENSITY"
"ff75d5e5-5e11-451d-9ec0-a4e597d6d4cd","RECONSTRUCTION"
"66f83316-605e-4b49-8bb1-1520662d7853","SEDIMENT ANALYSIS"
"1fea0e61-bc2d-4766-87b3-dfc1666d2404","UPLAND REGION"
"59403d00-d505-4e03-ab3a-9571031a6d5c","BIOCHEMISTRY"
"02cb1fee-33c8-41cb-be79-edbab95ec202","COATINGS"
"7980059a-198a-4806-aa1a-d9b2f1d74b1f","GRANULATION"
"f42f0c74-e1a0-4253-849b-745c41b8de17","INCLUSIONS"
"1fa597cb-436f-46e8-a480-b06421b77e21","MICROENCAPSULATION"
"315f40d6-b411-4ef1-9af5-13c56bfe4e3b","ALTERNATIVE PROCESS"
"a01057f2-1269-42fe-a91a-4cc973c9c129","MEDICINAL PLANT EXTRACTS"
"c83cfa6b-d29d-4e68-8bce-d6478fc65851","OPERATIONAL CONDITIONS"
"be7ae9fd-7660-47b3-9c94-d18fd1505c2b","OPERATIONAL FACTORS"
"626eaa4d-a20b-439a-8e9a-a118d668ad21","PARTICLE PROPERTIES"
"8ed23168-52ac-45c8-a292-18e23a95e9f8","PHARMACEUTICAL APPLICATIONS"
"292fe07a-9caa-415f-89fb-a7b1a4cd93a0","ROSMARINUS OFFICINALIS"
"3661e2a9-43ef-4102-84f8-cd50e3d196d7","TECHNOLOGICAL CHARACTERISTICS"
"be0e79ed-c255-4b5f-a8ef-4d5659066061","BEES"
"252c031c-a24c-47a5-ba8c-606db32b9509","BIRDS"
"98f162b1-9213-439b-b3ee-9aa58dbc4513","GENETIC SPECIATION"
"076c2a90-94ee-4480-b8e1-52dc6287af40","GEOGRAPHY"
"d12e2a98-b208-4bf7-ba05-a9f0999e92f9","GRASSLAND"
"c754ac1b-3acc-493c-8eb5-0dbd0ecf2e45","HYBRIDIZATION, GENETIC"
"e53490f3-f860-409b-9433-45ea5e3b7ce5","REPRODUCTIVE ISOLATION"
"7509b825-c6f2-4656-8866-4cddf500f93d","BIRD"
"64c34844-d127-430a-8495-126d00ddbb9d","HYBRIDIZATION"
"d815129b-16b1-4ca6-bbf2-a6dec47058b2","SPECIES DIFFERENTIATION"
"bbf49d8c-0a48-4e89-8702-d461ffb04015","ANADENANTHERA"
"0d293416-8002-4cfd-a30d-3f2ff0f06128","BOWDICHIA NITIDA"
"4397358b-3867-4dcc-a9e1-83931d880ad3","HYMENAEA COURBARIL"
"b94339fa-86e5-497a-bfdd-f9982dc01d63","MEZILAURUS"
"443f1915-b96f-4cc3-9a74-04140dc6894f","POUTERIA"
"27e12fb2-c46e-413e-aaf7-25a19f02d4ca","SIMAROUBA AMARA"
"a746cbe9-bc5a-4c64-9a11-49c9530140a3","CORRELATION"
"f55bc781-a4c6-4ba5-9272-7c6544bf0796","EFFICIENCY MEASUREMENT"
"7d443cd5-58db-4c46-b524-704ea3ddd6ad","TIMBER CERTIFICATION"
"a5aeefc7-34c5-4d6a-9eee-c046c0b71633","TROPICAL REGION"
"07f11f75-4883-4003-8e8c-200597ea1bff","WOOD QUALITY"
"6a23ef98-0ecf-4ba4-bd58-ba56c4660eef","GROWTH RESPONSE"
"048e7908-2c05-4992-87cf-2e62eebf675c","NUTRIENT USE EFFICIENCY"
"06cf3c14-103b-4447-9a72-2f91edf1aadb","TRACE ELEMENT"
"33fd2639-6b40-4124-b605-120948a92de6","CONFLICT MANAGEMENT"
"c7a578e1-9157-48df-bb58-349c0df7e6bb","ENDEMISM"
"b42a9c3d-b4ac-4673-b32d-f05606752c57","GEOSTATISTICS"
"930c5de5-a9ba-45e8-9184-07406c53eb3e","KRIGING"
"c547a99b-243c-4c23-b2a6-90f77238bbde","MINING"
"01f9e2e3-407d-44ac-92d7-b43b0aa972e7","NATURE CONSERVATION"
"9a790356-583c-4e2f-a500-06a6eecec911","NUMERICAL MODEL"
"1b995dc8-36a7-4bf7-8dbb-4858c1f6df5a","MULTIVARIATE ANALYSIS"
"f228e295-7581-4aa6-b6ad-9efc8a3668f9","BETA SELINENE"
"732ef9a5-4881-42c4-8753-70c5e5a2cc77","CARYOPHYLLENE OXIDE"
"00f7c9c5-b037-40f0-b3c2-fe13f17f4ba2","NEROLIDOL"
"07acaec8-6843-42ef-a6d1-e7c7ad5e23cf","PLANT MEDICINAL PRODUCT"
"d5637c32-4bcd-4450-9bb0-cec2f0509434","ABTS RADICAL SCAVENGING ASSAY"
"e0e1673e-85ce-4c1a-bd0a-b5050224d0f6","DIFFERENTIATION"
"0b90833a-fd5d-455f-be03-c7a0851ad36d","EC50"
"73651c4e-ed2c-40f2-80d3-7d25a3520193","PIPER BRACHYPETIOLATUM"
"97c27754-a334-4711-bda3-8eaa19f46849","PIPER GLANDULOSISSIMUM"
"ad5c7150-a31b-44c2-9607-81c98c88574b","PIPER MADEIRANUM"
"2d81d45b-3285-4f45-b9da-7d99ede3bcce","PIPER MOLLIPILOSUM"
"445ccf8d-7400-418b-aba4-1043be60a7d2","PRINCIPAL COMPONENT ANALYSIS"
"87055a89-c462-424a-a1a8-02169119e1a4","DERMATITIS, ALLERGIC CONTACT"
"52013c4a-3194-4d46-b88f-8814b3ccf908","DERMATITIS, OCCUPATIONAL"
"91836a72-91c8-441b-992a-104dbecb623d","FACIAL DERMATOSES"
"f57b7098-40ee-4e11-8c2a-2087f89bd1b8","HAND DERMATOSES"
"5526a72f-257e-4b6a-a44e-d19965331e77","MIDDLE AGED"
"9a0afdab-d698-4bb6-b49b-0af616d8a292","OCCUPATIONAL EXPOSURE"
"cd0a61d9-81c0-460c-8da8-14166df558de","CORTICOSTEROID"
"8a0dc1c6-f72d-490e-8045-24c2084694d8","TACROLIMUS"
"0e014de9-e349-4611-82c1-09d341e5e3b0","TRIAMCINOLONE"
"3284b585-a3f2-4fa7-97d0-f6a1aeee8dd4","CASE REPORT"
"d4c9e8e0-8c0f-4611-aab1-ac96e235536b","CLINICAL ARTICLE"
"83b2ca2b-c5be-445f-a985-151736f5fbce","CORDIA"
"8df0d3d0-89f1-4698-a709-1ed1ee7e0b48","ERYTHEMA"
"7de4a9b3-575f-4d9b-b8d3-5a4366d9530e","EUXYLOPHORA PARAENSIS"
"5861f58f-7cf7-43f0-8103-69b64e7db8c9","HIBISCUS"
"94c4fcdc-ea37-4400-9d2f-394f977b3ac8","HIBISCUS ELATUS"
"810df41b-cf94-459b-adeb-798462a65a8c","MYROXYLON"
"d20b7e7f-6eca-4ee1-92a3-5ab2a5e3dae9","MYROXYLON BALSAMUM"
"83d8be46-32ef-4d66-aa05-2774b8d8ae1e","PAPULE"
"1d2ca83d-9e9c-41b8-aa41-f734a7de21a9","PATCH TEST"
"1fd5f907-8f3b-494b-9b60-5214f47cdea5","SAWDUST"
"7c06a8ae-3d37-4077-8b97-a40e286eaad3","SKIN ALLERGY"
"972c9a3c-2160-4d73-85cd-2f862cd8e265","ADVERSE EVENT"
"ca5c6d9d-7ed5-4ba1-aa3d-33df30209979","HAND DISEASE"
"75c30b1a-1f31-48f8-a954-f67de7e58534","OCCUPATIONAL ECZEMA"
"d8f46c93-c069-4f49-91f5-0bf5bd576661","SKIN DISEASE"
"694868fe-0dc1-4e47-b562-abf38606a07f","CONSERVATION"
"1d8853fb-22c3-418c-a5cb-c4ecaf6b0c5e","HARVESTING"
"8b2bf844-1af6-4272-9920-7d1ee72ede02","MICA"
"6b4519ae-c26b-49dc-b6ae-331f2ddcd920","SUN LIGHT"
"c11f22b0-6827-41e5-9dac-9b51f52fd59f","SILICATE MINERALS"
"1e1b68c6-950d-43f5-a92a-b265b65fffd0","SOLAR RADIATION"
"dc2f3240-d4ee-4301-96c5-358d70ca65e0","BRAZILIAN AMAZON"
"1dacbbf2-cc45-4b29-bbf1-d5d5896e4e99","CANOPY OPENING"
"3850c161-d8a7-4834-9365-d96409d06d16","DIAMETER DISTRIBUTIONS"
"2a495439-f908-4670-9371-42b2305a2414","FOREST GROWTH"
"781011b8-00ad-4088-ac02-c53326bcdefe","MANAGED FOREST"
"fc618649-8e4f-4d8f-8bd3-50cb7daf21b4","MATURE FOREST"
"3af7e431-c631-4432-a3ec-2d69b8c7eda8","ANTI-INFECTIVE AGENTS"
"a0ba5c79-cca1-4351-b017-9edac5da04b7","BENZOPYRANS"
"50af61a5-2ec0-468f-93ac-70fba28734be","CAENORHABDITIS ELEGANS"
"088460d0-922d-4235-9a87-1d9e16e3a19a","CAENORHABDITIS ELEGANS PROTEINS"
"d8df61d8-55c4-42da-a6de-93eeee495414","GENE EXPRESSION REGULATION"
"8621e7e2-38f7-4def-a80c-1e9d40602771","HUNTINGTON DISEASE"
"3f5fddeb-dac2-47db-89b4-d325d5024230","INSECT PROTEINS"
"e2ff0852-48ef-42eb-ab5d-e9242a6f6ed4","LONGEVITY"
"ed3ce537-165a-4bda-92db-67d6c6a090b4","PHAEOPHYTA"
"037f6f66-da0f-415d-8138-a538b546f597","SIGNAL TRANSDUCTION"
"f947f259-2417-4573-ac73-78351ef08215","BENZOPYRAN DERIVATIVE"
"485adbf9-0189-421f-b60f-0ea9559294dd","CAENORHABDITIS ELEGANS PROTEIN"
"3d219340-7dab-464e-8923-8b8c261828a6","INSECT PROTEIN"
"2126435c-7f2a-4f93-bd15-78339a5d206c","BROWN ALGA"
"9cc11c0b-e741-42f9-9551-b7283140bd04","HUNTINGTON CHOREA"
"84783263-a3d7-4fff-bb80-225d5e82141d","COUMAROUNA"
"b77c71e1-88d5-4df7-ba77-cdc8028b62b4","PARAMETERS"
"da695a03-cae2-44b0-8d74-ddc1f46a8959","QUALITY CONTROL"
"decb4ee3-9ba7-4d72-b986-b17123ddaf0c","ROUGHNESS"
"a355409d-88dc-45fd-9d7e-6d8e6d654d68","SURFACES"
"8be4b62f-8cd4-4863-9c8f-6a4c526bc86d","MACHINING"
"be43d084-329e-4e50-b5a0-61659de79fd4","SURFACE ROUGHNESS"
"c08317b4-68ef-4563-8470-1681078ea20d","AMPLITUDE PARAMETERS"
"02f577c9-292c-45c5-b21b-6b646b3c6373","ANATOMICAL ANALYSIS"
"cafecd97-118a-4ee0-b9fb-8d5c78f26ee6","ANATOMICAL FEATURES"
"45aa693f-145c-4a43-80d3-1d573282edbf","ANATOMICAL STRUCTURES"
"7477a6a6-f92c-4feb-9e26-933b7c84a737","APPARENT DENSITY"
"8a5272e2-f17c-4547-89fb-c6800712e5a9","COATING PERFORMANCE"
"d8d3c582-d5f0-4884-aa21-18251330621e","MACHINING OPERATIONS"
"28d8264d-19e1-4923-8e07-fcbbe5e33940","SURFACE PREPARATION"
"dfd6fcd9-c82d-49be-82dc-7d6b2dd0be5e","ADHESIVE PERFORMANCE"
"5f253d38-93e4-4bd3-a5dc-f90122cef02d","PREPARATION CONDITIONS"
"05814de5-7ab7-4ca2-9d52-ff04e9620cd6","WOOD SURFACES"
"1c8f7dce-33fd-4c51-8207-16eb8b544c2a","WOOD TEXTURE"
"83240838-2fde-49fa-991b-2e8cfe4bb0b6","TEXTURES"
"bec8caba-5341-47f3-b64d-9e820bddcbd5","CINEOLE"
"b80d5486-5d2f-427f-89b4-859ce3a66af2","LARVICIDAL AGENT"
"a8ba60ac-e849-4360-bc42-80e90e5382f3","OCTOPAMINE"
"2c661b40-e335-4a69-8c74-913c762f8d90","SAFROLE"
"267b4fb7-3c30-40d7-97bc-0fdce6ced940","APHID"
"5d24da41-37be-4115-9d63-74c4a41c9f2f","CERATAPHIS LATANIAE"
"488c7388-b8bf-4090-85c5-1441a594ff8b","LICARIA PUCHURY MAJOR"
"e52131cc-09c5-4d9e-a560-e88b0143712f","TETRANYCHUS URTICAE"
"7e251cf3-feae-4ee0-aaf9-7b36abda52f5","CHAMAECRISTA"
"d620159e-aff7-4c8e-8df5-ff8bbd8cb1c1","MANILKARA HUBERI"
"029cac92-e9cc-439b-8ea7-8835d759e9e9","NUCLEOPOLYHEDROVIRUS"
"977cda3f-2294-4e16-a4c8-457dfa3e0360","CAMERAS"
"f410adc2-3e9b-44f1-99a8-91ae5107425d","DROUGHT"
"4fa76854-925d-4d91-a66d-9150676220ff","RADIOMETERS"
"9db0b01d-ce7a-49b9-a9b0-86dfda94bddd","REMOTE SENSING"
"0e1ce956-af70-4177-bd23-ae163ba93bd6","SATELLITE IMAGERY"
"4a202336-e3c0-4b5f-bd60-285583e3c8d2","SPECTRUM ANALYSIS"
"7752af5f-52cc-4d9e-a838-08537808c8c1","VEGETATION"
"28139201-c063-4ab7-8c3d-c4611f7a855b","AMAZON"
"96a036bf-5ce1-4a08-8253-cac978ca04c1","DRY SEASONS"
"d5642123-0c67-4815-9858-f71f5b273905","HYPERSPECTRAL REMOTE SENSING"
"88950cfa-9e8a-406b-a49c-a1b5d2e93257","LEAF FLUSH"
"7efe7f2b-3e95-4821-a39b-048b6b3ac4a8","SEASONALITY"
"5d28d616-f6fc-474c-bd7f-ece70c158f05","ALGORITHM"
"c48e3aea-963f-4153-a29a-81a978c8e8bb","LEAF AREA INDEX"
"05aa2ff1-f4d2-493a-b45e-81301185c441","MODIS"
"8b193ab6-22fa-491b-bb23-3bb7bd9260b9","NDVI"
"4e7478af-1dfc-447c-805d-1a4b0cd8bfbc","SATELLITE DATA"
"e103496f-f5a2-493e-91e4-10082f79b627","SPECTRAL REFLECTANCE"
"95e32a90-ee3f-45e5-acd0-f72f776046c8","VIDEOGRAPHY"
"db2b049f-a6b7-46e0-9d1a-a9cba42686ba","COLLAGEN"
"c2a85da1-ff82-4aa2-9c4d-99d82f943764","COPALIC ACID"
"17ef90ec-78b7-49b1-b044-90fcec8b96e4","DITERPENE"
"b9a5d0c6-2eb8-4576-b346-68b53d161780","EPERUA OLEIFERA OIL RESIN"
"4ab8715f-378d-42fc-9b29-d882102723d2","GELATINASE A"
"8c2f0458-b716-47d4-a90b-47007a587802","GELATINASE B"
"d6e0b372-a23b-4574-b1ad-6188bc3c64a0","HARDWICKIIC ACID"
"c0c72b7f-1885-43b6-a43e-817ea4a15da8","METALLOPROTEINASE"
"698928a4-680c-4a19-862a-4cbfdf8f9af5","CELL COUNT"
"b246e94a-a2dd-409e-94ae-b0aa5fed1698","CELL FRACTIONATION"
"56152137-58c3-4a7f-907f-c93488c6c543","EPERUA OLEIFERA"
"204b2c7d-f66b-43b7-a294-373109b3179b","EXTRACELLULAR MATRIX"
"9c0e81d7-6de8-42d6-8c63-f9b0a1374880","FIBROBLAST"
"acc2d565-b8f0-4c71-9ade-abd18b01cde3","HACAT CELL LINE"
"47b492ea-0b56-4c1e-81a4-0aecdd4cb7b3","ION EXCHANGE"
"9bd1ee82-354a-464a-bc57-85bc0490d557","MRC-5 CELL LINE"
"e3315ada-97f5-4bce-8f82-b794291c9583","ZYMOGRAPHY"
"eee11f7b-1b03-48b7-bf60-89912a44571e","TEMPERATURE"
"0ad24eb0-a279-41d2-a980-0d8441fec918","CELLULOSE"
"dbba53ef-a833-4c69-88b0-1063e1699507","AIR TEMPERATURE"
"02270ed1-41e7-4694-a099-08390760a611","AQUATIC ENVIRONMENT"
"f1c91cb1-190d-4c9d-99fb-ce5eb4b63272","ELECTRIC CONDUCTIVITY"
"f274de93-23d2-4b3b-8f42-03d47b2da343","FLOODING"
"4f0eac4d-9285-4e1e-8147-b2db2c0d1a92","FUNGAL BIOMASS"
"1c932202-ea6d-42ce-930a-9772ccc76737","GREENHOUSE EFFECT"
"41a68c4c-4c03-470f-b4ff-c3ddc6dd3345","HEVEA"
"0811a9ac-7643-4bc0-b4c2-30897a01d24d","HEVEA SPRUCEANA"
"afa61f50-4694-4310-b457-4d782841d6f1","LEAF LITTER"
"9b11eebb-0cb0-40ca-af87-8580d6619f8a","PHYLLOICUS ELEKTOROS"
"dd66673d-9604-413f-8d42-9f95822db447","PLANT METABOLISM"
"98520f54-1b42-4c9b-8b63-2b609467fef1","RIPARIAN SPECIES"
"6fd6d54b-19de-4e71-8a48-16fa9d528524","TRICHOPTERA"
"fc3c3b34-80a5-439c-bd24-32bdd9933cdb","ALPHA EUDESMOL"
"30900ca1-dffd-4673-9019-20bfa5cf533a","PREMNASPIRODIENE"
"289f7f30-896f-4fc7-a230-a1fd48da26ae","LOW TEMPERATURE"
"03114bc3-b594-49be-999e-c97e9c5655ef","PIPER ALATIPETIOLATUM"
"44c76b26-41b3-4c0e-ab11-24c3146e7fe8","PIPER CURTISTILUM"
"2c653cd6-dd98-4bd0-8f20-3318c04eddc1","MECHANICAL PHENOMENA"
"de0730b4-c303-43bf-b262-6721d1c43a90","ANALYSIS"
"d87115b2-da32-4d83-b335-6cd020483f5d","MECHANICS"
"163a9823-8c55-400e-885c-6337029036b7","BINDING SITES"
"2c6ea7cb-dac4-443b-becb-5e73612f178c","CATTLE"
"21eb6a23-7c1a-4623-ad9c-168f19751ba3","CYCLOOCTANES"
"86ebcbb6-67a0-400a-89f1-8d959226d011","DNA"
"35d031a1-ba55-4670-86a7-d1b2d4b27f79","KETONES"
"dc50d363-5c0b-4c27-bea7-4f767c5daccd","NUCLEIC ACID CONFORMATION"
"1158ab14-f19d-4982-bc0e-50dc44a7fa98","SPECTROPHOTOMETRY"
"ba8434e0-571d-4a14-a3fd-f4f8b311ce3d","STATIC ELECTRICITY"
"830b9304-249a-4f9a-b2e8-5f6d5187648c","THERMODYNAMICS"
"6229b1eb-21de-418a-85f9-e05b2858a129","TRANSITION TEMPERATURE"
"5cb69549-7d80-4103-afee-7c74fa2d3b77","15 (HYDROXYIMINO)ANNONALIDE"
"7a32c53a-513e-43ed-99d5-783faeb396f2","16 (ACETOXY)ANNONALIDE"
"060568ab-0fb8-4c60-868d-eeadac451c05","16 (BROMINE)ANNONALIDE"
"2ab667dd-84c6-4293-b0d2-02616617c38d","16 (CHLORINE)ANNONALIDE"
"1cf461a7-0aa2-442e-8bf5-07ecfb2aa8ba","16 (DECANOYL)ANNONALIDE"
"e91e2cc2-2bdf-40db-a883-bbff4e9cb9f1","16 (HEXANOYL)ANNONALIDE"
"3e3af9e8-5f74-4415-b991-5e13cb09f9b0","16 (IODINE)ANNONALIDE"
"2cb14c2f-4b3a-435d-8def-fc832b56642c","16 (MESYL)ANNONALIDE"
"f99988c2-9431-4cdc-a8da-fa0231aab184","16 (PROPIONYL)ANNONALIDE"
"f61b6185-f16a-4b8a-b8e0-9ea20b9e4247","ANNONALIDE"
"d33126a9-cd3a-4ca3-a0a1-8c65da8354eb","DIMETHYL SULFOXIDE"
"42143b2b-f5b9-494d-83ab-f2016bb1f68c","FLUORESCENT DYE"
"fd1e45db-d5fe-4183-8a6b-45e61d55291c","CALF THYMUS DNA"
"e103cb14-df4a-4319-bdaf-5afc874216ac","CYCLOOCTANE DERIVATIVE"
"4a923d89-21b7-4d89-ad0d-f708a5a5309e","CYCLOOCTANONE"
"e95a5739-0bfa-4812-a267-8f04f6b9f915","KETONE"
"f0595087-99b6-4b8e-8547-d7ddc3562e74","CANCER CELL LINE"
"23f57931-6c70-4e33-924e-a1244093483a","COMPETITIVE BINDING ASSAY"
"91c83850-9d15-44e2-b1dc-ee1945ce907f","DERIVATIZATION"
"f8ff69eb-9030-4d5c-aa22-fbaa10871b31","DRUG DNA INTERACTION"
"93b5d462-6bdc-4aa6-95a2-b4bcf22db4e9","SF295 CELL LINE"
"398b8fd8-cf33-47dd-9458-417c4f7b5c71","STOICHIOMETRY"
"785245f5-6fd4-459c-952e-a12052ea6f1f","BOVINE"
"ca6b2927-39ce-4da3-8bf1-8c093ace6e2e","CONFORMATION"
"31135ea2-f752-4ef9-b453-b188ba43165f","SYNTHESIS"
"831ce2ed-e3d5-4d05-8407-ab6243492999","ANTIFUNGAL AGENTS"
"4f3b74d0-9cdf-46f5-acdb-039f70498c07","CHITINASES"
"68ebeb67-732d-41fd-88c8-3919eaeba0b6","ELECTROPHORESIS, POLYACRYLAMIDE GEL"
"0ed5deb7-2e1e-41cb-84bc-27cf80d6e756","FUSARIUM"
"f9da727d-ce81-4e19-ac15-2ca8c80b7ca4","LECTINS"
"ba0e1cba-19e1-4455-9963-6ca28209fdcb","MICROSCOPY, FLUORESCENCE"
"1b074ee0-631c-40f9-ad30-f1f681039e03","PLANT PROTEINS"
"62c2a7fc-9312-42bf-a998-392280fdb7be","SPORES, FUNGAL"
"cf2f2806-5ba3-43b2-a81e-5e4555c8a291","ANTIFUNGAL AGENT"
"5d110423-bc9c-4383-a200-d58a6ff2c006","CHITINASE"
"bc4ddc76-45e6-4668-8655-fa75e1339a59","LECTIN"
"422f2cfb-511e-46d9-9467-c51298501d67","PLANT PROTEIN"
"dafff6b8-b307-4f9b-b4f1-9aab67309218","FLUORESCENCE MICROSCOPY"
"aab74364-b800-44b2-9122-fba443d21af5","FUNGUS SPORE"
"96c88c54-4db2-4bb5-9162-31b7683c8847","POLYACRYLAMIDE GEL ELECTROPHORESIS"
"4635518d-5bdc-433a-b76a-2ca0ae45423b","RAIN FOREST"
"8a0d846f-a12a-4477-8d53-e8ca18d50b25","RINGS"
"461b293d-d2b1-493b-b4d2-bbcd44e17e37","ALLOMETRIC RELATIONSHIP"
"8e0bcf8c-ab55-42ab-a6ab-266f0a1991dd","COMMERCIAL TREE SPECIES"
"106b3e75-7025-4fd1-b9e0-310bdaa9b3e0","DIAMETER INCREMENT"
"11bf33d1-d386-4737-a677-99e723863beb","FELLING CYCLE"
"8ca94b53-a06b-4707-bd99-b2e0d8a127ac","FLOODPLAIN FOREST"
"aeef89a0-1311-46a7-8132-b872372bea9c","MINIMUM LOGGING DIAMETER"
"e9e1630d-44ed-4622-a4a2-cfb00762bd5f","TREE RINGS"
"e958e7e5-b264-4840-a419-571c054c54a2","TREE-RING ANALYSIS"
"a3cd9a7b-a589-4213-b071-fb0797dcd5f6","AMAPA"
"10597d6e-cafc-4689-b01f-adc8435ac69d","MARACA ISLAND [AMAPA]"
"f19fb9c3-0f91-4ba2-98e5-ff86c36257ed","ASTROCARYUM ACULEATUM"
"1b7b1459-54bf-42f9-8af3-e95a9fc429bf","ATTALEA"
"1a6057fe-f444-4cbb-9d3b-8e641f622492","ECCLINUSA GUIANENSIS"
"bb7c7094-a737-4ca6-9082-bbdc565e0a9c","LICANIA KUNTHIANA"
"7ec0d050-a9a6-4d4c-abb0-b123dba67b8d","PELTOGYNE GRACILIPES"
"3554d277-4127-48b1-b231-b9071a595196","PRADOSIA SURINAMENSIS"
"c1372062-641a-4d38-9fdb-f9e6f14bf896","SOIL NUTRIENT"
"e6cfe0c5-ad35-4db1-a57f-80afb1924c2c","SOIL-VEGETATION INTERACTION"
"32c23ec6-bb5e-49a2-84f8-1e18f55a9cc8","BLANCO RIVER [LOS LAGOS]"
"77b4a71d-9f79-4481-b645-24b36766a86e","CHILE"
"ff67932f-0ca2-4888-8321-d8beb9e86807","LORETO"
"46320eb4-2a36-44f9-b8c6-07c91e741d8b","LOS LAGOS"
"9c19d9c2-84b9-4246-9da9-e3a0651c31f9","PLATYCARPUM"
"8400e885-434e-4707-88c0-3b8af362708f","PLATYCARPUM ACREANUM"
"95924b2a-6318-43e8-ab88-d7dab31bf078","RUBIACEAE"
"78f3f455-ee91-438e-a60b-17553eb068e1","PEATLAND"
"270549da-5072-4ba2-ae08-042af24cb9ad","WATERSHED"
"eb25ce23-4b87-4c6e-ad6c-c175c53a6959","ALKALOID DERIVATIVE"
"b7faae78-915e-4fbf-97e4-47386519b8b3","ANTHRAQUINONE DERIVATIVE"
"7cbb0891-5189-48a2-9390-059865c00637","AZULENE DERIVATIVE"
"13fa59d2-025d-4595-8488-67eddcafa8af","CARBOXYLIC ACID"
"d3af62be-0fee-4292-8f86-2c603e7cb03e","CARDIAC GLYCOSIDE"
"8d18cfb7-87ab-426a-afdb-f411af99321f","CAROTENOID"
"3c0d45a7-7b42-4e4c-b6ed-b34f315e4678","CATECHIN"
"f13868c3-5ea4-4787-8977-abd51135e1dd","COUMARIN DERIVATIVE"
"45067b21-cb81-45da-8489-08f9b1aa0f94","LACTONE DERIVATIVE"
"da3fa8fa-bf27-4569-81ef-83a85191216a","LOPHANTHERA LACTESCENS EXTRACT"
"a700a6e9-944c-4958-8978-707b4fa7ff25","PARKIA PLATYCEPHALA EXTRACT"
"edfcfb0e-c84f-4ae8-bbba-cb8c283fc01c","POUTERIA RAMIFLORA EXTRACT"
"4dd8b95b-b5e1-4a4e-b193-83587b28c9f3","SAPONIN DERIVATIVE"
"66d993f3-be7c-4e3a-8fec-23b2afd9ea8d","SESQUITERPENE LACTONE DERIVATIVE"
"eb39aee7-a1b2-464b-8ee3-29b19d22e26d","STEROID"
"5ed34c86-9b2c-432e-b6f7-f92a0351509a","TANNIN DERIVATIVE"
"893dff0f-8e9e-4717-a1d3-1ef769efe2c3","TRITERPENE DERIVATIVE"
"654af7d0-eed9-4c6d-997a-f5da1d6c6339","ANTIBACTERIAL ACTIVITY"
"49aa74ab-2a75-4ac7-b10a-326970517a0d","BACTERIAL GROWTH"
"6ec6bf2e-378e-4b90-8302-08b3dbcfdb3a","BACTERIAL VIRULENCE"
"e592d017-f843-4719-a7d5-56f7665c1054","BRAZILIAN TRADITIONAL MEDICINE"
"550afe94-8ef4-4712-965b-499379edaa9c","BROTH DILUTION"
"7f4484e7-53cc-4700-a2e8-b862eb0d70f7","ESCHERICHIA COLI"
"e6afe55d-5d52-4a62-8a41-1ef2438fc0ef","FOOD POISONING"
"d9a59779-c7c5-4570-be65-5178bb26d85a","PHLOEM"
"c2a61ce8-b4b6-47b6-804b-217798e4b6c6","PLANT COMMUNITY"
"9f93a677-c14c-4bed-a6e4-a96db3808499","QUALITATIVE ANALYSIS"
"cf8e80de-14cf-4c59-a143-3ac3d7ee7661","SALMONELLA ENTERICA SEROVAR TYPHIMURIUM"
"39076a15-b1c8-4735-9db5-d6ab25ab4d68","STAPHYLOCOCCUS AUREUS"
"ae620dc5-f957-46b1-8720-b45e4e670a6e","WATER BORNE DISEASE"
"e55e9027-8a99-4b4f-a3fb-0374167d2064","APORPHINES"
"90db879a-63dd-4e53-b736-d9b0b2ac3ad9","GLYCATION END PRODUCTS, ADVANCED"
"eed0ce25-8676-48f9-a1e8-129259949bfb","GLYCOSYLATION"
"b1706b6c-c5e4-46e8-b974-ae4be0d59bf4","LACTONES"
"532149ce-f6d9-41a9-95fc-fc376b44c786","MOLECULAR STRUCTURE"
"de9299e6-2bad-4f54-b275-0ee9be4822a0","PLANT STEMS"
"62d588d1-a677-466f-ae5e-f824f49af53e","QUANTUM THEORY"
"d2c4c49f-2184-41d5-9efc-b8117ca5b6c0","SESQUITERPENES, GUAIANE"
"591db2ad-5e02-4c69-b46c-53d1e7c9e661","ADVANCED GLYCATION END PRODUCT"
"6eed319e-bcc4-4266-bbaf-02045fd9dfd3","APORPHINE DERIVATIVE"
"b2586551-7c55-417b-94c7-1fcc53e0d9d2","LACTONE"
"d17059ea-3602-411a-8ada-35c5ac6d1763","ANTAGONISTS AND INHIBITORS"
"cc86c886-c4a3-4b7a-bb8f-69e7618916df","CHEMICAL STRUCTURE"
"93107da8-85a3-4fbe-acba-899b03317a8a","DRUG EFFECTS"
"04b9b8c9-f94c-4461-b64a-2dc802fddfcc","PLANT STEM"
"cc75b0b5-6ded-4d8b-92d0-ddf45e53c30e","MORA"
"6b39b083-c9fe-455b-a405-1d24c978fdd2","RIVERS"
"50a967a6-c47c-461b-a846-da627e616cca","BANKS (BODIES OF WATER)"
"f21a5e32-33f6-4b79-b1b2-0602f2830f77","FLOODS"
"7a973bcc-c4fd-4506-9825-86e0489da5a7","CANOPY OPENNESS"
"02b2044a-bcaa-478b-8f80-6d533ec89473","DIAMETER-AT-BREAST HEIGHTS"
"39c91a3c-03a4-4078-9f5f-c0fe0fea14a3","FOREST DYNAMICS"
"4b42414f-3f7e-4366-83a9-60e349659c80","LOWLAND FOREST"
"a19ea92a-9944-4739-93e6-3ceb6c506c43","NATURAL REGENERATION"
"16ffdc65-8ff6-470a-b612-7b0068f1fd1f","REGENERATION DYNAMICS"
"e97a382c-1946-472a-a75c-0299ea85fcef","ABUNDANCE"
"2c0dde85-24e2-4ffa-83f9-4a9e15fd6c4c","ESTUARINE ENVIRONMENT"
"039f2c65-2b7f-474d-9d63-95acc5b2a2ff","LOWLAND ENVIRONMENT"
"62ab4fa4-6f76-4b7e-aad7-0e32ea3d4456","REGENERATION"
"0f02879c-9f60-4e98-8835-6cd1d9c6f540","AMPICILLIN"
"a73854ee-c442-4148-91d8-080a10f3babc","CHLORAMPHENICOL"
"2ee1a149-5cd0-42ae-8201-e3b2f06a3b7e","CIPROFLOXACIN"
"96919ca1-a108-4d58-9bf1-525ddc117f3e","PIPER MONTEALEGREANUM EXTRACT"
"a048ada2-1a59-4130-9fcf-9fd9515886c5","SULFAMETHOXAZOLE"
"f92c5a14-36ed-4822-a866-a00eef162898","TETRACYCLINE"
"41ee91be-b8ab-44bd-94b0-3ce00a8088e0","ANTIBIOTIC SENSITIVITY"
"9ff89a22-33a9-429d-8cea-12ded2c4dabc","BACTERIUM ISOLATION"
"9f679075-8e9e-4f56-9330-9ec0b3fe7594","DISK DIFFUSION"
"59521075-e23a-49c8-bdad-5bd97b44acf3","DRUG INTERACTION"
"13e3ac9e-200e-431c-8aab-36e02b62f7e5","GROWTH INHIBITION"
"f4b7c7c5-0b6c-431a-9a22-96ac7d9ee5fb","PIPER MONTEALEGREANUM"
"427094c6-6029-4772-b7a5-bbe2b82c1e67","DATA COLLECTION"
"dca6a249-0344-4e68-a75c-305eca3337eb","ETHNOBOTANY"
"b6d0d44e-f6ee-487a-92db-7d052af4d5f8","HEALTH KNOWLEDGE, ATTITUDES, PRACTICE"
"e73de94c-c868-41c1-8518-67bfd939efa7","MEDICINE, TRADITIONAL"
"0de30d13-ba09-4e46-a6bd-209fd65de4fe","BIDENS PILOSA EXTRACT"
"837a4303-640f-4284-b022-3d0b291376e2","BROSIMUM GAUDICHAUDII EXTRACT"
"de254191-fa27-474b-8cfc-2e0c81f48445","COPAIFERA LANGSDORFFI EXTRACT"
"dae775d1-3902-4a18-98bc-41ba399e0e88","DIPTERYX ALATA EXTRACT"
"82556767-8f68-4837-bb2b-3b6be7be7490","DUGUETIA FURFURACEA EXTRACT"
"c044c626-08d0-4512-a74e-3f4972299b55","LAFOENSIA PACARI EXTRACT"
"f2121e8c-4971-4871-9551-7b7dd9b63e80","PTERODON EMARGINATUS EXTRACT"
"f0d42cb2-b89d-4a5c-8ddd-33d28c583b01","VERNONIA FERRUGINEA EXTRACT"
"15578787-c1c4-4a86-a1ff-68c35671ac76","ACANTHOSPERMUM AUSTRALE"
"6a272337-9d06-494b-b1a1-bd579b26d9f3","ACHYROCLINE SATUREIOIDES"
"bfb1a62b-c2e6-468a-be6e-7219980febe3","ACMELLA CILIATA"
"f075d3df-f6b8-4da0-a674-4c998397b327","ACROCOMIA ACULEATA"
"c7f794bf-5df6-41df-ac55-46977be9921d","AGAVE AMERICANA"
"7b78ab4f-5d23-4e6b-904a-fe21d6350546","AGERATUM CONYZOIDES"
"bc3759d6-11cd-48f1-be13-9ead15228691","ALISMATACEAE"
"e68794e9-ce89-4c9e-9e4b-e6c6f5b28b3c","ALLAGOPTERA CAMPESTRIS"
"b1d74558-c090-45fd-9131-04c9e3b9911e","ALOE VERA"
"049c91ba-ba5d-4026-be08-5f7a70e94562","ALTERNANTHERA BRASIVINE"
"f7c8aa34-ed59-457e-9b0b-121be17c3e81","ALTERNANTHERA RAMOSISSIMA"
"f075bfd6-5cf0-4222-84e8-f6fa25ad0614","AMARANTHACEAE"
"8e9291ae-0845-4da7-92a7-877c032fc07a","AMARANTHUS VIRIDIS"
"c0f1d3ea-9826-43ea-9034-43b05ca2db89","ANACARDIACEAE"
"1a16e525-440f-4bde-8e8f-db892c8b809a","ANACARDIUM GIGANTEUM"
"671d8d5d-89a1-47b3-be8c-c61c4643583f","ANACARDIUM HUMILE"
"016ee9f5-b372-4b2c-88ae-8e2004248656","ANADENANTHERA PEREGRINA"
"d925d6a4-43f7-462a-b3ee-6eb5901f2b86","ANCHIETEA"
"7ec6296c-d0c2-4aa1-a9b5-c910726f21b7","ANCHIETEA PYRIFOLIA"
"8a9a1dab-ecaf-4f7d-9fc0-eb9b5b4f4a45","ANDIRA CUJABENSIS"
"6951da14-0871-4c83-9b12-bae60a8d392e","ANEMIA"
"fda22bba-d3cd-4cd5-844c-363ee1bdda70","ANEMOPAEGMA ARVENSE"
"5ee1e63b-6ffd-4cc8-9016-39e9ec549244","ANNONA CORIACEA"
"49f0ca7a-fd75-41cc-8858-ae552ec007b0","ANNONA MURICATA"
"a7527fe5-5b08-482a-a38d-f97e64dd69b0","ANNONA SQUAMOSA"
"c6ef61d3-90dc-439b-8f44-782820884295","APODANTHERA SMILACIFOLIA"
"6d36a0a7-cad2-40a1-bd04-9822081548bb","APRICOT"
"59c71f48-5030-4064-890e-918b2ac9754c","ARALIACEAE"
"b388f64e-147a-4aed-8be4-a3d398c2e37a","ARCTIUM LAPPA"
"cfe9338c-6167-4575-8201-9c6bba21bb5b","ARECACEAE"
"e65c00d3-3fdb-4f2f-97b0-32fed7226838","ARISTOLOCHIA"
"00094842-da7b-4274-920a-f7cdebfcdef1","ARISTOLOCHIA ESPERANZAE"
"4913bbf1-482e-44bf-9ae5-df165ac697de","ARISTOLOCHIACEAE"
"5489117b-8167-4146-ba7c-1e6aff54a082","ARTEMISIA ABSINTHIUM"
"a21916cd-a9bd-432b-b7fd-221294d5835d","ARTEMISIA VULGARIS"
"d11ef2d4-d8e3-43c3-ab11-b840f327fef2","ARTICHOKE"
"39af9c3e-8c9b-434f-b1b1-1aaac2ce55d8","ASPIDOSPERMA SPRUCEANUM"
"1446531f-05b8-48bb-8078-b9bfaf71d277","ASPIDOSPERMA SUBINCANUM"
"3541ad18-d985-4c12-bbf3-711f48f65a29","ASTERACEAE"
"8563374c-d20b-47ae-877c-e249faf0f61f","ASTHMA"
"45a633f4-604b-4a99-9758-9474689a71ae","ASTRONIUM FRAXINIFOLIUM"
"b7972e11-ec6a-4d93-882d-34fbe54f9640","ATROPA BELLADONNA"
"c346f434-b637-4e29-92c7-04f90d470d8f","ATTALEA VITRIVIR"
"c6a15eed-ced2-4db2-aca1-f168da7a52bf","AUBERGINE"
"31515dc3-79d1-4b8e-89a8-51616de1af1d","AVERRHOA CARAMBOLA"
"641d73af-be98-48ab-8bf3-ca3d0e4d6664","AVOCADO"
"08c3d637-5bd1-4ca0-af5b-034fef48f999","BACCHARIS TRIMERA"
"a6d4ea86-be80-4020-958a-88f2803c1028","BACKACHE"
"d1e21fcf-43cf-4473-b169-e6a194e363c0","BASIL"
"c061844c-aa97-44d1-8ccb-fc1af5e6ac1f","BAUHINIA ANGULOSA"
"f4c9ad53-48e7-421d-bfe6-f59a78d41864","BAUHINIA UNGULATA"
"da28c256-e95b-4a78-9599-62af213447f3","BEET"
"3cac2b09-a1b1-4a9d-bfb9-ae606c97fac0","BIDENS PILOSA"
"a0be0c4d-934f-47fa-90b1-0ae071ac6821","BIGNONIACEAE"
"081330aa-9ee8-4f47-8cd9-f63731c8ee88","BIXA ORELLANA"
"55930a16-44bf-4da3-9933-b7ea9660dd3e","BOERHAVIA DIFFUSA"
"f5a6cb99-aaee-477f-94fc-7c4f7e024188","BOWDICHIA VIRGILIOIDES"
"b20a28e3-ef0d-477e-99f7-6de54317584c","BRASSICACEAE"
"c0b6e2ca-498e-4e98-997f-f6c300201f2e","BRONCHITIS"
"8002e567-bd20-475a-a037-b013223f56d2","BROSIMUM GAUDICHAUDII"
"1efa6cb6-b309-4bbf-a862-ac08d69632bf","BUCHENAVIA TOMENTOSA"
"4e6e9142-8d9c-4ec0-9701-0ab5e2f98f6b","BURN"
"3427fa10-e92b-438e-a06b-aa20fe763aea","BYRSONIMA CYDONIIFOLIA"
"beb16519-c8a8-4919-a03c-435af5ffe1be","BYTTNERIA PESCAPRIIFOLIA"
"2102aebf-eb44-4825-a0f7-08ae025b3562","CAESALPINIA FERREA"
"6132e7a2-d04c-43a1-811e-056cfbe50c1e","CALENDULA OFFICINALIS"
"878a9bec-6a6e-4947-8f27-71bc95958e9b","CALLIANDRA PARVIFLORA"
"5d98210c-0e4b-4753-b220-60eb04af5ffd","CALOPHYLLUM BRASILIENSE"
"deb97230-5e54-409c-844f-8d7ff1bc18a2","CAPSELLA BURSAPASTORIS"
"aef03b5d-956a-4067-94cc-82cf0bf76a67","CAPSICUM FRUTESCENS"
"43c20da6-6c09-4796-9c55-c36b81a4dd91","CARAPA GUIANENSIS"
"db27c8a4-86f1-4852-b66f-1896d318a0ea","CARINIANA"
"62ecd90d-a3f4-4488-aaa0-320b46de287b","CARINIANA ESTRELLENSIS"
"2b1506eb-7bd1-4e91-b765-7f769ff3e3fd","CARYOCAR BRASILIENSE"
"a968cbb5-644f-4a10-8ca6-e680c67b97c9","CASEARIA"
"99514159-06ab-4c6e-8afb-25d92c0b9add","CASEARIA SYLVESTRIS"
"69ce968f-707e-4d31-833d-316561b5c5d8","CASHEW NUT"
"21bb7e76-50f0-4fca-8d91-31b5484f5205","CASSAVA"
"29282632-8d6c-4d97-b320-a364d0bef03f","CECROPIA PACHYSTACHYA"
"5a7ea226-c6e3-4dd1-8ef4-ffc40d82776c","CEIBA"
"2d1fe9d6-0253-44d0-8a2c-66ebdc5a0d48","CESTRUM NOCTURNUM"
"b35ff9f5-6245-4f52-8d47-65f39bd44941","CHANCRE"
"22987722-d3bd-4653-a280-b2a91ac006b5","CHENOPODIUM AMBROSIOIDES"
"80defba6-fc37-4b78-ba1f-326aeddaaddf","CHIOCOCCA ALBA"
"4c44c879-3616-4568-9d35-a5c52eece4b8","CHROMOLAENA"
"c010d790-8ffa-4e57-a59a-4bcdf5b92a53","CHROMOLAENA MAXIMILIANII"
"3a9f3547-f86d-4627-a54e-63d2a4231ada","CHROMOLAENA SQUALIDA"
"4dcf1ddc-1ecd-427c-ab98-5ea81dfaae3d","CISSUS"
"0ad0c020-34d8-468b-abb4-61a87acb7eff","CISSUS VERTICILLATA"
"39bec5fc-e4fd-4799-8805-519375f16892","CITRUS"
"b5e6b61e-c3d0-4d8e-81ad-5830f4160880","CITRUS AURANTIACA"
"1db9f0a1-c67b-42ba-adfd-a550255db324","CLITORIA GUIANENSIS"
"83316df5-ab98-4c88-899d-9ca83dea0552","CLOVER"
"3c25791b-b072-49c7-9784-ffe84e4886bb","CNIDOSCOLUS URENS"
"a4c87418-83cf-49ee-aa06-b8670cbd731e","COCHLOSPERMUM ORINOCENSE"
"4f01f6db-ecc8-4777-8751-6d919d80ea2b","COCHLOSPERMUM REGIUM"
"8727643a-56d3-400b-bd93-43bb2ff6aa19","COCONUT"
"be62fe61-25ba-4349-83e2-26289c60f26b","COMFREY"
"907eec47-fc82-4bd1-b474-ca7eb99cb462","COMMIPHORA LEPTOPHLOEOS"
"824a9dcd-5cd9-4b20-92d8-249f51bc7117","COPAIFERA LANGSDORFFII"
"d4573a99-154e-4f38-afeb-ee14ef3ab4e2","COPAIFERA MALMEI"
"c1410b5c-0ee4-49a8-8a96-838a50323ceb","CORDIERA SESSILIS"
"3c0cff44-32b8-4752-a7ee-b310811017f2","CORYMBIA CITRIODORA"
"a4849041-a483-4465-950d-02b7f615afc6","COSTUS SPICATU"
"c5512dec-efd5-413f-b4fc-b63082c7a226","COUTAREA HEXANDRA"
"a0693369-2d98-4634-8877-0efd9104d896","CRESCENTIA CUJETE"
"d9af2f45-3a94-4a4c-8bc5-9bb22a52f4f9","CROSS-SECTIONAL STUDY"
"8bd3a2e3-4195-45c8-8207-f205cabb2fb2","CROTALARIA"
"33861093-9999-4e4e-8121-9a2bf0b05032","CROTALARIA MAYPURENSIS"
"ad8574d3-8f3a-4f7c-96ee-4726a2016ed6","CROTON"
"97f41d29-964a-4338-af5e-0dcb00172b81","CROTON ANTISYPHILITICUS"
"9a020b64-5a5b-4f9e-97ad-489aa8e8e1de","CROTON GRANDIVELUM"
"52c9228c-6d33-4c64-9af4-49e477761f14","CROTON URUCURANA"
"f383a721-71eb-40d3-a3e7-f067e5875a77","CUCUMIS"
"9df14f93-2ec9-40d3-8bdb-3e5aa26e1ce5","CUCUMIS ANGURIA"
"3c86a059-5342-4e77-a333-e84d95a0a8d6","CUCURBITA PEPO"
"29de799c-1526-42bb-a252-65d7e71c0c74","CUPHEA CARTHAGENENSIS"
"3b98d712-9139-444f-8baa-03d31bc64134","CURATELLA AMERICAN"
"18bbfef5-f246-432f-9128-436a626ec9ca","CURCUMA LONGA"
"d638595e-857b-41d6-8efc-b7e142eb8041","CYMBOPOGON"
"62db1e23-554f-4557-9b7b-c1bc164e796f","CYMBOPOGON CITRATUS"
"5363d4e9-57f3-4c8a-aca9-d35aec19a0e8","CYNODON DACTYLON"
"4395ad6e-e687-44e5-bfbb-6df77008cb43","CYPERUS COMPRESSUS"
"9559eb22-3873-476a-b951-57a4d5888ed7","DAVILLA ELLIPTICA"
"fe050a3d-399b-441e-a612-0cf6c9f7994d","DAVILLA RUGOSA"
"a63d7e37-ad03-4248-9915-a34acedf4847","DENGUE"
"59e125ba-273e-4a97-8ccc-33da8d589fb1","DIABETES MELLITUS"
"e1460d7f-1215-4693-8386-0725d25c00af","DIARRHEA"
"b5dde5d1-97c5-4bb9-bffe-4446e11ce83a","DIGESTIVE SYSTEM DISEASE"
"3d650308-bbf6-4171-85ef-0681d298acdf","DIGITARIA"
"4f6e6c72-37dc-4cbd-8881-f41b1f5a5025","DIGITARIA INSULARIS"
"9b0e0261-561b-40a8-b452-91e52722c654","DILODENDRON BIPINNATUM"
"d69988e2-cde5-4e79-be05-12820dc922c5","DIMORPHANDRA MOLLIS"
"99ffb706-4968-4f5b-bcdd-1b5e23b93309","DIOSCOREA BULBIFERA"
"908fd5b0-dede-4a0d-882d-c75ca2a41627","DIOSPYROS HISPIDA"
"673018de-feb1-4d43-804c-d1c9dfc96c48","DIPTERYX ALATA"
"c47236c3-98f9-4f9b-bd66-467154e7f456","DOLIOCARPUS DENTATUS"
"937b8f62-685f-4a42-bb20-f99f674af476","DORSTENIA"
"70d3077a-167f-4493-af55-460da4e73718","DUGUETIA FURFURACEA"
"2450b076-e696-4fe9-ac04-fef2b7e285b5","ECHINODORUS SCABER"
"247ac589-0c52-4c7f-9d5e-1214f5464c6a","ELIONURUS"
"12403142-2cce-4920-b6f7-b16fb8c3a980","EMMOTUM NITENS"
"45c63be1-c9f8-4191-a85c-f53c1ac3c5dd","EQUISETUM HYEMALE"
"e5227d06-29b8-4e8b-beaa-81b4bcde3a00","ERIOSEMA"
"cd7a4a32-d510-476c-be5f-d369ab858f83","ERYTHRINA"
"5d9670e3-be82-4ff3-bcbd-44f1050e7222","ERYTHRINA VERNA"
"ae2c3280-b375-4f7f-80f6-2cfd2cb3b87b","ESENBECKIA LEIOCARPA"
"b097557b-a353-4358-9ae3-4b8032b36240","EUGENIA"
"9739c37f-4ac3-427a-bc7c-32fa5d32e38a","EUGENIA DYSENTERICA"
"c20bcb48-9093-49cf-b5b5-708d2d8ba9db","EUGENIA PITANGA"
"8e7161e1-b78f-473a-80de-4b2adc3455c9","EUPHORBIA"
"904a7d1c-b539-457b-88a2-87841b0c643d","EUPHORBIA TIRUCALLI"
"6aedeff0-6df0-4f4b-9125-ccb43bac6981","FAMILY INCOME"
"ef6db42b-c83c-4b7e-88f5-61b8392ed835","FEVER"
"e6c34684-a758-4de5-acec-f2c138857aea","FICUS"
"463a3cfc-9d1d-4ca4-8802-978462aa7b01","FICUS GUIANENSIS"
"7c715372-deb6-498a-bd83-28e0617aeb03","FICUS PARAENSIS"
"ab63537d-8fa5-4ef1-8ae2-fa6ab9b77572","GALACTIA GLAUCESCENS"
"f0a5b61d-5a68-443f-8fbe-028de8399f58","GALLBLADDER DISEASE"
"3e58d2e1-5ce1-460e-8f91-7d3ea8b58361","GALLSTONE"
"6dc4e1d9-fa2b-4cae-ab75-a801b1915317","GARLIC"
"052987a1-8789-4a44-9629-9c42fe37e78a","GASTRITIS"
"471e7402-58be-4d57-9162-91d3525e0de0","GENIPA"
"ad48e60e-08f1-4b7f-bc23-25ad183706ee","GENIPA AMERICANA"
"8a396e9b-3ba5-44db-8756-fadbe5c8b380","GINGER"
"0e9ab57d-44f3-47ff-b356-462e0212b8dd","GOMPHRENA GLOBOSA"
"770f27b9-61e9-4a8b-bda5-37c6b286e620","GOSSYPIUM"
"61582199-4ed7-4ec9-9762-0b388cc6f31b","GOSSYPIUM BARBADENSE"
"0c4b5245-aa68-4347-a2e3-0ce4cf2a373b","GUADUA PANICULATA"
"c5140b04-8958-44c9-9756-729e1e74cb47","GUAVA"
"052e7a33-9e84-4620-aeae-3646967a3e4c","GUAZUMA ULMIFOLIA"
"a2149521-1e86-44cb-9428-e73958e1c952","GYNECOLOGIC INFECTION"
"6e5bc8c6-3090-49ed-ac13-f7dc1012843e","HANCORNIA SPECIOSA"
"d52a135a-2f5f-4522-ad6a-9c5bd1b7b3b6","HANDROANTHUS CHRYSOTRICHUS"
"9cc57041-4c38-4ab8-a799-b5ecafa7166a","HANDROANTHUS IMPETIGINOSUS"
"24b22e88-6bea-469b-985c-d93e7285a6a3","HEARTBURN"
"70c18025-bd08-4e68-9db4-c37a7eeadc61","HELIANTHUS ANNUUS"
"c5a77a02-5b27-429f-a6b9-c3a678f3625f","HELIOTROPIUM"
"f4601e82-00b2-49f0-b7c7-35c6c28363d9","HELIOTROPIUM INDICUM"
"e48c77e9-758d-4c1e-bc28-c88bdf4b475f","HEPATITIS"
"394a1c10-4ae8-4f5e-8624-24f3908f5666","HETEROPTERYS TOMENTOSA"
"983d05b9-7048-4af4-8474-97ef799a4df7","HIBISCUS BIFURCATUS"
"e2706210-e3d8-4c96-9789-3385225dccef","HIMATANTHUS LANCIFOLIUS"
"791ece03-35b7-4b83-a93c-4d3944d8a0b4","HIMATANTHUS OBOVATUS"
"dbe6d8ab-f97a-465b-b42c-4583b77fe65e","HIMATANTHUS SUCUUBA"
"f7377e20-f918-4281-b3b0-b4abf290209b","HYMENAEA"
"32096aef-2e7c-4b7c-9ad4-72f0aa0e1e05","HYMENAEA STIGONOCARPA"
"1ac6576a-f1cb-41eb-aa24-9a5eec4c9319","HYPERICACEAE"
"191bf3b1-1b10-44e0-a55c-537b500ad9fc","HYPTIS CANA"
"d9e8b234-33fb-41fb-8065-5c798d429465","HYPTIS CRENATA"
"4ed580ce-dd46-4598-b2fb-e8a3b93f0ff3","HYPTIS SUAVEOLENS"
"68c96525-c688-4889-b533-23ab26b08460","ICD-10"
"e14e3d24-607d-450d-8e2f-4b87a3174ec1","IMPERATA"
"45f392d1-a01a-4bf9-8b1e-3f84a3dd4b7e","IMPERATA BRASILIENSIS"
"172f4859-b444-470c-aa37-749620f1d194","INDIGENOUS PEOPLE"
"3d1c41c1-cc08-4a5c-a160-159df95b18cb","INDIGESTION"
"f1fdb333-e436-4bf6-8d8a-0065d58bd580","INFECTION"
"e54566f6-bab7-436c-b8cb-1b5aa829b0ae","INFLUENZA"
"6bd61eb0-46e0-4f3d-b36b-c8d2956a1d74","INTOXICATION"
"b7a1a4bb-f0d2-492d-9c59-1a5ea3e817ec","JACARANDA CUSPIDIFOLIA"
"55215fff-ea76-4cb2-ab1e-5600784aea0d","JATROPHA"
"f631adc4-6795-4017-837b-e4a0eeb744f4","JATROPHA CURCAS"
"89f37824-e314-4239-a399-e6f35cf75ec8","JATROPHA ELLIPTICA"
"c0bb3e7d-8e35-49cf-8e7f-9ae39804b138","JODINA RHOMBIFOLIA"
"0b97b08a-e4f4-4569-a7e6-19e2d1d6bc70","KIDNEY DISEASE"
"90824000-1c0e-44e8-8685-7f615b9b5895","KIDNEY INFECTION"
"4f135c10-1224-4d57-82f6-dc49bf36fb95","LAFOENSIA PACARI"
"7c740061-3346-4c23-a09e-8bbccd893012","LAMIACEAE"
"d65ae6ef-f54a-43f1-800f-c16a24696e8f","LECYTHIS PISONIS"
"78f2d246-02d0-4aa1-8a79-f739ee0483e0","LEONOTIS NEPETIFOLIA"
"d8e1d319-d30f-4703-920e-858df909dff6","LEONURUS"
"bf47dc70-4929-407f-8e8c-4dbb8457cad4","LEONURUS SIBIRICUS"
"6d70e4dd-15bf-4d22-b775-133686d8569f","LETTUCE"
"76ba6efb-fa54-4fcf-9703-85ad38494696","LIPPIA ALBA"
"2975ce0a-3d2a-499f-b4bc-d0a83684e7c0","LIVER DISEASE"
"330d879b-6ada-4884-b50d-cac41912f035","LOGANIACEAE"
"955e228c-ed74-44ae-a311-19e2177a5c8a","LUEHEA DIVARICATA"
"282ee155-1c74-4935-8d79-7b0cbd9eeabe","LUFFA OPERCULATA"
"c336af45-98c5-44e7-91bf-1d9a99b45057","MACHAERIUM STIPITATUM"
"a777b845-f8aa-406e-8d25-e2d566b2a2dd","MACLURA TINCTORIA"
"857243a8-a54f-4424-90eb-635f307c2b8b","MAGONIA PUBESCENS"
"1971ff00-c92d-4e0b-80b3-abfc47159a9a","MAJOR CLINICAL STUDY"
"5fdb810a-0509-46ca-9faf-434698b0879d","MALARIA"
"4dd1a2f1-6b1f-4642-89a2-ff8b9e4c35f5","MALUS"
"64727cd2-034d-4aba-b12f-46a2747e6853","MALVA"
"73d2a839-4870-452e-8c64-d1385aa6e708","MALVA PARVIFLORA"
"b1a49a33-ae5f-44cd-b7cf-c3d0ce77856a","MALVACEAE"
"970077b8-691d-4818-8c29-0000ddb70a8d","MANDEVILLA VELAME"
"21471f8b-2f14-4045-bbe4-506641eb4d9b","MANGO"
"681bfb1c-e093-45c0-9ac4-debbf653ca92","MANIHOT ANOMALA"
"44423746-f8d6-45e9-b83b-8685b9a2b18b","MARSYPIANTHES CHAMAEDRYS"
"46b74619-4f1e-4d35-81b0-28354066eb77","MATAYBA ELAEAGNOIDES"
"004297e9-22eb-4c0a-ab27-108fb93d6814","MATO GROSSO"
"d0123fff-7e45-43b2-9e8a-4e625dac3589","MAURITIA FLEXUOSA"
"c74e1de0-46f4-4abd-a0d1-4a48da907ec3","MAURITIELLA ARMATA"
"39f98ce9-cfe4-483e-9c57-72ce23eee0b7","MAYTENUS"
"535e776f-1ae7-431f-8382-e002d7fa7ab9","MAYTENUS ILICIFOLIA"
"0061793f-c76d-4f58-a6ae-aab574b3c3ae","MELASTOMATACEAE"
"9d8dfb4b-c485-4dd1-bdec-7fa8a70ea9df","MELIACEAE"
"24fea576-9584-4ae6-bf96-5a5948aa1584","MELINIS MINUTIFLORA"
"6a7c6133-2ee4-4ee2-8108-4f3a43e95e67","MELOCACTUS ZEHNTNERI"
"d95d451f-cde7-4682-8bc8-68f597acd1ef","MENTHA ARVENSIS"
"15e72738-0053-4107-9c62-dde468938dfc","MENTHA PULEGIUM"
"d574b30a-88e0-4ba8-b2a2-f6bcc82261f6","MENTHA SPICATA"
"db5d7170-b50e-46e3-981e-69b49f36b462","MICONIA ALBICANS"
"ff8bdb7d-587d-4873-b7dd-0fd77ae0770b","MIKANIA GLOMERATA"
"8ff40cd9-69a1-49bf-91ab-30bc3508a4b2","MOLLINEDIA"
"1d5e9d39-f578-4a11-9cd4-b66a9c9e6db3","MOMORDICA CHARANTIA"
"e2a71a49-8245-45ac-8407-d0ced4acf431","MORINDA CITRIFOLIA"
"1758faac-d7a1-48c2-9871-dc89ea642d89","MORINGA OLEIFERA"
"0c76b3eb-d838-4b06-8b21-6ff57e26a387","MORUS NIGRA"
"6890dae5-828a-43e7-9536-018995fefae6","MUSA"
"d739bf0f-da79-4b7b-81e8-53f174501366","MYALGIA"
"1f470074-781f-46fb-8e77-5f0140b05459","MYRACRODRUON URUNDEUVA"
"f913c2ab-8df1-4c6d-9420-cce5438067f5","MYRCIA SPLENDENS"
"477435b6-79d2-4d85-867a-dea287933bd9","MYRCIARIA DUBIA"
"1b1e87b8-cf96-4526-95f2-e5d6ce3036f8","MYRISTICACEAE"
"c4c82f65-cdb9-488d-b631-672d9d51293e","NICOTIANA TABACUM"
"3f0d2ce3-35b1-4609-b75d-20f8c866b189","NUTMEG"
"8c2356de-e463-4c75-9afc-84888cd1954a","OCIMUM CARNOSUM"
"aaeee01b-74f3-4e1c-a6be-0b3442c87dd3","OCIMUM GRATISSIMUM"
"50b12638-27bb-43d3-a5a3-e7993f42e871","OCOTEA ODORIFERA"
"ffe8e1d3-2cba-4ff6-a549-d7e7eabf24e2","OKRA"
"6fc38e94-86e8-4d10-83f0-84323e9ac274","ONION"
"0f4450b8-4a2d-4216-9cdb-fe7e469d7b48","OPERCULINA HAMILTONII"
"c768fdff-108c-41c6-8ed4-89f79786ccf5","OPUNTIA COCHENILLIFERA"
"ca6e4f23-9033-44bb-90a1-1d3703bab475","ORMOSIA COARCTATA"
"5a6c9866-10ae-4457-8106-0ec54e7d41c8","OSTEOPOROSIS"
"94173af8-d083-4d41-b6f1-904063470e31","PALICOUREA CROCEA"
"6ff8482e-32f6-4012-a42b-3fc959c756f2","PAPAYA"
"117a6044-37c7-4e0b-a597-2cd6e9e036f0","PARASITOSIS"
"5684a426-549b-496c-b9ec-e1d72650050f","PASSIFLORA QUADRANGULARIS"
"32fc5bf9-b565-4fc9-a0a1-e97631746837","PELTODON TOMENTOSUS"
"ea46edd5-d024-4ace-a997-ca32f34fcfef","PELTOGYNE CONFERTIFLORA"
"3c401407-1d7b-49df-9f76-721336dddcb1","PERSICARIA PUNCTATA"
"f70f93e7-8611-4262-bbe1-652f8cd46a08","PETIVERIA ALLIACEA"
"b04e8a9c-b3f1-4f55-8fb2-a8e20e0ee62c","PEUMUS BOLDUS"
"f48d5859-1d4f-4350-b0a4-d5f713ced1ed","PHARYNGITIS"
"dae277b0-c5fc-4b61-ae87-5895798436d5","PHILODENDRON IMBE"
"32cbe73c-2dc3-480e-9635-6c94459abdc0","PHYLLANTHUS NIRURI"
"b6bbe03d-4765-4e75-8c05-70c2e747646b","PHYSOCALYMMA SCABERRIMUM"
"3b1f6915-8a0a-4d38-afa2-699084f46c70","PHYTOLACCACEAE"
"540b1907-1f07-43cd-831e-e7ad8d7e60e0","PIGEONPEA"
"3504a088-0df0-499c-b1e8-c29401040f1c","PINEAPPLE"
"6542965f-b96e-4b6f-a46d-8f5b2be3a7f7","PIPER AMALAGO"
"eab51eb8-76c1-4ecc-b8de-3bb62d48e934","PIPER CUYABANUM"
"af3da199-b1ef-41a5-b1ed-7bef3978e076","PLANTAGO"
"1082cd7c-211a-4673-b956-a28144580038","PLANTAGO SPARSIFLORA"
"3e1295af-0746-411b-914e-b963e10dc8ca","PLATHYMENIA RETICULATA"
"19b9b4a2-fa1c-410f-8ec5-ac7478819420","PLECTRANTHUS"
"00ca17bc-6185-4856-989c-45b1384e6432","PLECTRANTHUS AMBOINICUS"
"fddb698c-2f3c-451d-a22e-cf16326e96a9","PLECTRANTHUS BARBATUS"
"f3c3e4a0-9ff3-4e99-9119-da047980c6ba","PNEUMONIA"
"c32ed2a6-bc66-41d2-b102-04716ee39c70","POINCIANELLA PLUVIOSA"
"cd8344ba-41b9-438b-834b-d010faa815f8","POLYGALA"
"71f1d587-67d7-4dd9-9bd7-8bf057ab2eb1","POLYGONACEAE"
"37349e63-7b1f-4a4a-83c3-815ca7ec7ee0","POMEGRANATE"
"8e1f98da-6eef-421d-a534-8fa60751421a","POTHOMORPHE UMBELLATA"
"377abe01-162a-4d95-96c8-1cd1987206dd","POUTERIA RAMIFLORA"
"c3f6193b-709b-4b84-9850-5706100c34aa","PSEUDOBOMBAX GRANDIFLORUM"
"03af1925-c151-4a40-85e6-7df79e220d34","PTERODON EMARGINATUS"
"d4107aed-a365-46b4-bf5e-54539a5b5bc3","PYROSTEGIA VENUSTA"
"146d6c82-bdd6-421e-8057-5acae73c0bf9","QUALEA MULTIFLORA"
"3dc37f94-e9d9-42c8-ac31-cc005f582841","QUALEA PARVIFLORA"
"c1d069c3-0b93-46b8-8dc9-42a3751ba655","RESPIRATORY TRACT DISEASE"
"477cfff8-c010-43ba-9d0c-78a64519f14f","RHEUMATIC DISEASE"
"dcc093ca-1586-41c2-a1c5-5128b863437e","RICINUS COMMUNIS"
"b6079269-c10f-4a18-a800-c0861a0fc389","ROSA ALBA"
"1a7520de-e7e8-4a58-955c-1b91195c5045","ROSEMARY"
"6cb4995e-c75f-4984-9d83-8e3d9e6926ff","RUTA GRAVEOLENS"
"db36006d-8421-4c3b-bdb2-0b89dffc4cb5","SACCHARUM OFFICINARUM"
"eb033e1d-3aab-4ce4-b843-7b4f80553d02","SALVERTIA CONVALLARIODORA"
"f0c0fd62-4d80-49cf-82ed-3f0ac76582c3","SALVIA OFFICINALIS"
"456f10dc-1bc8-42c3-9219-1e25596da624","SAMBUCUS NIGRA"
"5b58a03b-1093-4883-8deb-f41b7aab264f","SAPINDUS SAPONARIA"
"6a0b5db6-96aa-4151-be0a-ba4b471dd06b","SAPIUM"
"eecbe5fe-fa1e-40b8-872f-5e26bcce2edd","SAPIUM GLANDULOSUM"
"040ac58d-ca7a-4d20-a778-1384351a3345","SAPIUM OBOVATUM"
"b1b1b85b-2d78-423e-a405-71f259e33110","SCHEFFLERA MOROTOTONI"
"f0b0d2eb-5d22-4ce2-bd9b-782c24ca8dc8","SCHINUS TEREBINTHIFOLIA"
"ad3e496e-4264-47f0-9a1d-e1a169036601","SCLERIA GAERTNERI"
"063c495e-e041-4de7-8bc8-dc8647581992","SCLEROLOBIUM AUREUM"
"9bca79ef-c8b9-49c5-a1b9-384de9fe2388","SCOPARIA DULCIS"
"2223e42c-16dd-4d9e-8898-d891871e6dc2","SENNA OCCIDENTALIS"
"b2681611-bbf7-470a-9874-8cc0d731f35a","SENNA VELUTINA"
"bb64ea8b-b32b-4f70-aeb2-b7b69262a6e5","SESAME"
"bf9683d6-3e17-417e-a10d-57686db942bf","SIMABA FERRUGINEA A"
"a4951816-205e-4951-971c-debc69501d73","SIMAROUBA VERSICOLOR A"
"a1d93483-015f-4d8b-9a22-dcef0ef74430","SIPARUNA GUIANENSIS"
"6b2a4291-e709-4b4a-a953-45902b22ffdf","SKIN INJURY"
"f9b70ced-e28c-48c9-ba58-69e8a61dbd00","SMILACACEAE"
"30276293-0740-4e2d-a848-c94acebd2153","SMILAX IRRORATA"
"97b5933c-e060-47ff-8527-e5c3389fbfc2","SMILAX RUFESCENS"
"66714ab3-43be-4211-9ea7-63294bbb6d6b","SNAKEBITE"
"6266d2dc-f6b1-47f2-a18b-722ceef4b311","SOLANUM"
"4c8ba57a-d764-4ae1-934d-e2837139788d","SOLANUM AETHIOPICUM"
"e9ece617-5dcc-4733-ae76-30e0b1f30129","SOLANUM ERIANTHUM"
"1d079d4d-7c7d-488e-ab1b-3e198e05b4a3","SOLANUM LYCOCARPUM"
"9b94a049-67b4-4ba2-b47e-43e523a28cdb","SOLIDAGO CHILENSIS"
"f94c1b63-80f7-4cc6-a361-3ff182f94ceb","SORE THROAT"
"4df5917a-9749-4f42-b41e-e35564d3f288","SPIRANTHERA ODORATISSIMA"
"2c817e5d-43ec-45d3-b4a3-78311f47a6dc","SPONDIAS MOMBIN"
"060b0f63-08ab-4aea-81b5-87dff7d59b22","STACHYTARPHETA CAYENNENSIS"
"54791cc8-7344-4160-b809-7b9e4590fbef","STERCULIA STRIATA"
"c04e2ed4-e327-408b-a3d7-19caf0bbbbd9","STOMACH ULCER"
"0b661346-501a-42cc-8add-9e239fee537e","STRUTHANTHUS MARGINATUS"
"91ef16e8-5be1-47c6-8d5d-a23b0d6d4fba","STRYCHNOS PSEUDOQUINA"
"2fa07368-3079-4193-9ddd-38244201bd6a","STRYPHNODENDRON ADSTRINGENS"
"e6778578-8f2e-48fa-a807-2fffed6e2380","STRYPHNODENDRON OBOVATUM"
"d6935805-46dc-4033-ace7-cebb91dd8105","SUNBURN"
"71de5723-2989-408c-94b0-debbd517b534","SWEET POTATO"
"884d5cc5-1688-4755-b72f-a4c5b95fe96e","SYAGRUS COMOSA"
"932a1d4d-35b0-48f7-beb3-7b029c19c381","SYAGRUS OLERACEA"
"b0e82d8f-5840-44db-9a26-16ca5ec94224","TABEBUIA"
"bc3b8572-cf29-49f7-8cf6-82db0663e69a","TABEBUIA AUREA"
"564890a9-faa8-4015-a458-749ec233ef34","TACHIGALI RUBIGINOSA"
"64811b70-ffa5-41e1-9534-29288210b616","TALISIA ESCULENTA"
"fdb18907-8efd-4bf2-99dc-ab435f59c888","TAMARIND"
"e01d16e2-3c9e-49be-b462-faab176c8c38","TERMINALIA ARGENTEA"
"1790d78b-7b21-49c2-939d-a3d4b809a3df","THROAT DISEASE"
"8f25255e-9872-4d03-8f81-8768d733ebe4","TOCANTINS"
"c7cae124-4c26-4a68-9467-9a7343a4cb89","TROPAEOLUM MAJUS"
"fe023bbb-ad8f-46a8-9802-2827dd9c6004","TYNANTHUS ELEGANS"
"1eaafc57-75e4-4f2d-808f-d55d75f7b18f","UNCARIA GUIANENSIS"
"e793ee1a-ed5d-4535-bc86-aa1e3c3680b3","VACHELLIA FARNESIANA"
"486989e4-cad0-4c22-aeff-c1e049079ff3","VATAIREA MACROCARPA"
"b90a21c9-bb19-4441-a79f-2127e6e40597","VELLOZIA"
"9b25c4c2-257d-4f54-91c4-0c0445d84df4","VERBENACEAE"
"52e6ba0c-f338-49fd-aa9d-eac68dee3285","VERNONANTHURA FERRUGINEA"
"875ae104-6066-4348-9688-b15fc0fcec11","VIGNA PEDUNCULARIS"
"f4385eee-2694-4c78-b3bc-d02395f02191","VIOLACEAE"
"c9fbb0dd-4e78-4bdd-ba23-74c6e7e95868","VIROLA ELONGATA"
"926d8203-3c49-4dcf-8f52-1b7a69767ac9","VISMIA JAPURENSIS"
"e2cd0a0e-f864-436f-9efd-dbcf9daa0faa","VITEX"
"aa4118bd-6612-4e94-ba34-b8c29c8307ec","VITILIGO"
"9c6d6fd0-1c68-4b3f-961d-db3f2f9f1741","VOCHYSIA HAENKEANA"
"601bb063-6e33-4ef6-93c7-76a4eb3951af","VOCHYSIA RUFA"
"b424d449-9af5-4281-9106-9f979331c2b2","WATERMELON"
"cb49d216-9c47-4136-be55-5c3cb2c41296","WOUND"
"79b4737c-da3d-40f8-9483-edcf571c1d8c","WOUND HEALING"
"e3702f15-ef3e-4645-9949-c68eb2ef8a82","XANTHOSOMA SAGITTIFOLIUM"
"9fd29b8c-410f-4a66-a5d0-ff2b1dec0e6c","XYLOPIA AROMATICA"
"2883c853-f049-4673-8f19-312c3adc2f39","ZANTHOXYLUM"
"e72bb7bf-7cf0-464d-a1ee-c919fee95066","ZANTHOXYLUM RHOIFOLIUM"
"b3fdd65e-d090-4328-9fd7-f9efcb8794f3","ATTITUDE TO HEALTH"
"104dc9cd-9e1a-41f6-b2c7-b814e6f6b6de","ETHNOLOGY"
"86fc5e0b-8632-480c-a38f-d6c5b37d4238","INFORMATION PROCESSING"
"2acec056-b2b2-4540-b06b-a76c1f6489b1","BACCHARIS"
"9ef53e4e-b799-417b-b0bd-10d1d89ee923","EPERUA"
"e0ee3727-1093-494b-96fd-6bcd7db51ee6","EUCALYPTUS CAMALDULENSIS"
"fd811a1f-45fd-4bf0-b4c8-365c97ffb6f7","INVERTEBRATA"
"abf895e4-b08e-48cc-bfe7-80b099078737","MABEA"
"358c5467-f174-485e-861e-14f1cdb3ec37","SYMPHONIA GLOBULIFERA"
"0a947abd-84a0-4134-8bb7-2e8a89969c66","EVERGREEN TREE"
"70d5bdf0-c347-403b-a7bb-9ee6eb5bcaea","INVERTEBRATE"
"b75485c4-f696-4ea5-981f-a64941409a5a","MICROBIAL COMMUNITY"
"c8922d1b-5a00-45d4-b81e-d014e7dad618","RIPARIAN VEGETATION"
"ba7c50d1-f849-4c27-bae7-b786ddfaabda","STREAM"
"ee639520-f1cc-41df-83f4-421e64a740f4","WATER QUALITY"
"96a934ba-ffe6-4711-a851-16b902368a76","ANTIMALARIAL ACTIVITY"
"15df6f32-90ce-4ead-b75a-c0858aa41b88","ANTIPARASITIC AGENTS"
"3ba784d9-e497-44a6-8a52-63ad4e1ae6c8","CHEMICAL COMPOSITIONS"
"11c3a367-90ae-402e-964b-86276f867f50","GUATTERIA POGONOPUS"
"7d7feea4-862d-4253-b10a-6cf5d21d1444","HYDRODISTILLATIONS"
"e191c0be-3e33-4864-8e67-622d3a8b95a2","NATURAL PRODUCTS"
"271e595b-2abf-4df2-824a-b4936ce416fb","CHALCONES"
"97439e62-51be-43df-82b6-2b4426f2a743","CINNAMATES"
"8d78d562-8949-4eb1-b69f-e997d3698a61","LIQUID-LIQUID EXTRACTION"
"91b830b7-ac19-40e9-a99e-5ed66464e3db","PORPHYRINS"
"439abe7e-7d5b-45bc-bf68-b484d0317cfa","CHALCONE DERIVATIVE"
"1c77a9c2-2022-4643-a7b8-7774410f6063","CINNAMIC ACID"
"56376745-f34e-4c2b-b7d7-29d05501d172","CINNAMIC ACID DERIVATIVE"
"4bc4f0a8-d8d7-4cb5-a409-3e1e085a0552","DIHYDROCHALCONE"
"52134bb8-fc75-4270-928b-b97ec76133f9","PHAEOPHYTIN A"
"d027b6c7-4396-409e-8fd5-e0fda2d7689b","PORPHYRIN"
"7576e147-3945-4300-a266-f25ac9492f1a","LIQUID LIQUID EXTRACTION"
"7366b7b3-c002-49dd-b10d-ecd5104f8560","3,4 METHYLENEDIOXY 7 METHOXYFLAVONE"
"94e58538-ead2-4d6a-98db-739038b4ed37","3,4,7 TRIMETHOXY FLAVONOL"
"730ff875-138e-409b-ab03-b4ce5598161f","3,4,7 TRIMETHOXYFLAVONE"
"fc1a676d-137f-4dd7-a946-16adc1525726","3,5,4 TRIMETHOXY 4 PRENYLSTILBENE"
"af6e2d50-6019-4cba-b73c-d78b8787f1be","3,5,4 TRIMETHOXY STILBENE"
"883078bd-71ed-491d-aa3f-e7177111755f","4 HYDROXYDERRICIDINE"
"958f1de2-cdc7-48dd-aae1-c3925db0849e","4 HYDROXYDERRICINE"
"4aeed109-1aeb-44f6-a4c4-608a3feaaf71","4 HYDROXYLONCHOCARPINE"
"560c2e69-dd71-4ad1-ac83-917f46744737","5,4 DIHYDROXY ISOLONCHOCARPINE"
"8de2afe5-8b33-48ed-b9ee-dfa23abfc535","DEGUELIA DUCKEANA EXTRACT"
"516327d7-7b1d-4ea4-8093-930ed5001d3c","DERRICIDINE"
"11a860ad-2f7a-4762-a694-eb85b98671a9","FLAVONE DERIVATIVE"
"44bc7601-7fd9-4a6f-9316-286cfb0c7c56","YANGAMBIN"
"156d8271-0ce4-431b-9318-2c70794042e5","ANTIFUNGAL ACTIVITY"
"7f3c565a-1311-4b31-82a0-8f0a6c93afd9","CARBON NUCLEAR MAGNETIC RESONANCE"
"f47b065f-9f37-43e6-9bc3-548d515b5786","CRYPTOCOCCUS GATTII"
"92f93860-6d61-47dc-98d5-d91a1f00464a","CRYPTOCOCCUS NEOFORMANS"
"ad7d4ce3-e59d-4c0f-99c6-a0646f95a9b2","DEGUELIA DUCKEANA"
"5971aab4-6e65-418d-bc5a-899b0a48f65f","PROTON NUCLEAR MAGNETIC RESONANCE"
"29968238-924a-44ee-8742-55846e8fc1bb","FLUOROACETATE SODIUM"
"9de3095f-fb7a-4c2e-b4c1-0a208a05dd0f","LITHIUM CHLORIDE"
"119d0f27-3c89-472d-89df-6ab4bbe07a3e","PLANT TOXIN"
"4cf474fd-06b9-4d91-b81d-da2af17627f1","AMORIMIA SEPTENTRIONALIS"
"1ee80f70-1b05-4fff-be73-abf12a10dc98","ATELEIA GLAZIOVEANA"
"db2d9b49-3fd8-4943-a671-4ad6000931ec","CARDIOTOXIC PLANT"
"5f41c099-e4d8-46d1-a4c9-07ccacd9c3aa","CARDIOTOXICITY"
"2d6d5b23-3f79-42fa-9160-36a01c99df6e","FRIDERICIA ELEGANS"
"6bd84d81-399e-4ddd-b46c-9aa48c5d637e","HEART FUNCTION"
"c6472d24-12bf-46d9-89b1-fdd781e50603","KALANCHOE BLOSSFELDIANA"
"ea53a78b-5667-459a-bff3-2fdb511b398d","NERIUM OLEANDER"
"ec90c4c4-a69f-4915-9fb0-778f49471edc","NIEDENZUELLA"
"a5fdc677-2614-48a2-a593-80d93275d97b","PALICOUREA AMAPAENSIS"
"7cb2d388-918c-45c1-bf11-f82c5a7a8cc8","PALICOUREA BARRAENSIS"
"65268b8c-48fd-4d67-afc3-db5aebc6f062","PALICOUREA JURUANA"
"a1b811c0-5c6d-4425-ac9f-be7ebc9763e8","PALICOUREA LONGIFLORA"
"85ddfa61-032d-4f74-bc88-082fb7d96fad","PALICOUREA MACARTHURORUM"
"c81324d1-89a6-4969-a797-ff8124eb707f","PALICOUREA MARCGRAVII"
"ccdb623b-3df4-4b0b-8bf9-2ea589a85ee0","PALICOUREA VACILLANS"
"63a62184-b3c9-4d4e-8ccf-041c63844bd5","POISONOUS PLANT"
"44d19753-e992-496b-9674-2abba6bbccaa","PSYCHOTRIA HOFFMANNSEGGIANA"
"aaf1f7f3-5415-427c-9127-88fa777ab1b7","RUMINANT"
"6576b3da-4ea5-4a5e-8ec6-80e56109f2c7","TANAECIUM BILABIATUM"
"869bd6b6-3d4d-4d11-ad8a-8452d33bf24b","TETRAPTERYS ACUTIFOLIA"
"28aa8209-70cf-4907-933a-6b90aa508a63","TETRAPTERYS MULTIGLANDULOSA"
"b2a7cb8c-dca0-45e4-b581-8b0788bec37c","CONSTRUCTION MATERIALS"
"9b6927a7-f956-48cf-b9ce-afd2e1150ab2","CULTURE"
"77ad4096-2e6f-4cf7-b771-3ffeece4004f","FRENCH GUIANA"
"b75841e3-00d5-4cae-88f5-8cc0deaeabbc","HEALTH RESOURCES"
"37d067fb-9b01-4fcb-bb53-3173a2b6b1ea","HOUSING"
"54effd2b-19f3-42e6-8df6-4d69ae49d84e","KNOWLEDGE"
"65b85ade-431c-4591-8ba2-9ac9dbbb4b46","HUMAN EXPERIMENT"
"2bb0f3dd-93ed-476a-9302-884cd7485bd3","LECYTHIDACEAE"
"0db6286b-741f-4004-b688-acbde0ac28f3","NOMENCLATURE"
"d335ee60-9a4c-477f-b77c-16f6028a2919","SAPOTACEAE"
"4518a85e-197d-44c5-9910-5f15270a5496","XYLOPIA"
"daae3418-f055-48a7-aaaa-77c89df6e58d","BUILDING MATERIAL"
"ab9fa564-9658-4958-b358-932521c86182","CULTURAL ANTHROPOLOGY"
"54bfbd1c-6631-4693-86db-007e7823a48f","HEALTH CARE PLANNING"
"f299bb80-0bab-4cbc-bc02-9d3161a66349","RECOVERY"
"997d6552-216a-413d-9cff-cba1a602b947","SITES"
"94625caa-5848-493e-8828-b64ecccfc718","VOLUME"
"964f48c8-06cb-4b5f-943e-2c1ae3346974","POPULATION DISTRIBUTION"
"bc20aad0-a057-4f6c-b99c-9b564cf0ab11","CONSERVATION STRATEGIES"
"2ae37382-7eb2-45ce-943d-f7e7af1e8133","HYMENAEA PARVIFOLIA"
"27ceaf0f-bd73-4a04-94f6-de58f651c4cd","POPULATION STRUCTURES"
"d8e206ad-173d-4e53-8b22-cfb7c89a3679","SUSTAINABLE MANAGEMENT"
"b8308bf8-8aab-46b6-891b-825a1170da7b","TREE VOLUMES"
"f0495351-77b1-48bb-ba4c-9ca53b970b07","DIAMETRIC STRUCTURE"
"0090141c-ed94-48a2-8b6c-dfe250ec7062","GROWING STOCKS"
"399f8adf-d9b5-44bf-b430-e365a884bdf2","HYMENAEUM PARVIFOLIA"
"c18e7996-a369-45e4-8d0a-45c1dd1be26d","LOGGING INTENSITIES"
"b94a654b-b011-4bc6-9dd5-82f9cb439aba","TREE VOLUME"
"f51b72d1-9237-4578-9314-325e1d57b8da","EVOLUTION, MOLECULAR"
"f60f1923-3d0f-434b-b84f-60625573feec","GENES, INSECT"
"93895b07-679d-49e5-ab81-1a0fd76a8a34","HERBIVORY"
"7ac907ec-df07-44d7-bb06-f01bc7006b4d","TRANSCRIPTOME"
"9bb9f0f4-969b-458e-8fe8-3c5abf6c51e1","CATHEPSIN D"
"98246dd9-3341-4f49-ae74-c5844b41b903","DRUG EVALUATION, PRECLINICAL"
"21ea1aa7-ae34-4dea-afea-5e08ce88c08b","ENZYME INHIBITORS"
"94c3b57b-8681-464e-a4c2-cca6bf34419d","ENZYME STABILITY"
"145db083-69a7-4594-b7e4-4e5ae41af730","ENZYMES, IMMOBILIZED"
"310eca9f-2c9a-42d5-97a2-940b2a107357","HYDROGEN-ION CONCENTRATION"
"eeb9d23a-d00c-4c9f-8b13-532db6a51434","LIGANDS"
"7243be48-bc91-4745-9c16-6e1a91c5e2ba","REPRODUCIBILITY OF RESULTS"
"67174957-339c-4db2-b855-837ee4860aed","SILICON DIOXIDE"
"14921563-b0ec-4437-b912-dba120fdbcf5","SUBSTRATE SPECIFICITY"
"748626be-bf4c-4fc9-a94a-49066ebc216a","ALMEIDEA EXTRACT"
"23fe828e-cbbe-4b3e-80a7-d71a505e55b6","CYSTEINE PROTEINASE INHIBITOR"
"d56b58cd-159e-4362-a16f-ffda62cd73f5","HORTIA LONGIFOLIA EXTRACT"
"e55f72b4-40bb-4d4f-b0c3-e701f70c829b","IMMOBILIZED ENZYME"
"f3dfc736-14b3-49ec-a4c9-693019923960","LIMONOID"
"0cbb7a75-2f6c-4761-a12b-c4bb68376338","LITHRAE MOLLEOIDES EXTRACT"
"e7c2aa1a-591a-47da-a7e4-ec216bf63bc9","LITHRAEA MOLLEOIDES EXTRACT"
"1c360791-897c-44c0-b7bf-291f5140c8ca","METRODOREA NIGRA EXTRACT"
"0edcbed5-c7dd-4c26-831b-134de5c66e57","NEORAPUTIA MAGNIFICA EXTRACT"
"076932d7-6713-4674-9698-35be1ebbcabc","PEPSTATIN"
"5d5e2ffc-9e7f-48a5-a0f7-1185fdf84e52","PILOCARPUS RIEDELIANUS EXTRACT"
"6e4389e0-9ca3-42f8-965b-d132f5c709ca","ENZYME INHIBITOR"
"b1c94683-da85-409b-826c-73efcbf69054","LIGAND"
"743ac547-b49c-468d-9903-597c1c8b301d","AFFINITY CHROMATOGRAPHY"
"a5cd0669-ef32-439e-9068-d4d9bcec2ad7","ALMEIDEA"
"1aa95db3-fb44-4a30-a51b-a2baf7b30674","ENZYMATIC ASSAY"
"2e722b1e-a0f2-4644-a1b3-579f18266404","ENZYME IMMOBILIZATION"
"8da1a9f7-732d-4805-91e9-0bcbf87f8086","HORTIA LONGIFOLIA"
"5f4f528e-352e-4bc4-8256-7e249559c181","HYDROLYSIS"
"8a773625-5b2c-4fb4-9e0a-ee275f0c7de6","KINETIC PARAMETERS"
"233010b7-619a-47e3-8d14-0eec5fe914ab","LIMIT OF DETECTION"
"95a5191a-92b7-42d3-80bf-2de6a1a2981d","LIMIT OF QUANTITATION"
"4cfca0ee-3a7a-4741-bdbf-040558b7eda2","LITHRAEA MOLLEOIDES"
"1095ad2d-3968-416b-afe7-c83590893492","METRODOREA NIGRA"
"9e46411d-345f-4976-9427-56396ad27f4f","MICHAELIS CONSTANT"
"6ba28216-fc74-4161-a60c-37b2e97c59c7","NEORAPUTIA MAGNIFICA"
"7a0560cd-2c97-42b0-8278-e8aca265da7c","PILOCARPUS"
"25a8b955-de99-474f-997a-6f39f912f564","PILOCARPUS RIEDELIANUS"
"9af9c47d-b2d1-4812-bc07-c8ebe83c2be2","SIGNAL NOISE RATIO"
"580c9b8e-2db4-4168-bbf1-700005c7f0ec","SUBSTRATE CONCENTRATION"
"24ffdc47-25d4-420f-8440-2903592b7902","DEVICES"
"e7fdae15-5a75-481f-9e02-32458d265060","ENZYME SPECIFICITY"
"d93bdc58-804d-4ceb-a1a3-2118d8398a9f","PH"
"c1103931-d560-42b3-a5f9-e6e43b46a550","PRECLINICAL STUDY"
"dab13e60-ffd3-4952-8183-6415abd2758c","REPRODUCIBILITY"
"32d1c4f4-291b-40f0-a1e4-d6a0fb2b4b3b","VALIDATION STUDY"
"fe6a6110-02ea-40b6-97d5-edb534eebcbf","ANTIDEPRESSIVE AGENTS"
"fb346cba-2eec-48f8-92db-af852e703a06","PHYTOTHERAPY"
"5c8912af-1d1a-44a4-bfd1-735e23ce91cb","RATS"
"ff321e45-4486-46b6-9913-68a1b28d0c83","RATS, WISTAR"
"84bb3f3e-a365-444a-88dd-add2087fc920","ANTIDEPRESSANT AGENT"
"39b08d0d-b875-4dde-b8fc-6d5fb1c0cae7","CATINGA DE MULATA"
"ff73a6de-9c5d-4e85-b65e-50576d711f54","DIAZEPAM"
"3a522169-2cbc-4584-8e50-f53d17d0e1d3","MACACAPORANGA"
"ca5cd084-83c5-4d1f-8512-bae757a87214","PAU ROSA"
"c2319926-f3e4-4ce4-8c70-c49897e45c00","ANTIDEPRESSANT ACTIVITY"
"3375fdf1-2c2b-4c33-92c3-36d550a7bf79","EXPERIMENTAL BEHAVIORAL TEST"
"2511c2b8-5846-4e8e-a192-9c71b72b7074","FORCED SWIM TEST"
"ca714513-ef04-4135-8ca6-458bbd728fbe","LOCOMOTION"
"9727b0bb-a673-48dc-92c8-b41a48996b70","MAZE TEST"
"7ba608bf-2130-49fb-830b-d2272b401625","OPEN FIELD TEST"
"bfb7e3c9-d791-4d58-a22e-10be16d976c5","PASSIVE AVOIDANCE TEST"
"d45536ec-e620-4736-bb26-0823e47d7010","RAT"
"55290770-45a4-458f-800f-a170c52f5405","TRANQUILIZING ACTIVITY"
"13b92ca9-ae59-4e3f-83bf-5b476daa19ba","WISTAR RAT"
"4f04c811-4dae-46f5-9e7b-d183cebaee6e","CLUSIA (ANGIOSPERM)"
"922e8a80-546c-4d20-be99-d97f69f69d8c","CLUSIACEAE"
"8f8064fe-e8ec-4308-b91d-a33ab6978286","EVOLUTIONARY BIOLOGY"
"2c05f1b9-3370-438b-b2da-b9a28a462ecf","RESIN"
"ef4464d8-4526-41af-ac38-c1bbb1fc6b94","ADAPTATION, PHYSIOLOGICAL"
"04e1c4e3-0d04-4509-add4-a65a09effffb","CELL NUCLEUS"
"43d48c71-ded2-45cb-a66e-12d8b436e194","DNA, INTERGENIC"
"0fa05e63-fb13-4fd3-9b75-2767b9ed1fcb","GENETIC VARIATION"
"9b476b57-efa3-4aa9-8ef3-d8e9d9f2ada0","HAPLOTYPES"
"badddb47-ea85-4f8c-927c-64f35336d4c3","PLANT CELLS"
"ab1218c6-40db-434b-8b6f-f628fa6af18b","SPACER DNA"
"e8fc68b5-3caf-4fb9-9347-5db64fc1013a","HAPLOTYPE"
"e793a67f-b76c-4950-b4f4-c32a6a92b0c8","PLANT CELL"
"b56ceea8-970b-4c3e-9356-4eb810954f3f","BAHIA"
"af0b9dc6-e370-428a-9bc7-5a79a1c76bad","ASTERINA"
"c17f204e-c552-4e62-89ee-d41f092c3e66","ASTERINACEAE"
"4b3bb1a6-2b6d-4944-81c8-dd173a53b39a","DOTHIDEOMYCETES"
"c25f76e7-fe23-4a21-a2be-39e2a4d34d91","FUNGI"
"eda15c93-da89-4f34-b381-794d34d56c35","INGA"
"45ea1a9b-f9bc-4a10-9816-0acaf5c480e3","PEZIZOMYCOTINA"
"06f0964e-0d6d-4add-aada-cd149d748ff9","TACHIGALI"
"5d88c6bf-9e0c-4df6-8608-df106693b7ba","UCA"
"84350ba8-ec7d-41b6-904f-a369fa0fd960","CHROMATOGRAPHY, LIQUID"
"e3c5d165-86b5-4e74-a460-a33af1b489b8","DATA INTERPRETATION, STATISTICAL"
"da0d28eb-0651-42bd-b73c-3e49215c7739","MODELS, CHEMICAL"
"a197b3ab-4bfc-44f9-bd16-70b18d795fdb","ACETONE"
"a3249149-5071-44fe-af0e-9c36910f353f","CHLOROFORM"
"1ccf857b-2eb9-4aee-9574-a0b9c2119d70","GLAZIOVINE"
"30417dd4-c9c7-440e-ba5b-f803e6161dd8","HEXANE"
"f87a974f-1543-4840-8962-6ecf348f4c48","METHANOL"
"5f0d5579-c7b3-4207-b30c-3037308959fb","SOLVENT"
"7c913b62-b612-4c16-82b5-2a4eb74213ee","CHEMOMETRICS"
"a132cbac-6327-426f-a453-f0f49506c10e","DRUG DESIGN"
"504fcff6-494b-439f-a5c7-f1789b2cab91","UNONOPSIS DUCKEI"
"cf183914-047f-45f6-955f-d26438ab3fa6","CHEMICAL MODEL"
"08c1528e-4a54-4239-9327-0e82a8909b38","LIQUID CHROMATOGRAPHY"
"81506a98-60f1-4f35-be27-9b837fe50afe","STATISTICAL ANALYSIS"
"7b4d40f3-8f63-4084-9766-ae14ed4fc56b","AECHMEA"
"04e9b799-702b-43ec-bd88-a62c0f9a5d18","AECHMEA MERTENSII"
"3f958ce4-cc54-47ae-95ff-ae0b6f0ab6ea","BROMELIACEAE"
"8903e0a7-6a23-4e86-bb97-f01346e19cf3","ANTI-INFLAMMATORY AGENTS"
"dd45444e-0909-4ee8-8f0b-f84a369aaeb9","6 ALPHA, 7 ALPHA, 15 BETA, 16 BETA, 24 PENTACETOXY 22 BETA CARBOMETOXY 21 BETA, 22 BETA EPOXY 18 HYDROXY 27,30 BISNOR 3,4 SECOFRIEDELA 1,20(29) DIEN 3,4 OLIDE"
"fd3d1a1c-bb28-4858-8de3-18d5c86e00a3","ACETYLSALICYLIC ACID"
"fcf17138-5366-47ca-b4f0-84bbf7951e10","BETA AMYRENONE"
"642a6457-7404-4fa1-93f7-e82e6453ffef","DEXAMETHASONE"
"0a496986-f38a-44b2-91cd-a5f4a1254415","ERGOST 4EN 3 ONE"
"a733f2f4-a9bf-42db-93b0-b54fe00acbbf","ERGOST 5 EN 3 OL"
"6c431d12-5868-4ae7-b95c-23c0d5cdf47a","MORPHINE"
"4c346cdc-2c64-492b-ad11-bff3148b86cb","STIGMASTA 4,22 DIEN 3 ONE"
"f73cc842-42fa-45d9-97dc-dbc9b337c6fd","STIGMASTEROL"
"f7e80352-2fda-4413-9314-52b30e206094","TERPENOID DERIVATIVE"
"e2d05258-5df7-45de-b7b1-f58461dc3d9d","ANALGESIC ACTIVITY"
"bce78486-02e2-428a-b4b1-71dd7d5e2eb9","HETERONUCLEAR SINGLE QUANTUM COHERENCE"
"ca06f290-abe3-4988-b1e8-06c9edc3ec39","LOPHANTHERA LACTESCENS"
"e1be4b0f-62ea-4e30-aad5-1bc5cb033891","MAXIMUM DRUG EFFECT"
"15682153-dd4f-4cc9-8f37-53b603f5e6ff","PAIN"
"92c62716-8e29-4b79-be32-275251ba38b2","TAIL FLICK TEST"
"9bd579c2-a41e-47cf-bc69-400c72273dae","WRITHING TEST"
"9afdcf7c-0671-4bae-ab43-b8089acc22f0","POLYCARPOL"
"d23d1930-d9db-456c-a378-961384f12f58","BOCAGEOPSIS PLEIOSPERMA"
"7ad17c33-07eb-4a7a-86bd-abbd423d5f39","CANDIDA DUBLINIENSIS"
"78121250-f5d7-47b1-97a0-48e4e746bfb1","ONYCHOPETALUM AMAZONIAN"
"006750b6-678b-48bd-b4db-f8fbabe6dc0d","STAPHYLOCOCCUS EPIDERMIDIS"
"53718e74-d257-4505-91b0-909f57e1bc14","THIN LAYER CHROMATOGRAPHY"
"1766c833-8bee-4c8d-adaf-31fb20538c3c","ADENYLATE KINASE"
"dbd12268-1ea6-453b-a2dd-722e63fc78bb","EUKARYOTIC INITIATION FACTOR-2"
"72a27f9d-f47c-4eb4-8acd-17b46b77cc7d","EUKARYOTIC INITIATION FACTOR-4E"
"6f3e936b-683f-4abf-bc2d-a736f7d46793","PEPTIDE ELONGATION FACTOR 2"
"0bc664b7-4a13-405d-a862-92349c4dc020","PHOSPHORYLATION"
"712806dc-3af1-49f2-91f9-81b80003d593","PROTEIN PROCESSING, POST-TRANSLATIONAL"
"7eb34f98-894e-46f1-8fd1-02e7e664e8ad","ELONGATION FACTOR 2"
"7fe808e6-110a-4370-a7e2-944b99b7abf5","INITIATION FACTOR 2"
"c3a0022c-5a25-4245-a65a-b00754b30754","INITIATION FACTOR 4E"
"96f92062-322d-4347-9e05-a0d738587eac","PROTEIN PROCESSING"
"34ef16e9-70c2-494b-af4f-14e683e3d196","ANGIOSPERMS"
"71490d88-45a9-4e82-b666-97f79de387f6","GALACTANS"
"71f66fc3-4214-4d40-b322-c44e7d9960ff","HELA CELLS"
"752f9a4b-1c9f-4500-a44c-583e9a3ae487","HUMIRIACEAE"
"f866ab68-b112-407d-a6fb-c3e3fb5da89e","POLYSACCHARIDES"
"f7639bce-429c-467f-a21a-e51f5ce2d006","SPECTROSCOPIC ANALYSIS"
"1d6247e5-eaad-4420-9adb-0085396e177e","ARABINOGALACTAN"
"10670232-9309-4d1c-bd71-1eaf6129bb72","GALACTAN"
"3f91d04a-0249-46e8-9c2b-63c747fb214b","POLYSACCHARIDE"
"e5215158-a054-4e98-856a-879bde43d7b7","CYTOTOXIC EFFECTS"
"cebebe41-4468-44fc-b8a9-bf8b52a743bd","DOSE-DEPENDENT MANNER"
"e4a0bc07-8b51-44de-9896-da176de7a642","HELA CELL"
"4ae8ec39-e271-4599-9b3a-a404b7b9b711","SPECTROSCOPIC METHOD"
"0900620b-eee5-45a0-a49e-03a4d0653544","HELA CELL LINE"
"99ce7268-7dfe-4182-ab03-bb19e7cdfd29","BIOLOGICAL EVOLUTION"
"655d237a-576c-43dc-a204-9097be2859ca","PAPILIONOIDEAE"
"74279f22-f68a-4a1f-8571-1b0471b56e0b","ETHANOL"
"69b3b7ac-7d27-47af-b8f9-2bae47dda310","FLOWERING"
"b82a596b-b976-47e1-844a-1804518a96a7","HETEROGENEITY"
"6b64d920-336b-4b9e-9117-0cb1ad5bf9bc","ONTOGENY"
"005248f5-2c6a-49e4-a339-71aec01ec42d","STOMATA"
"0831d545-3cff-44c5-afab-5922256ff8ec","EVOLUTION"
"dee3734c-0fba-422a-8840-bee79ebdc96b","BORRERIA HISPIDA"
"9f18f83c-d442-4436-a095-7dcbda3dfed8","HETERANTHERA"
"696984cd-a3aa-4e57-a6ec-f46efa58bce0","SPERMACOCE"
"038b09f5-dccc-41e5-81d7-0a50c91ce5f7","SPERMACOCEAE"
"294ad546-cfe3-4323-ad35-2784d78f0eab","CELLS, CULTURED"
"49a7dedf-b126-4b1c-8f51-cd77608a7736","DISEASE MODELS, ANIMAL"
"192b86e5-3b47-404b-8374-38b2dc460f21","MICE, INBRED BALB C"
"270c4a6d-4e4f-4f4d-871a-0429baf68ace","PARASITEMIA"
"2d147ab5-d053-482b-8db4-dca9751c349c","PARASITIC SENSITIVITY TESTS"
"362ff0e4-828f-4138-872b-6ee5379f3dd2","PLASMODIUM BERGHEI"
"d682232f-369f-42f4-9ce2-430eb39c3c61","TREATMENT OUTCOME"
"f0c7bdea-95ee-43ea-98ba-c61ec29c9dba","ANACARDIC ACID"
"b5bf1515-22f6-4aff-9808-98aa6d1565e8","ANDROPOGON LEUCOSTACHYUS EXTRACT"
"2bb43fa6-9203-4577-9d37-bccb5e8fe10f","CHLOROQUINE"
"d682fc1f-b7bd-4331-9e3c-cb9835f6ea5a","CLIDEMIA BULLOSA EXTRACT"
"fb7c79b4-e611-4739-a1a6-f230497299a5","CROTON CAJUCARA EXTRACT"
"555e4954-72ed-44a0-bc42-d55460df4a97","DERRIS FLORIBUNDA EXTRACT"
"150ace7c-8c82-4ac0-836c-aba9a662d439","GUARANA EXTRACT"
"c8b8321a-c3d9-4f0e-85b3-97f2d9834ec1","MICONIA NERVOSA EXTRACT"
"9155f1ff-9a67-49e4-8f83-9c18cc160d9b","MONOCLONAL ANTIBODY"
"b8838f33-85f4-4e5e-a625-f7b1daa1f277","PARKIA NITIDA EXTRACT"
"0a5ac1c1-746c-48a7-bb15-64aedeb8d277","STIGMAPHYLLON SINUATUM EXTRACT"
"8f06c4be-fd2c-4e78-b14a-54df7bcec999","XYLOPIA AMAZONICA EXTRACT"
"07a9283d-6a16-4ff6-b6c0-6cf0ed859a8e","ZANTHOXYLUM DJALMA BATISTAE EXTRACT"
"e89b1e34-9034-4565-acb2-d391bfe3f40a","ANDROPOGON"
"a48e4ce8-3e5a-4188-985f-b635d9248a03","ANDROPOGON LEUCOSTACHYUS"
"2056f1ca-75f8-421a-b51d-9ac178bb2f99","ANTIMALARIAL DRUG RESISTANCE"
"fef748d1-2986-468a-8bf8-4e825baa9e6d","BRAZILIAN"
"426b231a-9899-4973-b376-a248422a11a5","CLIDEMIA BULLOSA"
"e39a379b-ced2-491d-8568-bd27ef20dde9","CROTON CAJUCARA"
"3c23e544-fa8a-4ef6-b78b-8f70adb087a9","DERRIS"
"63fe0b08-c6cd-450e-a1e5-1113bba9efbd","DERRIS FLORIBUNDA"
"50ff10d4-de0a-4f9f-b181-2985f342b227","ENZYME LINKED IMMUNOSORBENT ASSAY"
"53090ac6-1640-42b8-b03d-f4008bd3af12","FIBROBLAST CULTURE"
"a8b7a707-1429-4fb6-86e3-7336d2ba8ceb","MACROPHAGE"
"aa09e5fd-24f3-4d39-8cd0-332ff2dce575","MELANOMA CELL LINE"
"4e8d42ec-ffa0-4f63-a7ad-efb5bc30a2a4","MICONIA NERVOSA"
"30b532a4-aa1c-4f6d-8ffa-be598cbb094d","PARKIA NITIDA"
"3136a724-2d5c-4c3c-8d5f-029faec35aa0","PLASMODIUM BERGHEI INFECTION"
"32a9efb7-181d-4931-b398-a32f0fb6a478","PLASMODIUM FALCIPARUM K1"
"e3ff6cc8-038d-4b62-afd6-ad77803db5c4","PLASMODIUM FALCIPARUM W2"
"92f1efa3-b1c1-40f8-98ee-5e16cfa2698c","STIGMAPHYLLON SINUATUM"
"f6b8820d-c907-47ba-80ef-8eb9aafe7daf","VARIETAS"
"2e34eaa5-b316-4e68-9ce9-1ed458fac64f","XYLOPIA AMAZONICA"
"b9533701-49e0-4542-87b9-31ba78e3e6f9","ZANTHOXYLUM DJALMA BATISTAE"
"416783a9-2373-4f80-ab54-3b45ba49727c","BAGG ALBINO MOUSE"
"a7a6d9ee-8ef4-4714-aaa4-cb1d59ba0c43","DISEASE MODEL"
"831cbe70-244a-4fb3-8c5c-01adeeff54a2","DRUG SENSITIVITY"
"f8ad25fc-de1e-438e-9104-53b5ccc3f8ce","CALYPTRANTHES"
"8f2cecdb-8a4a-4d97-ac40-7d26562aca2a","MARLIEREA"
"46e37f1f-2ac8-44cc-bf6f-3ece9e7a4990","MYRCIA TOMENTOSA"
"040b7ab2-91a3-4469-a798-fed9747fb1e8","MYRTACEAE"
"69353af4-25e6-43ac-85cd-3fbaa15ce3d0","VELUTINA"
"58b32d76-03ff-4cd6-ba94-76f9acd7229d","SWARTZIA"
"9cbf4462-ce5c-4ced-9905-5fd0f47cb8f6","ADHESION"
"64753b28-7a2e-4380-9e11-9e6a2a0d4a13","POLYMER"
"7527b599-92f1-43fe-8601-a81dee8ca60c","SHEAR STRESS"
"b8f55f2a-4cfe-4462-9bc0-f3478d4b7759","WOODY PLANT"
"1cb70d73-e480-48b7-83dc-f451740f67c5","ANIMAL DISTRIBUTION"
"997ae603-5c5c-497c-b5bd-9d343925c632","ANIMAL STRUCTURES"
"ec68a486-62ee-4c4f-be2f-71e126ce1ad8","BODY SIZE"
"48f7ee37-ae29-4589-9efb-2af20dfb4b01","DIPTERA"
"8f5bdaba-bdfb-4992-ad53-87d5749ed827","GUADELOUPE"
"18c239d6-213c-4bcb-a9a2-53ad53d55d53","ORGAN SIZE"
"43a6b6c9-a02c-45fc-a08a-2617698496a8","PLANT DISEASES"
"54a4adf2-f743-4bef-bd34-fafc44e0b89e","PUPA"
"a36ea4b5-455a-4b6d-b834-035ad2a3d9e5","ANIMAL DISPERSAL"
"43671423-3071-4816-aba5-349c8fd13836","PARASITOLOGY"
"eeede883-c6d0-4ebe-ae6d-c4799e4d9943","PLANT DISEASE"
"86eb301e-e523-4da8-ad36-1d19d51ddf19","COMPETITIVE BEHAVIOR"
"4477ac5d-7ec7-46aa-84c8-3cf6e76527d4","GENETIC ASSOCIATION STUDIES"
"792402b6-23ed-48e4-ad9e-86349db22974","PANAMA"
"795301ea-e3e4-4856-8f60-9a70a92e6e1a","PIGMENTATION"
"11597da4-278f-4bfa-bfaf-8adc385f49f8","SELECTION, GENETIC"
"bd390827-e044-479a-b94f-d3ea54437a93","SURVIVAL ANALYSIS"
"dfc19cb8-1278-433f-9632-6eabd3daabf1","HELICONIUS CYDNO"
"36b72a9b-e4b2-40a9-af35-b54c80097bbe","COEXISTENCE"
"4dde3795-9ad0-4a9e-a179-9c639907f28b","GENETIC LINKAGE"
"f51db4e5-d457-4cab-ba18-d8b0d044f961","HOST-PLANT USE"
"7b5e5cfd-ad1e-4816-866c-3cdd9b9102bb","SPECIATION"
"54fa11a2-26b3-45a6-93f5-af0a94fa7ecf","DIVERGENCE"
"aa705110-cd3d-49b3-b9b2-65fa26dc80b6","HERBIVORE"
"21652e98-861c-458b-9d23-f3ce4c54b679","INTERSPECIFIC VARIATION"
"ff6bb82c-c014-42fa-8c92-31983ff0ce54","SECONDARY FOREST"
"98e158c0-cf91-46d3-b341-9cb50881ef41","SPECIATION (BIOLOGY)"
"c942d853-3d6e-4287-8fe2-d94d1548f0ca","SYMPATRY"
"384bb5a8-a794-4389-bee6-0d3143295659","GENETIC ASSOCIATION"
"368768cf-7dd7-4c1e-b398-f77dc7062d02","GENETIC SELECTION"
"baa21e0b-3185-46dc-a601-ca6509d62a26","SURVIVAL"
"8e5ce074-35f9-499b-ad81-c17774f52e3b","CLUSTER ANALYSIS"
"8c5525c4-d13a-4a4e-951f-3b430ead84e8","AFLP"
"ae79f5d7-b671-4ecd-ba84-5ea85c4dc593","CAESALPINOIDEAE"
"d4644a67-3b41-492f-9c11-4250fd3ae178","GENETIC DIFFERENTIATION"
"40fd4a80-d127-4fb3-955e-73f9f9472b23","GENETIC DIVERSITY"
"f6946792-c833-4cd7-8fa9-717fa6b65d3f","GENETIC SIMILARITIES"
"d69a645b-3c82-476c-a3c7-551d1a62fae3","POPULATION VARIATION"
"f6c5c703-6b3b-4ed7-be3c-dbcc44ade28e","ALPHA GLUCOSIDASE"
"886877d9-5029-4f81-afdb-01b939e08ead","ANTIBIOTIC AGENT"
"f727d606-1cac-4c23-b871-9c821883039e","CHOLINESTERASE"
"1ead4eb9-2a96-434b-a0d0-492a549f646c","GENTAMICIN"
"e02f2bd0-9092-4a6b-bfd1-359e33fb3f85","BACILLUS CEREUS"
"b415a373-2cc4-4e36-b9ad-5dbd12c1b173","DRUG EFFICACY"
"d5976293-f4ec-43e5-9bce-70866e060620","ENTEROCOCCUS FAECALIS"
"d573e295-8c11-4157-bf42-dc268a0b1519","LETHAL CONCENTRATION"
"8fbdc197-9151-40c4-b3ed-14f8e9d9f3b4","MICROCOCCUS LUTEUS"
"4240d278-558d-4838-af7e-a062e8c4e9a0","PROTEUS MIRABILIS"
"54e58ce2-5b5f-4c2f-8a0a-6f422d7452c8","PSEUDOMONAS AERUGINOSA"
"604a7358-2766-4e2a-935e-cf34d67004fd","STYRACACEAE"
"0a235530-9034-4616-859f-837bfd252d4e","STYRAX"
"f0111964-2e6f-4e59-8eb8-698c1d8ba690","STYRAX GUAIQUINIMAE"
"74c9118a-dc33-445a-a63d-53a07975f105","ASPIDOSPERMA"
"d18c2f37-ba58-4c8a-a9bf-669f954a6d40","CHO CELLS"
"7cf7d954-d3d8-4115-a3a2-7212d3a3d3d2","CRICETULUS"
"b98608fc-9c60-41c8-ab42-e7b09ec412a2","LEISHMANIA INFANTUM"
"4b8a8fe4-ef7c-40b4-bfb4-d86da3d41fbb","LEISHMANIASIS, VISCERAL"
"cd6fbc2c-5f4f-42e4-bd8b-09d34347ab7e","10 METHOXYAKUAMMILINE"
"2d6c900b-8e5b-47a1-9cfe-411f900fc904","10 METHOXYDESACETYLAKUAMMILINE"
"0d0f08c0-ebc2-4d8e-9dcd-f246bd69cf83","11 METHOXYTUBOTAIWINE"
"decbba31-dd4c-46d7-941d-2d86f5754d96","19,20 DIHYDRO 11 METHOXY LIMATININE"
"1fdf4824-8421-4a07-8ac2-f7a5b2a382f9","6BETA HYDROXY DIHIDROOBSCURINERVINE"
"a5be359d-b091-433f-962c-55e7b212db60","ASPIDOALBINE"
"65744d6e-2940-4f31-afb3-1e6ec06dce36","ASPIDOCARPINE"
"3e2d9256-f2c1-492e-b3cf-050688028a8e","ASPIDODASYCARPINE"
"dc6940ab-54f7-4523-ab15-af62d573b64a","ASPIDOLIMINE"
"176bd25d-5ef2-4796-b5d8-1dcd151dd60c","DIHIDROOBSCURINERVINE"
"f0fa6581-87a3-46ce-9fc2-8d298e9ef515","E AKUAMMIDINE"
"bc9fa0db-d02d-44ba-96de-314f09fd96ad","N ACETYL N DESPROPIONYLASPIDOALBINE"
"7230bd98-3bc2-4065-a8a2-7a6423c24040","OBSCURINERVIDINE"
"993f8768-cd0b-413e-8847-5385e7d5eee6","OBSCURINERVINE"
"57039915-d017-4ae5-b2e1-e99eee92ac97","PAGICERINE"
"6959903e-1038-4347-ad2e-ec276399d16b","RHAZINILAM"
"a601c1cb-2732-4a6f-a1a7-69685b670678","SPRUCEANUMINE A"
"9664687e-2acd-4d3a-8170-3b9e1aaa1201","SPRUCEANUMINE B"
"0592cc58-569e-4752-b031-63f0381760e9","TUBOTAIWINE"
"9a9bee36-2f62-40d4-aa1c-bbd578361da4","ASPIDOSPERMA DESMANTHUM"
"cc0d7332-bd77-4f07-981a-d6ae31587d4b","CORRELATION SPECTROSCOPY"
"f470d1d8-3009-4dba-8644-ab32c8746522","HETERONUCLEAR MULTIPLE BOND CORRELATION"
"aacd0c02-b4b9-494a-90b3-0bfb8aaca573","MAMMAL CELL"
"8894f30c-ec1c-4f5a-a226-8fa3916d81c0","NUCLEAR OVERHAUSER EFFECT"
"3f3f3f2b-a4d0-467c-bb30-8b114dc84cfc","STEREOCHEMISTRY"
"3a2d9cff-2730-4a74-be8c-114ac7cf882d","CALYCOBOLUS"
"1bac4934-b549-401d-86d1-92441deb18ed","RIVER"
"fc54c5ae-d8bb-46e4-8076-0c6913594cbd","PIPER EXTRACT"
"42a033ea-b8dd-41d0-aaf3-2e8f73803e19","BACTERIAL STRAIN"
"7dbe7c83-f196-43ca-8c29-4bd2189fdeea","CANDIDA GLABRATA"
"aa2df6da-2860-4e67-8999-8ca5e9edd410","CANDIDA TROPICALIS"
"6ed2b67f-2cac-48c4-ac4f-cc8a8b77ba7e","FUNGAL STRAIN"
"cb341c4f-19a7-424b-961e-e33095b17fc3","INHIBITION ZONE"
"1712e9b9-ec45-42b2-935e-27f7b30cdfe0","AGED, 80 AND OVER"
"5ce4035e-ca55-43a0-acbf-3abf82a0a52a","ETHNOPHARMACOLOGY"
"42415ffb-3c2f-434f-9b98-efd251e8d4ab","YOUNG ADULT"
"c2cc5297-7a71-4127-acd2-0882744fa12b","BERTHOLLETIA EXCELSA"
"ebeafa31-2410-4d98-981e-158bc694533e","SIMABA CEDRON"
"4433f91d-d110-4814-9aad-8b3aea7c9f86","SIMAROUBACEAE"
"aa3ab8ef-7ccd-4617-94c3-bd15c8b8e244","AMPELOZIZYPHUS AMAZONICUS EXTRACT"
"4e43b10f-62b0-4e5d-8af6-6dc89dd3257f","ARTEMISIA VULGARIS EXTRACT"
"eeb86db5-5964-4de9-8c76-f23630044b73","ASPIDOSPERMA EXCELSUM EXTRACT"
"dc39a514-b385-4f95-8e0c-c1defd52fb26","ASPIDOSPERMA RIGIDUM EXTRACT"
"143743f8-4a97-4255-b837-5d867b3b97eb","BERTHOLLETIA EXCELSA EXTRACT"
"c4fdc792-00a0-4d6f-8723-b9b74abceb10","BIDENS BIPINNATA EXTRACT"
"1f87d5d0-21f3-4e44-9b06-1c7cc41b453f","CARAPA GUIANENSIS EXTRACT"
"fd8dd45e-5e23-400e-ae01-acb5b9d4123d","CARICA PAPAYA EXTRACT"
"48bd4d7c-45c5-448a-8d2f-383ef5f2b3c3","CEDRELA ODORATA EXTRACT"
"bbd852a6-77b7-449a-98b4-dcbbb92cd830","CINNAMOMUM ZEYLANICUM EXTRACT"
"4359c787-7d4e-4aa5-904b-8dd4a6eb3769","CROTON SACAQUINHA EXTRACT"
"5400132d-f518-4edb-9ebd-edbc720d416a","GYMNANTHEMUM AMYGDALINUM EXTRACT"
"44bc79d5-cf43-41ce-9c14-4b898e99ec1f","JATROPHA CURCAS EXTRACT"
"fc1a2719-3385-45a5-94d1-8a8f8e22822e","LUFFA OPERCULATA EXTRACT"
"0b64440c-8c7a-4029-bb35-8fb8d02a6d9e","MACHAERIUM FEROX EXTRACT"
"fd347285-414d-4859-86a9-d1a11919f57f","MANGIFERA INDICA EXTRACT"
"5ac0619f-8cf3-4c95-b631-a624a295feee","OPERCULINA HAMILTONII EXTRACT"
"e5b4f36a-aa6f-49f5-a4fd-0533822686c5","PHYLLANTHUS CAROLINIENSIS EXTRACT"
"09661d18-c9fc-46e0-9726-5ff65e04387e","PHYLLANTHUS STIPULATUS EXTRACT"
"3af9f852-ee01-4cad-b462-387cf9b0944b","PHYSALIS ANGULATA EXTRACT"
"722654f0-38d0-4e9b-a2bc-2016b8ce97e7","PLECTRANTHUS BARBATUS EXTRACT"
"56e8e522-7ff5-43af-9aa6-045eed51dc0f","RUTA GRAVEOLENS EXTRACT"
"d6b8e299-901b-4684-a0cc-232896cb9594","SENNA OCCIDENTALIS EXTRACT"
"87e93223-a9a3-41eb-9923-b22a97bda94b","SIMABA CEDRON EXTRACT"
"d773f888-53e7-4d42-b80b-3fb9804b203e","SOUR ORANGE EXTRACT"
"47c5c559-bcf4-4787-80c2-ebc9435c32dc","UNCARIA GUIANENSIS EXTRACT"
"b3cd135d-4722-4a85-bfde-08db066de05f","UNINDEXED DRUG"
"1e9cf602-bee9-47cc-9527-2c5898107291","AMPELOZIZYPHUS AMAZONICUS"
"47786e80-9f2c-4b3a-b5a5-0a8cdd3bdb72","ASPIDOSPERMA EXCELSUM"
"e1a7f4ab-cbdf-460e-a98e-f7b5425c965d","ASPIDOSPERMA RIGIDUM"
"9d7300fb-3ec4-4662-b6d9-acc334024bc5","BIDENS BIPINNATA"
"7e207322-98f6-4104-8b89-edb1a977b370","BRAZIL NUT"
"df810e4b-fbb3-4402-870a-4a060dafc55e","CEDRELA ODORATA"
"0bd2e78a-45a1-47e8-8aed-a3e7611de398","COMMUNITY"
"12a0d74b-f006-4438-abd4-9919f6590576","CROTON SACAQUINHA"
"71dc4972-82f5-4348-b236-0aa9528f971c","GEISSOSPERMUM ARGENTEUM"
"7e8e2a4c-3901-494d-8c92-95cde6408e45","HEADACHE"
"ac3d1ad8-4e77-42bf-a994-db5176929f4a","JAUNDICE"
"002dcbec-bf6c-45ef-938e-dff1a12eff6c","MACHAERIUM FEROX"
"7475e136-6398-407a-87d8-6a3d720431c5","MIGRAINE"
"a5918487-52dd-4215-9b5f-a05813125588","NAUSEA"
"c337cd8c-e7d4-441d-9c33-e45ba2e0b373","PHYLLANTHUS CAROLINIENSIS"
"7a81ac76-84a3-4cde-b978-9417907f2299","PHYLLANTHUS STIPULATUS"
"f779277c-05ed-4707-867b-ff44808fe3e8","RHAMNACEAE"
"e0bc1c35-314c-4454-9407-55a13b57850b","SOLANACEAE"
"7df0202d-a0c5-4dc3-bc23-933e44b58514","WEAKNESS"
"ec8b8a97-2bba-425c-90c6-eec909910a66","VERY ELDERLY"
"33f8c3c5-fd66-471d-8b8a-456905dede84","CAROTENOIDS"
"f74c20ff-f21d-4f2c-9cf1-524166a0a82d","FREE RADICAL SCAVENGERS"
"3ef26c84-dbc5-4c57-9bbe-30eb69ed2717","LUMINESCENT MEASUREMENTS"
"7bc26f86-0c27-471e-a5ff-6c15d6b479e6","PHENOLS"
"6f6c287f-13f4-4a72-a4af-a32d942a1c63","REACTIVE NITROGEN SPECIES"
"afbd7077-aa89-49e0-834f-502db7b58e8b","REACTIVE OXYGEN SPECIES"
"e4285a2b-3da6-4d1a-9567-1b86d39743af","SPECTROMETRY, FLUORESCENCE"
"f61499d7-9d5d-4f51-80fd-f938af712984","SPECTROMETRY, MASS, ELECTROSPRAY IONIZATION"
"11de4d90-40e8-4efc-8bc8-b3de2002ea22","BETA CAROTENE"
"ea1a0deb-f162-46dd-95b9-58b47ed8a6f1","EPICATECHIN"
"d920b390-a0b1-4522-9172-e1e80587343f","HYPOCHLOROUS ACID"
"71a3e2c3-bc74-4b3e-8c69-6bae94c20102","PEROXYNITRITE"
"92f071c2-1cbf-4653-80ac-e91dad68a542","PROANTHOCYANIDIN"
"00b3577c-ed93-4064-bc7b-43a31c83499b","SINGLET OXYGEN"
"bcaef31f-3bc4-4bc0-8dbe-6b72a2aece38","VISMIA CAULIFLORA EXTRACT"
"10c1900b-b2a3-4df1-909e-566a8815aa5d","ZEINOXANTHIN"
"8e73c494-307d-47a1-b86a-2115edf59c9d","SCAVENGER"
"466ee5b4-8c81-42a6-a4a5-5fa342c78957","DRUG ACTIVITY"
"a4cd7aa1-aebc-45f4-96f7-3c6adb8eb74d","VISMIA CAULIFLORA"
"6c8c172d-ed64-4ea0-ab77-da46c348579c","LUMINESCENCE"
"adde514f-81ed-4571-8a92-80b6e7c8ebf8","SPECTROFLUOROMETRY"
"60180868-d0ef-47bf-9553-49033a18fd6d","PHILODENDRON"
"5300e6bb-b0e7-4b95-a6eb-d5960686ef2e","PHILODENDRON FLUMINEUM"
"00759877-469c-4d4e-ae2a-4f152d84c527","AQUATIC PLANT"
"485f6a1e-10c9-4b3f-8d79-a0beee9e0587","MOUNTAIN REGION"
"63b42be8-ad85-4651-8b1c-bca9ee9efcaf","RELATEDNESS"
"0cf81a41-3230-467f-81c6-0a1337fddc55","ASCLEPIADEAE"
"69a12c09-ef2e-4691-9123-24f70d9eb106","ASCLEPIADOIDEAE"
"6a132fe8-4a54-45fe-9849-7c756f314fb0","METASTELMA"
"36f14e85-7cec-40dc-89f5-35a826028bdf","OXYPETALUM"
"7db119f2-1e82-4f28-bf97-3c224889ac16","TASSADIA"
"766acb7f-41ce-4441-b930-cf6b30a2a06d","AFRICAN CONTINENTAL ANCESTRY GROUP"
"3b7e8fbf-40f0-4c29-b912-3c8b3a55d6cf","MEDICINE, AFRICAN TRADITIONAL"
"72f942fd-4496-406d-9cad-24f5a57793fa","PLANT PREPARATIONS"
"2409aeca-4d0a-4651-b291-740beefa2cd9","RESIDENCE CHARACTERISTICS"
"97f1338c-dad8-4fad-9234-5a33ca5430dc","SURVEYS AND QUESTIONNAIRES"
"5d491007-c66a-4933-9bce-13669aa83780","ABUTA RUFESCENS"
"085516bb-778c-4013-a2e6-686467ec8e75","ASPIDOSPERMA SCHULTESII"
"7f42090a-dea4-4b60-bef9-4448853a293e","BANISTERIOPSIS"
"49bc80c8-bd3e-4ed1-96f2-708dd6a18e60","BANISTERIOPSIS CAAPI"
"c8d00f54-e67b-416c-be94-e90141554a17","DEGUELIA AMAZONICA"
"6a590e61-0b77-410f-b071-8e07bb461edd","EUTERPE"
"6bd224a3-f304-4776-b470-dcdb1830939f","EUTERPE CATINGA"
"30b3c1a3-5cdb-4252-8a38-b678a6d521d8","EUTERPE PRECATORIA"
"2750c22f-c464-4952-bec2-2c68ca6ee820","GENTIANACEAE"
"96835da8-e4ab-48e3-b2c1-01a225735421","IRIARTEA DELTOIDEA"
"524675ff-4ebd-4c5d-ba93-53eb9a751231","JACARANDA COPAIA"
"a48eb7ec-c7f8-49bd-9ac6-2e5f09f4b453","MENISPERMACEAE"
"186be4fc-d24a-4bee-9088-d1cdb1d2e001","PARTICIPANT OBSERVATION"
"2a130136-4096-4fe7-98cd-b44802fe0534","PHANERA SPLENDENS"
"3d90331b-8166-4e59-83ab-2de1120e8ac9","PHYSALIS ANGULATA"
"0ddb73dd-6ea5-4f8d-a4e2-09521a95f3f1","PLANT EXUDATE"
"4d1c4f6b-99d8-4d38-ad28-ac4dea89dcf8","SEMI STRUCTURED INTERVIEW"
"f49a1636-e890-40e5-8fd2-88199091cd56","SWARTZIA ARGENTEA"
"333cc9c9-357d-4429-936f-ff8fe6be887d","SWEET ORANGE"
"bf83fc8b-7eca-4a82-8511-cf339481ec69","TACHIA GRANDIFLORA"
"e803bf70-72ea-4b47-8dac-2bce45425b9f","AFRICAN MEDICINE"
"120a761f-6ad1-4d8e-817a-2fc52b9ba6ea","BLACK PERSON"
"4f4e3c04-a2a6-4624-b18a-76f4afa532a6","DEMOGRAPHY"
"fe6250b1-cdf2-489b-9d14-1d4cc452f23e","QUESTIONNAIRE"
"edc103a9-fe06-46e1-a1bc-70698b850f8f","MOUTABEA"
"c97724c1-e263-42fa-8fe0-43aee2f0770e","POLYGALACEAE"
"3686a233-eed4-4c64-a8dc-f1e120bf8eac","FEEDING BEHAVIOR"
"8254f0fe-7409-4e91-bfeb-28385e3541a0","SEED DISPERSAL"
"ebbb9602-82f8-4f38-b458-1761d582dfc8","ALIBERTIA"
"8cad0720-d93f-4a26-99bb-3685c7868222","APEIBA ASPERA"
"713e8421-4d11-4fd0-89ae-29afaed0af5b","BROSIMUM ALICASTRUM"
"7f121eb6-1ac5-4685-8b1a-522ce58d49eb","BROSIMUM GUIANENSIS"
"83599250-7fbf-43ef-85b9-fe845c48efdb","BROSIMUM LACTESCENS"
"53a1dd92-f788-49c3-a82e-aa2cf582b34e","BURSERA INVERSA"
"350f6d77-1e69-4ca8-90ef-7bd11af498ae","CANOPY"
"9e1c3a1d-8dfe-4ce6-a258-28768506d1af","CASEARIA ACULEATA"
"5de9cec0-0128-4d03-b05d-b6e85c689c51","CASTILLA ULEI"
"235f8644-d201-4717-9340-bf9a523285b0","CAYAPONIA GRANATENSIS"
"ec0adb08-0e34-435b-86ce-b34695782bd3","CECROPIA ENGLERIANA"
"487071eb-3d65-48fd-89cd-e5943cf1b416","CECROPIA MEMBRANACEA"
"3d995ff1-b18f-4d90-a633-f19c143a7449","CECROPIA SCIADOPHYLLA"
"62d680c2-2f14-4e86-9b87-73b5d8a3e5a4","CELTIS SCHIPPII"
"ef2c581a-5e37-4572-b87a-fa5a58b25016","CESTRUM RACEMOSUM"
"06c1d501-e05f-4dd2-a2ab-5de4c9fd6bee","CLUSIA NIGROLINEATA"
"c36232cf-1cfe-418c-ae45-a768675f492e","CLUSIA PALMICIDA"
"6eb3f446-5022-4fbd-b04a-142c837aec5b","COLOMBIA"
"5939289a-78a2-4c10-8a2e-24b30681b9b8","COUSSAPOA ORTHONEURA"
"b10e40f1-9ba7-42b8-ae01-30c5e537724d","CREPIDOSPERMUM RHOIFOLIUM"
"bef814c7-d00c-475d-876a-6cf4af1ed9a0","DENDROPANAX CAUCANUS"
"6f47e310-0365-4947-bae8-11392ca5406a","DIURNAL SPECIES"
"d5b23d09-acab-472f-ba0d-44dcb901d3d3","EUGENIA NESIOTICA"
"24ca9de6-9088-48f1-ae74-c833b3ea3197","FICUS DAVIDSONII"
"74919e8f-d258-401e-afa9-c88e01b01125","FICUS INSIPIDA"
"3b323ca8-5b0b-4eaf-a0c6-cf9edd61f0d6","FICUS SPHENOPHYLLA"
"270f8477-1baf-4909-b7e2-110b9656f089","FRUGIVORE"
"58eba32d-7c12-4aeb-b1c9-ff156143e3de","FRUGIVORY"
"ece141ad-2dbc-4c0b-9d26-d17bbc5a14bc","GARCINIA MACROPHYLLA"
"37e6a794-28bf-48ca-983a-552fd1141df2","GUAREA GUIDONIA"
"ef1ce72d-97d5-40f5-a0aa-83882defb999","GUSTAVIA HEXAPETALA"
"5ebead55-a412-4393-a25f-84d2b44d8431","HAPLORHINI"
"8d9789a8-f6cf-4c99-be32-fd6f4cd80afd","HELICOSTYLIS TOMENTOSA"
"2379cad2-7b83-4057-8476-317f2cac672d","HENRIETTELLA FISSANTHERA"
"522a7b3a-bc7d-403b-93b0-f024116a1b1d","HIERONYMA ALCHORNEOIDES"
"f43a6528-1d6a-41eb-9d2b-c6c45dbdab1c","HYMENAEA OBLONGIFOLIA"
"676087a3-f0fa-48ba-bf84-fcfef3d78003","INGA ACREANA"
"35fcf6c4-4f27-4af2-ae65-6ae2ea2a8ae0","INGA ACROCEPHALA"
"1ab26774-6112-4632-b63e-74ae2fe84871","INGA ALBA"
"6d2f6cb5-f821-4c77-8aa1-d2e99cedf255","IRYANTHERA LAEVIS"
"00362d62-1d15-4526-9be8-4d4020f2a071","JACARATIA DIGITATA"
"0bb09d85-05a4-4269-850c-390dc73dd162","KEYSTONE SPECIES"
"50ad5eac-acc1-4786-a344-d4e3372c60b9","LAETIA CORYMBULOSA"
"792afcd7-86da-440b-b42f-e84322d8fa2c","LAETIA PROCERA"
"9bda695c-0b92-4d6d-b85d-7f4c7ca1569f","LEONIA GLYCYCARPA"
"ac647bbc-7007-464d-9feb-84170a1692f0","NECTANDRA MEMBRANACEA"
"c300f45d-616e-42de-893e-7e9c8e85d2a3","NEEA"
"2ab0a108-5e9e-4a94-9dd3-569ebb947f20","OCOTEA LONGIFOLIA"
"3b5b3101-4287-471b-aaa5-9d4354d03feb","OCOTEA OBLONGA"
"dd4b01ed-6945-433d-8b03-d60a152794d2","OENOCARPUS BATAUA"
"3e7f1fdc-4ab7-4836-8a5c-667f109da336","OXANDRA MEDIOCRIS"
"085ed69e-336b-4532-8205-ddfd822480c4","PLANT PRODUCT"
"587a0d61-96bf-48a3-88f4-39dff8573505","POPULATION ABUNDANCE"
"fb5174db-fee7-48b4-a168-af4abf854384","POPULATION DISPERSION"
"504a603f-1f70-424a-a202-7d89bb017788","POUROUMA BICOLOR"
"3e0fa2ab-8d04-49d5-958f-0f06720df092","POUROUMA PETIOLULATA"
"4938a701-8583-4d6d-bcac-83090c3d9492","POUTERIA CAIMITO"
"9736c01a-8b45-4625-9744-f5345c18ce6c","POUTERIA PROCERA"
"44daa11e-66a2-4ba2-8b05-2d773d95f79b","PROTIUM GLABRESCENS"
"29a27fc0-ecd5-40ee-9574-adad8045dafd","PROTIUM SAGOTIANUM"
"0257e442-4478-4176-a3ca-22b9ee2bbeef","PSEUDOLMEDIA HIRSUTA"
"f904a29b-82b0-4852-9105-1ebb5c76a1b6","PSEUDOLMEDIA LAEVIGATA"
"525dc4b7-bd47-4c04-bb9f-7ac393dfe3bd","PSEUDOMALMEA DICLINA"
"92ac32a3-43bd-477b-a267-55f3818a199c","PSITTACANTHUS CUCULLARIS"
"486d298f-2fa5-4c9b-b3f6-2f627b000176","RHODOSTEMONODAPHNE SYNANDRA"
"4fae337a-2c0c-47dc-ba93-58e6cb58bbb6","SAPIUM LAURIFOLIUM"
"a006e174-787f-4033-abfb-093ee3e22aec","SOCRATEA EXORRHIZA"
"09ba6635-14ad-4670-9f6c-50ed1b07aa72","SOUROUBEA SYMPETALA"
"0e1fbdf0-4f35-40c6-b713-42a4473e152e","SPONDIAS VENULOSA"
"38e2b94e-0a0b-4a73-81b5-7d5207db7f20","TALISIA INTERMEDIA"
"9db1724e-6b8b-4db3-bdab-ba6e16254dbb","TRICHILIA PALLIDA"
"40295bd2-1c39-4d93-a92d-1d16d14cee0f","TRICHILIA PLEEANA"
"e8009c91-55ea-4aae-a055-1fde09f737c2","TRICHILIA TUBERCULATA"
"b18e14b2-0f30-4438-80dc-bb579c492270","VIROLA CALOPHYLLA"
"267db259-9463-42bf-a24b-407a45cf9341","VIROLA FLEXUOSA"
"ae280a05-5510-4416-a6a7-6223d026c549","VIROLA PERUVIANA"
"da6e27ae-8a64-42af-b9b9-fc266df35893","FLUOROACETATES"
"479976b7-3e14-4960-8dc9-04678ead14df","RABBITS"
"8822d284-afff-4256-907e-273fb0f0ee15","FLUOROACETIC ACID"
"5dfc67a0-14ff-42d7-86ff-e2cc4011b8ad","MONOFLUOROACETATE"
"628fd5fb-3aca-494d-9a4a-ba1400a2de57","CONCENTRATION (PARAMETERS)"
"7e08169d-55a1-4c41-bf9c-7e579f2e395d","DYSPNEA"
"fbca2ac3-79e8-4ee0-99eb-2ffd1d7b34d3","MOTOR DYSFUNCTION"
"a5e5b2a3-c578-484e-bbc9-9c2aed99c0c1","PALICOUREA CROCEOIDES"
"be3b8e09-f3ed-4769-ab39-ef716d2b9b78","PALICOUREA NITIDELLA"
"22dfd9d4-5982-4dc2-8c48-007b0c56a413","RABBIT"
"5ca67efe-cedb-4656-9ea3-edc899b37aa2","RESPIRATORY DISTRESS"
"ceae757c-cc77-4235-80a1-94d6ce0a095e","SUDDEN DEATH"
"db92e637-0d9b-43d5-97a0-9fd4031432a2","TACHYCARDIA"
"71ce99d2-bf8b-41f5-852c-bb6625cde18b","TOXICITY"
"737e1322-d6e1-41b0-bdc1-55c20738f266","RABBITS AND HARES"
"d6431720-32a2-4b14-9605-3beacd67212e","MASS SPECTROMETERS"
"edf4f706-aa53-4227-a5f2-face239f4b2d","DRUG PRODUCTS"
"c123f1ad-5ff0-45f8-99e7-1afc5ba591cf","PLANTS (BOTANY)"
"b1d24758-a3d1-489b-8f83-2bd0dfdfa267","SPECTROMETRY"
"d6d9db1f-3161-46cd-b0fb-d3e70de5331d","ACCURATE MASS MEASUREMENTS"
"11668890-5471-4d01-9841-5e91666a55f9","ILLEGAL PRACTICES"
"b470cd48-8d94-4a13-be72-fe6d65f68486","IONIZATION TECHNIQUES"
"6944a8ee-9da7-489a-a172-d097ed1ee28b","LEAF SURFACES"
"eb75be0d-5730-44e6-95ca-2269df223995","MASS SPECTRA"
"b5641917-7969-471c-b720-488bb3a453de","MS/MS FRAGMENTATION"
"7fd0ddfb-6f74-4d61-916c-53e3e52be092","PLANT SPECIES"
"27c0858d-e495-4a1e-99cf-1b887cfc5bd0","RELIABLE METHODS"
"8e45d900-ae5a-4f3e-bd56-5d164d412d93","PLANT DISPERSAL"
"18607e0e-2880-47df-80b4-d0173b756bb2","POWER PLANTS"
"a0273a5b-5af4-4c0f-9789-2a2b4051eb04","ELECTRIC POWER PLANT"
"528b31bf-8c97-4a3f-a4f4-f50363a230ca","CATASETUM"
"1e186819-81cd-4676-b4e4-cdd9b83b8bad","CYMBIDIEAE"
"26808117-bc41-4f99-98b3-edae2aa82e18","CAPSAICIN"
"754a72f0-ddfe-4188-8512-563880bc82fb","PAIN MEASUREMENT"
"bd5494d1-f937-45ef-b049-4b8225a65c8e","ANIMALIA"
"cf9ae6a0-298f-46b0-a1a1-59b271eeee8e","MUS"
"035addef-67eb-4c26-8f8f-c1519c2cb59b","3' FORMYL 3,4' ,6' TRIHYDROXY 2' METHOXY 5' METHYLCHALCONE"
"28038efb-c674-4c6f-b0be-3f7162afb438","8 FORMYL 3' ,5 DIHYDROXY 7 METHOXY 6 METHYL FLAVANONE"
"24041d70-cbf1-49f2-bd6f-5a66f44625c5","DIPYRONE"
"ed5d7580-d6d0-432a-a263-965d5c745efa","SUBSTANCE P RECEPTOR"
"2660cc1c-48ad-4948-8627-8c76307070dd","CHEMICAL BOND"
"de3a36c8-f4da-4996-9035-ac385b23fc23","EAR EDEMA"
"7ff29e05-2fd1-48b5-8f9d-78ebdd22b0de","EXTRAVASATION"
"b498776d-f2c1-4c9b-bd30-0f7c6c05896d","HOT PLATE TEST"
"b211e596-1d14-4ab3-8b26-b91abe432318","IC 50"
"639562c3-9a90-4f70-bfb3-9b76d1a072c7","OXIDATION REDUCTION POTENTIAL"
"cd7aaefb-d318-49fa-9d0a-6059239f3e81","STIMULATION"
"afc6926d-5d98-42d9-9b58-2f11e58171e5","ECCLINUSA"
"208dde9d-b0e7-49f5-af5f-8c7204425772","BEETLES"
"d5a06236-944b-4650-b382-9824048dd0d1","HOST SPECIFICITY"
"74405e02-6feb-453e-a374-ce2f66602aea","HISTOLOGY"
"a5e8f6e8-cbdf-406e-95fb-29925f526b87","HOST RANGE"
"6d3eab05-3126-442b-b349-4c5cc0decb84","HL-60 CELLS"
"fe9dd93f-14ce-45fc-9298-63b4b89c268d","NUCLEAR MAGNETIC RESONANCE, BIOMOLECULAR"
"35d35bae-60d9-4262-b1d8-089abeda4b0d","3 METHOXYDEMETHOXYGUADISCINE"
"3131b74d-4d18-43c7-b38e-63ca11faa226","3 METHOXYGUADISCIDINE"
"e89b1cfb-aa18-4d0e-bfd5-b8490cd0c34e","3 METHOXYGUADISCINE"
"33103535-8336-4e1d-95b1-15a4d2c331ff","4,5 DEHYDRO 9 METHOXYGUATTERFRIESINE"
"36541b3e-d9fc-4bef-993a-25cdf51b4872","4,5,6,6A TETRAHYDROMELOSMIDINE"
"406f16c7-bafd-4c4c-808b-c77b0fd641cd","6,6A DIHYDRO 9 METHOXYGUATTERFRIESINE"
"a9762265-9a75-4d0d-8df8-89cd421c69d5","7,7 DIMETHYLAPORPHINE"
"a5ef133f-168c-48a0-af7c-6be0f7e83c4c","9 DEMETHOXYISOGUATTOUREGINE"
"f77410a3-384a-43c4-b1a3-e6ffbb06d580","9 HYDROXYGUATTERFRIESINE"
"25084d72-a2de-496a-8726-0056b530ac1e","9 HYDROXYGUATTESCINE"
"a11dc19b-90bc-40c8-8a5d-7e5230b66791","9 METHOXYGUATTERFRIESINE"
"0de5b87e-1489-4aed-b879-ec04286f6882","9 METHOXYGUATTERISCINE"
"7017bb56-6688-4904-afb3-fdb16adbe951","CYTOTOXIC AGENT"
"603f4e38-5746-46a7-941c-b3d4bf803c17","GUADISCIDINE"
"5622a1f0-4885-4ae6-b9b4-58d212810026","GUADISCINE"
"f5146bdc-2417-4fd1-9b62-909659121a18","GUATTERFRIESINE"
"52326099-e2b1-499c-bdd8-8d2f6eb2053b","GUATTERIA FRIESIANA EXTRACT"
"90e13775-4872-4e39-b1fd-73187deded4f","GUATTERISCINE"
"fd2ab339-f3f6-4670-ac6c-5318cd661425","7,7-DIMETHYLAPORPHINE"
"ae3111a1-b549-46be-84eb-b95984534ba6","CIRCULAR DICHROISM"
"f086d8bb-67f3-4272-9ad1-c4e1139ceb18","HEPG2 CELL LINE"
"c4745dc1-4437-45fa-a58f-44a7a7c491e6","HL 60 CELL LINE"
"a8c1cc5a-83b2-4f7a-bbdf-02157c7da633","K562 CELL LINE"
"3f4243fb-2f4a-46e3-b02a-ff1806986dd6","PERIPHERAL BLOOD MONONUCLEAR CELL"
"f16bb942-5937-4a85-b17c-142894540292","ACTIVATION ANALYSIS"
"6beeffff-272f-4b73-a685-63554fc72734","CHEMICAL ACTIVATION"
"d4b1f5d3-193d-43a3-872e-7c6e0d4e70ec","SEMANTICS"
"29b297e7-ea90-4c2f-aa6c-ec353e0cdc6f","TUMORS"
"0ee7e0b5-4e64-4a9f-94ee-bac0e93f00c3","ACRIDINE ORANGE"
"720cf187-7da4-4326-bbbe-f643c8243d1f","BETA PINENE"
"11473d0c-cb0e-41a3-a28a-0743afefef8e","CASPASE 3"
"1cfd9e4a-7df7-4c3a-b7b7-e6b5630e0e9f","E CARYOPHYLLENE"
"51c74c79-2db1-4879-bd9b-ae05323f3cb5","EOSIN"
"ed3dbbbf-edab-4986-8ac3-f1d1f5bd71d2","ETHIDIUM BROMIDE"
"1b6ec316-cb20-4e16-85d3-76af09354f47","HEMATOXYLIN"
"91e9bc97-57b0-412a-b7b2-f5b337f6aae0","PINENE"
"2df22d5c-d296-42e7-ad06-53265564af4b","TRYPAN BLUE"
"150c533c-7a55-45f9-aeb0-fd0c822dee39","APOPTOSIS PATHWAYS"
"3a3e9739-4bd8-4f3a-99db-1ab325a52e2d","CASPASE-3 ACTIVATION"
"53bfd4ad-9421-4923-8717-b52508934a27","GUATTERIA BLEPHAROPHYLLA"
"03bd6c59-4bad-420b-9aeb-c71132cf3bcc","GUATTERIA HISPIDA"
"3e613709-3024-44eb-abc3-67812c7b8c32","LEAF ESSENTIAL OIL"
"cbbb7b7d-4f97-4cf2-8601-16d88c8b1b38","MORPHOLOGICAL ANALYSIS"
"6e42a8b2-db1a-45df-a26c-5856d4c2d6bb","PRO-APOPTOTIC EFFECTS"
"09642a3a-5b8d-4360-90fe-5fc27a944795","CELL PROLIFERATION ASSAY"
"c6a2b12d-f884-4502-bf84-75a48c05cdca","CELL STRUCTURE"
"4baf76b0-b096-444e-91d0-ec1d6469d2f2","ENZYME ACTIVATION"
"9523470a-faa5-4034-a7a5-e664a62cd345","STAINING"
"b0cd74ae-3f54-4438-9831-3db98ec6c29a","FLAVANONES"
"fc42c561-9f1f-4cd7-aab9-cfd8c835ef94","PIPER CARNICONNECTIVUM"
"3bfddcd1-ba53-45ef-8105-9f19b0444184","CYTOTOXIC"
"841c3f82-82ed-4300-8e78-8cf999dc425c","NON-AROMATIC B-RING FLAVANONE"
"7c4730b5-c995-49b4-b2eb-0bd10bc294f3","5-HYDROXY-2-(1',2'-DIHYDROXY-4'-OXO-CYCLOHEXYL)-6,7-DIMETHOXY-2,3-DIHYDRO-4H-CHROMEN-4-ONE"
"bdb412d0-3b6f-429d-9093-9c65b729fc11","5-HYDROXY-2-(1'-HYDROXY-4'-OXO-CYCLOHEX-2'-EN-1'-YL)-6,7-DIMETHOXY-2,3-DIHYDRO-4H-CHROMEN-4-ONE"
"3ed360fa-087e-4209-bafd-17b09051e71a","5 HYDROXY 2 (1' HYDROXY 4' OXO CYCLOHEX 2' EN 1' YL) 6,7 DIMETHOXY 2,3 DIHYDRO 4H CHROMEN 4 ONE"
"dd117d8f-34ce-418e-8b0c-724c6fef1a2e","5 HYDROXY 2 (1',2' DIHYDROXY 4' OXO CYCLOHEXYL) 6,7 DIMETHOXY 2,3 DIHYDRO 4H CHROMEN 4 ONE"
"8b92eeb9-e1ef-4c5a-9a12-65cbcd519db1","FLAVANONE DERIVATIVE"
"a1926694-29d6-413d-82b2-ac03cda4941a","CALLITHRIX"
"794e5232-6fbe-4ea1-83dd-567cacded19d","FARAMEA OCCIDENTALIS"
"f89bb8c2-983d-4146-ac2a-54e7fe965c90","ACARICIDES"
"3c5b0ad0-ad93-4911-93b6-2c9d9b7d1f48","CURCUMA"
"c8b4c1ac-e34f-455b-b258-aec8407d27ac","LIPPIA"
"2e0ffb85-939a-4d77-9846-a975927ec39d","RHIPICEPHALUS"
"f0e863f1-ceaa-46bb-8830-a9c568a71d4d","TICK CONTROL"
"ac9b3cb4-c73b-441e-b97e-9785b94dd907","TICK INFESTATIONS"
"96725a4f-a636-42eb-bcba-1c189e4b7e98","CURCUMA LONGA EXTRACT"
"02388337-23b2-4e30-a0a0-baa3ea71e991","DISTILLED WATER"
"e808437c-a070-423a-8a69-5bdf38df75dd","GINGER EXTRACT"
"b08b0540-9b85-4a49-b87e-bc2702bd5183","LIPPIA ALBA EXTRACT"
"ba4f0297-0a55-455c-97b2-083f9a186774","LIPPIA GRACILIS EXTRACT"
"7a70369d-58ae-4c1d-85be-3603dd050ab8","LIPPIA ORIGANOIDES EXTRACT"
"f33d9a43-dcb2-4761-b01d-09889a8ea6c7","LIPPIA SIDOIDES EXTRACT"
"dd79d9a8-95cf-44b4-be74-fb247333614b","MENTHA ARVENSIS EXTRACT"
"d82ea7b4-96ee-4a87-8a3f-3aaddf3d8232","PEPPERMINT"
"dc857036-6f34-4fbf-8ce3-7f7da26bcaab","TURMERONE"
"54015260-b132-46d4-8077-51f31dde8747","ACARICIDE"
"6ce8fefc-af1a-41f6-9ca8-2e85ad9e8ab7","LC50"
"ef48d813-c397-4022-9532-ae498f31b7fd","LC90"
"af81309b-6311-4cb1-84d2-0a38149650ac","LIPPIA GRACILIS"
"1a172104-f410-4410-a0ff-3f3be810d67b","LIPPIA ORIGANOIDES"
"919a822d-b76f-4086-8d14-776d39e235f1","LIPPIA SIDOIDES"
"36f2334d-1da2-4126-a2b8-29d775ff6c7e","RHIPICEPHALUS (BOOPHILUS) MICROPLUS"
"73b30296-ffb5-4910-8dd5-74e858932646","RHIZOME"
"da4bdb10-b2d6-4af8-b539-501fb94b34f6","TICK INFESTATION"
"fa39f256-cd59-4b72-8603-994d950adfd2","VETERINARY"
"2956cbcf-d2d8-422a-a3f8-778cca6665ef","BACCHARIS ALTIMONTANA"
"5ea18bfe-030e-4c22-8fea-b0b78479a6d3","EUTERPE OLERACEA"
"e7036f01-9533-48c5-9bcd-54b00a13e634","HERBAL TEA"
"745b0f30-d7aa-4716-ab4a-4cd6aa04b0a0","HYPERTENSION"
"c02e0587-105a-43ae-abeb-84f7bda324eb","META ANALYSIS (TOPIC)"
"f566eaca-c692-478b-b1fa-b1b49005a8f2","PILOCARPUS MICROPHYLLUS"
"11fc0ab5-1008-4715-b3c6-753614796217","PIPER CAVALCANTEI"
"1ba10022-ae0d-4455-91ef-ebac7d33150b","PSIDIUM DENSICOMUM"
"2dbe2bb4-15e2-4f9c-8fe7-a07678ef3706","STRUCTURED INTERVIEW"
"70b9da1f-cfac-410f-937f-5e469b3774fb","THEOBROMA GRANDIFLORUM"
"19825464-bed8-4dfb-aa0e-38193db1eb95","DIOXOLES"
"43c7e388-f90d-4988-94a1-86d89aeb2802","UNONOPSIS"
"1f80d81e-6850-4940-8d27-0c4e969b283c","ELECTROSPRAY IONIZATION"
"2b1e25fb-7320-45d9-bd5b-8fed7c7d2241","ALKALOIDAL PROFILE"
"b56cfca7-2558-4515-9bfb-bd08bd9d7d4d","ESI-MS"
"926e9268-a034-4257-8a9f-0700d7ebb9c5","GLAUCINE"
"1e355eff-1b23-42b7-8b20-c33b8749fedf","NORGLAUCINE"
"14da1267-047c-4411-853e-02f7e2ac599c","PROAPORPHINE"
"e5b06b4a-c4e3-4fa4-b6c7-c98cac676464","ANONAINE"
"c8a55754-66f3-419b-b19f-6b9f6f07a202","ASIMILOBINE"
"64008fbf-4b5e-4371-97fb-5c4eff090692","LIRIODENINE"
"0abd7196-7749-4a15-b53c-22d28f60064f","LYSICAMINE"
"df42fdad-313b-44c9-a8d0-62fa3e909c27","NORNUCIFERINE"
"1eb65382-ceb6-410e-8247-5e6708c5b385","UNONOPSIS DUCKEI EXTRACT"
"b8d8a9f7-1953-4b0d-a253-50e8fffdabb6","ION TRAP TANDEM MASS SPECTROMETRY"
"053a2fb2-75e7-4d25-aa60-bee4b3f03981","UNONOPSI DUCKEI"
"f2870bd5-17b2-4530-bed6-fe4ac33d340d","ELECTROSPRAY"
"a8fe2a9b-4b4a-4070-bf98-aa03ff5ec4bf","ION TRAP MASS SPECTROMETRY"
"2376e3b0-dd17-4980-88bc-3c79e681f04c","EXPRESSED SEQUENCE TAGS"
"dc9aa1d9-18d4-4acd-b8a6-58582626f7d3","MICROSATELLITE REPEATS"
"603d8248-2a06-4474-9d2f-3d7b1b865476","POLYMORPHISM, GENETIC"
"6d5a435e-ce4a-4aa3-88b9-09132b24bb5a","PRIMER DNA"
"86c3be11-0610-4c60-a840-7bb33129349c","EXPRESSED SEQUENCE TAG"
"36320d0d-47f5-43a9-a507-99c9124daa76","GENE AMPLIFICATION"
"31fce3db-4d11-494e-92b3-f284e3ca99e0","GENE LOCUS"
"1e7c7bd9-3ddd-4964-80af-3c431be3ee82","GENETIC POLYMORPHISM"
"5d16e83a-54eb-4b4f-8d48-3e0960dac510","HEVEA BRASILIENSIS"
"b0dd57f3-34ef-473b-bab2-1b5c9552e528","HEVEA CAMARGOANA"
"cd0e9fec-1f98-4a07-ba09-3d2cf53aeff6","HEVEA NITIDA"
"e5d9f389-64fe-419a-918e-1045db677a9b","HEVEA PAUCIFLORA"
"81c38ea9-1bfd-412f-947d-bc48aef1cbf6","MICROSATELLITE MARKER"
"b64a7301-b4ad-4aae-aef2-23a03746dfcb","NUCLEOTIDE SEQUENCE"
"3e8885db-bee0-4581-a4e4-30e153c67674","PLANT GENE"
"6ac9fd4e-ac49-4162-bf3b-055e65355d21","SIMPLE SEQUENCE REPEAT"
"49867903-72a8-4718-830e-14e7eac106f7","CUBA"
"32b461ef-2ef9-43f7-88c9-9764ab68cfaa","FAMILY"
"58cc3c4d-c5eb-4cc3-ba7c-15798a34381f","MENSTRUATION"
"1b6158d5-5cea-409b-8191-bed8b16ac4a9","REFRACTION INDEX"
"8f29bdb3-4378-4c35-8fc1-8137910b057a","RELATIVE DENSITY"
"fa2eb370-7c94-46b8-8de1-ebe0c6ed9979","SPECIES"
"06e8643b-e0bd-4b84-8560-9152d172ba40","TINCTURE"
"134b0633-1bd3-460d-b219-0e55f4a26eb2","ULTRASOUND"
"1d6eaeed-1ebf-4186-9071-f6297f839aa6","AMAZONAS [PERU]"
"1faa0474-7744-4486-82ab-0865cf68f31d","EPIPHYTE"
"4d382190-a527-4fe5-b6ae-1b7831f6efa3","HABITAT FRAGMENTATION"
"86fd0c5f-d9fc-4771-9e84-3f88084ea998","HUMAN ACTIVITY"
"3fdae477-4ac0-46cb-971b-a3d5f5bb501f","INJURY"
"17467def-26de-4d1f-956e-8a3e66799c5c","RESEARCH WORK"
"68e290c5-9df7-4165-839a-22b158d17779","SAPLING"
"31478e12-8f52-40e7-bf01-17e08410ed24","TRAMPLING"
"4678bdc6-3bb3-4087-a4a3-a3bb43a4e3f3","TROPICAL ENVIRONMENT"
"1a955049-1800-4589-9a83-e1681a0c3f45","CUSPIDARIA"
"a768dfcf-4611-45c1-b860-75a0f1529af9","TYNANTHUS"
"c6706015-dab9-40ed-b84a-a014e33f8f6b","TYNANTHUS POLYANTHUS"
"780cc5d9-8f42-42c3-9cad-f84bfd58a7eb","PIPECOLIC ACIDS"
"76c5d21e-5102-4a6e-b542-8f2db9cd251c","ALEXA"
"bbb540ca-3373-425f-958a-89c382455078","ANGYLOCALYX"
"ddc77f70-ee5a-4780-90fb-5ab38edeb9e9","CASTANOSPERMUM"
"757d1dd9-5224-438b-8331-8cc3f1b715e0","DIPTERYGEAE"
"8a41b66f-e02d-48cc-b8bd-4b26611644de","MYROCARPUS"
"1bb11b13-2e1f-4e58-9c68-39cbb35aad0c","XANTHOCERCIS"
"72fde472-7118-4cd4-b1de-3ac7b0b0e8f9","4,5-DIHYDROXYPIPECOLIC ACID"
"56329d22-7c4a-4902-a18e-a160f4d89dd8","PIPECOLIC ACID DERIVATIVE"
"8c647fd2-71e3-4c4d-bffb-5b4601c7c8c8","CUSPID"
"6367878e-4eac-4fee-83bb-5edc37e394f0","DENTAL PROSTHESIS"
"36c14ca4-4b21-40bb-9902-92ab9de4e006","DIET"
"1993904f-98d7-424a-8751-0ff7abe139b6","FOOD ANALYSIS"
"28ccf90c-23f9-402e-88c5-d6dd359b5615","HARDNESS TESTS"
"84b194fc-a287-40ac-a259-1a3ffb27d785","PITHECIIDAE"
"d81af090-b9c2-434b-aa4e-22742d428cf3","CANINE TOOTH"
"1dcab994-6712-4f87-bb5a-54b94a275ad5","HARDNESS"
"9c2f8523-d138-4305-b8d1-5d419145caf3","TOOTH PROSTHESIS"
"5191aa66-5936-4f0e-beb0-3bf63899692e","BROMELIA"
"974bab01-e697-4227-af8a-d05e1805d4fb","NIA"
"4fcd182f-a798-4bfb-8d60-0d65e902a5ce","SESQUITERPENES"
"3975d55e-6db9-4728-8610-27bef60f5e03","BOCAGEOPSIS"
"52174854-3270-4bf7-b012-e4bd867709c9","ENTEROBACTER AEROGENES"
"d949790c-6921-423b-82c1-a6b601c2d6eb","BETA-BISABOLENE"
"e31619a1-92fc-44f6-8bf2-f1b87645bf49","MICROORGANISM"
"4a81f730-2999-443c-87c8-9f8d88437dfe","GLUCOSE"
"300fcc9f-4239-4697-8630-8db681109a4e","LIPIDS"
"827768a4-0035-4efd-bdcb-9b2815384fac","PLANT NECTAR"
"871dfa32-ecb5-4129-92f1-11e46510ec0e","TRICHOMES"
"5fc502e8-27dd-4573-ad95-b8881f4f733d","LIPID"
"2cfaa746-f15a-4dac-ad58-b1c24d629275","SECRETION (PROCESS)"
"1530742d-533d-4c67-a24b-5de76e164d2e","MACACA"
"b1e89090-b68a-40dc-a250-b79510d7ec8f","ARGENTINA"
"fe328c46-2087-41aa-9bcb-537e88d2cc10","WEEVILS"
"23621d0e-9b98-43ff-859e-e83a3e80e6e4","WEEVIL"
"9fed1ef4-0600-410e-972a-3a83120178f3","DIETARY SUPPLEMENTS"
"86f13f66-9fe0-4865-b037-1bf1a2373093","AGENTS"
"67cee9f7-947e-4de5-9076-cf7981c2c428","NUTRACEUTICAL"
"2f3cc079-b9e4-4492-b07c-6cceb5ffc5a1","AMAZON-REGION"
"b88b1fc5-0bb5-4750-9173-11e5f0640947","NUTRACEUTICALS"
"c131f6ff-012f-4d1d-bda3-e8b6942f9e4b","POSTHARVEST"
"4fee46ea-337a-4464-b86c-dd1d328216cf","REDOX HOMEOSTASIS"
"cd93de56-89a6-4b27-83ef-905664520d38","RIPENING/SENESCENCE"
"c8649afc-a18f-41fb-9557-0a9d6877a1b1","ACIDITY"
"5684ba11-ace6-4610-a448-ae60935cfd60","BYRSONIMA CRASSIFOLIA"
"e7193a0b-3de1-43ba-8bb9-b3cc66ac4f1a","DRY WEIGHT"
"a71ebe8c-aaf0-49ac-a500-14dc3cbeb191","EUGENIA STIPITATA"
"68bbced6-7ea5-4b0f-b794-9d3ae8848436","FRUIT RIPENING"
"b82709a1-d9a5-42fc-ab0e-b7077cb23da5","HOMEOSTASIS"
"5cdd2b2f-51db-4d47-991c-ba3be09fbfad","MAXIMILIANA MARIPA"
"8bcaabd0-b313-41e3-9851-c72a4893b042","POSTHARVEST PERIOD"
"a7db1b7e-ba79-4c74-b425-0353b509f99c","SPONDIAS LUTEA"
"acb6ec57-07c2-476a-9063-638b3da51f2c","DIET SUPPLEMENTATION"
"909614d3-706a-4703-b255-35691734965a","1,1 DIPHENYL 2 PICRYLHYDRAZYL"
"e6160853-bfd2-4bc7-b7ed-b1ca68a1a436","ALPHA MUUROLENE"
"84a70ec6-e150-4d18-b3ba-f58b528404d5","AROMADENDRENE"
"6fb61585-ec5a-49ab-820f-8bd4faae4d81","BETA ELEMENE"
"d218d80f-8aea-4d1c-af88-23f7b3506546","BETA PHELLANDRENE"
"cb449e0e-7db6-4500-aa2e-0f5a187ff377","BICYCLOGERMACRENE"
"c04c8888-6da4-4be8-8081-5043fe9e9553","BORNEOL"
"56d4a988-9d57-43b4-ba5f-4b778c4fccd9","ELEMOL"
"4c4188ab-62ec-4bda-b4f1-6690b7224a37","EUDESMOL"
"58c8f0af-7406-4f21-8fb4-bd79dd0f245b","GAMMA CADINENE"
"a1fd6b6f-f192-4845-b90c-941798050401","GAMMA EUDESMOL"
"63759104-3568-4d45-b53d-c85bcd3bf3c9","GAMMA MUUROLENE"
"543dd89c-a1d6-4844-8ff0-1e77f91bcfa2","GUAIOL"
"acca9a5d-9d40-4fd8-ab74-22f72814695e","OCIMENE"
"e5968bd3-0bea-4079-bb36-f1cceccbf78b","PARA CYMENE"
"cab15f35-7648-4d3c-bc19-91e20f3b1281","SESQUITERPENOID"
"bcf3b37d-967e-4edb-a112-7de06ef962ec","TERPINEN 4 OL"
"c2d23f5b-aaf0-4adb-b791-8cb0bab580d1","TERPINEOL"
"e7c8aaf6-0565-46db-a763-ac4446e11674","CHEMICAL FRACTIONATION"
"22749987-5914-4b51-a7bb-fb58133fa350","HARMALINE"
"45877c2e-cd28-4bd2-acb7-4ecd26530d1f","PLANT COMPONENTS, AERIAL"
"f2347ad9-8afc-4be7-8ee4-ca59d1e473a7","MAGNOLIALES"
"6bdfa7fe-507c-47c7-99ba-51d4a56f624e","BOCAGEOPSIS PLEIOSPERMA EXTRACT"
"e0309f23-e933-4172-9951-27d7666ed4c6","ISOBOLDINE"
"019b7a24-bff5-4e05-b0c9-15de5a712e15","LAUROTETANINE"
"d16b0834-3ee8-4162-8b67-4f7309ffe746","N METHYLLAUROTETANINE"
"bde83467-12fc-4b0b-b209-3ac25f8c5d1f","RETICULINE"
"63e2859a-6745-474c-b58c-a618928d210a","STEPHARINE"
"9ee959a5-8166-44d0-ba54-b4a562b9757f","TETRAHYDROHARMAN"
"c17653dc-b047-4dd9-b0e9-f597e239d9a9","TETRAHYDROHARMANE"
"94770095-90e5-4cf1-94ee-11e7927e66ad","GENUS"
"7a3b75db-3d8f-4471-ad6b-a12e5bde348f","PLANT STRUCTURES"
"3bf0c5d4-9128-4671-b5f6-438ed45dd758","TWIG"
"c7c1f524-cab8-435c-8140-a73aa013bc42","ANALOGS AND DERIVATIVES"
"4acbf0b2-3be1-4058-8c34-083f1a4c8bcb","REGRESSION ANALYSIS"
"819734c6-b710-4f20-8552-3155c9607648","DISCRIMINANT ANALYSIS"
"ca30db75-4a12-4547-9b93-ed4e0af173d3","CONTINUOUS FOREST INVENTORIES"
"0520ec8f-6159-4325-96df-c58fecfedd9f","FORESTED ENVIRONMENT"
"fb674571-6995-499d-ab05-f123d6947fb4","MULTI VARIATE ANALYSIS"
"1e235e53-1c50-42c9-85a6-3d24c64080a3","PRODUCTION CAPACITY"
"ad4eeca5-a21d-43b1-ab55-bff07452be5c","PRODUCTIVE CAPACITY"
"2eeb2e37-a856-401f-9413-76b55170f5ce","REGRESSION"
"db34a390-f06f-4322-9c16-777228875f73","WOOD PRODUCTION"
"1772fb43-79bc-4418-90d2-4c296c98138f","DEGUELIA"
"4c2fb67d-accf-4f87-a37c-a30e9e3e3f53","ERYTHROCYTES"
"fe8d21f5-4794-4b8a-b42c-650cf02a36ee","NEUTROPHILS"
"2d7bd9cf-50f5-448a-ace7-6ed8a9aebaec","RESPIRATORY BURST"
"87e0d2f1-1ea9-4b52-babd-6819a6c73308","TERT BUTYL HYDROPEROXIDE"
"b01dc8eb-4636-4aa9-8912-17cb064d0ccc","GLUTATHIONE METABOLISM"
"065d0f56-a67e-4c4f-845b-595f320e35b1","NEUTROPHIL"
"09b9f1d2-4ffa-432f-a16d-dd337e89540c","OXIDATION"
"78bb75b4-348a-4107-a43c-0c7ecdd30d4c","CARYOPHYLLENE DERIVATIVE"
"89a7ea55-900e-4f26-9152-c5598c7d31ac","EPERUA DUCKEANA COWAN EXTRACT"
"e5e97768-c767-42b3-bb07-dbff7800315b","GERMACRENE D"
"d76e3332-955a-4e71-adc0-dd39f47db8e1","EPERUA DUCKEANA COWAN"
"63278865-9e22-4b2f-a40b-bafae1c7f9fe","GAS CHROMATOGRAPHY FLAME IONIZATION DETECTOR"
"204ccda6-0332-4b34-9af0-7b537be59c80","LEUKEMIA CELL LINE"
"73618d7c-2ed0-462a-beb5-249d1c8e585b","ALDINA HETEROPHYLLA"
"df169ed4-f8ad-407b-a634-729a2f7d7a51","COMMUNITY COMPOSITION"
"f732af7b-9ed2-4b9f-8a50-35b60e7121df","COMMUNITY STRUCTURE"
"bee2f5fe-f34d-43bf-b1e4-66ba84d51853","EMERGENCE"
"e5812f51-44d9-4279-a101-eec220d8fa5d","AMPELOPSIS"
"ad5b0865-c655-42d1-b929-b617ddd20e7d","INDIANS, SOUTH AMERICAN"
"f4e9d7b0-9991-4d7d-9023-546728e63d22","ASPIDOSPERMA DESMANTHUM EXTRACT"
"d93db84d-67a8-4fdd-87ad-f9cfdb3f128d","ASPIDOSPERMA OLIVACEUM EXTRACT"
"fb2d03d9-909a-4ed8-99b1-0fbfd3bb74d9","ASPIDOSPERMA VARGASII EXTRACT"
"b730839d-ea9e-46eb-9016-1b5aeb8e0f9e","CARAPA GUIANENSIS AUBL EXTRACT"
"9ee19f7c-c7c5-48ca-890e-db0c36d137b0","CROTON CAJUCARA BENTH EXTRACT"
"0c84a41c-f6eb-4892-939d-de7ed20e9b7a","CYMBOPOGON CITRATUS EXTRACT"
"ce880946-3b29-472b-b796-eab3ca8d7d62","EUTERPE PRECATORIA MART EXTRACT"
"5d8a75a3-bdc7-4a0a-b74d-0e5e0d4d4a33","INSECT REPELLENT"
"e7111e37-b2ef-4afa-9ddd-4e05f900ad16","QUASSIA AMARA EXTRACT"
"66341441-10f8-4741-99e3-551717f6b7e8","STACHYTARPHETA CAYENNENSIS EXTRACT"
"71b49165-8a75-4436-846e-d7178e4ab351","SWEET ORANGE EXTRACT"
"0b69d59b-dada-431a-8b54-194ebb4f5b5e","ACANTHOSPERMUM"
"c531fa70-5e6c-416d-8879-a6ddd11861b9","ANIBA CANELILLA"
"2223e0c6-ed2a-40e9-95f3-2305458bc5a8","ASTROCARYUM MUMBACA"
"0f33fdc6-ba9d-4ad9-ad77-85986c7c2e45","BIDENS CYNAPIIFOLIA KUNTH"
"042b885d-6ca5-4f87-9fc1-0c8a7e948d25","BLACK PEPPER"
"1b22fb68-2d2c-4c91-b842-0ae6d6f1d16b","BONAMIA FERRUGINEA"
"79ff0571-e3e2-4dcd-9687-42e9abce1d81","CECROPIA"
"63086b97-9953-4129-9908-8195b6c7ae86","COSTACEAE"
"1d3ea8fc-c761-4f8d-9b3b-b60bac6ad86a","COSTUS SPICATUS"
"75e5bdaa-48c4-43af-99f5-b6770294f3c9","CRASSULACEAE"
"f6f56927-4d7d-4d96-8a72-77e5fac82722","CROTON CAJUCARA BENTH"
"60a4b744-65c7-4538-9a70-dd3363d46d81","CROTON SACAQUINHA CROIZAT"
"3c3b43a2-744c-4f5c-86b7-103b7c531b5d","CUCURBITACEAE"
"389d2328-7dd0-48bc-9f88-6b999465820b","DRUG DOSAGE FORM"
"396aaaf9-f5c5-4f5b-8e86-5d456daac903","ERYNGIUM FOETIDUM"
"38c1f5a1-5f54-42bf-a6bf-2009e0b18166","ERYTHROXYLACEAE"
"58a63528-b3ef-41fa-a295-56d52ed831ce","ERYTHROXYLUM COCA LAM"
"8e29fee7-bd0e-4ef7-948d-78c2fab40027","EUGENIA UNIFLORA"
"758b5071-2a2f-4a54-9ab4-285c93b6c53a","EUTERPE OLERACEA MART"
"7e1c42d3-e72a-4981-bc58-e917be062c6d","EUTERPE PRECATORIA MART"
"dd9bc562-fba2-439f-aa71-ee7d144aeb9f","FRIDERICIA CHICA"
"49ceda92-dd19-43bd-b046-716f9179feb2","GUAREA PUBESCENS"
"b988f8ae-81b1-41ed-a794-9a00220d26d5","HETEROPSIS"
"6b3fcf88-fbfe-410c-a1d0-51131f2983d7","KALANCHOE PINNATA"
"0eb4074d-61bf-43de-b739-964e0c65bb58","LIME (FRUIT)"
"8088b9d9-4952-4321-9638-f5aea11b72e2","MANIHOT ESCULENTA CRANTZ"
"db9e00f7-d558-426f-ac7d-335dbc431137","PASSI FLORA"
"05387ab4-4317-4692-baf1-6c9b024a1eb9","PHILODENDRON GOELDII"
"d31fc0a0-b8ce-4ee7-bfc6-be07584bd7bd","PLASMODIUM VIVAX"
"b00055ea-131f-4ca8-b1c4-0c8b8f1377b1","PORTULACA PILOSA"
"a01dbc9a-5f95-4695-bedb-51f0fb64ded8","PROPHYLAXIS"
"dc590266-8152-4691-9c06-9fc49d85ad9e","QUASSIA AMARA"
"8585e283-5b41-47bc-b98a-47089465dca5","SOUR ORANGE"
"3ec441c7-34ca-4c50-b44c-b7358f651acf","THEOBROMA SUBINCANUM"
"ce7ba5d8-747f-433b-a8ad-24f120711d44","VERNONIA CONDENSATA BAKER"
"f31fda21-c0c8-43ae-a88e-3c6d11c478dd","WETLAND"
"eef7569b-4938-4b70-b00d-51fd1e788710","WILD SPECIES"
"ea9c8627-9e6a-4f11-8c2f-9be9fcfd9dac","AMERICAN INDIAN"
"5536e0f9-8c2b-49ed-8919-fa2c9437df1c","APEIBA TIBOURBOU"
"26ead49d-e69b-4dbe-aa41-fdd7c2fc34b3","ASTROCARYUM TUCUMA"
"7eebb2ef-dcfe-4a1f-a408-be62cc4349e8","ATTALEA SPECIOSA"
"26cabe9b-0278-4f71-9cb5-2a13264027a3","BOS"
"45181759-3dba-4d0d-98b1-88909a213c10","CAESALPINIOIDEAE"
"47cb9039-0137-43db-a71b-b2ecd9a74184","CARYOCAR"
"71a1108f-a9ef-4c85-a07b-ff03e6b6e9dc","DISTICHUS"
"fcc28274-e291-4c06-824f-8fba50dfb629","MORACEAE"
"9a2677f1-f35d-45d7-819f-b39f58683f2a","OENOCARPUS"
"c026d565-9a94-492d-b371-bac30be010a1","SWARTZIA FLAEMINGII"
"1907ce3f-12a2-4bc8-9476-341fb3e1abba","SWARTZIEAE"
"474816e1-2a2e-4bc8-b5ca-b9c652d1d4e4","DUCKEELLA"
"2a68f10b-cbf1-4390-bd41-6a44a773a9fd","NOTYLIA"
"d40504ad-166a-4e4e-93cf-69bd4203de1d","TRICHOCENTRUM"
"a5780941-8086-47b1-ad17-bf27c5d0c916","BEHAVIOR, ANIMAL"
"59344b69-191c-4a2f-81f3-e80c3692d2bf","FOOD CHAIN"
"a1f9cf69-814e-495c-ae69-c82e4b0fdf26","SLEEP"
"1eb8a464-79d4-4912-9fdd-10cf096ec6d8","AMANOA OBLONGIFOLIA"
"81d004c6-0223-4bfc-9e1e-5b4e2393b506","CACAJAO MELANOCEPHALUS"
"b3ff0d1f-831c-42f5-b5c8-094d5d30a63d","ORMOSIA (ANGIOSPERM)"
"3365ae3e-2831-418c-ab1d-f46c65dcd46c","FOREST CANOPY"
"5cd21934-4104-47cc-9e35-667a60a6aeb5","PREDATION"
"cab6553d-84f4-4296-9233-0f576d0ba346","PREDATOR"
"88987972-78d8-483a-9880-39f5a28ebbca","PRIMATE"
"becf89e9-8f67-438b-8716-64d7cac26cdc","SITE SELECTION"
"8a53a9f5-da51-422b-ae9e-5693b7869698","PSYCHOLOGICAL ASPECT"
"794b67da-cc55-4527-b0a9-9887321e7ae9","ENVIRONMENTAL MONITORING"
"c97633c4-68bb-427c-bd50-2fb4deb1c44e","ESCHWEILERA CORIACEA"
"a3b59a76-b356-45a5-b2df-f0dd515886dc","LICANIA"
"8823421f-d300-4354-8aca-bff5f07208c5","MIMOSOIDEAE"
"dc7e5f38-e15a-429b-8be1-83fe2a3c1992","NAUCLEOPSIS CALONEURA"
"8c3ac2ee-acfb-4385-81e5-d7477501188e","PROTIUM HEBETATUM"
"00ccb56e-aadf-4d30-ba0e-89614fdc0e2c","PSIDIUM"
"139c91ff-1752-4a9c-a968-e7b62d28f5e7","PSIDIUM GUINEENSE"
"8dcc1e9b-bbdc-4473-b96d-8ced89b39d5a","SCLERONEMA MICRANTHUM"
"d9a13ae7-c204-4eda-ad23-2df88ca2c828","CULICIDAE"
"b35e1aa9-c1c4-4dee-9d94-a9a81a9a010b","ADMINISTRATION, ORAL"
"ac9a9c77-8c31-4d00-a91d-1e0a865fa365","INJECTIONS, INTRAPERITONEAL"
"1ee86c05-0423-42bd-a579-bf6c1e06431f","SARCOMA 180"
"5b91a04b-c33c-41a1-8692-f297754197d5","SESQUITERPENES, EUDESMANE"
"0361517d-d6ff-4ef1-bf06-ff9f3aacf399","BETA EUDESMOL"
"f582898b-4603-4e2d-9348-fabab76b7c7f","BODY MASS"
"04d3c035-a76f-4515-8904-8bbc40a79a1a","CELL STRAIN HL 60"
"4eabcf83-12d5-48c0-a87d-97659d08f925","EXPERIMENTAL MODEL"
"11df9d19-624d-4e1b-b95b-45c39b50d29d","LEUKOCYTE COUNT"
"92e039ca-f6fa-4cd9-b823-5b2df5d03a69","TUMOR CELL"
"4b9acd69-a4e0-4dd7-890d-342eeeafc688","HETEROPHYLLA"
"3947baf2-59fb-4dda-aee0-9a5e18a7ba46","INGA LAURINA"
"1accd593-e77c-4dfd-995b-a06a6819e2fd","INGA NOBILIS"
"abdda4b2-6a3e-4406-b0a3-ef3c6f0f7520","STENOPTERA"
"5449861c-e51f-446f-9ab9-e1d9b6054f30","AGRONOMY"
"699d9f29-dd81-4478-829d-f04f85c2254e","PUERTO RICO"
"eb00769a-adee-4c19-869c-28aff0eb2271","ARBUSCULAR"
"f146bee0-5836-40b0-867c-96f545ab670b","CAPITATA"
"7b49aa26-b54e-4d27-a6cb-11d68a1714c1","CASEARIA ARBOREA"
"b41c4eaf-1b06-4bac-89fc-93808d69d9f9","CECROPIA SCHREBERIANA"
"d9c104b4-6385-4bd8-a617-145d7ab5510f","DACRYODES EXCELSA"
"408aa803-7e6e-42b8-a2f0-0d3143bd2780","MANILKARA BIDENTATA"
"4439532f-a303-4e19-a4a2-4438d5ba46b4","PALICOUREA"
"c776ec64-330b-4efd-ad8b-0dbda4c8e8b4","PIPER GLABRESCENS"
"2734ae0c-cb31-4df7-89b4-defe1e628cea","PRESTOEA ACUMINATA MONTANA"
"db83f010-d3d9-4550-9755-e7910a324587","PSYCHOTRIA BERTERIANA"
"fca87687-2760-4bcd-bc09-5d43294abe4a","SCHEFFLERA MOROTOTONII"
"a30a4ce7-71fd-4a36-857d-deb564535555","TABEBUIA HETEROPHYLLA"
"f3d99adb-71cc-4ce7-9e26-8438636c029c","AM FUNGUS"
"307f8654-eeab-4825-be7f-7e759731536d","ARBUSCULAR MYCORRHIZAL FUNGI"
"d2a7d2a3-c45d-4bea-b28b-f6d007d8298e","DROUGHT TOLERANCES"
"edea4f5d-9ace-4b62-82d7-cc669645f25e","GREENHOUSE EXPERIMENTS"
"8ca6d181-e3a8-4c04-808a-a86bf1ce740d","INORGANIC PHOSPHORUS"
"45c27344-a0e9-4ca5-aa10-1346207bcc2d","LTER"
"50940019-0b0f-4401-bf0f-b4b9ba967c81","TREES AND SHRUBS"
"e8f95963-cc49-4be2-bc6c-640fe54567f8","ARBUSCULAR MYCORRHIZA"
"15665d08-37b1-486f-8ee5-a03473936209","COLONIZATION"
"2a767714-d91b-4d43-9044-80b5b3a85163","DROUGHT STRESS"
"a4c3e394-8dfe-4bdc-a6d6-e1275c6cb647","LIFE HISTORY"
"338ea0b6-eba3-4d9f-9007-7163d64a8490","SHADE TOLERANCE"
"1fd4f9eb-6a98-4898-b693-85f736eff1e0","SHRUB"
"aa907b1a-a5e6-4417-9346-d3069db21d01","PHILODENDRON PEDATUM"
"d334becc-45c6-4644-bbc1-b59da77f5123","SCHIZOPHYLLUM"
"0f33bc89-c7f9-480a-bde6-18536c7dba9d","VOCHYSIA"
"0fa9e669-c539-418e-a34f-2f61478a58cb","LUETZELBURGIA"
"a110926b-7cba-4794-8ff1-ee8d03024c4f","SOPHOREAE"
"d8bc0a47-a859-4c35-abb8-5394c50cccf4","RHODOSTEMONODAPHNE PARVIFOLIA"
"5970a1ef-4874-40b6-8380-3bedf48031c1","ARTEMIA"
"8deeb0f0-0301-45f1-b978-c1f1efeaf529","FLAVONES"
"41925234-8551-48dc-95f9-64cd1007f37a","STILBENES"
"96b9edf3-3ed2-466b-8800-375f562d2fed","FLAVONOL DERIVATIVE"
"4dd8a727-ef1d-4481-88ec-7d7ecff417ca","HYDROXYL GROUP"
"44c7e5a8-e2a0-4ac4-9205-e0f0fac0a4c0","PHENANTHROLINE"
"fe7dd2a6-7dc0-44cf-9608-c48f3c483716","HYDROGEN BOND"
"3cce8ace-3c4a-4a98-843d-1e8927ff8dd8","MICONIEAE"
"cb858de4-83bb-4545-8e65-b8e985fd08b3","POLYPHENOL"
"4d6a45fe-9fd0-4f02-978a-044143a4434c","ANALYSIS OF VARIANCE"
"0b797b16-c038-4bb9-a42c-a3c733d8b13f","FACTORIAL DESIGN"
"0130b0c6-7148-45d7-8d8e-d5419cc7eff9","RESPONSE SURFACE METHOD"
"4b82a289-ee1e-4af8-b2b6-fe7325f6b856","DEFORESTATION"
"3cb976b8-3ff9-4626-8f2a-f0f8bc438a56","INNOVATION"
"4c8b238c-6e6d-4bd9-adae-f5585223af82","VOLATILE OIL"
"2bbbc477-2420-4407-990d-f7b374c53ade","PARAHANCORNIA FASCICULATA"
"ac40a802-2afa-4d78-8c0f-2a0bb0a94423","ECONOMICS"
"12b20ccc-60c3-4709-96e7-e58d995d0f94","MANAGEMENT SCIENCE"
"1ab8191e-706d-489d-a49f-8d2f08845171","CONFLICT OF USE"
"065c94c3-ef06-4338-992c-281fec7176ac","LOCAL KNOWLEDGE"
"668492a3-b489-4f6e-9777-94a9d4e89772","MULTIPLE USE"
"5f8556c8-1f7e-428a-b5fd-a9662d2e32a6","NON-TIMBER FOREST PRODUCTS"
"4600e653-ca31-4785-835e-46c7f4be0a88","FRONTIER REGION"
"3cddeb9c-3985-408a-9975-5b42b9b75565","LAND USE CHANGE"
"e7977f82-429d-4853-abc1-86fe1bc0a4e5","NONTIMBER FOREST PRODUCT"
"d5bffdf0-11af-4067-aa31-085224dbbc43","SMALLHOLDER"
"62765f35-9d37-4c90-8e5f-2599ec16438a","TIMBER INDUSTRY"
"19647ca9-e359-4167-a642-88e6a2a3e6bf","TRADITIONAL KNOWLEDGE"
"84efe09d-a20d-4574-95df-6fff073d1872","URBAN AREA"
"d63fb41f-860b-4557-a17f-39bed8d85f2e","2 [1 HYDROXY 3 PHENYL 2 PROPENYLIDENE] 4 METHYL 4 CYCLOPENTENE 1,3 DIONE"
"47af6c1b-35b0-475a-8d5d-c0d9a5b70031","ANTILEISHMANIAL AGENT"
"7c1fb461-822e-4ba3-bcd1-3f737258d6d3","FLUCONAZOLE"
"97232ae3-14d8-4c32-91b8-5c3d028722d9","PENTAMIDINE"
"b9c4a94c-8101-4d62-b345-5aceea8e6970","PIPER CARNICONNECTIVUM EXTRACT"
"d1c9dcad-498f-4523-97eb-2728e290697f","LEISHMANIA"
"c4d2f4cd-423a-41be-8666-2fc20db0a002","PEPPER"
"20b965ff-8fa1-4e71-a98c-ce886f99342d","PIPER LONGUM"
"51b62389-da14-4e52-82ed-2dabff2cc155","PROMASTIGOTE"
"bcd5c0e9-4f7b-4be3-95a5-9508bbf63b96","MACROCARPA"
"146a082d-fd80-409a-a629-9e5ba51855b7","MICROPHOLIS (ANGIOSPERM)"
"9443b706-115b-47f5-945b-d23240b02b84","APINAGIA"
"5ef98a0b-17a1-47f8-a83e-14e9a4a43162","MARATHRUM"
"34967bac-76d3-4017-bf3b-919b05e984ae","MOURERA"
"3f84be7b-8243-40b5-a022-61d2bfb2befc","OSERYA"
"90e98095-ef5d-4a8d-9cf2-2d068e59c711","PODOSTEMACEAE"
"7e1244e0-6a2f-4d4c-bf47-05af928b1afd","RHYNCHOLACIS"
"bfd667f5-6658-416b-88ac-ea9c429c7410","VANROYENELLA"
"600cbd52-c99c-41a2-a5d5-0994744362fd","ACOSMIUM"
"4579d72d-9858-4078-b9e9-18e2b7909ed8","DIPLOTROPIS"
"064411e0-bd16-41bc-830a-184a6e8575d0","LICARIA MARTINIANA"
"86bd289f-eb6d-4a73-94f8-38b9247ed4c5","BIOLOGICAL POPULATIONS"
"46fcc90f-9898-4009-9c4c-b75f259ca79d","ECOLOGY"
"1aa1af96-f9d0-4e4b-84c8-54de8fc6feb6","STATISTICS"
"79882b32-344e-4346-b288-33594551e017","SURVEYS"
"e1669961-8427-4041-aa65-80c6a2e304d6","AMAZON ESTUARY"
"8c910867-6f1a-40ff-bfac-2a4e7d087355","LICANIA HETEROMORPHA"
"6b9b25c3-316b-430a-8805-679b6169ca13","VIROLA SURINAMENSIS"
"d3e7e7c4-4d18-41e3-b264-709471a2d3ef","ESTUARIES"
"42382f33-8894-4c9f-8ec6-06f3c36625ac","POPULATION DYNAMICS"
"7ee630b4-9fce-4fad-a4d1-3b822514cb49","CURRENT PRACTICES"
"be0c7802-ab89-4049-8247-8a5d7ee69eaf","ECOLOGICAL KNOWLEDGE"
"7018d582-4582-4e5c-9abc-09dd705cb65f","FLOOD PLAINS"
"798ca550-8195-41f0-898a-8c0933058f18","FOREST USE"
"8bbde4c3-fb94-43f3-a098-a7eed796dd89","LONG-TERM MANAGEMENT"
"94bd0702-2e32-469e-a591-b99710162356","MATRIX MODEL"
"187d2643-52bc-4b07-81a7-c46cd4fb270b","POPULATION DENSITIES"
"df2e7701-bb71-41e3-9f9f-0b75bc38eb7e","POPULATION ECOLOGY"
"f995ec24-411b-4e2b-a33b-c6d5197bde07","RESOURCE DEPLETION"
"5966c6fc-cefa-4887-9371-f55f2d08cb1f","TIMBER EXTRACTION"
"d3bb9cea-a5f0-4be7-90f7-c8071de8562b","TIMBER HARVESTING"
"5926e26c-80a8-4e58-9229-23c458927d19","TIMBER SPECIES"
"f1989e00-3bf3-49cf-9af8-f643d5c759bf","TIMBER STOCKS"
"6d9bfbe9-56de-4c4f-8c3d-fb07920e38b8","ENVIRONMENTAL IMPACT"
"3463ee02-f59c-40a5-9aab-00b9b2921cfc","FLOODPLAIN"
"95a695b9-a979-457e-823f-a65b01f3d7a2","INTERTIDAL ENVIRONMENT"
"bc59777e-5a16-4691-8a99-a10982729e5c","POPULATION DENSITY"
"2e843339-86ba-41f2-83b9-bf38f5c69deb","POPULATION SIZE"
"4522f4eb-7e21-4e4b-bff0-35e2550f147f","POPULATION STATISTICS"
"1b61dbb4-4433-40fc-a994-a5e73e23ea4c","COUMESTROL"
"32ad87ab-8751-4cd6-a587-577f5cb439c8","GENISTEIN"
"240db820-e074-4214-a51a-5e34f0a22882","HEALTH PROMOTION"
"2377d546-f46b-48f2-a9f3-6bdfbed88a9a","ISOFLAVONES"
"cd054008-3cef-4599-bb75-60994022e233","SOYBEANS"
"cb2d51a6-0924-429d-bb3d-fb15ea1bf716","ANDIRA"
"166ea1ed-6f94-46f3-9a2f-bf7ad422ad6f","CALOPOGONIUM MUCUNOIDES"
"5acccc37-5c49-4a3b-a405-f4abca3db10a","CRATYLIA ARGENTEA"
"e325acb8-adb4-4bf6-9b74-b8905256ea7a","GLYCINE MAX"
"37ea9993-a1d5-434b-98ce-4d19794d7275","MAMMALIA"
"a2ada8c3-56d8-41cb-b841-4148ca904fed","PACHYRHIZUS"
"783470f1-b677-4910-9d5c-8c0c99bb6608","PACHYRHIZUS TUBEROSUS"
"f1a99147-e023-4041-ad9c-60b81b7956a1","BIOCHANIN A"
"c6cb8aca-5fe4-4cfb-aeb5-c1346aa404f2","ISOFLAVONE DERIVATIVE"
"9835b7f2-0bc5-4de8-b1ac-5e65eca7e15e","SOYBEAN"
"1d567343-8a62-49d0-b9c8-21eca86e3404","ACMELLA"
"d6131650-0759-4b10-aa46-89a1ba2425f4","ISERTIEAE"
"3fb6142f-6c9a-4810-8305-1a3f5d3d5984","KERIANTHERA"
"17e32d4a-e056-4007-939d-6e6d6a0823af","KERIANTHERA PRECLARA"
"388160a9-729e-4fe0-9b0e-c34b971e27c5","WARSZEWICZIA"
"24a3e5e6-36eb-4e97-a6bd-5c7335866335","CROTON DISSECTISTIPULATUS"
"143d16b0-1a24-4d35-98d0-e81a0bf71f90","BOVINAE"
"993e66cb-25fa-47d3-8de2-d6809f685b4f","CAESALPINIA"
"3fab331e-7c3b-4ac0-83e3-758c3558680f","CAESALPINIA ECHINATA"
"a01bbe14-b283-4574-9ff4-72fd201bd7b7","CEDRELINGA CATENIFORMIS"
"2651e24d-333a-49cc-8af3-d45de6d4ea3a","COPAIFERA MULTIJUGA"
"cc279e59-2e81-4793-8f35-b985df44e725","DINIZIA EXCELSA"
"9730a8fb-f031-480f-be56-385c8f6e7008","ENTEROLOBIUM CONTORTISILIQUUM"
"0954464f-229f-497b-bbab-05bebb088765","LEUCAENA LEUCOCEPHALA"
"6c280c9f-a407-416a-9371-7e2a4c519f8a","PARKIA MULTIJUGA"
"2256edbd-9b8b-4e23-a1e8-bdd888f734db","SWARTZIA POLYPHYLLA"
"71e4cf31-a298-4b11-b0f2-9d5a5bbac0a0","MANILKARA ZAPOTA"
"3e360177-cbdf-4b6c-81bc-4c9d23cd7fa6","VOCHYSIACEAE"
"22049759-9247-45ff-9e92-94014f3b4381","BIOGEOCHEMISTRY"
"31d87395-a92b-4e89-9c8b-83c4ef13b924","BIOMASS ALLOCATION"
"e82dc48a-7153-4b0b-a872-4d49c78069af","BULK DENSITY"
"f42068a9-7123-44cf-a373-9d5b2120d171","CARBON FLUX"
"96f35102-f471-4961-bc74-efe661f1927d","CLAY SOIL"
"076e43d8-06dc-4453-8840-21cdc29711b7","DENITRIFICATION"
"1e23a7ad-b286-41bb-a837-ea48cf77ae18","FOREST SOIL"
"b29acf14-6dd0-442e-a613-0727f1bc2ce1","GREENHOUSE GAS"
"1e139e5a-df59-458c-85a8-5afef436944a","LINEARITY"
"f80b7098-9953-482e-aacc-2d5d0138f53a","MICROBIAL ACTIVITY"
"52ae0c89-ea96-44f2-8d2a-02c97571e656","NUTRIENT"
"e3e62f0c-34d0-4179-ba04-29c8dc6b54df","SOIL CARBON"
"00a4beab-bf5b-4ede-9b28-6f0eef734076","SOIL NITROGEN"
"2a52386e-3bba-4de5-9a64-0c34f4715908","SOIL TEMPERATURE"
"1b65d9a9-b63f-4b23-8276-4ee19c62c279","IRLBACHIA"
"2fcac0ef-5ad4-49d0-baed-620892262a3c","IRLBACHIA ALATA"
"45bf5b95-7f8d-4c50-9e2e-6a8483abfcb2","TACHIA"
"14dff8c2-7bc4-45fa-9405-688db967330b","VOYRIA"
"cc3a6dc8-70f3-46c6-9896-42fe7e3986d2","VOYRIA APHYLLA"
"a03c6704-c32d-43a3-8789-c2c7d47b4eb4","VOYRIA TENELLA"
"ae880311-49b5-4e0d-94ef-eccc46fc0069","VOYRIELLA"
"d71b975e-c86d-42c3-8e4c-4357a83b1083","VOYRIELLA PARVIFLORA"
"50c109d4-e188-46d8-bfd0-7a81179c4dac","3' FORMYL 3,4',6'TRIHYDROXY 2' METHOXY 5' METHYLCHALCONE"
"e14b01fa-b61e-435c-885c-2a8978e84a3b","8 FORMYL 3',5 DIHYDROXY 7 METHOXY 6 METHYLFLAVANONE"
"f7cb54d1-c9db-49fc-8e38-bd3d4c880e41","ACETIC ACID ETHYL ESTER"
"0bcdef9b-d64c-4635-87f8-4e3f379574f4","HEMOLYTIC AGENT"
"68b69696-a26a-4f3c-997e-1fc62b216c9a","BACILLUS SUBTILIS"
"484c7cd9-601c-46c6-85de-a9666c2d66f3","BLOOD GROUP ABO SYSTEM"
"df0ac9e3-5fe4-4db9-8131-9a415f97a943","PENICILLIN RESISTANCE"
"8ee9b7fd-9011-40d1-a612-9b2872e9631d","DICYPELLIUM MANAUSENSE"
"01f9350f-12a0-4bf5-b47c-1744b164dd18","PLEUROTHYRIUM"
"fda70223-cb84-432b-a884-6d1c915f9d0e","MEZILAURUS DUCKEI"
"95666ed9-c1b8-4fc1-94de-ef62bb22eb5c","MEZILAURUS ITAUBA"
"9a4c7939-e01e-4e98-a80d-d447762a27f0","PLEUROTHYRIUM VASQUEZII"
"9e5e1602-601f-4dd5-b6bc-1649dad6f745","CHEMOTAXONOMY"
"a35fc2bf-76b7-46b2-ba4b-2ffe34cd57fe","DEVELOPMENTAL BIOLOGY"
"5bfe3b18-a37b-4a73-a3d5-d9cd26c46b66","CAMPOMANESIA"
"33024e41-81a6-415a-85d7-355e8f6894b5","MYRCIANTHES"
"480002fc-a6c6-4015-984d-97e893379a53","ODORS"
"e6c1b808-4acd-4624-af19-60b604bb1efa","EUGLOSSINI"
"4dc47841-fed8-477b-a9e9-f4f808142917","SPATHIPHYLLUM"
"6361b6b4-b92b-429c-90ce-450788a034e1","THRINAX"
"743db256-5830-4244-9a0c-964f7f60b438","FLORISTICS"
"c9daecb7-7835-4ea8-94b7-9ff9e4308ed5","ORCHARD"
"30d3a8ed-75ca-41cc-a4c0-f79b331bb15a","REPRODUCTIVE BIOLOGY"
"9edd94f9-0214-4eb5-995e-61f7f900defd","REPRODUCTIVE SUCCESS"
"fb33ccbf-9660-4bc3-9e6e-80f1d2a6ad07","ODOR"
"0b629a65-ff01-4b50-8c07-bf0cb4a959a0","FIBROBLASTS"
"c4bb4537-94bd-493c-8d9c-feb1e1833058","LINDACKERIA"
"48fec7f2-9633-4b08-a661-4f97530c0f2b","CHEMICAL COMPOUND"
"5b483aaa-5bb5-4fa8-b1c5-5831300e0e40","CAUDATA"
"9e520198-a464-462f-95ba-a3df01fe7b4f","DIMORPHANDRA"
"a5f010b2-4712-461b-9f12-96f137b9f4a5","ORMOSIA LIGNIVALVIS"
"8c00d28f-c24c-49b6-a067-ebb9ebf36cfd","HENRIETTEA"
"4693a7ca-3428-4b92-a105-7921bf26bfa9","HENRIETTELLA"
"09fd2345-5ac0-4e0f-8964-62d1009eb92b","HENRIETTELLA RIMOSA"
"e26d8eb3-edc2-4f82-9db1-0e5ea62ae4e3","HETERONEURA"
"3b3b5f8f-7b2d-4f58-adf3-967c78b7dede","LOREYA"
"c92e8e8e-a983-4d51-a056-f5884f566c86","ELEOCHARIS"
"3046e9b2-2b6c-4b96-8c4d-0e15771b6c79","ELEOCHARIS ELONGATA"
"c166cd0a-c4f6-4051-b9a9-c9e4a37fd0c3","LIMNOCHLOA"
"af49ef76-278f-4456-906c-c56bef9dfde2","ADENOPHYLLUM"
"45abd514-8e8e-43f4-b9bc-bdcfeaeabfd5","VENEZUELA"
"e6db83b7-fd37-486d-ad01-b4bab327e2fc","CALOTROPIS GIGANTEA"
"a154fd49-fc36-4374-9cce-2f0c6ceba149","CHROMOLAENA ODORATA"
"16aa6f65-13d8-4969-ab0d-35c75b2840ba","CLAVIJA LANCIFOLIA"
"5adab1c0-300b-4b65-ac1b-a495002f17b6","HAMELIA PATENS"
"04d25a92-94c2-4623-bac0-5de087e8dec1","HYPTIS DILATATA"
"5b21ec0a-44b8-4a0f-a534-564919129933","JACARANDA"
"ddf5d787-b859-4aed-8c7d-cf32f2a4fa88","PHYSALIS CORDATA"
"65d5374c-a4a5-43fb-af14-3da13928cff0","PIPER ARBOREUM"
"f3ae53dc-e009-4eb6-93fb-396836116e17","TAPIRIRA GUIANENSIS"
"2dbabc15-24b4-4103-a3d1-bb1370c4bc37","ANNONA SQUAMOSA EXTRACT"
"04abfa93-d381-4337-a4be-c816534c276a","BYRSONIMA CRASSIFOLIA EXTRACT"
"3ad8f380-84de-410e-a7ac-fde7586163f1","CALOTROPIS GIGANTEA EXTRACT"
"a3ed6ef7-987a-41cc-88ee-ddc23744893f","CHROMOLAENA ODORATA EXTRACT"
"15047635-409e-43cc-b8ed-e140da82c74a","CLAVIJA LANCIFOLIA EXTRACT"
"e9d578fd-59bd-4f24-b88d-134ee12dfef5","CURATELLA AMERICANA EXTRACT"
"62c7c6d1-05a1-450d-a1df-6f9882e1b627","ESPELETIA SCHULTZII EXTRACT"
"a802b09e-bd13-4666-8471-797886a7c610","EUTERPE PRECATORIA EXTRACT"
"38bad602-676f-4063-9923-bfe04fb8d13c","GNETUM NODIFLORUM EXTRACT"
"29b46407-99e0-42b1-94c7-513ba826f19a","HAMELIA PATENS EXTRACT"
"6a0ed26d-4d73-4e37-9c0a-e93f82467c9c","HELIOTROPIUM INDICUM EXTRACT"
"f8f25523-874f-4069-a7ee-c14c0b673af1","HYPTIS DILATATA EXTRACT"
"56919fd8-abc5-412d-be65-f0bdc9f46a6e","JACARANDA COPAIA EXTRACT"
"2a2b7192-49c3-4731-8a66-6d2fd0751808","JACARANDA OBTUSIFOLIA EXTRACT"
"1037b34f-c2e0-4f12-b309-9adfdd7ff9c1","PHYSALIS CORDATA EXTRACT"
"dae48bfc-e10f-455d-b537-9e9a29d1788d","PIPER ARBOREUM EXTRACT"
"75783a32-e805-438a-875b-276adddc39a1","PIPER SAN VICENTENSE EXTRACT"
"671dd9ec-0867-4c19-a444-2ef7557e2c5a","PROTIUM HEPTAPHYLLUM EXTRACT"
"47be039d-d4e8-4f00-9472-f33b401e8851","PROTIUM UNIFOLIOLATUM EXTRACT"
"2b477898-f017-4cce-89b5-6d4f493a3491","SIPARUNA GUIANENSIS EXTRACT"
"79e71118-e7dd-4942-aaf5-c75fdfc26a39","TAPIRIRA GUIANENSIS EXTRACT"
"0e945131-5caf-434f-a9e5-f58d7aac2c64","TITHONIA DIVERSIFOLIA EXTRACT"
"e887fe6b-bccd-4b9d-9e46-f28f4bd5df17","VISMIA CAYENNENSIS EXTRACT"
"bfa7929b-1e63-4d31-9c0f-de2e315c898b","XYLOPIA AROMATICA EXTRACT"
"9824a632-3de9-4b00-8a14-b11b2005d1b0","BREAST CANCER"
"744bc167-9df0-4d93-9197-53c9f258bbd0","COLON CANCER"
"3e7bc53d-ad08-4d30-a4e6-dc288fc89e26","CURATELLA AMERICANA"
"ca6eae61-0929-4c98-8ff0-5f23f9ed50fa","CYTOSTASIS"
"9c9644d1-ad9d-4f8b-af56-81e6096553fb","ESPELETIA SCHULTZII"
"d3fba5a8-4642-448f-b103-ccc2a02a324d","GNETUM NODIFLORUM"
"18ba64f6-2aba-4609-96fb-d6877bf8a949","JACARANDA OBTUSIFOLIA"
"67fb6797-4eac-4b1d-b42f-de319eedb779","PIPER SAN VICENTENSE"
"c4be598d-34ba-4cd6-8196-0981e81ca9b4","PROSTATE CANCER"
"016acb1b-bcd6-4ff0-a783-651cb0684840","PROTIUM UNIFOLIOLATUM"
"15aa09fb-dd04-4da8-9dff-6b6102e9656b","TITHONIA DIVERSIFOLIA"
"aad7f394-e3cb-444b-9b83-d489849a8414","VISMIA CAYENNENSIS"
"f49bafe3-5d77-437b-81ac-3b8e900d5d18","ASPIDOSPERMA AUSTRALE"
"d68d45ea-b0b2-43df-b62e-f3c3519e5839","CECIDOMYIIDAE"
"84986af8-ac6a-4e05-aeb9-41b5fce9779a","PSEUDOPHACOPTERON"
"4eafb37e-558d-4352-b1ec-9d8ff7001bd2","MITRACARPUS"
"f8a1bc61-7834-413c-84bd-f8b84dfac395","BICYCLO COMPOUNDS"
"b64691de-27b7-4f4f-b5f5-d7a8db288553","COUMARINS"
"a2f6d9e3-ba5c-4460-b333-39e65ea07715","LATEX"
"4882be39-efd2-490b-96b1-c620e08e1b65","KIELMEYERA"
"a67c6b2e-efda-4fa5-a9eb-9108ce1d0a31","3 (4,5 DIMETHYL 2 THIAZOLYL) 2,5 DIPHENYLTETRAZOLIUM BROMIDE"
"13374b22-87dc-4ad7-b49d-77d73dfaf7d9","ANNONA PICKELII EXTRACT"
"e944f9a5-519c-4b03-8418-bd460bc2458e","ANNONA SALZMANNII EXTRACT"
"f389b1f6-313b-45f0-8ea4-7098de840754","GUATTERIA BLEPHAROPHYLLA EXTRACT"
"ebace073-f3e6-457a-96e7-52e864269019","GUATTERIA HISPIDA EXTRACT"
"5028a4b5-dc8a-4963-882e-07db3eacafe4","HANCORNIA SPECIOSA EXTRACT"
"b4c1f5e2-f6c0-44df-8c48-9c89bcaa6ebd","HYPTIS CALIDA EXTRACT"
"2244fdc8-d148-40a1-9b68-a9f290161d1e","KIELMEYERA RUGOSA EXTRACT"
"c167240e-169a-48b2-ba2e-b0cd92b3f5f0","ANNONA PICKELII"
"ed4aaac3-d531-4a0b-9ea9-76fa66a2a627","ANNONA SALZMANNII"
"7cb832f9-2d96-4e06-bdfc-c9c5e7c7bd56","CANCER CELL CULTURE"
"9c0e8c73-b728-411d-b1d5-2f41e372117a","DRUG POTENCY"
"739d9cc5-25e5-4899-b43e-5968c36a6cad","HANCORNIA CURCAS"
"8ef870d1-df29-4aef-b4d7-f2cd53e113e5","HYPTIS CALIDA"
"6fda00b2-0ce8-4a6d-9089-08096c42591e","KIELMEYERA RUGOSA"
"dd621041-c9cd-4d9f-9d9c-28eb26989b22","ACETYLBERGENIN"
"7de3815d-d9ff-4c6f-a078-14bf47041920","MORPHINE SULFATE"
"e2ff251a-aa2f-49db-8d8e-2cd877262397","NALOXONE"
"5872f1c8-aa9a-4717-9057-94ab97c251ab","ACETYLATION"
"776d8b00-e6e0-4b03-89ec-40c5fc5ceada","CHRONIC PAIN"
"291b5522-30fd-4d7e-badc-b822d8e025b6","DOSE TIME EFFECT RELATION"
"e46efd87-8eed-4147-a71a-c7d13fdf157f","DRUG ANTAGONISM"
"67fda810-300d-49a5-aaa2-d51ff778c5b2","EXPERIMENTAL TEST"
"6d4b1b36-779c-464a-bff5-61190fe19164","ACARBOSE"
"76e041e0-52a9-4240-b301-bf2a6752b3cb","AMIDE"
"597de9a2-2791-4e34-a931-16163f5ce588","AMYLASE"
"71aea64f-e3bc-4ee5-9c48-f298a17d817d","COUMARIN"
"a7797034-1836-44e5-92d0-556c6d615c17","FERULIC ACID"
"6831f459-83ac-4d95-8e20-e341268d77fa","LIMONIN"
"b49d66dc-6617-4051-a7fd-a839d941512d","SCOPOLETIN"
"553098d3-80ec-4302-a87c-a6f2489312a1","SKIMMIANINE"
"763e75b6-53df-4fc0-9d66-1b98600f1d19","TRIACYLGLYCEROL LIPASE"
"b17af0f1-fb73-48fd-92a9-f78dd17f9c56","COLUMN CHROMATOGRAPHY"
"a007fe88-f0b3-443b-975a-c55bd88b4ee5","CORRELATION ANALYSIS"
"cbb44dce-cc45-44bd-a45d-00c7973c1d3d","COUMA"
"7fc61d16-68c3-40e2-a9e6-c3388f9417a5","GAS GENERATORS"
"855b13d3-9c98-4d69-92bb-ad281b1accb0","VITAMINS"
"a4ae3ba1-4fbd-4549-8d30-2e01147b7629","DIETARY SOURCES"
"c7ffd3bc-8ce7-403f-a2e6-536428d6b6d4","GC-FID"
"12155ef6-e716-4ff6-b5e1-d0dd2ae38bd6","INTERNAL STANDARDS"
"5f03f03a-f594-4d3a-98cc-5b049c3367ca","NORTHEAST REGIONS"
"d7280a0e-9301-468d-b201-dc3da484f869","RP-HPLC"
"424525a0-ffe3-4f10-880a-26c2ade3e046","TOCOPHEROL CONTENTS"
"98dfbd43-2c9c-45b0-b07d-184e7d6383f0","TOCOPHEROLS CONTENT"
"af48acef-03a3-47aa-9edf-ae4edb57ced9","VITAMIN E ACTIVITY"
"7d3b0dd1-3f4e-4db3-95fc-b706c69b83ea","VITAMIN-E"
"a242a33a-15ca-405d-9b67-3d804e4519d5","EUPATORIEAE"
"fb4a406f-1760-4c0c-9e75-8bf65d672a77","MUTISIEAE"
"34bda6e8-9d4f-4aaf-bc6a-75c61e637787","COPAIFERA"
"6b7d412c-b71b-4e3c-a664-564f332e426e","COPAIFERA DUCKEI"
"71d7fa63-fd75-458b-bee9-37b54f11f818","ACROCOMIA ACULEATA EXTRACT"
"f7737529-4417-482e-aff9-4c39e9f0d05d","ANACARDIUM GIGANTEUM EXTRACT"
"3c7a6f5d-085b-42e4-bec9-a142b6081d63","BAUHINIA PLATYCALYX EXTRACT"
"fe33ed0a-e8b4-4fc6-ab3c-ea05aa833f6b","BROSIMUM EXTRACT"
"952d39bf-d147-4bf3-aecc-34faf62e38da","BROSIMUM POTABILE EXTRACT"
"672c6104-f34c-4bda-a785-1e354e10839a","CAPSIANDRA COMOSA EXTRACT"
"6da57248-1659-4f4e-b57e-c13bc462a078","COUEPIA PARAENSIS EXTRACT"
"e1117078-ae54-4a1c-bdff-8d9bef3d7aee","CUCURBITA MOSCHATA EXTRACT"
"540d4919-02a4-4ea4-86cb-a94105780fb4","DIPTERYX ODORATA EXTRACT"
"7bcd077d-43bb-4a13-aa40-19970791475c","HYMENEA COURBARIL EXTRACT"
"ba306ed0-ba45-416c-a790-f32efdbdd71a","HYMENEA INTERMEDIA EXTRACT"
"ae96de0c-4c08-4e13-9fa6-3f93b20a896e","OPERCULINA ALATA EXTRACT"
"efb24f9f-cacd-4e8b-a201-ae6a34745dfb","PARAHANCORNIA AMAPA EXTRACT"
"a521d9ef-3e3a-4f88-b7d4-32e9954694a8","PORTULACA PILOSA EXTRACT"
"0c4c75fc-7fea-4ba5-8b97-b38d52d0549f","RESAZURIN"
"57d1182e-5dbd-4650-bb77-39c47b36d662","RIFAMPICIN"
"13aae551-2130-478a-b527-bfaea48a4b55","SPONDIAS MOMBIN EXTRACT"
"ad74ee5a-e1a3-4063-adb1-7217436f5beb","TRICHILIA QUADRIJUGA EXTRACT"
"2bf5d5e9-e496-49dd-9231-172ab6089e8e","COUGHING"
"d176f078-08b5-41dd-a10f-5a144adc0f23","DILUTION"
"d4375450-73cd-4729-8ca4-401eee5efd6a","LUNG TUBERCULOSIS"
"366fce10-3446-4e05-8127-13eca5015444","MYCOBACTERIUM TUBERCULOSIS"
"fbe9c2e4-491c-40e3-a986-012dfc6e7874","TREATMENT INDICATION"
"93f2ff15-f414-481c-8ed4-650bbe4e400c","BROWNEA ROSADEMONTE"
"52eb2949-fbdc-4308-8f00-d06fb8499978","ABUTA GRANDIFLORA EXTRACT"
"411fe09c-b92d-4eb1-b8f5-1747db726369","ALUMINUM CHLORIDE"
"f3da0961-5a6a-43e1-a86f-f650defa7336","ANACARDIUM EXCELSUM EXTRACT"
"cf600be3-8032-49f4-a472-4f86ab205c7b","BELLUCIA GROSSULARIOIDES EXTRACT"
"7cab31de-4b20-4a63-a0e5-8678b61e1688","BROWNEA ROSADEMONTE EXTRACT"
"f82f0c3b-84a6-4706-a1ec-817d2c536b1c","CRESCENTIA CUJETE EXTRACT"
"43402048-0669-4a89-a54d-367a85f6675e","CYPERUS PROLIXUS EXTRACT"
"b389111b-ee67-4fcd-bd55-708d3d0037a4","EUGENIA STIPITATA EXTRACT"
"f195afc6-7c89-40bc-830e-ae64a579349c","IRLBACHIA ALATA EXTRACT"
"53c0b490-09b9-4fc7-9cce-912baa1aa824","JUSTICIA PECTORALIS EXTRACT"
"658c8dee-74bb-4232-a9f9-b41edde00853","PIPER GLANDULOSISSIMUM EXTRACT"
"351660c3-1879-4320-9f22-64443a5c2d02","PIPER KRUKOFFII EXTRACT"
"5f1673ac-3ffb-48b1-8e59-5bf1a11e0099","PIPER PUTUMAYOENSE EXTRACT"
"4409c29f-695b-4959-8470-e3daa7e362a1","SENNA RETICULATA EXTRACT"
"17df24df-2a07-4530-a998-2ae0323d4025","SOLANUM GRANDIFLORUM EXTRACT"
"a28f236b-3b4b-43e2-86e8-ba946dccdbc1","SOLANUM SESSILIFLORUM EXTRACT"
"b5f1403e-7dfb-4158-90c1-7e709c3d894c","VISMIA BACCIFERA EXTRACT"
"03853816-cb7b-4898-bc77-ab3136b00d72","ABUTA GRANDIFLORA"
"d1f0cf1a-7dbd-496d-8ad2-4480157727cc","ANACARDIUM EXCELSUM"
"4b409e0e-7bae-421f-885f-1e462873d907","BELLUCIA GROSSULARIOIDES"
"211fbf8e-7e54-4273-8225-9f2c8e6b8aef","CYPERUS PROLIXUS"
"eba13781-de2e-48f3-ae09-871e92906502","JUSTICIA PECTORALIS"
"9ac99cd1-4a22-4273-9679-58c33af62068","PIPER KRUKOFFII"
"7480d866-d4f0-4af5-9327-b3af7f6f5990","PIPER PUTUMAYOENSE"
"68b2dde7-0ae3-447e-8d1d-26eb6ceef59c","SOLANUM GRANDIFLORUM"
"6b0c63a4-2acf-40ce-9585-820cef189581","SOLANUM SESSILIFLORUM"
"c0abc357-70ed-469b-9757-67e06e8e1a66","VISMIA BACCIFERA"
"3ac0f474-ffcd-486e-89dc-c31d1bd53ef8","BACTERIAL INFECTIONS"
"0acf3ae5-6ba5-4db1-915b-1e1f911f92e0","MICROSOMES, LIVER"
"b90a7faf-d6d3-44be-874e-80f33fed2c60","POLYPHENOLS"
"74b1d5fe-7f90-4797-9690-b5d1f5f1a5d3","RATS, SPRAGUE-DAWLEY"
"11863c2f-c476-4478-aa51-cb70e6f1a3fa","GRANDIFLORUM"
"350220a1-cefc-423f-9c7a-ad7b0183af20","RATTUS"
"16b88869-92f7-438f-9f88-901f5214dd6c","COUMARIC ACID"
"11eac447-28f3-493a-bb83-1afe1bd0d982","COUPLING FACTOR"
"22517fe2-13ff-48c3-80dd-688999c29c1c","DIODE"
"78683438-b170-4610-91bf-0ecb3ef70447","INDICATOR ORGANISM"
"c4fef09e-490c-419e-91e9-9f798a6c9327","LIVER MICROSOME"
"ca38c0a1-66fe-4648-8e0b-6e312085a5c6","MICROARRAY ANALYSIS"
"b98cd7cb-7880-4d9f-9d86-475851cb101b","REVERSED PHASE HIGH PERFORMANCE LIQUID CHROMATOGRAPHY"
"c0265dc3-6d7d-4b29-abe3-ebd1b15f0ad1","SPECIES DIVERSITY"
"cb4c32f7-c2a4-4e00-9150-b76006cceb4d","SPRAGUE DAWLEY RAT"
"8b3fa7d0-57d3-4fd1-95de-85f7a0386916","5,7,4' TRIHYDROXY 3',5' DIMETHOXYFLAVONE"
"239a7d77-aee6-4b1d-bd5e-7dde44237c68","KAEMPFEROL 3,7,3' TRIMETHYLETHER"
"c09fe46c-8661-406f-bf56-6d98957b8538","KAEMPFEROL DERIVATIVE"
"e45de0d2-f8a5-4d68-b467-992f7e0fb7a4","KAURANE DERIVATIVE"
"96b4dd7f-994a-4dd6-b591-4474bb36771d","SITOGLUSIDE"
"a6388abf-d838-4f80-882a-855e3afa55b3","SITOSTEROL"
"338ae7fd-c999-4431-bf5e-973533ad70d7","ALTERNANTHERA BRASILIANA"
"b1805fef-644b-496a-9117-2b193e83fef0","INFRARED SPECTROMETRY"
"1cb7435f-c585-4548-8ace-ca6e275debbd","PIPER RENITEN"
"6ea8671a-f144-454e-bb81-c78b5fb936f4","CDC2 PROTEIN KINASE"
"87341a12-824b-40ee-9488-cc84c87d1b40","CYCLIN B"
"2bd124bc-70e6-44cb-95e7-7ec6760c3ed2","LACTAMS"
"8d3cb27e-05bf-46ed-a267-e5e45116aef8","PROTEIN-SERINE-THREONINE KINASES"
"28fe611b-24e7-4eec-b275-eea5ea12ce73","PROTEIN-TYROSINE KINASES"
"482e8dec-51bd-4768-91f2-a24607a5b1b5","ARISTOLACTAM A"
"8424a6dd-ea7e-4c7c-87cb-c09de540584a","ARISTOLACTAM BII"
"abe22ed1-5d87-4da5-8d9b-7837002e99e8","CYCLIN DEPENDENT KINASE 1"
"08f0e754-bd26-422b-9fef-f3bf2cd5dd01","DYRK KINASE"
"028b6072-3030-4e09-87a7-988a3aec82f9","LACTAM"
"340aa7b2-48dc-42d2-a46e-ad6bb7d9907d","PROTEIN SERINE THREONINE KINASE"
"ae19ed57-4dd7-4cf4-8544-ac54fea1ee2d","PROTEIN TYROSINE KINASE"
"f5cfe895-5659-40b6-9ee7-e64d9920e1b3","CACAJAO"
"7e9b2ef3-756d-4884-a9f7-001f223e136b","CHIROPOTES"
"8c7fca1f-39df-483e-b41b-16e1a08cff3f","CHIROPOTES ALBINASUS"
"cbe23226-9b66-46c8-a9e8-61421362d321","CHIROPOTES CHIROPOTES"
"4fc10a78-5e06-46d7-8fbb-ebf037c028bb","DUROIA"
"ebbe1b3f-4f27-4375-8ce4-88e896ce62b0","MACROLOBIUM ACACIIFOLIUM"
"b734193e-aa0e-415c-bd27-e784d9fff2a0","PITHECIA"
"e1b8e4c8-7915-4979-b272-d1d750890961","PITHECIINAE"
"de9abec9-8cf2-46a7-800b-14c835648361","PRIMATES"
"6d1f2c71-f155-4433-b881-65bf4e45e011","PSITTACIDAE"
"b6dd41a4-7526-4181-a493-7e837c9d721e","VERTEBRATA"
"3832f848-cf26-486f-847d-89bb9ab897a3","BEHAVIORAL ECOLOGY"
"374ed296-3076-4586-b879-6052c71c306b","SEED PREDATION"
"ed6bbd31-9ba4-4797-b649-0e8e4a05e2e4","SURVIVORSHIP"
"951dfe2f-2f7e-46eb-af60-5baae2f97c99","PRADOSIA"
"9cbe0cee-b425-4f24-83ca-969f264c4ad5","TANNINS"
"1b12eda7-2bc1-4c9d-84b3-bfc1b76598c3","COMPUTER SIMULATION"
"1b2e5b4d-6be9-4535-82a8-bcf1a9e99b5d","MONTE CARLO METHOD"
"7e2bbde0-d46d-4041-b906-ee4c93c339eb","TIME FACTORS"
"94a83e30-35db-4223-bcec-2290d2f19c59","BARRO COLORADO ISLAND"
"1b5fddfa-1c7e-4e85-9155-81ac85f45a89","PANAMA [CENTRAL AMERICA]"
"026019f0-778c-4c9f-9217-956e5bb9be9c","PANAMA [PANAMA (NTN)]"
"68b97ad3-b8f3-460d-9dd8-38454ac867cf","LATTICE DYNAMICS"
"eed0c52a-8aff-4737-a7fd-f3078563c92a","MACROECOLOGY"
"ff3c83b8-28e9-424d-9860-26d2341556c3","MONTE CARLO ANALYSIS"
"f55f08f0-70ad-45d5-8310-393932eb4443","RELATIVE ABUNDANCE"
"3771e9c2-5641-46e8-b17c-f9567728036d","SIMULATION"
"04050f36-1a0d-45b4-a412-34096db54573","SPATIAL DISTRIBUTION"
"90c32446-9244-4871-acc2-94d0bb53393b","HYBANTHUS PRONIFOLIUS"
"5ae7716b-1de9-4539-8c7e-e0f019cdb3ff","PERIODICITY"
"a64a9acc-961d-47e0-a0ff-593b3fda0939","PLANT DENSITY"
"95544b42-959a-43f5-a9a4-81f800ab8d0e","PLANT EVOLUTION"
"fc3ec449-9ba4-4463-9617-0b459b5232c4","STOCHASTIC MODEL"
"fd9759ce-1a14-48f5-b4c7-6f7cffd41fb6","TIME"
"11953d77-38fb-4965-9b63-72989984cf2a","SPECTROPHOTOMETRY, INFRARED"
"5edc702a-a9da-46ae-94d5-b56c82ea0e7a","INFRARED SPECTROPHOTOMETRY"
"ee819603-d045-40ee-ac6d-46140e0a1ac4","ANTIVIRAL AGENTS"
"db471375-979a-4968-af4e-5537888fa8f1","CELL LINE, TRANSFORMED"
"5521e969-7f62-4d9c-a4f5-180685766533","HEPATITIS B VIRUS"
"00a51557-62c8-468f-9aec-d25d238c6a01","HIV-1"
"9ff92886-ffcb-42cc-bcd1-3a157734cf64","VIRUS REPLICATION"
"e31786ce-de75-4418-9568-3f0b45b19ad0","HUMAN IMMUNODEFICIENCY VIRUS"
"7b349dd4-3eee-4eb5-9480-716d49febdfa","HUMAN IMMUNODEFICIENCY VIRUS 1"
"2f22d0ae-c94f-45c1-8752-f079d6e4db2d","SENNA SILVESTRIS EXTRACT"
"27466bed-551c-48e6-9ae5-de59c955856f","VOCHYSIA GLABERRIMA EXTRACT"
"01295c3f-863f-41ba-b7b2-23b6bba95064","WARSCEWICZIA COCCINEA EXTRACT"
"bf478d41-a79e-4087-8d4b-12671b329cc6","CELL STRAIN HEPG2"
"17114c66-5341-429a-b4f0-27be6817ea61","SENNA SILVESTRIS"
"d165b8f4-bf33-4164-ac17-d301af44312c","VOCHYSIA GLABERRIMA"
"ad0c7b7a-1439-48a6-8f69-a802e58b7ff0","WARSCEWICZIA COCCINEA"
"f5ac4863-8b9a-474f-b2bd-52d7a03b60fe","GARCINIA"
"9d2f8304-e441-4191-93e8-90e22bdb999c","CAESALPINIEAE"
"c54498af-fe0a-4e96-9b09-51ce055e1836","CAMPSIANDRA"
"1df3a398-e815-482c-bfe3-11c1856d005f","CAMPSIANDRA NUTANS"
"5d401b6c-19b1-427a-a28a-c3a2d2e1b871","CAMPSIANDRA STEYERMARKIANA"
"38624e6b-56f9-4637-988a-9b0860943a51","ANTIPROTOZOAL AGENT"
"a349e4cd-fc91-44df-adbd-4c6b3734a4dc","ANTIPROTOZOAL ACTIVITY"
"a5915d40-c933-49c2-b57d-d80b6a644a98","LEISHMANIASIS"
"84af5fbb-c293-4f86-8b77-674fc91cbeba","UNONOPSIS GUATTERIOIDES"
"2d276cdd-d0c7-4f76-95e9-e6a88a991e49","SPATHICARPEAE"
"27c30639-0805-460a-a1de-26969db51c20","ASCOMYCOTA"
"c95979a5-2c90-49f4-ab4b-e13b1caece18","DATABASES, GENETIC"
"2abe5d81-14be-4bce-820d-1c1a665ddd9f","MOLECULAR SEQUENCE DATA"
"61fd5f06-d5be-46d8-86f5-d69332d41168","TRYPANOSOMA BRUCEI BRUCEI"
"535718e2-4567-4e73-a246-50a872834f72","BRASSICA OLERACEA"
"0f2da2da-febf-42ee-a8d1-d168b755f007","BRYCON"
"d3e011fc-211e-4b4c-a7ce-6217afb3bdab","EUPALLASELLA"
"edcf4e08-f016-4221-822b-a5602380232a","HELLEBORUS FOETIDUS"
"7a2ebfaf-02b2-492f-be0c-5e17de206c9f","IPOMOEA PURPUREA"
"bd83d6ff-9909-4828-9f52-1b33fc50ef9c","PHRYNOPS GEOFFROANUS"
"7809e222-7a98-426c-b063-3797c8ac4c82","PROCHILODUS ARGENTEUS"
"450bf4de-67fd-4e0c-9c94-1c788b63c29b","PYURA"
"dfad937d-5d4d-4a9c-ac64-d4e016da2c4b","SYLVIA ATRICAPILLA"
"6abb8550-b92b-424f-9667-f3f5769c0e19","TERATOSPHAERIA"
"17dc1979-6628-4bcc-8005-13d90f736a1d","TRIALEURODES VAPORARIORUM"
"5004c1a2-efcc-4337-af5e-33080ea6b6ea","TRYPANOSOMA BRUCEI"
"bf318075-8046-4d6c-b583-6226cb56c6b5","VERATRUM"
"15d56c6b-e3dc-41dd-8f8e-6e92ee70cafe","MICROSATELLITE DNA"
"aa6ffa6d-efd2-4acd-8387-d5abb5a4aa12","ASCOMYCETES"
"627b9c11-3609-449b-99e5-65124caa733a","GENETIC DATABASE"
"3c609509-d0d4-4e57-902e-6fc8b830ee20","MOLECULAR GENETICS"
"1ae09eae-ca2e-4d40-93b0-8e8916f245d9","CANDIDA"
"35bad14b-af8c-45eb-a391-27a9af66c2fa","STAPHYLOCOCCUS"
"f910fa10-f4aa-473e-a93a-40b368729fb5","10 METHOXYLIRIODENINE"
"c87915e3-b08e-494e-a95b-789d579d5ac6","8 OXOPSEUDOPALMATINE"
"76ee0cd8-5712-4aaa-9705-2a8cf5417796","9 METHOXY O METHYLMOSCHATOLINE"
"54254981-896a-4482-abcb-68047961a5b0","9 METHOXYISOMOSCHATOLINE"
"d27d661b-a06b-457b-9807-d41e22cfb7d3","CAFFEIC ACID"
"bec698e9-8b35-4760-9b5d-2c487086caff","COREXIMINE"
"f244c927-914a-4373-92e4-8f6cf1a6ae1f","ISOCERASONINE"
"8632af83-78b8-4c87-b001-30138e199762","ISOCOREXIMINE"
"4e99d53c-1556-4a24-b6da-69f1ec11da05","ISOQUERCITRIN"
"4188ecb5-a533-4cd5-b454-01125d02973c","KETOCONAZOLE"
"0c7fd783-193a-42f7-8001-3eb2a1547aab","O METHYLMOSCHATOLINE"
"92fda590-1964-49da-9a46-f0c3964b4e80","XYLOPINE"
"2882c47f-c8f4-4cf1-83cf-27e9f3516262","CANDIDA PARAPSILOSIS"
"d79fbd7a-895c-4ba1-93fa-5fce99b04f86","KOCURIA RHIZOPHILA"
"66892c0b-1d67-4c21-b924-5ea228625d2d","PASSIFLORA NITIDA"
"1a2eba4c-d8c6-47df-9a01-33eb209e2a3e","PASSIFLORA PHELLOS"
"8cc440c6-286d-49a8-80c3-e1d3e8418f85","PERA"
"695034cf-a81d-4fa3-b128-1b18285af1a6","APHIDIDAE"
"c8fbd738-6b30-4ab9-a875-7e31c7f19df1","CLIBADIUM SYLVESTRE"
"19dd9f15-57d7-4a6e-a4b9-3e7857c9694a","DERRIS AMAZONICA"
"90eadc1c-b0ec-470f-972f-b389bc927462","HEMIPTERA"
"09c00930-0162-444c-9bb9-306d8a05b7df","MYZUS PERSICAE"
"a4b07e36-fc89-4ded-9856-757377910ba7","COMBRETACEAE"
"32e6ed85-860c-44e1-a8b5-502949e0c72f","COMBRETUM"
"f440361e-2f5d-4488-9eb6-509ff40839de","COMBRETUM ROTUNDIFOLIUM"
"c503e1a1-9eea-4da3-acbd-36d73b6f2574","ACALYPHOIDEAE"
"4b5c89c9-9533-4d2d-9722-606de8fe9322","PERA BICOLOR"
"812be7fc-6365-4908-9059-dd27b2754c01","IMMUNOHISTOCHEMISTRY"
"e96bdea6-43cf-41ea-8261-b45fe4389c18","PLANT TUMORS"
"ecf7bc12-bc63-458a-8834-1e44da1bb764","FLY"
"81e5ca86-24bd-48c6-ba88-a5b3c3270828","PLANT TUMOR"
"b853539d-1f13-4681-935f-b263c5e370dc","ELLIPTICINE"
"4e62638c-2b3f-4664-9fa8-8b53a409023b","FORMONONETIN"
"e8407df3-4fb2-4e1a-ab36-ecd3b5e29abb","ISOLIQUIRITIGENIN"
"701095b1-5aea-4001-9dad-fcd076263e49","ISOLIQUIRITIN"
"d9e5c48c-1d6c-4119-bc46-b16127c19612","LIQUIRITIGENIN"
"8d8392d4-5f1c-4026-b69f-ead0e4760a06","NEOLIQUIRITIN"
"1278c01a-fd84-459c-bff4-55a25a655d21","JACARANDA OBTUSIFOLIA RHOMBIFOLIA"
"651b07e7-f47c-43bc-afc8-65fe6dce1589","LUNG SMALL CELL CANCER"
"20e1410c-bcd7-49b2-8eb3-02cb46491116","VERO CELL"
"deec9798-77a1-4211-a7aa-939e6f57b6ba","FISSICALYX"
"6bd5a173-1880-4d76-a041-dfab276d11cf","ADSORPTION"
"00ee65e9-ce6a-4568-9b46-ba91159730d9","CORROSION PREVENTION"
"11f0d9a0-ddb9-434c-88ee-1c125efb40c6","ELECTROCHEMICAL CORROSION"
"f381a1a0-d023-42e6-9c13-10cd20a72ead","HYDROCHLORIC ACID"
"07d78672-e101-4473-a2a8-6ef1fba24a48","METAL ANALYSIS"
"50abd01c-46bf-4b5d-b679-4e2f8acd968f","POLARIZATION"
"83a6de09-35bd-453f-b31c-89ada89f6b98","RAMAN SCATTERING"
"4fd915b3-2365-48ca-9476-e95047679ce9","RAMAN SPECTROSCOPY"
"3e3b33c1-8103-4a59-87c6-729c053b1cfd","A. STEEL"
"833ad2f1-2ad5-4c48-80a1-d219b44f8db0","B. EIS"
"7afbb0ba-b344-44a5-ac48-53001c3c3ba3","B. POLARIZATION"
"a1afd41f-8460-474b-b685-35a27d2ba30a","B. RAMAN SPECTROSCOPY"
"bebbb4fa-4861-402c-bb93-9242c68ce511","C. ACID INHIBITION"
"997b77dc-93ae-4a5f-a654-3978699579fb","ELECTROCHEMICAL IMPEDANCE SPECTROSCOPY"
"695aac8d-66b8-4bae-bfee-02ed648f3b93","5,3' DIHYDROXY 7 4' DIMETHOXYFLAVONE"
"d35416ca-c461-4d2d-aa17-3e273840b35e","5,3',4' TRIHYDROXY 7 METHOXYFLAVONE"
"e74f5c15-3db2-4163-b39e-fa0629dfe7d2","5,4' DIHYDROXY 7 METHOXYFLAVONE"
"1a4bebfc-fd28-4d2c-9820-d85b4505d90c","DISTILLATION"
"fbea0892-4ac1-4d30-8e2b-290f0329ff74","CARYOPHYLLENE OXIDES"
"ee4235f9-881b-4f91-904e-e121d107c15c","ESSENTIAL OIL COMPOSITION"
"c227df16-7077-41e6-9c4c-6ae9f542d4a2","RONDONIA"
"ab58a419-3dcd-42c2-9d9e-f2d44114dffb","ADENOCALYMMA"
"ad480b1e-54dc-4513-b56b-421bee99ff44","ANDIRA AUBLETII"
"825833ed-7971-40db-a41a-5630da798e81","GOUPIA GLABRA"
"75c900fe-d56b-4b10-82f3-c46de2f4e844","MOURIRI"
"d6b8bbe5-d8d9-430d-a180-12bf565193ab","PARINARI EXCELSA"
"e975cd7b-305b-4632-83ea-4fd7b608ffb7","CHILD"
"8ab94767-847b-45a7-a028-dc4b14cb51e6","DATABASES, BIBLIOGRAPHIC"
"38b703e6-f56e-48d7-a974-bf991c7a9d8e","PLANTS, TOXIC"
"126005d7-c8ea-4f08-b8ef-3349382e9b6f","WETLANDS"
"50473055-e97e-489c-99d3-176ed7c26d1a","ANACARDIUM OCCIDENTALE"
"aaf0a5e7-26c3-4eab-ba4a-334d5d09cf06","SENNA ALATA"
"b291d76a-94d3-45d2-9a2e-9328e7b6d538","VERNONIA BRASILIANA"
"f3b358e5-0959-46e8-af21-97b43843cd61","ACOSMIUM DASYCARPUM EXTRACT"
"dde1fdc4-37fd-41a5-957b-469314fc08b6","AESCHYNOMENE MOLLICULA EXTRACT"
"d990e60e-a3d0-472f-ad27-22b4054732c0","ANNONA CORIACEA EXTRACT"
"c8d03a5b-ae37-4122-9e2d-d6364813f0de","ANNONA CRASSIFLORA EXTRACT"
"2ffe29fc-ce4e-445f-adaf-e4912eb053ac","BAUHINIA PULCHELLA EXTRACT"
"8962c141-cbb4-407f-8809-e0b6ebd79c8a","BROSIMUM GUADICHAUDII EXTRACT"
"30c717a2-1a1c-42f2-82d3-b340e8548eee","BYRSONIMA OBLONGIFOLIA EXTRACT"
"9ce59caf-62eb-4512-94ce-fbac9e690652","CISSAMPELOS OVALIFOLIA EXTRACT"
"7bb11440-0e8c-4d52-a78d-f01034a6b49d","CLITORIA SIMPLICIFOLIA EXTRACT"
"bef2450d-4846-4c52-988d-64c03f612a90","COPAIFERA GUYANENSIS EXTRACT"
"e9ccc41e-c424-44d3-80cf-c8ebc33b541e","CORDIA INSIGNIS EXTRACT"
"16a4b38e-b320-4c10-900b-88cd847d6649","CROTALARIA MAYPURENSIS EXTRACT"
"3f6c0929-1d19-41d1-aa2a-4e50eed72559","DORSTENIA ASAROIDES EXTRACT"
"ce73ce6d-b558-47d0-a455-556f1542fc9b","DUCKESIA VERRUCOSA EXTRACT"
"d0c677ee-6c21-44f2-8bf7-b6caa5fd164f","EMMOTUM NITENS EXTRACT"
"f423617c-10d5-46e1-a411-75bf76abbc3c","ERIOSEMA CRINITUM EXTRACT"
"07b2d1bc-a802-47b1-b9ed-0f03724dfcd7","ERYNGIUM FOETIDUM EXTRACT"
"b26523d3-e63e-4bc3-918a-1d38a5e7742a","GUAZUMA ULMIFOLIA EXTRACT"
"5fc9f14b-1077-46b2-ae2d-3d1746f45274","HELICTERES MUSCOSA EXTRACT"
"34f07e5a-9a0e-4397-a9e0-2d7210b90de1","SENNA ALATA EXTRACT"
"6e9bb54f-8989-4ea0-a67e-fc2fe04170d3","STRYCHNOS PSEUDOQUINA EXTRACT"
"fe36a121-335f-46d6-ac1d-f1b65609a0c7","VERNONIA BRASILIANA EXTRACT"
"014d0c4c-6062-4b5a-92d5-d5e653986bc2","ACOSMIUM DASYCARPUM"
"e7a75bd8-b158-497d-8e6c-19ff391c6dc3","AESCHYNOMENE MOLLICULA"
"6bbaf8e6-04f1-4caa-b1fb-27bacb427aa5","ANNONA CRASSIFLORA"
"c93d17dd-608d-4cee-aa2b-da206aeb8f1b","BAUHINIA PULCHELLA"
"a5702dc9-a72f-485b-b59b-e4af780d79a7","BYRSONIMA OBLONGIFOLIA"
"e1284f20-e9c6-4467-91cc-e358842c24df","CISSAMPELOS OVALIFOLIA"
"066cd61d-fe7c-4ed0-b8c1-58672907f331","CLITORIA SIMPLICIFOLIA"
"8ed896eb-a04a-41b1-8a56-704d601f0b5a","CONTRACEPTION"
"ccd1e042-6d12-4b55-b0e8-7c2727d90b0b","COPAIFERA GUYANENSIS"
"8069e086-6d88-40d0-a9d1-7c0ed673a4fa","CORDIA INSIGNIS"
"978557da-a019-436e-b053-d5504f4bd91e","DATA BASE"
"9b72b628-f297-4a36-958e-9dece1f78ff0","DORSTENIA ASAROIDES"
"4503e1d2-4854-4eae-8849-54a38792d822","DUCKESIA VERRUCOSA"
"b04680f4-4e56-4239-9924-3a0d290af843","ERIOSEMA CRINITUM"
"50869ec9-b4dd-43a7-bc0a-12d94e53ade2","GAUZUMA ULMIFOLIA"
"7d3a7a7b-d045-4216-a0f0-e4f2d91d7085","HELICTERES MUSCOSA"
"1fcdb3a7-fe07-4207-b5f4-426bb6875e99","MEDLINE"
"b345ba8a-9b09-46bb-adc7-020c8844b716","PREGNANCY"
"bdfca337-495b-41cd-accf-ccb132b7b5bd","PUBLICATION"
"22abb8b7-3c0a-467b-a4f4-62c446ab4001","SPECIES IDENTIFICATION"
"cabf410c-75b0-42e6-8841-6ca3b934a9f4","TREATMENT CONTRAINDICATION"
"0f8b609c-ddb1-43f6-a1d4-5412c2b54865","ADENOPHAEDRA"
"dacfab9e-0461-4e28-978d-e8411869d3ee","ALCHORNEAE"
"532c8c4a-f907-4519-a78c-b0c96d5c0b08","CONCEVEIBA"
"207a4a40-1f89-4e9f-a74b-608d47e5b891","CONCEVEIBA GUIANENSIS"
"6f0307bb-6a1f-4e95-af77-a9990faeddcd","GAVARRETIA"
"3e844337-6a05-4df5-bde9-ce9b95c21543","BACTERIA (MICROORGANISMS)"
"2fae8311-e0b1-46ba-b437-816351d990f0","CALYCINA"
"0e325ad8-59a9-47e2-81ce-9f771799f586","DICLINANONA"
"9d29a773-4659-423c-9652-0a9d087a76ca","LACMELLEA"
"a470a6e6-a32d-4f99-ae77-d1abc4a7d9e0","MYCOBACTERIUM SMEGMATIS"
"8ba1544c-7459-4c91-95c3-812bda74cb60","STREPTOCOCCUS ORALIS"
"c820adcb-0a8d-4439-aebe-953c1939e59f","STREPTOCOCCUS SANGUINIS"
"cc65a999-408a-4d3f-97f3-1379f91f4843","PILOCARPUS ALATUS"
"90af08de-4b26-481f-a143-f522c6ec76e0","PILOCARPUS TRIFOLIOLATUS"
"b5dcbc58-50b5-4602-95c1-64a9216632ac","COPTOTERMES CURVIGNATHUS"
"515c40b0-fc26-4243-bee7-1cc88f3e65b3","COPTOTERMES GESTROI"
"c9c9e91a-5418-42af-bc53-eab1507d7160","ISOPTERA"
"3f345418-1972-4310-8ddd-f8f86a5c7ab3","RHINOTERMITIDAE"
"59ee6438-0b5d-4c8b-becc-e33bd67133fc","TACHIA LONGIPES"
"833ef06c-dccd-469a-b470-59355bd188d0","ASPERGILLUS FLAVUS"
"032baaa2-8611-43cd-bd6c-1cbe6d93c9b8","KLEBSIELLA PNEUMONIAE"
"c8edabad-aded-4758-a69c-62c4c7c39320","NEGIBACTERIA"
"70db9eea-2992-4b93-b6bb-218026dd1de9","POSIBACTERIA"
"362631eb-587f-42ff-9a62-289842e37ce0","SALMONELLA ENTERITIDIS"
"8298499f-d15e-478a-98cc-5208adbdb01b","SERRATIA"
"1fa9c27b-0e92-4dcc-82dd-092b61c9be7a","SHIGELLA SONNEI"
"a5906e67-c72a-4711-b4c0-3787b4f52cb4","CATOSTEMMA FRAGRANS"
"60602fa5-b03a-40bd-be7b-91c8311a3b81","CHLOROCARDIUM RODIEI"
"15fca2c3-f69f-4bd2-b780-08741128e6fb","OXANDRA"
"747e9410-2cbc-4d18-be33-24bf6e6ef4c2","CANOPY GAP"
"0b8001f3-a009-4c58-aa21-c3f51d4f92f3","PHOTOINHIBITION"
"a6b1537e-8cce-4777-a982-709d707a1239","BORRERIA AMAPAENSIS"
"d36928df-f8e1-42f1-8635-5721038dbc37","BORRERIA CAPITATA"
"b686daa6-0093-4086-b78d-1af33bff393f","BORRERIA GUIMARAESENSIS"
"64f4e9c0-75b3-4f5e-8906-c33b6a213770","BORRERIA MULTIBRACTEATA"
"d6c9ef05-ca83-4edd-96e9-4b9be2be7782","BORRERIA TOCANTINSIANA"
"47cf6e5b-fd5f-4a4d-8753-d9d29027f5dd","POLYCYCLIC AROMATIC HYDROCARBONS"
"f2c3c261-5090-4bd2-923c-82acf47fa8cd","POSITIVE IONS"
"211f245c-ff0f-4fec-b94b-e6dd1a759f2e","PROTONATION"
"26d22046-b705-4fa8-96ee-27f6ee5c332f","ELECTROSPRAY IONIZATION TANDEM MASS SPECTROMETRY"
"b5a603cf-ee4b-4fb6-9671-42a1e2b43b4b","ESI-MS-MS"
"b4e266ae-380e-4f28-b08d-832e2ab989be","FRAGMENT IONS"
"65cdc621-a6b5-429a-b048-c10c7874876a","FRAGMENTATION PATHWAYS"
"2123c696-2113-4616-b98d-c6dd8d8264ff","MS/MS EXPERIMENTS"
"ad480a0a-97a9-47eb-935b-635548a2071d","POSITIVE ION MODE"
"6e12b9b5-3622-4067-9e6b-97eed9a9742d","PRODUCT IONS"
"af96b94b-cebb-414a-81a5-1c63dd70bbc6","PROTONATED"
"218d32eb-5c61-4021-bb22-e6fe50a7746f","PARACOU"
"7cc9dea3-5d7e-4cfb-aee9-7b557e5ea370","SOUTH AMERICA"
"47a0cdb3-597f-4a0f-b994-6a6e450efff2","BOCOA PROUACENSIS"
"0c122d2f-b1f1-4816-952d-ce70d0717332","DICORYNIA GUIANENSIS"
"3a1cb7de-c047-4e49-b42a-707ecdcc3c28","QUALEA ROSEA"
"a46ab8de-caf4-424d-bfa6-4188279716ee","CORONARIDINE"
"d1602bbe-295a-4775-b6d9-a53ddbb86601","VOACANGINE"
"4f97743d-e633-4ca8-9164-a419eab069ca","CASPASE 8"
"2f682651-0257-4e9e-8ca1-a5c17373cf38","CASPASE 9"
"17f31e96-1399-46af-af0f-8eb2a0f6e6c3","JURKAT CELLS"
"d6aa0d36-ed1d-415e-95b6-219497131e34","LIGNANS"
"eb5c5cdc-958d-4990-b5e0-0588fea91a20","PROPANOLS"
"4697e540-53e2-4270-a61b-925ae639b299","2' HYDROXY 3,4 DIMETHOXY 3' OXO DELTA4',8' 8.1',7.O.2' NEOLIGNAN"
"fddba0b3-6d8a-4637-9a22-1732d96d7c8d","3' METHOXYBURCHELLIN"
"3b26a5bf-3549-4678-9d1a-ca4d9f1401da","5' METHOXY 3,4 METHYLENEDIOXY 4' OXO DELTA2',8' 8.1',7.O.2'"
"be218ba8-36fb-4674-b3a7-c70ef58c8524","APIOLE"
"becbb06a-3098-4d7b-a08f-7a452dbca005","ARMENIN B"
"6fde6a99-63d7-4fab-887f-2bfad41aaa68","DELTA8' 2' 6' DIMETHOXY 3,4 METHYLENEDIOXY 7.O.3',8.4',1'.O.7' NEOLIGNAN"
"470e882d-ca1c-4017-827f-3017c0cb040c","FERREARIN B"
"562ef9c1-ed0f-4d69-bc53-5f3b855abcd9","FERREARIN C"
"815bcfd8-1d10-4f2f-8086-f6bb1767ed32","FERREARIN G"
"fef56b87-95ab-415f-8b54-ec735107e1d0","LICARIN A"
"8e95ef2c-b053-45e1-9a20-ddd3c0af9be3","NEOLIGNAN"
"4d412667-08f0-428c-85e1-30385a1169cd","OXAGUIAN"
"f7dd0309-0092-4825-920d-814a5079c317","COROLLA"
"85e37a89-1e53-426a-a477-6b8b91bd9afc","GALIPEA"
"031a6d92-ce1e-43af-903e-5c0878ac6449","THYRSOIDEA"
"a3b26a83-b164-4335-84d5-cbd337067f39","ALLOMERUS"
"60f63e81-0782-4bf3-bbb4-54e720c8d2fd","ALLOMERUS OCTOARTICULATUS"
"0d7ecb28-2fe5-45a4-bcc2-7ad023460522","ARANEAE"
"f9975255-fbd9-46d9-a35a-2aa0460c727d","ARTHROPODA"
"f1bf5f1d-06c0-4d35-bf5a-06532d8dae35","DIPOENA"
"327855aa-d168-40bc-9056-6f53c0464393","FORMICIDAE"
"46b66c79-8169-4723-b07d-9e47cda23aaf","HIRTELLA MYRMECOPHILA"
"c7a94d70-81e5-4c21-8d92-79ef5132a3f9","ARTHROPOD"
"7c8e0d06-9bef-42e8-8a32-f47a3a9eeabe","GUILD STRUCTURE"
"45f4ff40-d675-4031-9c87-1e3d2fbfe794","MYRMECOPHILY"
"a21d0d1c-92d3-48f4-a71b-0cba0acdf1b1","PLANT-INSECT INTERACTION"
"dc75e76a-d687-4d02-9a72-e1b1ff0684fd","SIZE EFFECT"
"bbe1ec6e-26fa-42b1-8a16-bc0efef74d1c","SPIDER"
"275e3512-b2c3-4be7-a1f6-c53efd12ce17","ALPHA-GALACTOSIDASE"
"9dd9a5aa-c829-4cd0-886b-997c83cd6d17","OLIGOSACCHARIDES"
"1a1dd8d3-4e31-4487-b067-fd5027554aa6","ALPHA GALACTOSIDASE"
"9380f329-e8e9-49e4-8283-c079c87f40ec","OLIGOSACCHARIDE"
"9c014aba-c668-4310-8a95-ad71e769c1d1","ENZYMOLOGY"
"ef612554-5850-4973-b097-51532cc92491","ACACIA AURICULIFORMIS"
"de65738d-fdc6-42e3-81fd-a2f0d3e619d1","OCHNACEAE"
"35506eb5-0485-4191-aa3a-82718e1acd4b","OURATEA"
"30d6de4d-4416-4494-8cde-2d1201d9cfa8","EULOPHIDAE"
"7ff695eb-572e-40be-8323-d5d0dca2ebb3","EURYTOMIDAE"
"7fa0e38b-9cba-44cd-85ec-409eb14cf3b8","LESTODIPLOSIS"
"f8112c35-7944-46c9-a86f-c49783d4cfb5","PTEROMALIDAE"
"85f7c167-112e-4dd3-ba4d-cdcec88be303","HETEROPSIS (ANGIOSPERM)"
"3f2e9614-82fd-4094-9906-82fe22522a41","ECOSYSTEMS"
"79e02d58-f8f1-4a98-a339-1517da242a98","SILVICULTURE"
"1cd22da1-e7a3-464f-bcd8-b3ea054fc7d1","ACACIA MULTIPINNATA"
"0c837f30-805a-49ff-8cb4-c534f724f062","BAUHINIA GUIANENSIS"
"5b0df5d2-77f6-4de6-b846-61120156351c","CROTON ASCENDENS"
"dec8ea6b-0f13-4184-93f1-6626e9744984","MEMORA SCHOMBURGKII"
"ccc5f098-a2a7-40f0-a2c6-3c7f3eddc223","SERJANIA CARACASANA"
"93a1d96e-c9b9-43d5-a441-d5850acd7033","CLIMBING PLANT"
"5b2082dd-5e26-4148-8000-a4b4a3283eb0","LIANAS"
"2867a140-d3b6-465d-a187-26796d004c35","REDUCED-IMPACTS LOGGING"
"6a44aa47-b2bc-48dd-90e7-6feca85e0780","TROPICAL FORESTS"
"c797e0d1-b1f0-4e9a-917d-5b6a9bf93055","BASE SEQUENCE"
"df1adef2-8b2e-4aef-8f7b-773370da215b","BERTHOLLETIA"
"8781fa4e-e8de-454d-9c10-731369ca2e21","CHLOROPLASTS"
"4b613bd7-47df-434a-87bb-e592a5aa2399","DNA, MITOCHONDRIAL"
"156546ef-c06d-4ec9-9829-8354d74b0634","DNA, PLANT"
"5dcee8dc-1b92-4690-beae-03e45eb0b127","GENOME, PLANT"
"98119c81-7900-4266-b99a-abb7cd682440","LIKELIHOOD FUNCTIONS"
"9d56c9f6-f217-4886-a85f-5d7cbe62cf7f","SEQUENCE ALIGNMENT"
"41e15bd8-2c6b-411c-9995-b17e6d917421","ESCHWEILERA ROMEU-CARDOSOI"
"a5a398d1-a155-4ad6-af54-aa5a01183af7","LECYTHIS ZABUCAJO"
"a8b1baf7-f96b-4be9-8ad2-58cfa882514b","NUCLEOTIDE"
"c3dbdbcc-cf20-4ac9-9453-ed868262b3e6","DNA EXTRACTION"
"6ec73f07-298c-4523-89df-0d1b0cdd4deb","DNA SEQUENCE"
"ab994663-36d8-411b-ae89-05cf612a8fdb","GENETIC HETEROGENEITY"
"04948dc3-e36d-42d3-a6ea-aa471cf3354e","HOMOPLASY"
"83f2a2b6-dec9-4951-ad37-98a594ebabe6","MITOCHONDRIAL GENE"
"980eea88-5f39-4066-8df1-12350925af56","SEQUENCE ANALYSIS"
"117b8d9e-e80a-4390-835d-840ddd2138a1","CENTRAL AMERICA"
"071b5526-18c3-4fcd-8ba5-96af5c41cb10","GATUN LAKE"
"818f5b08-24d3-49f7-948d-9267ea481d59","ALGAE"
"19726c1a-bc5e-4bd8-b985-a3bf6f2f4be7","BRYOPHYTA"
"b42acfff-02f4-472d-8a07-8a682d8b0666","BRYOPHYTES"
"14bb72b0-d7a8-45cf-af11-0838909c16e5","PSYCHOTRIA MARGINATA"
"2a37040c-9f85-4c90-8b96-e411c63d95c5","ALGA"
"77c12400-f1ba-492f-a7cb-9638132cea14","BRYOPHYTE"
"3866c2be-d2a8-4259-ad4a-ba65276eb4d8","GROWTH"
"aed02e1c-c9c2-4f66-8ef7-9d3b8a51cd03","LICHEN"
"0883bc9a-e153-4ec0-8722-70ac277b1311","PHILODENDRON CALLOSUM"
"1e4532a6-4b1b-4ef6-83c6-1508399c82f5","PHILODENDRON FRAGRANTISSIMUM"
"2c8e91a6-3dc0-4d2c-bcd6-40d410ebd4af","PHILODENDRON INSIGNE"
"1875149d-9e43-4a58-9a8a-23f252abd0ae","PHILODENDRON MELINONII"
"4934ece0-866a-416a-a7d9-295721a22b25","PHILODENDRON SOLIMOESENSE"
"25aa2d25-977b-4694-91a3-591942240b15","ATYPICAL BISEXUAL FLOWERS"
"f81ccf03-b2b3-4a9f-bf50-426820a91beb","HOMEOTIC FLOWERS"
"7da476c9-74a9-4013-9e93-d5bb6a468647","PISTILLATE FLOWERS"
"71f63993-ac99-43b0-b992-a34066964579","STAMINATE FLOWERS"
"61eba73e-88d1-4285-989e-99d400ac01ac","CYBIANTHUS ANTHURIOPHYLLUS"
"e043ae70-1af8-494c-ba57-cf688143617e","DESMODIUM AXILLARE"
"71555671-88ac-4049-8f4e-2d3991cf38c5","MYRSINACEAE"
"d786d3f4-cae5-4fdf-8e93-dc6dfaaa0acf","AMPHOTERICIN B"
"9f51a178-636f-4a47-9f18-2bc3c3af5e5f","BAUHINIA HIRSUTISSIMA EXTRACT"
"35440427-53a3-40d1-963f-8c3f287f295e","CALADIUM PICTURATUM EXTRACT"
"b0a30fd3-d3c2-421a-8ebd-8d6e8f4f0821","CALYOPHYLLUM SPRUCEANUM EXTRACT"
"8e4a6fd1-e8d6-4a4c-9643-1e6a1e93b77d","CAPSICUM EXTRACT"
"b6502811-a183-4345-8535-d3bb3e21b861","CLIBADIUM SYLVESTRE EXTRACT"
"e76183b2-b491-42a5-8e26-3a3d65ea1578","CLUSIA AMAZONICA EXTRACT"
"02340d5b-09f2-4c28-ab0f-5c05b2ce654f","CREMATOSPERMA LONGICUSPE EXTRACT"
"bb8d8416-b1d5-4ab1-ba78-3d21eb6796a3","CROTON LECHLERI EXTRACT"
"566e5a09-b193-4303-bcb0-95a0a8fb940a","CYBIANTHUS ANTHURIOPHYLLUS EXTRACT"
"3808c376-142d-4cec-879e-5e9455d23da7","DESMODIUM AXILLARE EXTRACT"
"f09c904a-0e27-4fa2-a476-d76f055dd110","GARCINIA MACROPHYLLA EXTRACT"
"d85bcf79-8f65-4638-8d27-849312fc0b39","HEBECLINIUM MACROPHYLLUM EXTRACT"
"58f7f7ae-3ecd-47ab-b0ff-a11aedd5b6d1","IRYANTHERA JURUENSIS EXTRACT"
"acdeac71-8d7b-4538-8515-ef439cac1e2b","KLAROBELIA CAULIFLORA EXTRACT"
"4b48b4c4-8b13-433b-b21f-2a3d3971233f","LACMELLEA OBLONGATA EXTRACT"
"cd78de3e-effe-425e-b5ce-71a858dd9097","MACROCNEMUM ROSEUM EXTRACT"
"a440ad7c-69de-4784-8a31-b776d4eb33d7","MUSSATIA HYACINTHIA EXTRACT"
"c5e5ad47-0ded-4e74-bf79-8e24a80e6479","PEREBEA GUIANENSIS EXTRACT"
"a9c0a103-8121-4593-855a-dc34b385aaec","PIPER LORETOANUM EXTRACT"
"f6a2b2c0-9a96-43cb-a9b9-76da5eb0d268","PIPER SANGUINEISPICUM EXTRACT"
"4dfa5574-f414-48a1-8551-76551e8702a0","PSEUDOELEPHANTOPUS SPICATUS EXTRACT"
"02db8643-f5b9-464a-8443-15dd68655145","RUDGEA LORETENSIS EXTRACT"
"52c07daa-6907-494a-b561-0af5a5f008ba","SALACIA JURUANA EXTRACT"
"b71f78b6-430d-438b-b1bf-c8ffa8ef785f","SWARTZIA SIMPLEX EXTRACT"
"7c4aec8c-492d-4b2b-ab0d-7970d5b32f89","TALINUM PANICULATUM EXTRACT"
"dd4bac16-580c-451e-a3f7-22edfd8c3e21","TILESIA BACCATA EXTRACT"
"b8a67660-d684-4468-b8a1-4043b433640e","AMASTIGOTE"
"5ef07528-eb13-4077-9d95-c2b9e00f8f72","ATTITUDE TO ILLNESS"
"ca879a36-2aff-45d1-b466-5f196f2d6395","BAUHINIA HIRSUTISSIMA"
"168923b6-d28e-4bdb-8ad0-08446e3b2833","CALADIUM PICTURATUM"
"2cdfb132-de33-43c9-be95-fd001f93f218","CALYOPHYLLUM SPRUCEANUM"
"8f7cdb65-0e86-4edf-8cf6-b226865a0934","CLINICAL PRACTICE"
"5daf6d01-ee7d-4edb-9bd9-020d5d7bd61a","CLUSIA AMAZONICA"
"ffcd99fa-5bae-4dab-9d8e-6469a53a919a","CREMATOSPERMA LONGICUSPE"
"3ce0fbd1-2e7f-4feb-8789-5427f706ac00","CROTON LECHLERI"
"6d5e2110-3516-44a2-8577-ace09a5ff485","DIAGNOSTIC VALUE"
"5901a4cf-e3f8-444d-b38a-3b604af05694","DIET RESTRICTION"
"6c6745f5-0ea7-40d8-961d-86cb7fe445ee","DISEASE TRANSMISSION"
"1bbec1e9-d7d7-4edb-84e2-83ffa7281a82","ETHNIC GROUP"
"24eefeb3-c9d4-4606-b41b-10b4ea413a69","GUTTIFERAE"
"540d1d06-671e-44e3-9102-6fabf6301fd3","HEALTH BEHAVIOR"
"d0752e90-9003-4fb7-b9a3-45226a679bd2","HEBECLINIUM MACROPHYLLUM"
"623bfd8f-de00-408c-acb5-f978ab7b1068","HELP SEEKING BEHAVIOR"
"abe46692-74af-4995-9fda-67d377b87814","IRYANTHERA JURUENSIS"
"3f58ed57-8572-4e65-9b84-8f9f6480e9ca","KLAROBELIA CAULIFLORA"
"ae25a176-7c0f-407a-88ed-059db24376e4","LACMELLEA OBLONGATA"
"fbe86002-e1b5-41e6-a351-61dcb9c84dab","MACROCNEMUM ROSEUM"
"592ca1d8-0780-4932-abac-e91688355672","MEDICAL LITERATURE"
"19043a94-397d-4a98-aceb-ef3e5d6632db","MUSSATIA HYACINTHIA"
"3697737c-0685-4608-90a4-14ee96216d84","PARASITE VIABILITY"
"0ff38522-a3f3-4e74-bdc8-d155c8296c11","PATHOGENESIS"
"5c335a57-2df2-419e-83e0-381543adc1aa","PATIENT ATTITUDE"
"82239764-cbb1-4c22-9b2d-71c40f94c2a9","PATIENT CARE"
"c116e1ee-3be7-456e-88dc-0da383b7679e","PEREBEA GUIANENSIS"
"8cb8d1ed-4e6e-4f4a-9260-9786560a0392","PIPER LORETOANUM"
"59d2e737-4b6f-405d-b614-df5ae7554170","PIPER SANGUINEISPICUM"
"73b91787-1f84-474d-8fbd-dec7277c30c2","PSEUDOELEPHANTOPUS SPICATUS"
"8ce2d120-f028-430e-af9e-e7e10d0ebcbd","RUDGEA LORETENSIS"
"3d5220d0-bd4d-416a-9959-2a8f786c3fdc","SALACIA JURUANA"
"f3612252-5a53-47a2-b051-31050f44093c","SKIN LEISHMANIASIS"
"cbd007a8-ba42-4cc9-a5c1-beb1b9f05488","SKIN ULCER"
"d5e52ad8-81b0-4a2e-af60-9a1bbe472431","TALINUM PANICULATUM"
"12b28454-6a8d-4e1b-b4a5-a443cd244f87","TILESIA BACCATA"
"079ac8ce-f5c7-4979-9675-a8fc748b9e7c","ANDROPOGON SELLOANUS"
"c09ef562-d004-4362-8954-7b3578560169","ARISTIDA"
"debd5a27-63a6-4209-9e51-82af7b8c0a7b","GONGYLOLEPIS"
"fc2d0880-095f-42ed-bc41-961a4d86a582","PANICUM CYANESCENS"
"28698e19-e703-4aaa-b01f-4d0a2f84afc1","RHYNCHOSPORA"
"cc816339-4c2d-441a-92dd-6b4da627943a","AMANOA"
"d47c73a8-7ca8-4904-8678-81754b54c0a9","49 DEMETHYLDEOXYPODOPHYLLOTOXIN"
"65239093-178f-4e8a-afe6-6b79f32674ec","BETULIC ACID"
"3858af9a-d562-44b0-86c0-e7b3e422fa97","BETULIN"
"e2202eab-6a35-4f29-b7f4-15b2c0bd49dc","BIFLAVONES AMENTOFLAVONE"
"4b5fa240-ed20-4650-8e11-94de50e13099","DAUCOSTEROL"
"cd60d7a3-9eec-4e9c-94d9-4358dcb430a1","EQUOIAFLAVONE"
"3314c196-7063-4ba0-a402-2b1756808688","EUPHORBIA EXTRACT"
"0a46c772-5d01-4fa5-904d-a9a221e6f34c","FLAVONE"
"7650b69d-63d8-4058-a158-2ca3663a4dce","FRIEDELIN"
"a22c7e9a-7b19-4bb7-ae27-29eb731a3074","LIGNAN"
"a189af50-a4d3-420e-9942-2c619c013525","LUPEOL"
"52f4c4ed-db85-4048-baad-ade6099907ed","PUTRAFLAVONE"
"102c3fb8-3b59-449a-81f3-954325379038","SITOSTENONE"
"adf17018-c593-4cee-89a7-7eba4d35ad30","TRITERPENE"
"e97f10ac-a350-4160-8128-2b2587afd956","AMANOA ALMERINDAE"
"ebd44e4f-43a3-47fe-93d0-06b594648b61","STRUCTURE ANALYSIS"
"e46f637c-fe7c-47f2-80fb-4afc070ec84e","CROTON TIMANDROIDES"
"343bb277-9111-498a-926c-c78474f9c52b","OLEFINS"
"86fc56db-0b29-4cc6-83b5-0e9ff0597cf8","KAURENOIC ACID"
"17efc175-6585-4881-aea7-b5865e95f9fd","OLEORESIN"
"6cf8dbc9-8033-49a1-8d16-36d09d9e97f7","RHODAMINE"
"2dfb1eb4-a13a-410b-844e-1005c15f74fc","VEGETABLE PROTEIN"
"9df9d122-d95d-404c-9393-858504295318","BIOACTIVES"
"a7e9be81-9898-4705-af05-2c8b551947f2","COPAIFERA GLYCYCARPA"
"4c4e4abe-ccc4-481d-afb1-f0caaafe3b29","COUNTERCURRENT CHROMATOGRAPHY"
"b9f5993a-c4d1-41c1-870e-1359af227c56","DITERPENES"
"a5b7f0ca-bd9d-46d7-8c71-adde486264b2","EFFECTIVE TOOL"
"3b6621da-5b3b-41c7-813f-8c2472599ef5","HIGHSPEED COUNTERCURRENT CHROMATOGRAPHIES (HSCCC)"
"4519c975-9ed3-4a56-b69d-287b09d46e35","PDR5P ACTIVITY"
"4117a036-6ffa-4937-a00b-0b3a2d133081","POLYALTHIC ACID"
"f8e2bfc8-7a0b-4e20-a034-35d29712f7c1","RHODAMINE 6G"
"f8d66a6f-af4f-4c04-9960-4e997b15b389","COUNTER CURRENT CHROMATOGRAPHY"
"99c7064d-e19f-48bd-b2b9-4948908f1508","ISOLATION PROCEDURE"
"5988486d-6f83-44ad-9e14-6d6be87b2681","PURIFICATION"
"4432758d-7121-4cb9-8979-2563f2258635","SEPARATION TECHNIQUE"
"be3fc66c-a8c6-491d-93df-fa7b1dad41f6","DUCKEODENDRON"
"eb6761ea-9352-4b3d-872a-c1dd2bb4c685","DUCKEODENDRON CESTROIDES"
"e83ca5a1-2d4c-40c6-8341-86b315ba56ff","FRUIT PRODUCTION"
"389f18eb-c451-4f94-bc3a-a0c7efba053a","PIPER AEQUALE"
"e9f48aaf-2fa9-460f-82a1-3551b34f35f1","PIPER FIMBRIULATUM"
"b26171c6-0ecc-4f43-be40-1e06444351dc","PIPER IMPERIALE"
"fa4a8a27-9efd-40de-b39f-295ca229f16a","CYSTEINE"
"13a3e9de-a6e9-42a1-bffa-19d03695abc8","CANCER CELL"
"dc02a1c7-ce51-4ec0-82e5-c001f44f8722","CELL STRAIN MCF 7"
"ed30d933-3e8b-4e5b-9bb1-e8833d8dbdf3","SCREENING"
"7dffc032-af59-4ef0-b6d9-bdcc0b834c52","PASSIFLORA EDULIS"
"495b35e9-2fb5-4f2b-ad0a-d376fb0529a8","MATERNAL EFFECT"
"8076fe7c-781b-4a26-8c50-38a73a73bd3a","PATERNAL EFFECT"
"10a005d7-60e0-47ab-8818-69df72cdab1a","SPINACIA OLERACEA"
"8518db3f-84b7-44c6-9a50-0c4920f83af8","ANTONIA OVATA"
"437ed79f-cccf-4914-ae4b-7525a732f62f","BYRSONIMA COCCOLOBIFOLIA"
"51f5dd51-f20c-4072-a1e0-f69d9cd94214","CASSIA"
"ae191e8f-8012-481a-b4ab-b13e35bdce84","ERYTHROXYLUM"
"f3cc9eda-c57f-475b-aa67-59dd1b5dae49","HIMATANTHUS"
"729e1107-55da-462d-af64-c2877fc932e1","MICROCEPHALA"
"4c97bed3-b29b-4c9d-85c6-b6b9366f7ae4","PELTOGYNE"
"07359237-c406-4eea-98cd-a2f770630fc2","PSIDIUM GUAJAVA"
"9957d8f9-f6da-447d-a3fd-5d8c73e47d52","RANDIA FORMOSA"
"ce67f1c0-5e3b-4d11-b23c-567437075424","ROUPALA"
"e8c3d5ab-6d5e-49e4-95c6-05821def11b4","ROUPALA MONTANA"
"6a103af1-62fc-45d1-826b-30c141edc27b","SENNA OBTUSIFOLIA"
"d9d28e20-ddec-4e1c-b675-6882913b7c69","TIBOUCHINA"
"0c2f522a-ba3d-419b-b839-9f4e9941d047","TOCOYENA"
"78ecf6a5-a2f4-4a7f-96e4-ea927d101e2a","ORDINATION"
"1343be67-8b09-405c-b204-278693b64b93","SOIL PROPERTY"
"85283c9f-27e5-45be-bc61-7d2db902fba7","VEGETATION CLASSIFICATION"
"8de349c4-0fd0-46e5-8328-2ed3618f35c2","STARCH"
"ab627aa6-4842-45a6-b792-19423d403a5d","HISTOCHEMISTRY"
"ea2f388a-db9e-495e-8d6a-7567290ff683","MUCILAGE"
"ff1b3b77-9e29-461f-b2a2-799ea750652d","PETIOLE"
"13038b29-ea49-4f73-9bc1-f538b17e6139","PHARMACOGNOSY"
"ed067f46-8695-4e1d-b283-d03091fb4d4d","PLANT MORPHOLOGY"
"35be3017-d60c-46ce-924b-9b25806deafc","DACRYODES"
"f01513cb-36ae-4b05-86cd-8b401debfb1a","MARACA ISLAND"
"d118d6b3-4867-48ce-a92e-b85692eecf7d","ABOVEGROUND BIOMASS"
"e4408168-bc44-4df2-b36c-777074a424c0","RECRUITMENT"
"32ac682b-202d-4d51-928f-2de7a4ded468","SOIL TYPE"
"7b4f1a47-6751-4894-993c-6a7fb9026df6","AVES"
"de1f9fb2-c0d9-4ef4-a55e-494802dfa0a5","BOCAGEOPSIS MULTIFLORA"
"6ee21c6d-a243-4cc7-87cf-b642e6e1f94b","EXTINCTION"
"d1c90a3f-6ace-4738-8700-555bba9735bb","PLANT-HERBIVORE INTERACTION"
"8cd5d164-95ab-4c9a-a598-05b3d6a5bfeb","SEED SIZE"
"0ed17ba1-63ab-414f-8496-e797522d6a0b","SPECIES CONSERVATION"
"e1d2ee14-70e3-4c4b-a1f2-1667a043fca1","HIRTELLA"
"c28799b7-e84a-4349-8128-5c8115426d8d","HYMENOPTERA"
"fa48abb0-bd1b-407a-8c4a-eeda22a5189f","MYRMECOPHILA"
"2fdcfe98-1327-4c19-afb9-47e956561492","BEHAVIORAL RESPONSE"
"c3da621c-e4f5-46e4-bf0f-88c21cf06fc5","DAMAGE"
"8eaabc7a-6949-4576-a0e6-8ea877d26b29","HOST-SYMBIONT INTERACTION"
"660f7f48-cf01-4b58-a4ca-0c5ed21199a5","DAVILLA"
"76b9ec69-26fc-4342-b412-8083db2cc3ed","DAVILLA KUNTHII"
"c92560e1-cf48-4993-baf6-260ae6b642e9","DILLENIACEAE"
"aad6a7c8-3ff5-4429-b44a-17da9a70bf77","DECISION MAKING"
"9930b78a-ead8-48c0-b99f-554cfb303edc","FELLING"
"00d789e3-9b60-45eb-a4d9-f448090fd462","MAQUIRA"
"0bc2db37-f7dd-4e85-818d-59a57433c248","AUTECOLOGY"
"3509491e-f930-4a1c-b2e3-f6a66e5aede5","ECOLOGICAL APPROACH"
"a974704e-8f2e-435e-b3ca-ca73fa9b8a6f","FOREST INVENTORY"
"4f2e2b02-e4bd-4e73-8614-918490dc3c7f","ALTERNATIVE APPROACH"
"e8b5a1c6-983f-4bca-a0a0-19643efde1bb","CONVENTIONAL APPROACH"
"a28634c3-72bf-4b9a-90a9-1802a815371c","ECOLOGICAL BENEFITS"
"71c64d6e-0ad9-49f8-8585-9ba133dee8d6","FOREST STANDS"
"0ff33e0b-15b1-4727-ac1e-ecab25dea0cf","INVENTORY DATA"
"29609c82-a298-4c79-a836-1fb4c5514c34","REDUCED IMPACT LOGGING"
"77bbb316-5d0b-49e9-b708-356e972b8176","RESIDUAL STANDS"
"b5b55097-88c4-4313-9dd9-404cfacf91cd","SPECIES AUTOECOLOGY"
"5707e1a8-b483-47da-bcb8-31ae20e25567","TREE REGENERATION"
"62b6f2fd-4a37-4add-a2c3-97f13be14580","TREE RETENTION"
"823dea77-fad6-4291-8160-ae12be9e5f1a","TREE SELECTION"
"33801b82-192c-4640-ae4c-cbe7a00dddd2","AGRICULTURAL PRODUCTS"
"8c91a513-8d2b-4257-9278-f0a6ebaf2ac0","AGANASPIS"
"a08ed77c-cd9b-433f-81a8-ac5e52827b66","AGANASPIS PELLERANOI"
"4ac9a19f-07f0-447f-a70e-e824bcf627db","ALYSIINAE"
"e763be26-803d-49ef-83e3-4524729725ed","ASOBARA"
"31023c24-2a87-445e-8c2d-d1f20335e63d","ASOBARA SP."
"76b878d5-5f99-426c-a46d-94cb2db6258d","BRACONIDAE"
"6b55404f-29a2-451a-897e-3b37d3e988c3","DORYCTOBRACON AREOLATUS"
"07605930-cefd-4932-b522-11f990858c57","FIGITIDAE"
"da3eb3cd-2893-4b7e-a18a-12190fd4ebbc","LONCHAEIDAE"
"14680fd0-acf3-44b8-a6c8-75548c40b13a","OPIINAE"
"3c0d1fc9-d651-44e6-a8f6-36be216fa0ff","OPIUS SP."
"1730d251-fc30-4d20-b8e4-fd1305aa4abc","PHAENOCARPA PERICARPA"
"97db723b-b85b-493b-8a0b-9c7dc8d863f7","TEPHRITIDAE"
"fbb680e0-0eb4-4fa4-98f6-dbc55a6b5d4d","UTETES ANASTREPHAE"
"44f7b643-be61-4e5d-913a-9c24c22cc8a3","ANGIOSPERM EXTRACT"
"3ce7c5d8-5471-4331-a171-22ab2598552c","COMBRETACEA EXTRACT"
"0be07ec5-ae17-4ca7-b6ea-0390cdddb867","GNETUM LEYBOLDII EXTRACT"
"2d2ef721-4062-4a29-9dd6-2d9078f5a169","GUATTERIA RIPARIA EXTRACT"
"25acff5d-d9be-4411-ac7e-441f828dd824","GUATTERIA SCHOMBURGKIANA EXTRACT"
"d3777b95-1a68-4705-a4c9-4eae90a5209c","LEGUME EXTRACT"
"f7246195-b77c-415f-aa4e-851b992b5adc","MORA PARAENSIS EXTRACT"
"c7a46cdb-56ad-43d0-a185-aae408c8d7fc","OCOTEA EXTRACT"
"6908a5e5-499c-47bc-99a8-76d249332e83","ORGANIC COMPOUND"
"85909141-1887-4f13-b2b2-46b6d6d4d6c9","PALICOUREA GUIANENSIS EXTRACT"
"1d2c7d34-8490-49ee-ad86-32e8443e89a6","PIPER ARBORETUM EXTRACT"
"9e16d2cb-e533-4abf-b1c2-11a72d4dc3d5","PSIDIUM DENSICOMUM EXTRACT"
"21504f5c-8365-4340-bdd9-eadf72cf12d7","RAPANEA PARVIFOLIA EXTRACT"
"7bbbb42c-6657-44c1-9afc-b0c03028cb59","ROUPALA EXTRACT"
"5594a5e6-2aa9-4310-ac98-6a4856ee972b","RUIZTERANIA RETUSA EXTRACT"
"9d82704b-8f9a-4e78-be8e-e17197c27e89","SARSAPARILLA RUFESCENS EXTRACT"
"a6f5f3f5-dc50-41e1-82cd-fb31fe942ffa","SMILAX RUFESCENS EXTRACT"
"1186d44e-647c-4706-a966-cdfd02c71a0c","STRYPHNODENDRON PULCHERRIMUM EXTRACT"
"9794e9bb-5c87-4739-94d2-41a3354df698","VIROLA THEIODORA EXTRACT"
"bc5e0be8-74f3-45a1-b231-1d9f614d6837","ZANTHOXYLUM EXTRACT"
"1f091748-f65d-409c-9d45-5c03136db8de","GNETUM"
"f372c743-3f49-4307-8b9b-051af5d08a81","GRAM POSITIVE BACTERIUM"
"63dc3b88-baf5-4aba-b00e-9f798589edde","HERBAL MEDICINE"
"71fe64ad-e891-4e7e-ba3c-a48cd12eb9a0","MORA PARAENSIS"
"8587b637-f1d8-4e89-bd84-9f8670321c4f","PALICOUREA GUIANENSIS"
"845fd90c-6333-4345-8230-d72b41f00607","PIPER ARBORETUM"
"e3028129-a2d1-4086-b2f8-ec4c258e22e6","RAPANEA PARVIFOLIA"
"58aac4c4-ed70-433e-872a-9186db046a94","RUIZTERANIA RETUSA"
"9079eb53-31b5-4dce-afa7-135808ade752","SARSAPARILLA"
"6fe9c89e-edad-481a-8591-1b1c9e5ea33f","STRYPHNODENDRON PULCHERRIMUM"
"0acd1b00-9950-4f32-9410-ef5bddfa2e94","VIROLA THEIODORA"
"311b6e30-f511-4dca-b6f1-7959af53e349","ASPERULA"
"005f86ed-5674-41d4-8867-692294ecd716","REMIJIA"
"e6f229a6-49dc-457d-b5df-bcfb95631d02","AZTECA ALFARI"
"df832862-21fe-4d8b-9aae-043f9af50816","CAMPONOTUS ABDOMINALIS"
"11288642-8583-45e0-a666-85015260439b","CAMPONOTUS BALZANI"
"cf1b9768-67e8-4448-b505-b5f1e0b7ac18","CREMATOGASTER ABDOMINALIS"
"d8d6e43d-a7ef-4bfb-a905-2238aabf9339","CREMATOGASTER BRASILIENSIS"
"64732b08-ea38-4d66-9a6f-70d841a05b9f","DOLICHODERINAE"
"6d6943fc-2db6-4580-ad40-4a92d988eaa2","FABRICIUS"
"c1e65ab4-6d52-4020-82a8-4608069c7db7","FORMICINAE"
"d9bf700b-57bc-4646-82a3-976a00c3785c","MYRMICINAE"
"41c6b060-36c8-4b88-9ab0-e787af85d736","TRICHILIA"
"e72721b1-8df1-4972-8b5f-fca179884a97","URTICACEAE"
"52937ec8-b5b6-4f31-8ff5-f4cbebffd5f1","RINOREA"
"d84d879b-ced8-467f-bd7c-0963c9310202","INSECTA"
"335a7055-9901-4ee9-ace0-d1fada9b77ed","Α-PINENE"
"f85f0b11-31d1-42a1-abcd-c6b4702c9bb8","Β-PINENE"
"5c7b133d-8eee-455f-974a-4d633b55040a","PIPER RENITENS"
"f7698694-d60c-494e-8f28-58c022bb391b","CARINIANA MICRANTHA"
"4d418041-f9e9-4759-be14-a2f7fed00404","COURATARI"
"7b1c7b92-2197-45e7-8cb9-bc620c08e06c","COURATARI GUIANENSIS"
"c5a15a05-7191-48f7-b31b-2aa5d1a5ac81","COURATARI STELLATA"
"b4b91af5-3170-4b07-ab6f-4c06a085f5e2","COURATARI TAUARI"
"ebc9c8b1-d3b8-4ff0-be17-1316b86a2632","CELASTRACEAE"
"9ccf7a4d-b52a-4b87-a34a-4c14a786697d","PERITASSA"
"94f4b2ec-deb1-40a7-bca5-46e3911bba50","TONTELEA"
"9ba39cf9-5416-441a-9679-2ad79849accf","SAPINDACEAE"
"6b9b3af9-f599-4f4f-98a1-f9eb030eb812","SPECTROPHOTOMETRY, ULTRAVIOLET"
"22fead81-b93c-45ae-b5e1-2ac1fc28200c","TRETINOIN"
"07852486-5f11-48fb-87b3-ce819cb10b70","CUPANIA LATIFOLIA EXTRACT"
"674259bb-1475-438a-8a3b-4fcaebe63021","CUPANIOL"
"21d17f4d-0057-428b-9937-7aa5813c7cd3","CUPANIA LATIFOLIA"
"fb19c074-6a4b-4cc2-9d40-9c00bf8ccbfb","MURINAE"
"dd669757-cde2-4174-a034-f23f30adbcda","BUTANOL"
"43fb3f56-250b-4a9a-b05c-2bb5b677d49a","SILICA GEL"
"8d0518b9-8153-4272-851b-11344e7ae6f6","TACHIA GRANDIFLORA EXTRACT"
"c614342a-3630-41f0-ae31-1a27aca04d98","BREAST TUMOR"
"b2a49837-74b9-4eb5-b5a5-47f23ab31580","CONFIDENCE INTERVAL"
"e0a201ef-9b14-4611-88e9-f68828bfe9af","CYTOLYSIS"
"25fe66a7-fc8c-4b0a-b5f7-419def603521","DRUG RESEARCH"
"67b40344-ae1c-456c-9d1a-b04696c1ee53","MELANOMA B16"
"4b4ed6a5-786f-4442-9d3b-6f643d829eff","ESCHWEILERA PEDICELLATA"
"de94c9e8-0b46-4394-be4b-66c039ebdbc4","GUATTERIA POEPPIGIANA"
"3492e92d-c147-4669-a8a4-58481eceeb81","POECILANTHE"
"00d19049-0468-4e61-8a16-36dcdc3985e9","LICARIA"
"9352c801-b596-47de-92a0-e458896b23d7","OXYGENATION"
"448a98a1-dac0-4eb5-aa87-ef35f14ee9e2","LICARIA PUCHURY-MAJOR"
"144f4ff8-6765-46b4-b679-ce28dc18bae1","PUXURI"
"b5d38253-650f-4da3-857d-aa62a61078e9","ACANTHACEAE"
"21a0255b-349a-4eeb-96c9-49e72c192e7a","CALLISTACHYS"
"90791d44-e78f-4ca9-9c70-e4fb065e225a","LEPIDAGATHIS"
"f3e7f374-e795-40ac-8747-cfb2bd732cbd","COMPOSITION"
"fcd54f5f-db98-4693-939d-da3baf6aac25","CYCLOPENTENE DERIVATIVE"
"3f619de7-7b68-48e2-a072-53c3087fa86e","CONCENTRATION"
"e83a330b-2bb0-47a5-b333-189e5d967430","ISOTOPES"
"89a889e3-bae3-4282-8099-e8b7283c6204","SAND"
"6ba7d217-284e-4772-af98-c8cac4f48148","CONCENTRATION (PROCESS)"
"0cbb95d6-088c-4e0d-9dd0-bcc0b51a502d","CAMPINA"
"53ebed7a-fa98-410c-9c61-8de6160f19e9","CAMPINARANA"
"7dd86ed8-d349-4a44-bdb0-ea15ea8ab562","NITROGEN AVAILABILITY"
"8b2abe20-ed42-4506-84fd-20433bedd3d6","NITROGEN STABLE ISOTOPES"
"6e05437d-7078-4318-9402-01f75b68d2d0","WHITE-SAND VEGETATION"
"d692344e-1bd0-44ab-92f5-d38e1296aaa5","ALLELES"
"1241f66f-235a-4e04-8afb-c34eca615345","BASS"
"162c37be-9b6a-4e41-80ca-cae29eee2dec","GENETICS, POPULATION"
"b3200cf5-6907-4e6a-8e45-6bd3fd9df3b9","RESEARCH DESIGN"
"56bdcbec-469d-4354-96ea-ae6848d9554b","SEQUENCE ANALYSIS, DNA"
"20a764bb-8d05-4880-9631-d1fc4323ebf5","VARIATION (GENETICS)"
"6b0a42fc-5f2d-43f9-b8f2-08e444058d84","CORYTHOPHORA"
"83e08c02-8dd6-41cc-8973-604e7d5a5bb0","CORYTHOPHORA ALTA"
"cf1a5b26-c83e-40f4-b2f5-5c5fdeebcb4d","MORONE"
"a1f99a07-848b-467b-a555-585735a050df","MORONE SAXATILIS"
"47959f4b-a0fd-496f-920f-ca0bf9b6d6cd","ALLELE"
"0e21e4eb-9b9a-436f-8a6c-04400aa9084e","METHODOLOGY"
"2984978a-771f-45a8-b63e-407971489f2f","POPULATION GENETICS"
"05bdd145-ca6b-4e59-b7fd-136136134bd3","ANOSTRACA"
"109d5b6a-2136-46fa-aa1f-a231dfad2304","ARTEMIA FRANCISCANA"
"642ce8df-6b4d-4399-aafa-99a6f9a00a95","DECAPODA (CRUSTACEA)"
"6ab5117b-ffa2-4af7-843d-2be8931759f9","GEISSOSPERMUM"
"1fc3b905-a61e-4606-bf62-a32365a9d120","LEPIANTHES PELTATA"
"2329a83c-63dd-43c0-853d-100c3932a870","PIPER ADUNCUM"
"2e19c100-c2d1-47f1-873b-58f35127513a","PIPER DILATATUM"
"71237622-b912-417b-98f5-ec5d079e445b","PIPER SWARTZIANUM"
"59206abf-4c0a-40c5-9db1-69b4844be383","PONTOPORIA BLAINVILLEI"
"e07e2f27-bd04-4126-91a3-2613b322e09d","POTHOMORPHE"
"47f1b8d2-ffef-47c7-afc6-ee0442eae5ae","PROTIUM ARACOUCHINI"
"b34a3842-8ab8-4612-8df8-b97a121318aa","TAPURA AMAZONICA"
"7a9924cd-378f-46b9-b516-92dddc5b8c84","ASPIDOSPERMA MARCGRAVIANUM EXTRACT"
"424f56a1-11e8-435b-9c75-a7a61f04be20","ASPIDOSPERMA NITIDUM EXTRACT"
"425b83e7-a38d-45ce-a311-9d084057a394","CASSIA FASTUOSA EXTRACT"
"6633dad1-ce07-496c-a787-47ab0093adc6","GEISSOSPERMUM ARGENTUM EXTRACT"
"c665ccf4-c80e-4a80-a916-a29eeadf14db","MICRANDROPSIS SCLEROXYLON EXTRACT"
"7eb409a3-153d-4725-b0c2-ac16ce5d8fd4","MINQUARTIA GUIANENSIS EXTRACT"
"898d8cb9-edc7-4ee7-9e6d-59818a6f000c","NEW DRUG"
"f208c4ea-4837-41d8-bd41-ca064913da74","PIPER ADUNCUM EXTRACT"
"22c824f3-3f60-470d-a737-4649293244f0","PIPER BACCANS EXTRACT"
"ab90a6cf-4a07-44a4-84e7-563062e3fbbf","PIPER CAPITARIANUM EXTRACT"
"8df52637-3f9c-4e65-b89b-7b0a864ba9ce","PIPER CRYTOPODON EXTRACT"
"7efc9231-bef9-49c3-9fb1-4b0d2576ecc7","PIPER DILATATUM EXTRACT"
"54569df9-0d4e-49f1-b68b-832868bce29b","PIPER ERECTIPILUM EXTRACT"
"a7ec9fe1-bef1-4300-b9e5-21d2dce4b594","PIPER HOSTMANNIANUM EXTRACT"
"6e584f19-c629-4a4b-b820-abd5c4bca3c9","PIPER TUBERCULATUM EXTRACT"
"cc2df803-357c-4d85-99bc-f0dd3591d12c","POTHOMORPHE PELTATA EXTRACT"
"c9493d22-718d-4f3d-91c7-1f602c3c2c87","PROTIUM ARACOUCHINI EXTRACT"
"e1a93ece-1f87-412c-b12a-cf4bcb550097","TABEBUIA INCANA EXTRACT"
"d007d80d-e883-4524-97ae-b2e5c44d4ce2","TAPURA AMAZONICA EXTRACT"
"f2fa5c91-0de5-4453-baca-5d2acd756cb5","BRINE SHRIMP ASSAY"
"f2050d02-eaa4-44b4-8607-939d1e85b799","DRUG DETERMINATION"
"6f9c3154-7188-49e8-8701-e2d7df20178e","LC 50"
"86ac5bba-5c59-474c-aaf3-459ff82439dc","MALOUETIA"
"5fcf13b6-9652-4dd4-b8ea-d07f94f29cfe","MALOUETIA AMAZONICA"
"3f541840-3052-4ddb-b0de-669819798112","MALOUETIA GENTRYI"
"3b70897e-8f83-4eb9-84fc-b4f12b586bcc","MALOUETIA PUMILA"
"8545b5f7-5b3e-447c-a709-e2b6ceed258e","MALOUETIEAE"
"f008160e-6428-4fba-bc10-8ba9cc5b1662","MILITARY OPERATIONS"
"b6b15bec-6129-4dee-94ac-1ea602f72f37","BASAL AREAS"
"3c1f3290-0526-4b33-8df1-26311a958d14","FLOODPLAIN FORESTS"
"a1ee93da-b803-4f32-a64c-297af220a192","HEIGHT MEASUREMENTS"
"7dae8012-25cd-4a3a-8b8f-ca8dce3bed43","TREE SPECIES"
"1f8cbe90-fcc9-461b-8caf-4ff39920adb7","WOODY SPECIES"
"9edda72c-ddc7-4f53-a62c-e4aa149f35a4","CHRYSOBALANACEAE"
"441b8709-a979-401b-b505-4eb96bd18852","CHRYSOPHYLLUM"
"b0f17cf4-5e92-4961-96e9-4bfe62ff02d4","QUALEA PARAENSIS"
"cd4a272e-7036-4182-9415-72fed769b578","VANTANEA"
"d7125fb5-db71-48da-a978-3c968ce8511f","CHEVALIERA"
"03244ec2-0916-43f2-ac95-9cbf0a68e05c","MATELEA"
"73b3dfe2-97c8-4762-abfb-460690fe62a8","ALSTROEMERIA"
"113c2694-03bc-4631-a38a-28f313460181","ALSTROEMERIACEAE"
"868d990b-d644-497c-9818-ea09f9b9fc0d","ALNUS"
"a3095a04-4d64-426d-a23e-9bdc1b08ef9c","FRANGULA"
"f6448b63-ee91-4487-adc3-f3bfe84018bb","FRANGULA ALNUS"
"5dad118e-0182-4460-8ca8-c3bb73dab248","PRUNUS"
"d01b9e5c-d14a-4c20-8413-05b6fe025c89","PRUNUS MAHALEB"
"be0c093e-aaf5-45ca-8141-bcbbfab22a1c","LIFE CYCLE"
"cec9c508-b448-44f0-9f70-fd5889bd2f6e","RECRUITMENT (POPULATION DYNAMICS)"
"02caf97d-58b1-4eb1-8fcb-4fd991503452","SEEDLING ESTABLISHMENT"
"7803cf93-d376-4e7f-9985-d36ac0bd4318","SPATIAL VARIATION"
"49b73719-ccad-40a8-8725-a688ec1c5dc7","TEMPORAL VARIATION"
"053ad9ca-7555-447a-9939-533c01060446","VERTEBRATE"
"584bced0-0067-4323-974b-9690b57b78b8","ZOOCHORY"
"f7f629da-5e8a-4a70-aa82-0f0ad3e62841","DOLIOCARPUS"
"1aa4db92-d459-42d6-98e0-3c8e2b9ea0ff","DOLIOCARPUS OLIVACEUS"
"7c8e6dcd-b181-4a1b-b60c-9e5119644aa6","FARAMEA"
"cd0e5bfe-a071-413e-b265-9b062ab40720","TETRAGASTRIS"
"80382abe-5ec0-4b03-80d9-5d72b59ecd53","TETRAGASTRIS PANAMENSIS"
"31a54dd3-cd10-4537-9885-0b7a0eb726c5","ENVIRONMENTAL IMPACT ASSESSMENT"
"32f2f6ce-9bd5-468a-9f33-425d2cdb6852","OLD-GROWTH FOREST"
"7cddf6ee-34c8-45c6-aa71-1a59e0ff7627","POINT MUTATION"
"f566d856-2f97-4037-a289-2f3d57f6baac","SEQUENCE DELETION"
"bc28cb1b-752c-4595-ab44-528e5f92302d","DNA STRUCTURE"
"3ed39be7-9731-4de7-8de1-b03b70bab8b5","GENE DELETION"
"a13aa945-4a33-44c7-94a4-ca39017418fb","GENE FLOW"
"4cd2fb0d-497c-4d78-90da-98cfb48c4251","GENE INSERTION"
"b69fad2d-c8ab-4550-bb8a-f35eb6ab69cd","GENE MUTATION"
"f33d8688-5eca-4fb8-9740-ef9bb7ae5908","GENETIC MARKER"
"189ca9da-6f56-4b3a-850f-fbb5cd05e09e","MOLECULAR CLOCK"
"07936136-243e-4552-bc01-28f33ca3f957","POPULATION STRUCTURE"
"d3d5cefe-0bbe-44a9-9e7d-e9bc994c57ac","ROOT"
"46370126-ffc6-44dc-a415-ebbc1a138723","POISSON RATIO"
"7448dcfd-a7eb-4f14-b164-c2ae0205522a","SAPLINGS"
"2ecbd746-912e-4196-bd63-e2316f44fd61","EPERUA FALCATA"
"c4838756-357d-45e2-aa1d-c3f0f5e4a00a","EPERUA GRANDIFLORA"
"fec324ee-a7fa-46d4-b074-69d96ab762fc","OXANDRA ASBECKII"
"4998e8d7-0cb9-4675-b877-4690754c4826","BAYESIAN NETWORKS"
"ccc0faac-6764-4c14-b835-fdb634a153d5","CORRELATION DETECTORS"
"f6cba7bc-2a89-468c-ad07-fb2d272eab13","POISSON EQUATION"
"69c01d17-cb3a-40c0-b9a9-ce795a072a07","PRESSURE MEASUREMENT"
"b828e40c-4ee3-41b5-aa8b-c954cbd2fb83","SIGNAL ENCODING"
"5876a960-ff95-455d-a64d-b6705d538182","CONDITIONAL AUTO-REGRESSIVE MODEL"
"e72d2407-dee0-4a09-bda4-3ffe08ee12c2","HIERARCHICAL BAYESIAN MODELLING"
"f4f96ee0-ce30-4c99-9627-beb49057f9d3","POSTERIOR PREDICTIVE"
"5908849e-cdfb-4204-be9a-062718600473","VARIABLE SELECTION"
"a301e670-9e40-4f7f-9882-3f86a2d95476","ZERO-INFLATED POISSON"
"be2d32a3-362a-4c3d-b2d2-ee015f00faa2","BAYESIAN ANALYSIS"
"9d176f06-44c2-4dd7-9ce1-2aa62f4e05e2","ECOLOGICAL MODELING"
"4a2fffbc-62f0-4d8a-9740-a68b39053acf","ENVIRONMENTAL DISTURBANCE"
"0bfd4cae-10bf-4e1b-81a5-c9c4ea29c1d9","ESTIMATION METHOD"
"255cff3f-35f0-4210-91db-5dc2ed6db4f3","POISSON DISTRIBUTION"
"be0b264b-e983-4078-bd83-e792323f2675","ALATOSPERMA"
"9ee184d7-0063-4137-ae0e-c698c872f60a","CUPHEA"
"b898c748-e23b-4a70-a527-74f164eb856c","CUPHEA SPERMACOCE"
"dc4debe4-6577-454e-a369-7eb197392a78","LYTHRACEAE"
"c097c9c8-b6f5-4b8e-831e-e1a4df3043d8","RESINS"
"65cbf363-40fa-469f-95cc-17434747e4ca","CADINENE"
"bf2f3512-799f-4c1d-b59d-240159373f88","COPAIBA OLEORESINS"
"8305554d-0a4e-4b73-aa45-154c8640f191","COPAIFERA PAUPERA"
"84e9be7e-868c-44f2-b928-2cd1c58c78c9","COPAIFERA PIRESII"
"7c3ad73a-3721-41e3-a7c0-7d283d6556d2","COPAIFERA PUBIFLORA"
"3373a1a9-39cf-4e8f-9680-8c90218ab6e2","ANTIPROTOZOAL AGENTS"
"79861ed6-59f1-4854-a930-89193283c654","B-LYMPHOCYTES"
"3720ab65-850b-4d03-9963-3d4b11fa867d","MACROPHAGES, PERITONEAL"
"226a663f-36d4-4564-9c2a-d6a6af613d46","TRITERPENES"
"91ee0225-ec04-4025-813a-4cee95c7f572","LLD 3 COMPOUND"
"f1082a01-cc34-4514-af3b-1b4dcbf4c091","LLD-3 COMPOUND"
"7ece1bb0-3e24-4175-b964-7bbea12abfdd","B LYMPHOCYTE"
"1cc3f04d-93a9-4209-b15e-1bd3acfd3aa9","PERITONEUM MACROPHAGE"
"8746941d-c9a2-43e6-b493-dd5ebc05ce4b","BIODEGRADATION, ENVIRONMENTAL"
"f1b0f73c-6c78-4419-8c83-0b6f2d96bfcb","INSECTS"
"e5e4423f-aa74-4cb0-a246-70760306cbc7","ATLANTIC ISLANDS"
"24c7ae9d-979e-40ca-aa3f-f7d5e7652fc7","ATLANTIC OCEAN"
"f72d8175-c752-4208-afea-ad4f35fffb21","CARIBBEAN ISLANDS"
"1d3bdd11-0766-4bfa-9e06-66d3ea473beb","GREATER ANTILLES"
"7b2abce9-f2fd-4918-98ce-2db345801914","OCEANIC REGIONS"
"439ce913-f228-4edd-847d-35e181b932e1","WORLD"
"310f432e-7d70-46a4-8a62-5d994cd3b723","LAMPONIUS"
"2ff65315-b8ae-4794-87a7-42a07d3d89e2","FOREST FLOOR"
"35be1fd4-d7d1-4fcf-80a4-1babdd6a2b3b","NUTRIENT CYCLING"
"74d97ea6-fa22-4af2-b1ea-acdeadcf4712","BIOREMEDIATION"
"b3fa19a6-85c1-472f-a505-ccf65344564e","INSECT"
"ced94747-cd4e-4c1c-adf9-0efc6a45f50d","LORANTHACEAE"
"c3e70248-b6db-412e-ab7a-52f12d0936b2","PHTHIRUSA"
"aac8409e-c8e2-48bd-abaa-90a383bd082f","STRUTHANTHUS"
"a32f564a-89a4-4456-a41d-8b2dccc0686d","STRUTHANTHUS MERIDIONALIS"
"4f9af14c-6100-44c2-8fdc-4291ebd95023","STRUTHANTHUS PRANCEI"
"43961ad6-ccde-4afb-a80a-c9929f1fc795","EMBRYOPHYTA"
"388f04c6-1fe6-4504-8a81-b28302c21f67","FROESIA"
"f72f3b48-9f1a-4113-8333-18332fc1efc4","LACUNARIA"
"350d6a8c-4eb1-4845-be2d-03c11db121ee","LACUNARIA OPPOSITIFOLIA"
"20ad4de7-26ac-401b-9c7e-8ef89aa2f971","MEDUSAGYNACEAE"
"e1ec7351-8333-4698-a4ae-7919448a1944","QUIINA"
"f47b811a-957f-4849-9f44-ecf8593002ef","QUIINA PTERIDOPHYLLA"
"c5667d30-6312-4852-93e1-4c126e2bc450","QUIINACEAE"
"601ebaf3-6c87-4498-9f96-f8cb5440c032","TOUROULIA"
"4acf7d56-37ef-4675-95cf-da4f878b7758","TOUROULIA AMAZONICA"
"bc68d796-2f87-43ea-a44c-6b276f101272","TOUROULIA GUIANENSIS"
"a3754c20-8ff5-44f7-b6b0-d5b5d786f2ac","BRAZIL, AMAZONIA, MARACA ISLAND"
"2ff8270d-b78c-4332-b4af-460e946e9b37","CAESALPINIACAEAE"
"b975977e-f977-4912-a352-e0529d860982","LEAF-CUTTER ANT"
"c1db8df4-eb59-423e-ac06-16a24f0bbca4","SEEDLING RECRUITMENT"
"8cdff672-715c-4a91-8a1b-85521305441b","HOLOCELLULOSE"
"fc95be3d-0156-4fd5-bafd-c4c8307d075b","LITTER DECOMPOSITION"
"2e663208-d581-415e-8d78-5baa9c754340","DALBERGIA NIGRA"
"29b0352b-44b0-41e4-9eb4-ba085dfa25ca","PINUS CARIBAEA"
"b3bf47e0-8ea5-4eff-beda-a426891a71b4","NUTRIENT DYNAMICS"
"026f20b9-e9e1-45f5-bbfa-9bc9332f9c4f","SOIL CHEMISTRY"
"9d687b61-5fce-4177-a5ee-7e15e5676c52","DALBERGIA"
"b78b9ac4-f9b0-4c7e-9dec-63a64faa3bfe","PINUS CARIBAEA VAR. HONDURENSIS"
"ff087b77-6bc2-4e2e-949f-7eada0698858","CARBON CYCLE"
"c34f722e-a2ab-4634-bebe-1e81f149386d","PLANTATION FORESTRY"
"4bd3f266-1ed6-4799-9f3c-f5c1156740bc","TREE PLANTATIONS"
"6d40ac8a-b27d-4e1b-9369-7de37472b5e5","BACKSCATTERING"
"652f3322-cca2-4c7a-84e0-61807417b4a4","PARTICLE BEAMS"
"db55e2cc-39db-4097-96f6-1d6b8dbec005","PROTONS"
"632e65fa-698b-4f12-ae93-e73b7fbb9ac3","STATISTICAL METHODS"
"4c5ca310-6512-41b4-bb37-c81fc3cd5969","TIME SERIES ANALYSIS"
"ca946715-2728-4e22-b130-7eef4996c2fd","TRACE ELEMENTS"
"579e8072-5ace-411b-aeb8-bd14e2c6eec3","PARTICLE INDUCED X RAY EMISSION"
"d0e69aa4-5ccc-43e1-a96c-a8ec0b43a1dc","PROTON BACKSCATTERING ANALYSIS"
"ecf99a94-4ec5-449f-80d9-dc2d76f27307","X RAY ANALYSIS"
"85b675f8-bedd-4a60-ac61-f4bdb1de02a0","RHIZOPHORACEAE"
"fe2a0ca3-302e-4422-8bc1-2c60f82bbe6f","STERIGMAPETALUM"
"89adcfdd-fc94-4808-9c43-5599320b232c","STERIGMAPETALUM CHRYSOPHYLLUM"
"d425b35a-817a-45a2-82b8-e90a890e8326","STERIGMAPETALUM PLUMBEUM"
"67bf4b79-6ab1-4de8-927a-ed36c3c7be75","CARACOLUS"
"cb7da38d-70c5-42bd-a7b7-23f1d82744d6","GASTROPODA"
"afaa1157-4864-4821-a255-f03bcbb372cb","MOLLUSCA"
"395bdd7a-842b-4e7b-95b0-2261cfd679e7","STYLOMMATOPHORA"
"16afd3ca-0472-49f8-a264-0ccb47e0652d","BALIZIA"
"773e8160-e6fe-43c5-8c5f-03eb988d9e29","CRUDIA"
"c42f0d22-b604-4048-832a-2ac437017e05","POECILANTHE HOSTMANNII"
"e014f574-5ca4-4cfb-9018-a0397d4c2e83","SENNA QUINQUANGULATA"
"064c335f-53e9-4953-b02e-f2fcf35466b7","FUNCTIONAL GROUP"
"35ab9f5e-a81e-4245-ba04-737bb01ca323","NODULATION"
"113cce16-9e56-4e8f-a676-e6222d56c5ae","ROOT SYSTEM"
"f3fe355e-7c62-42e3-86e7-f76bf2d8879d","MYRSINE GUIANENSIS"
"275542f7-d58c-4d01-9ecd-ff435448706f","MYRSINE LUAE"
"53c789e4-99ec-485b-950a-e45fb9832e7f","CECROPIA CONCOLOR"
"46955371-850c-4d8b-822d-81ca80308574","CECROPIA GLAZIOVII"
"3779bf1d-1c38-41b1-8a81-dcb0536886cb","CECROPIA HOLOLEUCA"
"ea81dcab-405e-48c6-b5c7-911782ca3f5f","CECROPIA PALMATA"
"1f5111ca-f459-458d-a728-5096a394459b","CECROPIA PURPURASCENS"
"1db0b344-9374-4234-ac64-ad5c0895f641","CECROPIA ULEI"
"ca78075e-1bfe-41d6-bc88-8080b362d7e3","PLANT ARCHITECTURE"
"df42089a-081a-4cb3-9f32-c1ae522c48f5","PHILODENDRON HOPKINSIANUM"
"ec3aeb9f-8087-4b54-aaf2-562cf10a6ed5","PHILODENDRON TORTUM"
"bf2cb74a-b0bf-42b4-8a4b-28dbc7a6e5be","PHILODENDRON TOSHIBAI"
"0a236216-eca0-4460-a359-ba59ea34a271","COLOSSOMA MACROPOMUM"
"290661fb-683f-4215-bc97-375798724a9b","COLOSSOMA MARCOPOMUM"
"340b88d5-6d16-4863-8189-b72b08f41392","PISCES"
"b286b238-da54-4400-aee1-29ee45d20bf3","PSEUDOBOMBAX"
"2084c35f-6280-4b44-a013-61131523823a","ZEA MAYS"
"098f3c11-5bca-44c5-abe7-dd6657aa7a52","APOCYNOIDEAE"
"fc90139c-549d-4d03-aff1-976718ca35f8","HYLAEA"
"0e221200-538b-4cbd-bf2f-c18af2023bb0","HYLAEA ARBORESCENS"
"7f0d887c-a334-4017-b5e4-216953ecd6f0","HYLAEA LEPTOLOBA"
"4fb7f9da-a874-42fb-898b-5e3e8990f080","NYMPHALIDAE"
"88cd2d7a-8ced-4704-ad88-2d04aebadc63","ANTIHERBIVORE DEFENCE"
"d5360cb5-16b7-4b59-8434-9aef9d36c465","ARMS RACE"
"1eec4f5f-cd67-4a94-93be-b2f1f6620355","PILOCARPUS CARAJAENSIS"
"f642e5f1-e36d-41c2-ac0a-fdf1e6a8a2f0","PILOCARPUS SULCATUS"
"c72e0053-cdc5-4790-8576-4bf4d87b0c51","ANTIHERBIVORE DEFENSE"
"05db9c9a-e1ff-4328-b183-d24313b47eea","LIGHT EFFECT"
"9a23b4ef-de62-40d5-a9bf-27d8030eae22","NUTRIENT LIMITATION"
"84278f0c-1abe-4f8c-9cb1-00a923ebb4e7","ACIOTIS"
"3136ef7d-11ac-48e9-b006-206cfdecc257","ACIOTIS OLIVIERIANA"
"75d64216-0dbf-4238-8365-fb491ad272ba","ACIOTIS WURDACKIANA"
"8061c1f8-d694-433f-9f6d-0dcbe191d659","BRAZIL, AMAZON"
"d7e1ebaf-c692-4628-8f66-06cc360d5805","BRAZIL, AMAZONIA"
"4e7d9b9c-0cd3-4da2-bc80-39853a515f47","SOUTH AMERICA, AMAZONIA"
"7821983e-a260-4678-8550-57f71a6033ae","EUXYLOPHORA"
"19c25e28-4f4b-4d24-84e6-41f171f062f0","SWIETENIA MACROPHYLLA"
"0532c2c8-7f21-4b34-b920-f3df6739e8f5","GEOGRAPHICAL REGIONS"
"c90eb318-df5c-41a1-8eac-f4dd639ab6ff","ENDANGERED PLANT"
"7f645749-fd80-4f5e-bfc4-dc3fb7bd5808","FOREST REGENERATION"
"bac867e8-bdca-4196-addc-ecc0b57f5200","LOGGING DAMAGE"
"537d5fa7-833b-4d3e-89d1-41f555d700cc","AMOZIAN TREE SPECIES"
"812b4215-93b0-454d-ae3e-be9f82a9c04f","RIVERIAN HABITATS"
"2fea2fd5-c424-4767-8dcb-f76e296c0317","TIMBER FLORA"
"8459e5b9-bbf3-4774-a7b7-a5adc7403bf6","XYRIS AMORIMII"
"cc309cb4-fb86-4295-abff-665e91a63b1b","XYRIS BOLIVIANA"
"36c64b18-7a8f-4048-afbe-b0d5d2c6c872","XYRIS FERREIRAE"
"c52e3da3-2d63-4ecb-8c8a-23ab06105977","XYRIS GONGYLOSPICA"
"02aaa815-71ad-486b-b07a-4dc12601f564","XYRIS GUILLENII"
"8f8a23a8-74da-42f2-8960-02a3a1e75862","XYRIS SUBASPERULA"
"f2df53dc-f093-4e54-b033-2d9f12f7dd97","FATTY ACIDS--CHROMATOGRAPHIC ANALYSIS"
"65c1f6fb-8a42-47f1-b828-9a17451f464a","LIPIDS--CHARACTERIZATION"
"fe7a712b-e879-4fb9-9a49-db6951d5c34b","ACIOA EDULIS"
"df9a770b-6ec0-408c-a40b-bdb5c7f32d1c","CHRYSOBALANACEAL"
"38c7d1b4-0a02-46ac-8aa3-2fc70ec764a4","CONJUGATED FATTY ACIDS"
"229ce1be-00f9-4420-b67c-6ea967d6962b","ELEOSTEARIC ACID"
"4a3342ae-5d4b-43c8-a9a1-00650a4de43b","LICANIC ACID"
"d426f927-9c43-4b61-a87c-6a23958a8f58","OXO-AZELAIC ACID"
"41e8142a-f430-4dd5-9d93-eccd79c8416f","VEGETABLE OILS"
"d56aba57-fad3-477c-be1a-0626bdbf4f76","CROPS"
"dc237292-c8d5-48de-8fc2-b24e8fb29baa","FOLK MEDICINES"
"bba2feb2-4bb0-4fde-8025-d1b67947bc91","BRAZIL, RORAIMA STATE, MARACA ISLAND"
"77747fc5-a70f-42d5-96d8-f7b34c2da54e","AMARA"
"bb0bfec1-39ae-4aa8-8c73-9b7d7f8819b5","LECYTHIS CORRUGATA"
"86c52c04-96ff-41f5-8174-f2c5500b8726","CAESALPINIACEAE"
"36a92e3e-613f-4ea4-be19-f90823926668","BRAZIL, MARACA ISLAND"
"ea426a2a-3c4d-4acc-9b76-c1e7d9bd94e8","MICROSCOPY, ELECTRON, SCANNING"
"139913dc-28a8-4bc5-84b9-7d61035c7a51","RORAIMA STATE"
"53736435-80c4-4433-8781-81dc104bdc97","LITTERFALL"
"350bbe84-3988-4068-a80a-bbe5e721ac09","TRANSLOCATION"
"1a395ed7-6117-4da5-8f2b-0e54de30345b","BRAZIL, MANAUS, AMAZONIAN"
"c7527d0a-0934-42a8-9630-7e151a2471ea","ATTA LAEVIGATA"
"057bcd6f-3543-4c0b-b738-888a6a286580","CECROPIA DISTACHYA"
"3d4e5bda-b0f4-4124-bb5c-abc387aeca1e","FORAGING ACTIVITY"
"ade2af46-87e7-45e5-91c5-3d052bc401c2","LEAF-CUTTING ANT"
"46895656-534a-421e-9193-0104a9cc9821","CARDIAC GLYCOSIDES"
"d41cc8ad-d605-4496-86e7-b93b08aa15c4","POISONS"
"5ca4e322-fd24-44d8-9c51-12fe0b32dc89","SUPPORT, NON-U.S. GOV'T"
"c8912083-d040-400f-a4cb-f11d8c98b000","ANTIARIGENIN"
"6204f6ea-f763-4b1b-ba93-6596f84f3b30","CARDENOLIDE"
"74a69fb6-835e-448e-b374-6cfe4c972f9f","GLYCOSIDE"
"8086ddd5-15dc-48f2-a115-2b96a27bb25a","MAQUIRA CORIACEA"
"9f10b9ec-e105-4e96-9e2d-c280c335df0d","NAUCLEOPSIS"
"5350f774-46e8-4d67-81a1-9f5b3dc96d54","NAUCLEOPSIS AMARA"
"90af957a-3143-4c0d-9692-3fa8ee766a46","NAUCLEOPSIS CHIGUILA"
"94fca8b1-281e-415a-aa0f-eb5c7a92526b","NAUCLEOPSIS GLABRA"
"6a188011-6508-4973-935f-a4fd74eb9336","NAUCLEOPSIS MELLO BARRETOI"
"3ad65f53-b0d3-4d77-8ce0-4cd0c71feaa1","NAUCLEOPSIS NAGA"
"cda3e0f9-d0b8-4969-b5e7-7fbfab17fe23","NAUCLEOPSIS STIPULARIS"
"cf3b04f0-488d-479b-899c-f75c94e7f648","NIAARIN"
"b40c8888-ba25-494d-882d-8001abf64595","POISON"
"397dfe57-f005-4511-b440-36babb4382e1","STROPHANTHIDIN"
"17090c50-ad5a-43b3-984f-68f13f23760a","STROPHANTHIDIN DERIVATIVE"
"b2a86805-41b8-42b7-8f68-d4bc4d84dd39","BOTANY"
"14662158-56d0-4ec2-8fd9-ac6d45d0a2ed","AGARICALES"
"d0bb4938-1a69-4aa3-86e3-b9e6e1f43fc7","PLANT COMPONENTS"
"24759769-f503-46c7-af3a-38069f4575a5","ABUTA GRANDIFOLIA EXTRACT"
"ba81e5cd-47c8-4463-a62d-2b5bea4f8d8a","ALTHAEA OFFICINALIS EXTRACT"
"54869073-667e-41d0-9f8b-788ac5fb671d","ASTROCARYUM VULGARE EXTRACT"
"e2a4a516-6204-44d8-883d-674d0656c360","BACCHARIS TRIPTERA EXTRACT"
"170a90a8-798f-428e-b905-10f6550acf5f","BACTRIS GASIPAES EXTRACT"
"45e7eb5e-7d47-4097-8813-f2ad37826897","BOWDICHIA MAJOR EXTRACT"
"4017197a-6956-47e0-955f-e87f5b5beafd","BRYOPHYLLUM CALCINUM EXTRACT"
"cf7707cf-20ae-4bc6-9054-9d60937ac755","CARAIPA MINOR EXTRACT"
"b8038000-5dd4-4d19-9ba0-f57d6369aca0","CARINIANA BRASILIENSIS EXTRACT"
"c99f51f5-17b4-4351-aacd-b6aba1f34aa3","CASSIA HIRSUTA EXTRACT"
"03fe8a6e-238f-4384-bf37-297d2bed433c","CECROPIA PALMATA EXTRACT"
"3edad674-aaf6-4fb0-b9e0-b1b236285c72","CHENOPODIUMAMBROSIOIDES EXTRACT"
"24b7a3d3-5f0e-428c-9b0a-35bd5568461b","CISSUS SICYOIDES EXTRACT"
"40d59b68-9ac4-4d40-9a32-5e6bddcf7686","COSTUS SPICATUS EXTRACT"
"4378b3f6-9ef4-4d54-8789-ce170a65f38c","DETARIUM MICROCARPUM EXTRACT"
"3525812f-3267-4550-a121-10ec62e8cd38","DORSTENIA RENIFORMIS EXTRACT"
"0efa0a89-5bf2-47cf-a9f1-9f8d8ba761f2","DUGUETIA RIPARIA EXTRACT"
"9827ae51-ccc8-4a5b-bedb-0c67c1663928","ENTADA AFRICANA EXTRACT"
"a53cfd8f-8c53-431b-a891-dbaa1265e38b","GENIPA AMERICANA EXTRACT"
"1e38c789-432c-4d3d-976d-23a16c8f91f1","GLYCOXYLON HUBERI EXTRACT"
"f2390131-44c3-4f29-bcf0-acc85d488b88","GOMPHENA MACROCEPHALA EXTRACT"
"9594175d-bbac-425f-a300-1d8f5473c581","HIMATHANTUS SUCUUBA EXTRACT"
"61bb5820-6c05-4105-8964-8cd284b3225b","HIRA CREPITANS EXTRACT"
"2ce75e00-2e9d-4712-99c3-591bf5d8fd8f","PROSOPIS AFRICANA EXTRACT"
"75fca080-b552-446a-b0cb-c2fad6afcf79","STRYPHNODENDRON BARBATIMAO EXTRACT"
"284571ba-c1a8-4091-b6ed-532ec7b8b0d7","ARENICOLA"
"6ccc0394-f1d7-404f-b2e3-2c4f9823b237","MASCAGNIA"
"7a7f632d-0a8e-407c-8646-c1100f5b11c8","MASCAGNIA ARENICOLA"
"575c200c-1173-47a3-9348-2caa72190966","MASCAGNIA AUSTRALIS"
"8d17e67c-c301-4c3e-9140-5f7ae598bcba","MASCAGNIA BOLIVIANA"
"85ed2b40-5c3a-4961-bc4c-1a9fe0952d32","MASCAGNIA RIPARIA"
"77e7ea19-383c-486f-9352-146a88a5700c","MASCAGNIA SEPIUM"
"bb18dc1e-e316-4756-9936-88f3b64b214a","MASCAGNIA TOMENTOSA"
"a7d5a073-cac9-4c77-8cd0-d8406e9ea872","MASCAGNIA TUCURUENSIS"
"ce8e535c-f249-4432-97ad-c27ba44fcd51","MASCAGNIA VELUTINA"
"ef904f97-57c3-4355-b768-57e28874067a","RIPARIA"
"7de74252-436f-4bad-a440-f11f960e94fc","PASSIFLORA CAERULEA"
"b8a2da0a-6392-419f-bbbd-47324f32137e","SOLENOPSIS GEMINATA"
"73bf1f24-27cb-493e-b6f6-08c4f3d5f09f","SOLENOPSIS INVICTA"
"6da120f0-2cbc-45d9-9e47-aa50710db7f5","EXTRAFLORAL NECTARY"
"6b98fdfa-ee3b-41a2-becd-b0c305062c22","FIRE ANT"
"5ab8817a-ce9d-47d2-80c1-68221c1b36db","LUEHEOPSIS DUCKEANA"
"7c2fffad-fc4e-4478-ba48-098581b2c23a","MAGNESIUM"
"cf9c5e4d-7de5-474d-8205-62ae6cb7d4ef","FUNGAL DISEASE"
"77c89ead-fbf5-4edb-a142-6b046194c0f9","HOST-PATHOGEN INTERACTION"
"2f3df8bc-4f26-4c3b-b2b8-2ba77c5dd1b0","ENVIRONMENTAL EFFECT"
"87c4b9eb-10fb-495b-8792-a7d8806b15db","SECURIDACA BAHIENSIS"
"1cebed02-1cb3-400f-83c8-2ce39288ff80","SECURIDACA BRASILIENSIS"
"a55afd61-c613-4376-9c3d-23d27d9629db","SECURIDACA DIVARICATA"
"1b398d8c-31a2-4e55-8f29-127e6ff2c957","SECURIDACA ENGLERIANA"
"bbea197b-7d20-425f-aff2-e5cbe881273a","SECURIDACA GARDNERI"
"1bf03032-d150-4361-94b9-a993c9748fa9","SECURIDACA HEBECLADA"
"b79c0edb-4198-4a11-b7ac-fa83044197ee","SECURIDACA RETUSA"
"0f248b26-044b-4f48-a8b6-0fc920df67da","SECURIDACA ROSEA"
"3fe17ada-9676-4a92-bec7-ab5b6d9eb6a8","SECURIDACA SELLOWIANA"
"e3754679-b988-422d-853a-0a6883a77243","SECURIDACA WARMINGIANA"
"d8cf43d8-ca66-4d60-9073-2d521b235e4a","RAINFOREST TREE"
"63c0bcae-307c-4d0e-a838-3c1158b9950a","AMPELOCERA"
"24384751-e4fa-47f6-990d-9b886029dc7c","CROPHIUS"
"1a443777-a68a-4a7d-a982-d48a3646b7d4","CYMBOPETALUM"
"2c19c1d7-3886-4958-954c-c20045a134d6","LECOINTEA AMAZONICA"
"9ee85b57-9479-497f-8953-5a7cdbc3e34a","MICONIA SPLENDENS"
"7f11be8f-965f-4c73-ae96-ab402dbfc80a","PANOPSIS"
"d011c87e-027d-485f-b415-c4bd154d0df0","PASSIFLORA AMBIGUA"
"fa15e0dc-1745-4ce2-abcc-fb41c2a9af17","PASSIFLORA PITTIERI"
"8d1cd9fc-b2a6-4715-9371-99cfa7d183ee","PASSIFLORA TALAMANCENSIS"
"04c6a00c-c5ee-4f1b-bc56-4d89bf7940ce","PAULLINIA"
"ab16b3c7-601e-4f0b-b1d6-7ac6d8991afa","POUTERIA CAMPECHIANA"
"8df392cf-a4e2-4354-a720-9ab7ed8e6fcf","SLOANEA"
"96597af2-c827-4b34-b372-dbe75c6e56f4","TABEBUIA CHRYSANTHA"
"63ea5a82-d23c-4cec-94b8-6911d26bcdf5","ELEOCHARIS ALVEOLATOIDES"
"ad3818fc-7b38-4838-ba10-687e1c5868fd","ELEOCHARIS ATROSPICULATA"
"1c09cd38-5488-4501-aa9e-259f7fb53a2b","ELEOCHARIS AYACUCHENSIS"
"b1d8a400-3d93-4688-8190-d9631b21ac45","ELEOCHARIS DEBILIS"
"c1ff5e98-6e61-45d3-ae5b-40be6681e2a9","ELEOCHARIS EGLERIOIDES"
"25994391-7b47-4c27-a720-0eaad2ba2b6c","ELEOCHARIS GENICULATA"
"32d33fbe-0f4e-47e4-aa01-c62168dbb3d0","ELEOCHARIS LIESNERI"
"9aca90d5-4433-49a4-9f07-555814364bde","ELEOCHARIS SQUAMIGERA"
"b4a8648f-1e1c-4424-bc8c-deb5db642645","ELEOCHARIS STEYERMARKII"
"ca4389c4-3c85-496e-a030-4042bca76e8b","ELEOCHARIS VENEZUELENSIS"
"aed67fda-ff4d-4799-b754-17ab8e2398cd","JAU NATIONAL PARK"
"92a74e3f-6b37-49fb-a295-fc69f0678a3e","ALEXA GRANDIFLORA"
"fc6d23eb-8322-4cc5-af15-4deb328c7e93","ESCLAVEILERA"
"e82190d0-a1ec-4ae4-83b0-0a5d0cf230ad","ESCLAVEILERA GRANDIFLORA"
"7afd18c0-470d-4b48-9d3b-427bddd788cf","FELINE IMMUNODEFICIENCY VIRUS"
"4e5dcace-4658-49ab-bf97-4720a3592209","POUROUMA"
"ac885f8c-b6a3-4317-8879-9f156903ed82","POUROUMA GUIANENSIS"
"0dd2f2c3-8293-453a-b384-f098eb2054fd","PROTIUM APICULATUM"
"bf0b9c43-bb91-4ccd-90e4-f6ef02db675c","SPECIES INVENTORY"
"3fa14e18-9595-4287-bbe9-94955f2042ce","SPECIES RICHNESS"
"780067e9-0d09-4c75-a248-9eaf0635071c","CROTON DIASII"
"61a9a8aa-6a2b-48b7-8c5f-9e0c3fb8ce2f","CROTON SCHIEDEANUS"
"cf0fa7d5-8919-4cab-a1d1-e6835e7650a7","CROTON TROMBETENSIS"
"367c5af2-0b11-42f0-bf2b-861b9229ff04","BOBGUNNIA"
"814f8681-50de-4d22-ba2d-da1d6568283c","SWARTZIA AUREOSERICEA"
"a6cafa39-8a1b-43d6-a6b8-d38b5cf81cbb","SWARTZIA LAURIFOLIA"
"fb0e09b1-2a76-443a-add5-1df5889156c7","SWARTZIA MADAGASCARIENSIS"
"75e609be-12fe-4485-88d2-959ac4c8a165","SWARTZIA SERICEA"
"e5c3103b-fbe2-4d8c-bd62-ab0406a94155","CHEILOCLINIUM PUBERULUM"
"5c0fdfb8-3da7-48c6-8423-63f818226417","PRISTIMERA SCLEROPHYLLA"
"41d228ed-b96b-442f-99cf-6b306f60d65c","ANDIRA PARVIFLORA"
"b5b216c0-bcfe-452d-9119-dd90133678c9","HYMENAEA PARVIFLORA"
"937c2cf9-f410-44ec-a929-0278e742b0b0","PARKIA PENDULA"
"375089fe-0f0d-48b6-b0f9-f2360f50814d","PENDULA"
"bc4f4f31-97e0-497f-8129-1cf5bad7e217","(SOUTHEAST)"
"4e5c79a3-6f17-445c-996e-57f5ecf7de3c","CALLITHRIX GEOFFROYI"
"8a32c773-8fee-4e73-83a4-70345c410667","CINNAMOMUM"
"b28072b4-af26-480e-98ff-11bc504c5a02","CINNAMOMUM FLOCCOSUM"
"3f60ad86-867d-4054-a43b-56e0df934454","LICARIA EXSERTA"
"cd0c4aa0-5a3d-4811-9220-419052b9d78e","LICARIA FILIFORMIS"
"b2ab2072-c17b-43a3-8575-2531e536c723","LICARIA RUFOTOMENTOSA"
"c2ccdeb1-5b43-4da9-97ad-55d8641c141d","LICARIA SUBSESSILIS"
"66a7ced0-f353-493f-961d-440be7c042f5","MEZILAURUS CAMPAUCOLA"
"5a0ec849-5a39-4132-89c4-5eff515aa120","MEZILAURUS MANAUSENSIS"
"15638a8d-0f99-4a04-8c59-2e3b02a47068","NECTANDRA"
"948f5c10-b70c-4901-b265-872f4ac9e882","NECTANDRA TOMENTOSA"
"89f7a7a2-5b6b-41f8-9333-89c604cfd289","OCOTEA ARENARIA"
"b1a78599-09ed-437e-80c5-e91db1978df7","OCOTEA BREVIPETIOLATA"
"cc4196b9-1666-444d-bca4-23c2228bbc9c","OCOTEA HIRTOSTYLA"
"7b223aec-d573-472e-9ad8-e0397b7b19da","OCOTEA MULTINERVIS"
"977db70a-acaf-4aaa-af57-c75d23838810","OCOTEA SCALARIFORMIS"
"9f59c85c-874c-4d65-af20-cb44ae9ac834","PLEUROTHYRIUM ARCUATUM"
"a775302a-29f7-4f5b-b505-e8d26117e772","SESQUITERPENE DERIVATIVE"
"7d738a98-2638-4a77-b0bd-e3488f5c15e3","TRITERPENOID"
"b2c9d39d-718b-458d-8d1c-4507266714f8","CISSUS ACREENSIS"
"f9b47510-5cc8-4e72-aab2-2b477b355052","CISSUS AMAPAENSIS"
"80e0b1da-979c-43ef-8a6d-c3d92279371a","CISSUS APENDICULATA"
"f3250808-48ce-4f7a-8722-5e51832629e0","CISSUS ARAGUAINENSIS"
"b40dd875-b268-4ec9-9e81-0379dac3db5c","CISSUS PARAENSIS"
"61e79b4a-1ca3-41aa-9624-396b0b9f7476","GENOTYPE"
"888bc302-9227-407d-8869-75927291952b","MODELS, GENETIC"
"8f4ad425-e4e2-4f44-9088-b1df3252d434","MODELS, STATISTICAL"
"be0995fe-385b-4885-88ec-2145311b5f95","SPERMATOPHYTA"
"a8cc63d9-e444-4dd7-a46e-8796197e4891","GENETIC MODEL"
"1e392db8-720f-44b3-9948-61cdaeb16dd1","INHERITANCE"
"9d9d85b9-2247-4b7d-8796-f6611aec6945","PLANT GENETICS"
"6a394115-1d22-49ba-8741-5479a40a3321","BUCHENAVIA"
"98051f47-3d27-4d9f-a501-f908632687c4","COUEPIA OBOVATA"
"fd8f3511-a0d6-404f-a391-5fc7d657685c","DOLIOCARPUS ARACAENSIS"
"f8721d55-2599-4803-8e90-d037e3f384e7","DOLIOCARPUS AUREOBACCUS"
"efcd71e1-38c3-49e8-a7be-5f5f79c9005b","DOLIOCARPUS KUBITZKII"
"5c57be2c-79a6-4c47-9471-1b7d8bf04de5","DOLIOCARPUS PRUSKII"
"f223b06a-5de6-4c04-93ae-ac15dba5ed89","SEEDFALL"
"53aef8ef-6862-4dc4-b62a-3c8185d1eb46","MYRMECOPHYTE"
"bae31b28-9151-43c4-9a63-4cfffff54c7f","CLUSIA"
"5b506450-f055-4915-8ad9-a06b12d1f3c0","CLUSIELLA"
"92a7f1d7-5b76-494b-b72b-1dd5cb446fd4","CLUSIELLA CORDIFOLIA"
"0424e291-bb49-4128-aebc-7f0b174e3e9c","CLUSIELLA IMPRESSINERVIS"
"864ee90d-11d1-4c06-9b2c-624d4ba3ba0e","CLUSIELLA ISTHMENSIS"
"c5ed856b-9c53-44f4-b058-835b6c515147","COUEPIA"
"d0953776-5410-4681-8c48-993fa144e8f8","COUEPIA HONDURASENSIS"
"23cdf70a-fdb2-44f1-8ffe-b37aed301aab","COUEPIA LEITAOFILHOI"
"5a2df5ea-c386-4c5f-bb3f-25c806641b01","HIRTELLA BECKII"
"e8947caa-5d37-41a4-ade3-7cacea4e7ce4","HIRTELLA CASTILLANA"
"2826b506-187c-4902-9567-f5b2abefc2d4","LICANIA CUYABENENSIS"
"4be9c50d-2b91-4b18-a06e-98b7261b2bfe","LICANIA FERREIRAE"
"13842d44-b909-4fa3-b7cf-407fbe6cd1a0","LICANIA GRANDIBRACTEATA"
"9835e3c2-89f3-4e9e-b1f0-9ca4ff6a1004","LICANIA SALZAMANNII"
"e698466f-e62a-4a85-9c93-da724c873c0e","BRAZIL, PARA STATE, CURVA-UNA FOREST RESERVE"
"fb3d1784-a605-49a5-991a-e0d9a380493e","PINUS CARIBAEA HONDURENSIS"
"2b7efc85-b8ef-4d1b-ae00-c78b4ad97159","PINUS CARIBEA"
"f39e28c5-17b3-41d9-b888-77452b703755","NITROGEN DYNAMIC"
"51a30b55-9946-4e75-9e8e-af2ca4f03244","PLANTATION"
"bcf96f18-cc0b-43cc-84be-2ac8a3570c71","PRIMARY FOREST"
"5ad8966c-77ff-49ac-8cd9-f83423877367","SOIL PROPERTIES"
"ccb6050e-f599-460f-a0b3-1db311fabb37","APOCLADA"
"71065c16-dd09-4cff-930a-0632f8e35fb6","CRICIUMA"
"0b532417-ed68-441e-8d53-fe0391fda7d0","EREMOCAULON"
"a85bcfb8-f890-490b-89d1-2c6663270d40","EREMOCAULON AMAZONICUM"
"93d6aea1-e4a9-4645-bbb0-994ef6bc90bc","EREMOCAULON ASYMMETRICUM"
"b73929f9-c9e8-4fb7-961a-f6aef0988c2a","EREMOCAULON AUREOFIMBRIATUM"
"0bd62d5c-d292-48d4-bd0e-150a75e7c2ae","EREMOCAULON CAPITATUM"
"898f8764-f618-4d4c-8db3-79f4c902f1be","EREMOCAULON SETOSUM"
"1411e9c4-a1c9-4e05-83b0-d514e6c1c03d","GUADUA CAPITATA"
"f16f90d3-5e63-4698-b377-6f7741f0537f","OLMECA"
"fb45a470-4d2a-4041-a1de-4619136dd468","OTATEA"
"b81fa0ac-efab-4af5-b9e8-f6380b5225a1","LOPHANTHERA"
"eede558c-e48d-4957-9a79-7ba2ac3d1bec","CHROMOSOME NUMBER"
"8a24aa49-1e8b-4fbc-a715-272dfe84ca60","CHROMOSOME TRANSLOCATION"
"d6ccace4-c08f-4f2d-baf1-f3b834204fb1","DIPLOIDY"
"e20b7039-fd14-49f7-913e-6ade8d7f890d","FAMILIA"
"3458b538-69e5-45a2-a3ad-01453774c058","HAPLOIDY"
"8a08d91b-c572-48d6-80da-8824efe24b7c","IN SITU HYBRIDIZATION"
"ea23de06-6203-454e-831a-b44a38dc86e3","MEIOSIS"
"eb5f668c-c10f-4779-bfc3-e28914fc7e48","TELOMERE"
"ecd4d36d-84ad-45d3-a47e-f44275009b21","LICARIA AUREOSERICEA"
"fc3df92e-d336-4653-8f47-cb048ebbf6f9","LICARIA HIRSUTA"
"d75da4b0-4502-4f17-9d17-bc6ea80e9d50","OCOTEA CINEREA"
"8ee4eac8-29c4-4387-84e1-798f1f2c3620","OCOTEA DELICATA"
"1696a81e-a454-47af-bd80-958af6281794","OCOTEA IMMERSA"
"044ce5fb-dd7e-4594-8065-7dcd862921fb","OCOTEA LIGULATA"
"e9c21188-d6aa-4fa3-b687-6ec6750110c8","OCOTEA MINOR"
"b59b635b-8947-4744-b5c1-5d719075673c","OCOTEA NIGRESCENS"
"eca0131a-2006-44cf-8c63-80f20474ff99","OCOTEA OBLIQUA"
"5a76d52a-aeec-40d1-84f5-4fd0eb7cabfb","OCOTEA PERCURRENS"
"f9667d98-f393-495e-b987-e5cd8a2d4ffb","OCOTEA RHODOPHYLLA"
"06e0ff8e-e872-463d-8b52-08647a9ead44","OCOTEA SCABRELLA"
"ebdf53d4-c6ca-48e7-8990-e9d9d9204f03","OCOTEA SUBTERMINALIS"
"2be78f23-0d24-4d45-af76-8464c760b27c","RHODOSTEMONODAPHNE"
"66b54fe2-536f-4260-a344-528bc86c10c3","RHODOSTEMONODAPHNE RECURVA"
"c0481292-25d3-4501-a117-50ec03d5bd2f","SCABRELLA"
"892a2e64-767c-47b3-9307-5cbe6b5930e2","PUERTO RICO, LUQUILLO EXPERIMENTAL FOREST"
"edabc017-f923-4974-99f5-fffa342cf766","ALCHORNEA LATIFOLIA"
"b9468ab7-86dd-47c4-a7a9-a186a26eb46f","CECROPIACEAE"
"28814bcc-32d7-41bb-92d3-6f853892b766","GONZALAGUNIA SPICATA"
"873582f9-c1db-4c62-ac5d-74d2ff2ae22e","INGA VERA"
"b76ef69d-939f-4946-ace6-d3273cbf7066","MIMOSACEAE"
"b1a66166-3c1c-4f48-b614-05ac09303201","LANDSLIDE"
"da19a0b1-a105-4717-8eb0-3992fdcfdd56","PRINCIPAL COMPONENTS ANALYSIS"
"a6fa75eb-d6d3-420d-b6ef-8ed68339d057","SUCCESSION"
"cbd03ae3-1581-4844-8e37-d32e85bfe5f9","MARCGARVIA PUNCTIFOLIA"
"c496e41a-cc00-4a7b-be8c-e6c6c4d088de","PANAMA, BARRO COLORADO ISLAND"
"82a85681-c280-46c3-8027-8bbef9036220","DESMOPSIS PANAMENSIS"
"b9ab5886-1173-4884-9d04-d7fdc3fe7d82","TABERNAEMONTANA ANGULATA EXTRACT"
"830ff623-0391-42c7-a34d-5f5a20666e94","PASSIFLORA CORDISTIPULA"
"88f5b6f6-1ed9-4cac-b32b-512b767ae275","BOND LENGTHS AND ANGLES"
"caedec09-03a6-45f2-af7e-78f5e1be5000","RING STRAINS"
"3317ac82-6804-40b6-9c04-8241020d9b6c","SKELETAL STRUCTURES"
"ab55a47b-189e-4415-81d6-32efce06c26c","STEREOSELECTIVITY"
"3163b6ff-a606-4fd4-a952-3ebf2651720a","OCOTEA WHITEI"
"370ddc86-ba3d-48e2-81ac-18734bef4d5c","ALLOMETRY"
"69fdfafa-5f6a-4d65-b14e-a9ebbe8fb88b","CROWN ARCHITECTURE"
"beb9ae16-25f1-4f1d-b082-f827095fb5a7","DNA, FUNGAL"
"ab08de66-cfd6-4a60-8d0c-f15f0f01a0e6","MYCORRHIZAE"
"5e64c034-17ca-4ffe-8ee0-111c3eb58643","POLYMORPHISM, RESTRICTION FRAGMENT LENGTH"
"4ad4ab95-08e5-4e53-b37c-a15055315020","ZYGOMYCOTA"
"6881ce48-a34b-4752-8b43-da2989f688ed","EUACYLOPHORA PARAENSIS"
"ecd0d918-e115-4ae1-856c-a176d52e5db0","NUTRIENT USE"
"3c11cf68-4876-4936-9a04-ccfb555d5ca4","HIRTELLA TRIANDRA"
"38b540e9-b39f-4054-be51-0d2c26fe4bee","HYBANTHUS"
"a74f8969-6c45-44c1-a2f6-ed655a8d2057","HYBANTHUS PRUNIFOLIUS"
"4884f0d6-78a4-4afa-9a78-f2cffa278814","PIPER CORDULATUM"
"f15814c6-34d3-499c-9ab3-4d6e2a96defd","PRIORIA COPAIFERA"
"e910fab7-ea6e-4681-9cb6-dac7284873cc","PSYCHOTRIA HORIZONTALIS"
"3e26afc6-59f6-4463-901c-d52d657b0059","ROOT ARCHITECTURE"
"cec357dc-8447-4cbd-b950-efd74a276419","DYNASTIDAE"
"8984ccb5-2013-42f9-8ab4-990538360028","FOOD PRODUCTS"
"d480703c-6bac-47b5-9e4c-80d2bf7e5156","HEAT PROBLEMS"
"a40e1917-b5ee-4e0b-86e0-1d2dba1f9b70","THERMAL EFFECTS"
"b6fb7c18-e284-4e0f-8333-a888c88cb509","TARUMA MIRIM RIVER"
"5a702034-71f7-453b-8ad2-ec199e62cc62","PSYCHODIDAE"
"01d47449-2749-49dc-aa2b-b84ec38777c5","LUTZOMYIA UMBRATILIS"
"c04b4b6c-cf1b-4b9f-b807-fdbe42e1fddb","PHLEBOTOMINAE"
"d62ac495-875e-4a12-be71-4c2bcd029296","PROTEACEAE"
"29b63eb8-2eb2-48f1-ad66-5b6e817e55af","ROUPALA FILIFLORA"
"e0a2237b-f7fe-4c3a-a946-4461316f93f4","ROUPALA MEXICANA"
"11167d70-8fec-45c8-96b3-19eca4e0f559","ROUPALA NONSCRIPTA"
"c70a7822-f2d7-45be-8a97-b0bf6c4b2dc9","ROUPALA PSILOCARPA"
"aa46a6e2-d289-44c5-8a53-deae7c69cd11","ALIPES"
"08799066-a2b2-42aa-8c7e-35b01e379027","ANGOSTURA"
"fabf2ca9-f650-45f9-801b-ce9b8f5dd404","ANGOSTURA ALIPES"
"d5e857a4-40b7-4f15-9c1e-21c6f64d02de","ANGOSTURA QUINQUEFOLIA"
"17cbbd20-b540-4001-978d-5f2e98b87ecf","ANGOSTURA SIMPLEX"
"567f680f-7987-47e6-a523-31fb3a10813c","CALIPEA"
"7d16d299-f635-4aff-994d-9e1f561919de","CALIPEA ELEGANS"
"4544f37b-ea67-4d50-9cce-64a2b4866d72","CALIPEA ODORATISSIMA"
"16fb3080-1378-4bca-b9fc-be7c3b66b3d8","CONCHOCARPUS"
"a7a8f3bb-d326-49b8-9ac7-cff1568ce21b","CONCHOCARPUS BELLUS"
"230e7ee9-e75d-4a19-99d7-60a0bcf6a3ae","CONCHOCARPUS CAULIFLORUS"
"f27fcadf-7411-427b-ab14-eefa8d1e416b","CONCHOCARPUS CONCINNUS"
"23fe89b2-3468-41d4-82d2-2cdaa7f20227","CONCHOCARPUS CUNEIFOLIUS"
"021257e1-e991-4b3e-babc-99cf4425380e","CONCHOCARPUS CYRTANTHUS"
"75eaa05c-6918-4f25-841d-4abf731b488a","CONCHOCARPUS DASYANTHUS"
"451e4945-29a9-46d9-8733-32987859340d","CONCHOCARPUS DIADEMATUS"
"0c3a4eb2-532c-42b5-8714-207e1efd974f","CONCHOCARPUS FISSICALYX"
"5707d1e1-a080-4c26-8015-ba7536feb040","CONCHOCARPUS FURCATUS"
"197a8b73-2fa4-4d34-91ce-2425cbcb111c","CONCHOCARPUS GAUDICHAUDIANUS"
"cd0c1bf9-95f2-4565-bb93-cd798375935c","CONCHOCARPUS GRANDIS"
"6fc5aff3-fbb4-4b5c-9c87-2d40437ab93d","CONCHOCARPUS HIRSUTUS"
"86f323b9-cd9f-459b-9c01-3979eedd167e","CONCHOCARPUS INOPINATUS"
"611f6533-f93c-476a-96ee-33907214c4ca","CONCHOCARPUS MODESTUS"
"923b39c6-afcc-463e-a5ac-972abaa80252","CONCHOCARPUS OPPOSITIFOLIUS"
"0f079e06-a459-418e-9ee5-df06751f79f3","CONCHOCARPUS PUNCIATUS"
"9a4dceb2-2a93-4104-b48a-4a7614cb9318","CONCHOCARPUS SANTOSII"
"c66eab42-edb8-4317-8c70-6d8202569dfb","CONCHOCARPUS SORDIDUS"
"ab989590-914b-43a8-bf41-7287ba5785b5","CUSPARIA"
"df0c1ecb-5dfb-4d6d-b758-9b1222aab255","CUSPARIA GRANDIFLORA"
"d8ac9f30-1ede-45a4-9fb1-bbb271be7bc7","CUSPARIA MACROCARPA"
"b276cef1-5eed-430c-baa7-61b317f4fd39","CUSPARIA NODOSA"
"25f05b92-445d-4329-af09-04970edbc174","CUSPARIA PANICULATA"
"af246994-6ac1-4003-b4d9-e7a4966bd623","CUSPARIA TOXICARIA"
"09ff4d6b-65ef-4a57-9cc2-4e5474e759b9","CYRTANTHUS"
"f9d484f9-c19e-4eb6-ac24-e9929554a056","LASIOSTEMUM"
"d109b64a-cde7-4296-87ab-30e0cab4f9f8","LASIOSTEMUM SILVESTRE"
"a47589a3-f252-4b0d-82f3-379b19c7af8e","RAUIA"
"a579b3ef-6beb-43d3-88cb-0da60ee8985a","RAUIA NODOSA"
"4aa603d0-b230-45af-a6da-d5ca74ff5063","OCHNA"
"7779cb98-75bb-463a-88ac-9d3aa5117dbf","OCHNA STIPULATA"
"f1b2b7eb-1dc2-45c0-ad18-010a01afb4f4","OURATEA ARBOBREVICALYX"
"4f983dee-9068-466c-b690-e242369df8ee","OURATEA ELONGATA"
"5ff76b3e-a368-4260-865f-25811b2a924b","OURATEA FUSIFORMIS"
"ba073319-a6ec-443b-bb8c-915cfd017cef","OURATEA HETEROBRACTEATA"
"81c5892a-0218-4db9-a720-5269c12ab524","OURATEA KANUKUENSIS"
"6c50abce-3df1-48f6-9993-093f0f7a73a0","OURATEA LAJAENSIS"
"a8774495-6ee3-4b1f-aaa4-90eaffcc4bc6","OURATEA MAGUIREI"
"8efad45d-69b2-4ee3-83f9-43b241ea7434","OURATEA MAIGUALIDAE"
"c6dc074c-8284-4282-b7a5-67141a68db29","OURATEA MEGAPHYLLA"
"78c40ac4-4e1a-45f8-bc81-c1c1e98f5d51","OURATEA MULTIBRACTEATA"
"6c443539-07fd-4e64-b4a6-e3b2ea929486","OURATEA OBOVATA"
"9278438f-ad21-4e75-93d4-64b01bcae7e5","OURATEA ORISINA"
"2dd5b178-8e40-4722-a097-6b9a327d37c4","OURATEA PAPULOSA"
"382b8158-5719-421d-b5d6-7a2e880088dc","OURATEA PSEUDOMARAHUACENSIS"
"551240b0-402f-45fc-9f9c-ed884ba9fa38","OURATEA PULVERULENTA"
"c3b9ed73-f540-4640-a77d-879d0008cd74","OURATEA RORIDA"
"6da388bc-d557-40bd-b62a-b2a5c69b8deb","OURATEA SALDARIAGAE"
"4d7beee4-ab2e-4131-91b4-47573404f244","OURATEA STIPULATA"
"1a81e80c-62cc-4f36-9cdc-d4ad3e933c66","OURATEA VIEIRAE"
"d8c729f0-89ba-4bfd-99c2-430099196ed1","PAPULOSA"
"638e2e01-a23e-41cb-96de-7aaf55643499","GLUCOSIDASE"
"36e899d6-0e3a-4ecc-982b-d013204f8eb7","PYRROLIZIDINE ALKALOID"
"233e77fb-e938-43fb-9d7c-6611d013a9f2","INTESTINE"
"9e96078b-e148-4199-a33b-1eb2db9798d7","BORAGINACEAE"
"471bad3a-a65b-449e-b2e4-029656168edf","GOETZEA"
"b495cc85-6868-4cba-a4f6-4f515b58015f","METTERNICHIA"
"a7817e01-ee3f-4ffe-ab58-df4fb1638e41","SALPIGLOSSIS"
"ebbd8248-8107-443d-9041-5d8130528906","SCHIZANTHUS"
"a0287116-ce34-4913-9818-07e8b106bdfb","SCHWENCKIA"
"90ef4fdb-b24e-4997-861c-ec8e37452c4e","FILICOPHYTA"
"d47642ca-e3c8-4a21-b595-a9a80affb13c","SCUTELLARIA"
"48b17abe-1cb5-4cd8-9dbd-ab7e42db1e5b","SCUTELLARIA ALBOROSEA"
"e29b5bb3-d0e3-4a07-ba90-7babf8591795","SCUTELLARIA ATRIPLICIFOLIA"
"8d6c10e0-92ed-4321-aa42-4dde42437f2f","SCUTELLARIA AURATA"
"4fef027e-66ec-4446-93ed-d9aa054312c4","SCUTELLARIA COCCINEA"
"e80ffc72-e231-4c89-9cf5-2a4efadf26d2","SCUTELLARIA CUATRECASANA"
"21eb52e7-c5a8-4059-8ca1-9a19f5a1e073","SCUTELLARIA INCARNATA"
"80816b2f-a8ae-4edd-ac0f-9867c1de2995","SCUTELLARIA LEHMANNII"
"94e7d946-084d-49c8-b690-fe179023ef14","SCUTELLARIA ROSEOCYANEA"
"4459aa33-fc88-4eb5-81fa-8e0812f82298","SCUTELLARIA SPECIOSA"
"e8bb8483-6829-48f2-94b7-024465a65107","SCUTELLARIA TRIANAE"
"07efcc8a-0799-4cc3-8b3b-035462a1139b","SCUTELLARIA VENTENATII"
"69a41caa-98eb-4a61-af9b-8092b98e2f53","TICOREA DIANDRA"
"d96cb63f-8d58-499b-82f9-c2365fa704d8","TICOREA FROESII"
"b933b121-eed3-4057-91af-55f10b35967d","BODY TEMPERATURE"
"79c9aad6-64ee-4550-8e2b-eff083ee2667","MOTOR ACTIVITY"
"0a31d1de-681f-4a59-91c6-71708eb43f94","REFLEX"
"3256d715-0ceb-417a-b711-ffe4ce8302c0","EUGENOL"
"94ca8d8c-93d9-429d-a993-5c3f8a734ba1","CENTRAL NERVOUS SYSTEM"
"4827f9a3-972e-4e23-a495-a96da6526610","CONVULSION"
"64463dba-0b45-4018-b367-d9956b25688c","DRUG RESPONSE"
"1099d216-93c0-4080-b314-40964de604a7","ELECTROCONVULSIVE THERAPY"
"05cf2dda-b561-4ab8-a9e3-e46187485752","INTRAPERITONEAL DRUG ADMINISTRATION"
"037a8cf7-356c-4331-8862-ca662b6764ef","METHYLEUGENOL"
"5ec64a7e-ea17-452a-85b5-a76ff9e6a9ab","SLEEP TIME"
"874bed11-19d0-49e8-bf0a-387e701ee741","TREEFALL GAP"
"c7b0bc09-e0f3-45ff-837f-cb74b1e97bb7","TROPICAL"
"7fd86c57-226d-4722-a120-9eb53e8a506b","DOG"
"12760eaf-3f8d-4b8a-81d4-fd42c79aad13","DRUG ANALYSIS"
"ff469316-0118-4039-b56a-4158104f42ef","THEORETICAL STUDY"
"33baf9bf-b8c5-43c8-a74b-99ff82556075","FISHES"
"dbabbe6d-31a0-40de-8e4d-60c0baaa306b","ALCOHOL DERIVATIVE"
"664055fe-fc59-4dfe-b70d-f546c57debe5","FISH"
"5fd3606b-0e54-4b82-b123-01cbf2fbb677","SPECTRUM ANALYSIS, MASS"
"df9d2c30-4c8a-406f-85ae-b51bd7ff9c3e","STEROIDS"
"95490b57-88d7-4bcc-a666-24cec2b8b321","2 NORLIMACINE"
"29f1fd1c-ff00-4886-a403-b474df9f3008","CARYOLIVINE"
"b0e49b73-8d0c-4909-86c8-1d9119be0ef4","HIGHER PLANT"
"07f54a06-def3-4077-a62e-4ab7c4eeb3eb","N FORMYLSTEPHARINE"
"5caac7b9-014a-4fe3-9ccc-75a388f3ce92","N,N DIMETHYLLINDOLDHAMINE"
"1e1e3e54-d9ab-4ad3-9d1d-cebe27f22c1b","PRONUCIFERIN"
"e91ebb66-60c0-43c3-ad90-92335353c600","PSEUDOPALMATINE"
"1a08a9f6-0634-4894-84e3-f2d769893410","ULTRAVIOLET SPECTROPHOTOMETRY"
"1836129d-0554-4902-a8f1-66feac555ed5","ALKYNES"
"da684193-4872-4b3d-9c4c-1afdd0e7b74e","PYRANS"
"b482aa48-9508-47bf-9296-bd87abab0893","3,5 DIISOPROPYLSALICYLATE COPPER"
"ca988fab-6924-4a81-8859-9da34c2a97cd","4 [2 (DIFLUOROMETHOXY)PHENYL] 1,4,5,7 TETRAHYDRO 2 METHYL 5 OXOFURO[3,4 B]PYRIDINE 3 CARBOXYLIC ACID ETHYL ESTER"
"b80b907f-96e2-4f24-9139-80596fa578aa","FISH POISON"
"cb338d9b-b583-4a02-9698-e02601be8615","ISOTHIOBARBAMINE"
"5b2d07ec-6192-4d48-a861-6c0eff6aa0e1","ACETATES"
"843e6f35-7305-489a-a3dd-b8ebf031ee74","DEPRESSION, CHEMICAL"
"88854e91-306d-4e23-ba60-46e23c945f06","MEMBRANES"
"fdea218a-8df5-4905-b90a-e84904e7494b","MITOCHONDRIA, LIVER"
"6d438507-18a8-410f-939f-5df4e62cf6a6","OXIDATIVE PHOSPHORYLATION"
"5926d605-8659-4ff2-9251-54b0217b68a8","OXYGEN CONSUMPTION"
"9d6aa015-717e-4bae-89f8-285d0acc27fd","PESTICIDES"
"6a758c63-229b-4487-8239-bc9962c442d6","ACETIC ACID DERIVATIVE"
"0490bca2-5c78-477e-bb44-2b395c0b5ff7","ALKYNE"
"8fc072b5-aa14-4b5a-a601-f27d338e318a","PESTICIDE"
"1656d7fa-5ac6-4809-b808-7785ebc84701","PYRAN DERIVATIVE"
"da1cf772-d52b-476b-b1b8-48c7e1934fd2","CHEMICAL PHENOMENA"
"c5f15ab3-4288-4587-9a0d-11abeb6ebccd","LIVER MITOCHONDRION"
"c52bde8a-b32c-42ca-bdb8-e488e1711eac","MEMBRANE"
"f02e31d6-2f3a-4fcc-8ce2-3d6743158554","FARAMEA OCCIDENTALIS SEED DISPERSAL"
"6cc42b20-21a1-4010-9054-7969b57d8f1a","CIRSILIOL"
"82f30031-83cd-488e-9da2-67fbe572e2e2","ESCULETIN"
"2aa015f8-1d05-407f-b388-cb547129ca21","FLAVONOID GLYCOSIDE"
"6224084e-6b2c-4383-afb2-e21db60469f9","LUTEOLIN 7 GLUCOSIDE"
"87fb881a-c5c4-415c-8bcd-3ed17c1a2aeb","ORIENTIN"
"ff4b2e8f-91bf-4885-b1a3-c1b9bd7dddeb","VITEXIN"
"881b6376-8778-4783-951e-5d3737e37fd9","ISOVITEXIN 2 O XYLOSIDE"
"a69094cc-382e-49fd-84b3-0237afb737c6","PASSIFLORA CYANEA"
"cda12e24-9597-4551-8f11-0c1d7b310e7e","VITEXIN XYLOSIDE"
"ffcc6e72-6dc6-47af-a807-9d3f10c2ceef","CHEMISTRY, PHARMACEUTICAL"
"4b94160b-97dc-4be3-bf13-69057bcd7746","INDOLES"
"deebafd7-fca1-4a78-8623-bd689c64f57b","PYRIDINES"
"0f710ae9-e197-46f6-9f93-06d1707fe21a","INDOLE DERIVATIVE"
"c13baa1e-b564-4e9d-a6dc-ad2212bff783","PYRIDINE DERIVATIVE"
"53766e89-49e5-40e3-81be-7b143abbe791","MUSCLE RELAXANTS, CENTRAL"
"bf49bec6-77c1-41ff-9626-8a0042f9bc46","STRYCHNINE"
"b0c1d286-5e65-43ac-985c-abf62b15fb5b","MUSCLE RELAXANTS"
"9e91c9f1-84d2-49d0-a850-cc171d0c24ff","CENTRAL MUSCLE RELAXANT"
"34e47df5-7ecb-48f4-a251-e945134c2969","BASIDIOMYCOTA"
"11137526-4e46-4521-a0d8-ae6eb28e7956","DNA, RIBOSOMAL"
"eecb0ac2-392d-4ed7-b18e-5e0b297aab89","FRUITING BODIES, FUNGAL"
"bba34504-0b32-406f-8a31-15f1b0167550","GUYANA"
"f8102a74-fe56-4c2d-a9b4-f20081ae293e","GUYANA SHIELD"
"cd2dc12e-ee78-43bf-940b-fb6cb276c776","PACARAIMA MOUNTAINS"
"9bf712e7-5816-4ae1-be87-e059dccf3c12","CANTHARELLALES"
"bd123b54-6fbd-4ca5-a049-3791ef407d2e","CLAVULINA"
"f74f88b8-c5eb-4967-bdbb-46d894db7636","CLAVULINACEAE"
"62c763e9-a205-4c8d-9e32-91aa168afc28","DICYMBE"
"232246ef-ae21-4d32-9ea9-098c39664167","FUNGAL DNA"
"df6247d7-afe4-4c04-9615-e538891d8835","RIBOSOME DNA"
"9882a6c9-079b-4524-9b73-d4d46cbd07b6","ECTOMYCORRHIZA"
"765a1831-2d6c-4aa0-9517-8c7f0ed0ca6a","GENETIC STRUCTURE"
"4d8f4de4-ce38-4c1c-bdd3-eca4e4e68fc6","HABITAT TYPE"
"385d836f-83a8-4a7d-a52c-23da0f4cbbfa","RANGE EXPANSION"
"c2552a52-b8f0-4563-b336-c5f5d68edc07","BASIDIOMYCETES"
"e3658b15-9f9f-4556-a899-8fbd247eea03","FRUITING BODY"
"2e48f5bf-1066-47c1-940b-e121bc4e5e1f","MYCORRHIZA"
"8ba3356a-0916-4ffe-b476-232563dd4e6f","ECOPHYSIOLOGY"
"6b802d2d-2f9b-4b86-8098-77f0122fb032","ECOSYSTEM RESILIENCE"
"0f17c35a-2e68-4604-9cce-894a9e2ef725","TERRESTRIAL ENVIRONMENT"
"8523312b-0f5e-4060-9d62-22e54e999993","VASCULAR PLANT"
"8b10afd5-1fda-4e71-af34-cc04db8e16eb","WATER COLUMN"
"e3330d8e-a20f-484a-a5c5-46042d987a12","AQUATIC ECOSYSTEM"
"a9284080-2e5e-4208-86ea-d4cc5ff5ed36","CONSERVATION MANAGEMENT"
"26735173-ab75-4069-9e2d-e42372152d58","FLUORESCENCE"
"ceba421b-c2dd-4343-a3e4-102172ebf16e","LAKE"
"ce2ef386-b5c1-49e6-bca0-c9d797335179","REPRODUCTIVE BEHAVIOR"
"54bd6bdd-4d1a-43b4-abb9-8c87e128161d","REPRODUCTIVE STRATEGY"
"c9d83b09-7222-438a-86b7-0091b2de7144","SEED PROPAGATION"
"5bff2ae6-b7ce-4a0b-ad4e-f680144da4de","ISOETALES"
"cc67ee43-70dd-4a22-a4db-1ff50b133ff8","HYDROLOGY"
"e5650ef4-cafe-4aa5-92ca-d61826486ca6","LAKE WATER"
"505df0b5-9185-4300-b532-a2826be05a9e","SUBMERGED VEGETATION"
"0dbe094c-d6d2-4a8a-b6e7-ffd0f6b6c821","ISOETACEAE"
"ac150300-2d2b-4db3-8ee4-04a086bbd19d","ISOETES"
"d7bedebf-f80d-45d4-9e25-e52b253b1d84","BIOACCUMULATION"
"913913c9-c665-4315-8ccf-efdca642e583","GENOMIC DNA"
"ddeb1e63-cad0-4954-8fb2-4aa3ff251ee1","BIOGEOGRAPHY"
"effd3896-d5f3-4700-ac4a-68fe1f2f74b5","GENE STRUCTURE"
"1f492cc8-c4d2-480c-a18e-f3d571d7dd7c","GEOGRAPHIC DISTRIBUTION"
"e9923ce4-e99a-44bc-9a85-e6e2c44d9fcb","ISOETES CANGAE"
"d653c5c8-f416-4d2d-89d1-12ecf3cc6b93","ISOETES SERRACARAJENSIS"
"a4fc06e8-4302-43a3-85e6-437c6e062d11","ALKANE"
"fa563d1e-f4c1-4dca-b174-82f9f32a9073","CUTICLE"
"65b1b3fd-ac6b-4365-affe-0edb486feec0","DATABASE"
"b1212b20-5e40-439c-ace4-5ed14527ec9e","FERN"
"50f74f0f-4962-457a-a45f-8e06c46bbc51","HUMID TROPICS"
"02e0c6f9-9410-4b6d-88e4-7d481e117a82","MICROMORPHOLOGY"
"2dd4e3e1-a6d6-495d-9a19-480a73402e2d","PTERIDOPHYTE"
"3f4c8672-4fe6-4b39-9038-a203179d5f74","WAX"
"6e1fa2f1-9786-4305-9df8-e0eacff7fcde","FEDERAL DISTRICT [MEXICO]"
"062c392b-1c7f-4cc7-9af4-e9862249e608","MEXICO CITY"
"f5a31e8c-768e-49ca-94d7-bb64b65f3625","MEXICO [NORTH AMERICA]"
"45ace734-8f13-42e6-83c6-0a2960980d04","BOLBITIS PORTORICENSIS"
"839daa53-c06b-4f59-aa50-53d33197189b","DANAEA NODOSA"
"d0ab52fa-b0e1-43b9-96f4-1b6a8e26af69","DIPLAZIUM"
"8fc00f5b-ca6c-479d-87f5-03488036168a","GONIOPTERIS"
"9f75062d-4826-4ed4-996c-872bdf506101","LOMARIOPSIS"
"97d2eab0-3952-4a51-89f1-0a6987e27a7f","POLYPODIUM (PLANT)"
"57ac5c14-4316-432d-a4ca-571f21f18b5b","PTERIDOPHYTA"
"0bafb52c-ed58-4ff8-8f57-739d19ea9563","BIOLOGICAL DEVELOPMENT"
"9b3b2866-2b1f-4145-a465-0db0ee3d54ba","LACUSTRINE DEPOSIT"
"efe9b127-a98e-4180-adf2-6994cb0b0e8f","OLIGOTROPHIC ENVIRONMENT"
"892004a1-f9cf-421f-a7d4-848021076ce8","RARE SPECIES"
"f84e5821-c4ae-402d-a982-3c8204661361","SPORE"
"2dcad81b-8a85-470c-bda3-63c1e0e183e3","YOUNG POPULATION"
"6bec0185-d372-41ee-a833-02b531822116","LYCOPODIOPSIDA"
"269e35b1-acef-44ff-8569-a9440c4c5d5c","PLANTAE"
"1269da14-8e12-4ae9-a4b5-78f7d714f26e","DNA BARCODING"
"97be40fa-2dd1-4827-82ca-c91b7fbde13c","GENETIC IDENTIFICATION"
"cb11fea2-69df-4084-9029-19880a50ecbe","MEGASPORE"
"c8e69e97-1a25-4dcb-9ac1-9937993cacf8","LYCOPODIACEAE"
"d08c1a05-1616-4390-be13-582a9475c2cb","DNA BARCODING, TAXONOMIC"
"39a30231-3f7d-4974-a1f3-eaad142b220b","BACTERIAL SPORE"
"b580b94b-cc8f-495e-b05c-a274200263cc","CLUBMOSS"
"59d660aa-b7f3-437c-a96a-40a2e0758c8b","SELAGINELLA"
"1838b5df-144a-42a7-b7dd-43a0ff313291","SPECIES DISTRIBUTION"
"98df7e4d-048a-4e12-984f-6eb331b291f2","MOSS"
"e67e6030-bd27-4223-9994-e4b73d9badbf","PHYTOGEOGRAPHY"
"93b0c47f-7de0-41a0-8bc2-104ef53e5d8b","PICO DA NEBLINA"
"0e366f7b-418c-40ee-adde-b785c2d365d2","LYCOPODIOPHYTA"
"adab03a6-092b-4132-b6e3-a92bd194f2d9","SELAGINELLACEAE"
"5d6b7891-0479-4f06-a5ff-de69502d3b02","BLECHNUM DIVERGENS"
"048290d8-3b95-4f50-83d4-591f914ffa64","BOLBITIS"
"382aad48-fea1-41d8-82a1-6a72cb3d3895","CYATHEA"
"0791ce71-1057-4c64-83b2-59042ad79d1a","HEMIDICTYUM MARGINATUM"
"9ffd8586-e85a-4cf1-bf0e-cd18b52e7620","LINDSAEA"
"675ab9c3-f7e3-4a23-a08a-61106b39bae5","PTERIDIUM"
"93cfe3e4-22db-423f-92d3-f19d3db1b681","PTERIS"
"569f70be-f95d-4a1c-9034-afe1feb4a06e","PTERIS BIAURITA"
"b93e9549-31c4-4a03-bf1d-4be4b36bcaa8","BLECHNACEAE"
"b61c3946-6a90-43cd-9a67-90d036fd9999","BLECHNUM"
"ee1b75da-0718-4a80-b5d4-f56576159903","BLECHNUM LANCEOLA"
"f6b851de-e642-4c9d-9feb-675b114395dc","BLECHNUM OCCIDENTALE"
"f3809b33-0e41-4c0a-b511-28c1a8e996f0","ISOEDIETES"
"b2df5e2a-3371-4e1e-96dd-0fc189bc7e9a","ISOEDIETES AMAZONICA"
"981cca4f-7c54-407c-9050-abe795204be5","ISOEDIETES BRADEI"
"20e562a5-2245-42bf-bcd7-22e8f4ab4383","ISOEDIETES KERSII"
"b549d930-e536-4fde-9a3c-6cc7685be199","ISOEDIETES SCHWEINFURTHII"
"be087706-46ee-43e7-a1bd-ab1ee634d93d","ISOETES AMAZONICA"
"ef08b1aa-f655-4dfd-8e0e-ddd7395f5ba0","ISOETES BRADEI"
"216f47bf-0d02-4d8e-885d-0e2df4b4802d","ISOETES KERSII"
"1811485a-c1b9-46b2-b6ab-e25b64f42bbc","ISOETES SCHWEINFURTHII"
"7ef6602a-8fa4-45a7-b289-00410f1b33ae","METAXYA LANOSA"
"03ebf415-6bea-4101-87a2-92ed391972d2","METAXYA ROSTRATA"
"19b34535-01c0-42db-85e8-07ce5237d370","METAXYACEAE"
"b282fb67-ef44-49cf-abbd-e11113b088e7","PINNA"
"8f1e9e8c-231e-47bf-8247-9da5b8c8f898","ROSTRATA"
"34c5e5f7-7df3-4f74-a524-cd42afa02b30","SEMATOPHYLLACEAE"
"7b512692-db21-4cb7-91bc-f6c8a69bbbfb","TAXITHELIUM"
"eaf25663-fa6a-451e-8b5d-d7427723f637","TAXITHELIUM PLANUM"
"a3104f5b-6512-439b-b45c-5a026868ccb0","STEM"
"e80cc2f4-8346-4cd9-8335-69f3d49760b8","LIVERWORT"
"8d5e297d-a2e4-4142-bbc6-ab757a1740ba","ANDES"
"9c8dc493-71b4-4274-a924-bd2cca4e05d1","CHEILOLEJEUNEA"
"300be995-99d0-424d-affb-0b971df485bb","DREPANOLEJEUNEA"
"bad9549a-d562-473b-8b3d-a0474e8d725f","FRULLANIA"
"1ef08d0f-5a0f-4163-958d-b6da73a8bdc8","KYMATOCALYX"
"2f1f81c4-e9e6-4247-9020-274363dc77e4","LEJEUNEA"
"2b148ee0-afa9-4fab-bcfd-ab9de1f280ed","LEPTOSCYPHUS"
"c9c784ad-0490-4d33-94af-30a1d41e4c9c","MARCHANTIOPHYTA"
"ccc254e5-d8e3-4299-a9ef-dd7403368bc5","PLAGIOCHILA"
"3c7c21d4-470e-4cff-9978-a64f690e19f6","PLAGIOCHILA BICUSPIDATA"
"996bb39a-0bc4-476f-847e-9bacd30341aa","RADULA (LIVERWORT)"
"288b7f2a-27bf-4abb-805b-8dcc366130d9","SYMPHYOGYNA"
"baf6fa3d-2543-474e-9d9b-296eb42b51e5","SYZYGIELLA"
"46c266cf-9fb3-41ee-86e7-b7d9812a8c4f","DATA SET"
"eae8aaf1-8f0c-47ab-9a62-9556fe5dcc6b","ENDANGERED SPECIES"
"172279e5-dbc7-45bc-be21-1dfb3e2cf278","EXTINCTION RISK"
"548d03fd-dab5-4922-903a-b4a8d599df9b","MICROHABITAT"
"e3aeb7cf-f3c2-4210-bd9b-60b686e2db2a","RARITY"
"0dd7135e-f969-4bd5-82a6-406a7d50aa62","RED LIST"
"3d64a15a-c80d-46ca-b48a-28ebbda548bb","CHOCO"
"cc7e28e6-4cc3-4b76-a0a5-1b00f6dc1ebe","APHANOLEJEUNEA GRACILIS"
"42bd487d-fd6a-44f2-a37f-ef3a32014f53","LEPTOLEJEUNEA"
"f3d43842-40a2-4cc4-b9a4-5bc01adc1a8d","OTOLEJEUNEA"
"408cb687-75dd-4caa-a4c6-34462aa0f147","TRIDENTATA"
"787ed29f-ab26-4382-a37f-eb05b1442363","NEOTROPIC ECOZONE"
"4fde39e6-ddae-4883-aa79-52d621d5c538","CERATOLEJEUNEA"
"f57bb53e-8e80-48d5-bae4-2152734afadf","HYGROLEJEUNEA"
"51733b51-a947-4122-97f0-1489284a250c","JUNGERMANNIOPSIDA"
"4a62d445-0df3-44ac-8b1c-cb2e95f76fd8","LEJEUNEACEAE"
"9dbcd1e3-2ce8-41c6-ab14-77f2147680e0","LEPIDOLEJEUNEA"
"2dd28c0e-e4d2-4a84-bf78-27e71c88d029","MASTIGOLEJEUNEA"
"aaa2bcac-c753-4668-af7f-3767d07e0590","PICEA"
