"affiliation_id","nome_normalizado","sigla","endereco","affiliation_full_text"
"e162660d-79e1-4b48-a30e-5d94844af0fe","INCT MADEIRAS DA AMAZONIA/MCTI/CNPQ/FAPEAM","FAPEAM","Instituto Nacional de Pesquisas da Amazônia, Av. André Araújo, 2.936, Petropolis, Amazonas, Manaus, 69067-375, Brazil","INCT Madeiras da Amazônia/MCTI/CNPq/FAPEAM, Instituto Nacional de Pesquisas da Amazônia, Av. André Araújo, 2.936, Petropolis, Amazonas, Manaus, 69067-375, Brazil"
"cd9191e8-feff-461c-a07f-fee8d939799e","WOOD CHEMISTRY LABORATORY","SEM SIGLA","Instituto Nacional de Pesquisas da Amazônia, AM, Manaus, Brazil","Wood Chemistry Laboratory, Instituto Nacional de Pesquisas da Amazônia, AM, Manaus, Brazil"
"8898a69a-c023-4a83-8659-6707a79ec48e","ENGINEERING AND WOOD ARTIFACTS LABORATORY","SEM SIGLA","Instituto Nacional de Pesquisas da Amazônia, AM, Manaus, Brazil","Engineering and Wood Artifacts Laboratory, Instituto Nacional de Pesquisas da Amazônia, AM, Manaus, Brazil"
"f7f9dc4f-29cb-4a5d-8209-71fed8dec6e4","FOREST MANAGEMENT LABORATORY","SEM SIGLA","Instituto Nacional de Pesquisas da Amazônia, AM, Manaus, Brazil","Forest Management Laboratory, Instituto Nacional de Pesquisas da Amazônia, AM, Manaus, Brazil"
"f6b54023-100d-4f08-b29d-597cd22c10f9","UNIVERSIDADE FEDERAL RURAL DA AMAZONIA - UFRA","UFRA","PA, Belém, Brazil","Universidade Federal Rural da Amazônia - UFRA, PA, Belém, Brazil"
"9eda8c79-0cab-4adb-a0f0-937d974a5e51","FUNDACAO AMAZONIA DE AMPARO A ESTUDOS E PESQUISAS","SEM SIGLA","PA, Belém, Brazil","Fundação Amazônia de Amparo a Estudos e Pesquisas, PA, Belém, Brazil"
"008a3d2c-999d-4c31-a951-a09da6ab50be","UNIVERSIDADE ESTADUAL DA REGIAO TOCANTINA DO MARANHAO UEMASUL","SEM SIGLA","MA, Imperatriz, Brazil","Universidade Estadual da Região Tocantina do Maranhão – UEMASUL, MA, Imperatriz, Brazil"
"26016afe-3adf-434f-a322-fc064555df5a","EMBRAPA AMAZONIA ORIENTAL EMBRAPA","SEM SIGLA","PA, Belém, Brazil","Embrapa Amazônia Oriental – Embrapa, PA, Belém, Brazil"
"cb9c9ee8-8659-416f-91f2-6814505825ae","UNIVERSIDADE FEDERAL DO PARA UFPA","UFPA","PA, Belém, Brazil","Universidade Federal do Pará – UFPA, PA, Belém, Brazil"
"b21dc11d-42be-430e-980c-b8b8cfc3db8c","NEW YORK BOTANICAL GARDEN","SEM SIGLA","2900 Southern Blvd, Bronx, 10458–5126, NY, United States","New York Botanical Garden, 2900 Southern Blvd, Bronx, 10458–5126, NY, United States"
"1b2107a6-8102-4e2d-be13-3eccf707c1d8","HERBARIO UNIVERSIDAD DE ANTIOQUIA HUA Y GRUPO DE ESTUDIOS BOTANICOS GEOBOTA","HUA","Instituto de Biología, Facultad de Ciencias Exactas y Naturales, Universidad de Antioquia, A.A, Medellín, 1226, Colombia","Herbario Universidad de Antioquia (HUA) y Grupo de Estudios Botánicos (GEOBOTA), Instituto de Biología, Facultad de Ciencias Exactas y Naturales, Universidad de Antioquia, A.A, Medellín, 1226, Colombia"
"d6e80ef7-b62b-4941-a49a-5d12d5293563","HERBARIO GABRIEL GUTIERREZ VILLEGAS MEDEL Y SEMILLERO EN ESTUDIOS TAXONOMICOS DE PLANTAS DE COLOMBIA","MEDEL","Facultad de Ciencias, Universidad Nacional de Colombia, A.A, Medellín, 3840, Colombia","Herbario Gabriel Gutiérrez Villegas (MEDEL) y Semillero en estudios taxonómicos de plantas de Colombia, Facultad de Ciencias, Universidad Nacional de Colombia, A.A, Medellín, 3840, Colombia"
"b17119ce-c506-466e-81df-91e29ed5a9d6","CHROMATOGRAPHY LABORATORY","SEM SIGLA","Chemistry Department, Federal University of Amazonas, AM, Manaus, Brazil","Chromatography Laboratory, Chemistry Department, Federal University of Amazonas, AM, Manaus, Brazil"
"8e26b971-54c2-44a5-9917-60b68d556a8b","LABORATORY OF MEDICINAL PLANTS AND DERIVATIVES","SEM SIGLA","Department of Chemistry of Natural Products, Farmanguinhos, Oswaldo Cruz Foundation, RJ, Rio de Janeiro, Brazil","Laboratory of Medicinal Plants and Derivatives, Department of Chemistry of Natural Products, Farmanguinhos, Oswaldo Cruz Foundation, RJ, Rio de Janeiro, Brazil"
"c97241c3-2fc6-4337-9f9e-dd95b5453f2e","BRAZILIAN NATIONAL INSTITUTE FOR RESEARCH IN THE AMAZON","SEM SIGLA","Coordination Society of Environment and Health (COSAS) and Laboratory of Physical Chemistry of Food (LFQA), AM, Manaus, Brazil","Brazilian National Institute for Research in the Amazon, Coordination Society of Environment and Health (COSAS) and Laboratory of Physical Chemistry of Food (LFQA), AM, Manaus, Brazil"
"ab74688d-f0e3-4b93-ac44-36ae333dc36f","LABORATORY OF PLANT GENETICS AND TOXICOLOGY","SEM SIGLA","Department of Biological Sciences Federal University of Espirito Santo, Espirito Santo, Vitoria, Brazil","Laboratory of Plant Genetics and Toxicology, Department of Biological Sciences Federal University of Espirito Santo, Espirito Santo, Vitoria, Brazil"
"9446cf12-5ac7-4c37-9008-1da24b9292da","INSTITUTO DE PESQUISAS JARDIM BOTANICO DO RIO DE JANEIRO","SEM SIGLA","Rua Pacheco Leão, 915, RJ, Rio de Janeiro, 22460-030, Brazil","Instituto de Pesquisas Jardim Botânico do Rio de Janeiro, Rua Pacheco Leão, 915, RJ, Rio de Janeiro, 22460-030, Brazil"
"d430f86f-8941-4109-ad59-872d691c22cf","DEPARTAMENTO DE BOTANICA","SEM SIGLA","Instituto de Biociências, Universidade de São Paulo, Rua do Matão 277,SP, São Paulo, 05508-090, Brazil","Departamento de Botânica, Instituto de Biociências, Universidade de São Paulo, Rua do Matão 277,SP, São Paulo, 05508-090, Brazil"
"6bd1e30b-d353-44c5-be48-7dd41738c258","LABORATORY OF PLANT PHYSIOLOGY AND BIOCHEMISTRY","SEM SIGLA","National Institute for Amazonian Research-INPA, Ave. André Araújo, 2936, Aleixo, Manaus, 69011-970, AM, Brazil","Laboratory of Plant Physiology and Biochemistry, National Institute for Amazonian Research-INPA, Ave. André Araújo, 2936, Aleixo, Manaus, 69011-970, AM, Brazil"
"5725ab73-f3f0-487b-acbc-614969c02c27","DEPARTMENT OF CHEMISTRY","SEM SIGLA","Institute of Exact Sciences, Federal University of Amazonas, Avenida Rodrigo Otávio, 6200, Coroado, AM, Manaus, 69077-000, Brazil","Department of Chemistry, Institute of Exact Sciences, Federal University of Amazonas, Avenida Rodrigo Otávio, 6200, Coroado, AM, Manaus, 69077-000, Brazil"
"4bf67f83-a5c5-4f1b-b8b8-a6ed1b74f6bb","LABORATORY FOR THE SUPPORT OF TECHNOLOGICAL DEVELOPMENT","SEM SIGLA","Chemistry Institute, Federal University of Rio de Janeiro, Avenida Horácio Macedo, 1281—Polo de Química—Cidade Universitária, Ilha do Fundão, RJ, Rio de Janeiro, 21941-598, Brazil","Laboratory for the Support of Technological Development, Chemistry Institute, Federal University of Rio de Janeiro, Avenida Horácio Macedo, 1281—Polo de Química—Cidade Universitária, Ilha do Fundão, RJ, Rio de Janeiro, 21941-598, Brazil"
"c422cf70-349b-4ca8-baf9-6192cf69697c","DEPARTMENT OF CHEMICAL ENGINEERING","SEM SIGLA","Military Institute of Engineering—IME, Praça General Tiburcio 80, RJ, Urca, Rio de Janeiro, 22290-270, Brazil","Department of Chemical Engineering, Military Institute of Engineering—IME, Praça General Tiburcio 80, RJ, Urca, Rio de Janeiro, 22290-270, Brazil"
"d935a367-997d-4720-b80b-4f85bbf29047","WOOD SCIENCE AND TECHNOLOGY","SEM SIGLA","Federal University of Lavras-UFLA, Minas Gerais, Lavras, Brazil","Wood Science and Technology, Federal University of Lavras-UFLA, Minas Gerais, Lavras, Brazil"
"22d74be5-8ea1-493e-b163-6e587ccd8e9f","FORESTRY ENGINEERING FACULTY","SEM SIGLA","Federal University of Mato Grosso-UFMT, Mato Grosso, Cuiabá, Brazil","Forestry Engineering Faculty, Federal University of Mato Grosso-UFMT, Mato Grosso, Cuiabá, Brazil"
"d70af1e6-9799-44ef-a1e7-9cf50e230e6b","DEPARTMENT OF FOREST ENGINEERING","SEM SIGLA","State University of Mato Grosso-UNEMAT, Mato Grosso, Alta Floresta, Brazil","Department of Forest Engineering, State University of Mato Grosso-UNEMAT, Mato Grosso, Alta Floresta, Brazil"
"c2e4c053-b3fa-47ef-81ad-b0bed749f38c","DEPARTMENT OF FOREST SCIENCES","SEM SIGLA","Federal University of Lavras-UFLA, Minas Gerais, Lavras, Brazil","Department of Forest Sciences, Federal University of Lavras-UFLA, Minas Gerais, Lavras, Brazil"
"cbe19a1f-60b6-4f8f-a877-b5939d71b5ca","CENTRO DE CIENCIAS BIOLOGICAS E DA SAUDE","SEM SIGLA","Universidade Federal do Maranhão, Depto. Biologia, Bacanga, MA, São Luís, Brazil","Centro de Ciências Biológicas E da Saúde, Universidade Federal do Maranhão, Depto. Biologia, Bacanga, MA, São Luís, Brazil"
"9c1f3ffc-6b7a-4255-b86e-9272c4109226","MUSEU PARAENSE EMILIO GOELDI","SEM SIGLA","Depto. Botânica, PA, Belém, Brazil","Museu Paraense Emílio Goeldi, Depto. Botânica, PA, Belém, Brazil"
"e32e9b65-a9c1-4275-bd3a-fd114ec76835","UNIVERSIDADE FEDERAL DE JATAI","SEM SIGLA","GO, Jataí, Brazil","Universidade Federal de Jataí, GO, Jataí, Brazil"
"5d61fa80-ce13-4b3b-917c-e2a99245c94f","INSTITUTO NACIONAL DE PESQUISAS DA AMAZONIA","SEM SIGLA","AM, Manaus, Brazil","Instituto Nacional de Pesquisas da Amazônia, AM, Manaus, Brazil"
"28d12fc3-3b97-474b-b449-58632ce94000","DEPARTMENT OF ECOLOGY","SEM SIGLA","Evolution and Organismal Biology, 251 Bessey Hall, Iowa State University, Ames, 50011-4009, IA, United States","Department of Ecology, Evolution and Organismal Biology, 251 Bessey Hall, Iowa State University, Ames, 50011-4009, IA, United States"
"10fe00dd-f85d-4b27-852d-021e0b82c917","PROGRAMA DE POS-GRADUACAO EM BIODIVERSIDADE E EVOLUCAO","SEM SIGLA","Coordenação de Botânica, Museu Paraense Emílio Goeldi, Av. Perimetral, 1901, Terra Firme, PA, Belém, 66077-530, Brazil","Programa de Pós-Graduação em Biodiversidade e Evolução, Coordenação de Botânica, Museu Paraense Emílio Goeldi, Av. Perimetral, 1901, Terra Firme, PA, Belém, 66077-530, Brazil"
"91231a3e-4e30-490e-b57f-13e33c074a64","UNIVERSIDADE FEDERAL DE RONDONIA","SEM SIGLA","Programa de Pós-Graduação em Ciências Ambientais (PGCA), RO, Rolim de Moura, Brazil","Universidade Federal de Rondônia, Programa de Pós-Graduação em Ciências Ambientais (PGCA), RO, Rolim de Moura, Brazil"
"d3127672-9bf4-41ee-a019-04a603eddcb5","UNIVERSIDADE FEDERAL DE VICOSA","SEM SIGLA","Pesquisador Na Área de Fitopatologia da Embrapa Rondônia, RO, Porto Velho, Brazil","Universidade Federal de Viçosa, Pesquisador Na Área de Fitopatologia da Embrapa Rondônia, RO, Porto Velho, Brazil"
"b8613732-5ac0-44e6-815a-6efbcbdd4b66","SECRETARIO-EXECUTIVO DO COMITE TECNICO INTERNO CTI DA UNIDADE","CTI","RO, Porto Velho, Brazil","Secretário-executivo Do Comitê Técnico Interno (CTI) da Unidade, RO, Porto Velho, Brazil"
"bfa9dd36-2dc4-452d-8401-6193cffc0ba3","FACULDADES INTEGRADAS APARICIO CARVALHO E DISCENTE DE INICIACAO CIENTIFICA","SEM SIGLA","Laboratório de Entomologia da Embrapa Rondônia, RO, Porto Velho, Brazil","Faculdades Integradas Aparicio Carvalho e Discente de Iniciacao Cientifica, Laboratório de Entomologia da Embrapa Rondônia, RO, Porto Velho, Brazil"
"624482de-54c1-4097-9af1-4d23f477b4e1","UNIVERSIDADE FEDERAL DO CEARA","SEM SIGLA","Institute of Phytopathology and Applied Zoology, Giessen, Germany","Universidade Federal Do Ceará, Institute of Phytopathology and Applied Zoology, Giessen, Germany"
"b193326f-89f6-4769-b2bf-d1c7687f1d9d","EMBRAPA AGROINDUSTRIA TROPICAL","SEM SIGLA","CE, Fortaleza, Brazil","Embrapa Agroindústria Tropical, CE, Fortaleza, Brazil"
"3ff20dfe-a36d-4e29-a7be-1e68c6543104","UNIVERSIDADE FEDERAL DO AMAPA","SEM SIGLA","Programa de Pós-Graduação em Biodiversidade e Biotecnologia da Rede BIONORTE, Rodovia Josmar Chaves Pinto, Km 2, Jardim Marco Zero, AP, Macapá, 68903-419, Brazil","Universidade Federal do Amapá, Programa de Pós-Graduação em Biodiversidade e Biotecnologia da Rede BIONORTE, Rodovia Josmar Chaves Pinto, Km 2, Jardim Marco Zero, AP, Macapá, 68903-419, Brazil"
"6768f46d-7dbd-421a-978c-60f61ae82b10","UNIVERSITE DE LYON 1","SEM SIGLA","Herbiers, Villeurbanne, Cedex F-69622, France","Université de Lyon 1, Herbiers, Villeurbanne, Cedex F-69622, France"
"2ccbd1a1-cfff-44c5-9f26-72774b77e320","MINERACAO RIO DO NORTE","SEM SIGLA","Rua Rio Jari s/n, Porto Trombetas, PA, Oriximiná, 68275-000, Brazil","Mineração Rio do Norte, Rua Rio Jari s/n, Porto Trombetas, PA, Oriximiná, 68275-000, Brazil"
"3f7a11eb-2434-4185-a241-c67489573099","INSTITUTO DE PESQUISAS CIENTIFICAS E TECNOLOGICAS DO ESTADO DO AMAPA","SEM SIGLA","Laboratório de Taxonomia Vegetal, Rodovia Juscelino Kubitschek, Km 10, AP, Macapá, 68903-970, Brazil","Instituto de Pesquisas Científicas e Tecnológicas do Estado do Amapá, Laboratório de Taxonomia Vegetal, Rodovia Juscelino Kubitschek, Km 10, AP, Macapá, 68903-970, Brazil"
"9efcdb40-ca8c-4df6-9977-7077acf114bf","SCHULSTRASSE 5","SEM SIGLA","Schondorf, 86938, Germany","Schulstrasse 5, Schondorf, 86938, Germany"
"7d0a48d9-5dc5-4220-9955-89c44af3ad1b","VILA BETEL 32B","SEM SIGLA","Manaus, 69020-052, Amazonas, Brazil","Vila Betel 32b, Manaus, 69020-052, Amazonas, Brazil"
"a44a05b6-ccd4-4c8f-b3bb-e95a6e6fefe5","UNIVERSITY OF HEIDELBERG","SEM SIGLA","Institute of Inorganic Chemistry, Neuenheimer Feld 270, Heidelberg, 69120, Germany","University of Heidelberg, Institute of Inorganic Chemistry, Neuenheimer Feld 270, Heidelberg, 69120, Germany"
"ef4b391e-760f-4bfd-916e-135e54d6ca10","RUA MAJOR GABRIEL 587","SEM SIGLA","Paraca 14, Manaus, 69010-250, Amazonas, Brazil","Rua Major Gabriel 587, Paraca 14, Manaus, 69010-250, Amazonas, Brazil"
"b5622c4a-b21f-4e63-b644-347e4d71b486","AV ANTONIO JOAQUIM DE MOURA ANDRADE","SEM SIGLA","Águas de São Pedro, 65, 13525-000, São Paulo, Brazil","Av. Antonio Joaquim de Moura Andrade, Águas de São Pedro, 65, 13525-000, São Paulo, Brazil"
"218d887b-9762-46e3-ae22-2adfefe6d20c","UNIVERSIDADE DO ESTADO DO AMAPA","SEM SIGLA","Amapa, Macapa, Brazil","Universidade do Estado do Amapa, Amapa, Macapa, Brazil"
"028d04d5-ce8e-40cb-a9c1-96882db90ca1","UNIVERSIDADE FEDERAL RURAL DE PERNAMBUCO","SEM SIGLA","Laboratório de Investigação Química de Inseticidas Naturais, Departamento de Agronomia, Rua Dom Manoel de Medeiros, s/n, PE, Recife, 52171-030, Brazil","Universidade Federal Rural de Pernambuco, Laboratório de Investigação Química de Inseticidas Naturais, Departamento de Agronomia, Rua Dom Manoel de Medeiros, s/n, PE, Recife, 52171-030, Brazil"
"578a2668-d18e-4df6-b01b-cfb84344c051","UNIVERSIDADE FEDERAL DO AMAZONAS","SEM SIGLA","Campus ICET, Rua Nossa Senhora do Rosário, 3863, Tiradentes, AM, Itacoatiara, 69103-128, Brazil","Universidade Federal do Amazonas, Campus ICET, Rua Nossa Senhora do Rosário, 3863, Tiradentes, AM, Itacoatiara, 69103-128, Brazil"
"d18e2a90-a718-473c-a60f-080177dc178c","INSTITUTO NACIONAL DE PESQUISA DA AMAZONIA","SEM SIGLA","Coordenação de Pesquisas em Botânica, Av. André Araújo, 2936, Petrópolis, AM, Manaus, 69060-001, Brazil","Instituto Nacional de Pesquisa da Amazônia, Coordenação de Pesquisas em Botânica, Av. André Araújo, 2936, Petrópolis, AM, Manaus, 69060-001, Brazil"
"9fe4427c-986b-41af-91c0-81cdeefeaefd","UNIVERSIDADE DO ESTADO DO RIO DE JANEIRO","SEM SIGLA","Instituto de Biologia Roberto Alcantara Gomes, RJ, Rio de Janeiro, CEP 20550-013, Brazil","Universidade do Estado do Rio de Janeiro, Instituto de Biologia Roberto Alcantara Gomes, RJ, Rio de Janeiro, CEP 20550-013, Brazil"
"5fc8b217-983e-45a2-b8c3-aac97e0e5bcb","UNIVERSIDADE FEDERAL DO RIO DE JANEIRO","SEM SIGLA","Instituto de Biologia, Departamento de Ecologia, RJ, Rio de Janeiro, CEP 21941-590, Brazil","Universidade Federal do Rio de Janeiro, Instituto de Biologia, Departamento de Ecologia, RJ, Rio de Janeiro, CEP 21941-590, Brazil"
"9733cd80-8350-4808-910a-b6ae43c73b85","UNIVERSIDADE FEDERAL DO AMAPA UNIFAP","UNIFAP","Programa de Pós Graduação em Biodiversidade Tropical, AP, Macapá, CEP 68903-419, Brazil","Universidade Federal do Amapá (UNIFAP), Programa de Pós Graduação em Biodiversidade Tropical, AP, Macapá, CEP 68903-419, Brazil"
"11d69371-fc42-4cf2-8458-014ef1b958c3","LABORATORIO DE SISTEMATICA VEGETAL","SEM SIGLA","Núcleo de Ciências Ambientais, Programa de Pós-Graduação em Biotecnologia, Universidade de Mogi das Cruzes, SP, Mogi das Cruzes, 08780-911, Brazil","Laboratório de Sistemática Vegetal, Núcleo de Ciências Ambientais, Programa de Pós-Graduação em Biotecnologia, Universidade de Mogi das Cruzes, SP, Mogi das Cruzes, 08780-911, Brazil"
"9600600a-a9d3-4a52-8a78-2866b782ee87","ESCOLA NACIONAL DE BOTANICA TROPICAL","SEM SIGLA","Instituto de Pesquisas Jardim Botânico do Rio de Janeiro, RJ, Rio de Janeiro, 22460-036, Brazil","Escola Nacional de Botânica Tropical, Instituto de Pesquisas Jardim Botânico do Rio de Janeiro, RJ, Rio de Janeiro, 22460-036, Brazil"
"445e50ca-f224-404a-b52d-9792f941ef69","UNIVERSIDADE ESTADUAL DE CAMPINAS","SEM SIGLA","Inst. Biologia, Depto. Biologia Vegetal, Prog. Pós-graduação em Biologia Vegetal, Cidade Universitária Zeferino Vaz, SP, Campinas, Brazil","Universidade Estadual de Campinas, Inst. Biologia, Depto. Biologia Vegetal, Prog. Pós-graduação em Biologia Vegetal, Cidade Universitária Zeferino Vaz, SP, Campinas, Brazil"
"8102c908-078f-4f71-b8a7-12b2e05f0982","UNIVERSITY OF MICHIGAN","SEM SIGLA","Research Museums Center, Department of Ecology and Evolutionary Biology, Ann Arbor, United States","University of Michigan, Research Museums Center, Department of Ecology and Evolutionary Biology, Ann Arbor, United States"
"1294b224-2036-4e73-a926-35b75e9b6803","MISSOURI BOTANICAL GARDEN","SEM SIGLA","St. Louis, MO, United States","Missouri Botanical Garden, St. Louis, MO, United States"
"b97d2a1f-3ddd-484f-8a7f-b5f10eb6651b","INSTITUTO DE PESQUISAS DO JARDIM BOTANICO DO RIO DE JANEIRO","SEM SIGLA","JBRJ, Rua Pacheco Leão, 915 – Jardim Botânico –, Rio de Janeiro, CEP – 22460–030 –, Brazil","Instituto de Pesquisas do Jardim Botânico do Rio de Janeiro, JBRJ, Rua Pacheco Leão, 915 – Jardim Botânico –, Rio de Janeiro, CEP – 22460–030 –, Brazil"
"5e428d7f-a420-4349-86b5-02cbe38c8592","INSTITUTO DE PESQUISAS AMBIENTAIS","SEM SIGLA","Núcleo Conservação da Biodiversidade São Paulo, São Paulo, CEP 04301-902, Brazil","Instituto de Pesquisas Ambientais, Núcleo Conservação da Biodiversidade São Paulo, São Paulo, CEP 04301-902, Brazil"
"58e4a405-d5e3-4929-a281-b7193e5a8302","UNIVERSIDADE ESTADUAL DE FEIRA DE SANTANA","SEM SIGLA","Programa de Pós-Graduação em Botânica, Feira de Santana, Bahia, CEP 44036-900, Brazil","Universidade Estadual de Feira de Santana, Programa de Pós-Graduação em Botânica, Feira de Santana, Bahia, CEP 44036-900, Brazil"
"ec0a0b59-0dd3-478f-a97a-7e48e4c4958c","ESCOLA INTERNACIONAL DA UNISOCIESC","SEM SIGLA","Florianópolis SC, 88034-600, Brazil","Escola Internacional da Unisociesc, Florianópolis SC, 88034-600, Brazil"
"6b1e869c-6e8e-41f9-982a-7004c244028f","GRADUATE PROGRAM IN BIOLOGY OF FUNGI ALGAE AND PLANTS","SEM SIGLA","Federal University of Santa Catarina, Florianópolis SC, 88044-900, Brazil","Graduate Program in Biology of Fungi Algae and Plants, Federal University of Santa Catarina, Florianópolis SC, 88044-900, Brazil"
"2eb96142-e3be-4261-97d8-2e41302786c0","BIOLOGY DEPARTMENT","SEM SIGLA","College of Science, Taibah University, Yanbu, Saudi Arabia","Biology Department, College of Science, Taibah University, Yanbu, Saudi Arabia"
"2115de27-b64a-489d-b0d2-fa59112e84ad","ZOOLOGY DEPARTMENT","SEM SIGLA","Faculty of Science, Ain Shams University, Cairo, Egypt","Zoology Department, Faculty of Science, Ain Shams University, Cairo, Egypt"
"eb287afa-290f-44ea-a22d-b81d81c9e3e0","DEPARTMENT OF MEDICAL LABORATORY TECHNOLOGY","SEM SIGLA","Faculty of Applied Medical Sciences, University of Tabuk, Saudi Arabia","Department of Medical Laboratory Technology, Faculty of Applied Medical Sciences, University of Tabuk, Saudi Arabia"
"58aa1923-766d-4e93-a8f3-a3079f9a4c29","CENTRE OF INNOVATION IN PERSONALIZED MEDICINE","SEM SIGLA","King Abdulaziz University, Jeddah, Saudi Arabia","Centre of Innovation in Personalized Medicine, King Abdulaziz University, Jeddah, Saudi Arabia"
"c1d07b64-2fb3-4c23-b5f2-f3e7376ce763","CENTER OF EXCELLENCE IN GENOMIC MEDICINE RESEARCH","SEM SIGLA","King Abdulaziz University, Jeddah, Saudi Arabia","Center of Excellence in Genomic Medicine Research, King Abdulaziz University, Jeddah, Saudi Arabia"
"7eff9579-503e-49e2-8241-62165d3d2b3f","AGROBIOSCIENCES PROGRAM","SEM SIGLA","College of Agriculture and Environmental Sciences, University Mohammed VI Polytechnic, Ben-Guerir, 43150, Morocco","AgroBioSciences Program, College of Agriculture and Environmental Sciences, University Mohammed VI Polytechnic, Ben-Guerir, 43150, Morocco"
"c499eaea-1ac2-428f-bb52-bc75bdb055fb","COLLEGE OF ENGINEERING AND TECHNOLOGY","SEM SIGLA","American University of the Middle East, Kuwait","College of Engineering and Technology, American University of the Middle East, Kuwait"
"86bed0c8-395d-4f65-b612-ee3345d28621","DEPARTMENT OF PHARMACOLOGY AND TOXICOLOGY","SEM SIGLA","Faculty of Pharmacy, Zagazig University, Zagazig, 44519, Egypt","Department of Pharmacology and Toxicology, Faculty of Pharmacy, Zagazig University, Zagazig, 44519, Egypt"
"16bc4f40-1ad2-4a3c-af97-34767d8c9f65","FACULTY OF SCIENCES AND LETTERS","SEM SIGLA","São Paulo State University (UNESP), Araraquara Campus, São Paulo, 1400901, SP, Brazil","Faculty of Sciences and Letters, São Paulo State University (UNESP), Araraquara Campus, São Paulo, 1400901, SP, Brazil"
"5e4ef270-e4d7-49af-9780-b3a6de090877","INSTITUTE OF EDUCATION","SEM SIGLA","Agriculture and Environment, Vale do Rio Madeira Campus Federal University of Amazonas, Humaitá, 2195, AM, Brazil","Institute of Education, Agriculture and Environment, Vale do Rio Madeira Campus Federal University of Amazonas, Humaitá, 2195, AM, Brazil"
"999aae60-a3ce-4da2-bd7d-1d4131497767","INSTITUTO NACIONAL DE PESQUISAS DA AMAZONIA INPA","INPA","Laboratório de Cultivo de Fungos Comestíveis, Amazonas, Manaus, 69067-375, Brazil","Instituto Nacional de Pesquisas da Amazônia (INPA), Laboratório de Cultivo de Fungos Comestíveis, Amazonas, Manaus, 69067-375, Brazil"
"b6a5a6e2-6397-402a-b4ea-6db47c956a80","UNIVERSIDADE FEDERAL DO RIO GRANDE DO NORTE","SEM SIGLA","Departamento de Engenharia de Materiais, Rio Grande do Norte, Natal, 59064-741, Brazil","Universidade Federal do Rio Grande do Norte, Departamento de Engenharia de Materiais, Rio Grande do Norte, Natal, 59064-741, Brazil"
"0144d4fe-68e6-46b8-ad85-cae5a9336647","DEPARTAMENTO DE BIOLOGIA","SEM SIGLA","Centro de Ciências Biológicas e da Saúde, Universidade Federal do Maranhão, MA, São Luís, 65080-805, Brazil","Departamento de Biologia, Centro de Ciências Biológicas e da Saúde, Universidade Federal do Maranhão, MA, São Luís, 65080-805, Brazil"
"a46677a0-4836-4242-8779-2f728c60e2a2","COORDENACAO TECNOLOGIA E INOVACAO","SEM SIGLA","Instituto Nacional de Pesquisas da Amazonia, CP 478, Manaus, 69067-375, AM, Brazil","Coordenacao Tecnologia e Inovacao, Instituto Nacional de Pesquisas da Amazonia, CP 478, Manaus, 69067-375, AM, Brazil"
"1c9c4682-c138-48e3-b6c4-25763f267b73","DEPARTAMENTO DE QUIMICA","SEM SIGLA","Universidade Federal de Sao Carlos, CP 676, Sao Carlos, 13560-970, SP, Brazil","Departamento de Quimica, Universidade Federal de Sao Carlos, CP 676, Sao Carlos, 13560-970, SP, Brazil"
"ebd1a05d-13a8-4c79-a727-46646a545458","PPGBE","PPGBE","Museu Paraense Emílio Goeldi, Av. Magalhães Barata, nº 376, Nazaré, Pará, Belém, 66040170, Brazil","PPGBE, Museu Paraense Emílio Goeldi, Av. Magalhães Barata, nº 376, Nazaré, Pará, Belém, 66040170, Brazil"
"ef48011f-e5c9-44af-b651-e28c60b03f7f","COORDENACAO DE BOTANICA MUSEU PARAENSE EMILIO GOELDI","SEM SIGLA","Av. Magalhães Barata, nº 376, Nazaré, Pará, Belém, 66040170, Brazil","Coordenação de Botânica Museu Paraense Emílio Goeldi, Av. Magalhães Barata, nº 376, Nazaré, Pará, Belém, 66040170, Brazil"
"8520e0c7-c6af-4364-b50e-17e2c6ac6dab","PROGRAMA DE POS-GRADUACAO EM BIOTECNOLOGIA","SEM SIGLA","Universidade Federal do Amazonas, Amazonas, Brazil","Programa de Pós-Graduação em Biotecnologia, Universidade Federal do Amazonas, Amazonas, Brazil"
"11efed55-0db2-4379-9360-8676bcfda6d5","PROGRAMA DE POS-GRADUACAO EM BIODIVERSIDADE E BIOTECNOLOGIA DA REDE BIONORTE","SEM SIGLA","Universidade do Estado do Amazonas, Amazonas, Brazil","Programa de Pós-Graduação em Biodiversidade e Biotecnologia da Rede BIONORTE, Universidade do Estado do Amazonas, Amazonas, Brazil"
"fea5c4e0-61d1-4318-8950-07083fe5cbaa","LABORATORIO DE CULTIVO DE FUNGOS COMESTIVEIS","SEM SIGLA","Instituto Nacional de Pesquisas da Amazônia, Amazonas, Brazil","Laboratório de Cultivo de Fungos Comestíveis, Instituto Nacional de Pesquisas da Amazônia, Amazonas, Brazil"
"ad60d3c5-16d1-4be7-acca-7cbf70517427","UNIVERSIDADE FEDERAL DO OESTE DO PARA UFOPA","UFOPA","PA, Santarém, Brazil","Universidade Federal Do Oeste Do Pará (UFOPA), PA, Santarém, Brazil"
"3b2869e4-a73c-458d-b956-fe1759acc9f4","PROGRAMA DE POS-GRADUACAO EM SOCIEDADE","SEM SIGLA","Natureza e Desenvolvimento, Universidade Federal Do Oeste Do Pará (UFOPA), PA, Santarém, Brazil","Programa de Pós-Graduação em Sociedade, Natureza e Desenvolvimento, Universidade Federal Do Oeste Do Pará (UFOPA), PA, Santarém, Brazil"
"11f538d3-343c-4c58-93b5-16e46776fa09","PROGRAMA DE POS-GRADUACAO EM ENGENHARIA FLORESTAL","SEM SIGLA","Universidade Federal Do Paraná (UFPR), PR, Curitiba, Brazil","Programa de Pós-Graduação em Engenharia Florestal, Universidade Federal Do Paraná (UFPR), PR, Curitiba, Brazil"
"cc0547fe-cc40-4949-9398-9d81ce878ad2","UNIVERSIDADE DO ESTADO DO AMAZONAS","SEM SIGLA","Instituto Nacional de Pesquisas da Amazônia, AM, Manaus, Brazil","Universidade do Estado do Amazonas, Instituto Nacional de Pesquisas da Amazônia, AM, Manaus, Brazil"
"283b0304-7b55-45cd-84b4-0f6d8df2b5be","INSTITUTO FEDERAL DE EDUCACAO","SEM SIGLA","Ciência e Tecnologia do Amazonas, AM, Brazil","Instituto Federal de Educação, Ciência e Tecnologia do Amazonas, AM, Brazil"
"97557190-a287-418c-a96a-42220ba7e2d5","YALE SCHOOL OF THE ENVIRONMENT","SEM SIGLA","Yale University, New Haven, CT, United States","Yale School of the Environment, Yale University, New Haven, CT, United States"
"0e2feaac-f418-4de8-81a2-89f57ab769ac","ESCUELA DE CIENCIAS BIOLOGICAS","SEM SIGLA","Pontificia Universidad Católica del Ecuador, Quito, Ecuador","Escuela de Ciencias Biológicas, Pontificia Universidad Católica del Ecuador, Quito, Ecuador"
"e2ffea89-9b61-42c2-8199-79f73f9c00c6","UNIVERSIDADE ESTADUAL DE CAMPINAS/UNICAMP","SEM SIGLA","Instituto de Biologia, Rua Monteiro Lobato 255, Campinas, SP 13083-862, Brazil","Universidade Estadual de Campinas/UNICAMP, Instituto de Biologia, Rua Monteiro Lobato 255, Campinas, SP 13083-862, Brazil"
"e6c098fd-ef45-4cba-b652-1c39eb9813b9","PROGRAMA DE POS-GRADUACAO EM BIODIVERSIDADE E EVOLUCAO PPGBE","PPGBE","Museu Paraense Emílio Goeldi, Av. Magalhães Barata, nº 376, Nazaré, Pará, Belém, 66040170, Brazil","Programa de Pós-graduação em Biodiversidade e Evolução (PPGBE), Museu Paraense Emílio Goeldi, Av. Magalhães Barata, nº 376, Nazaré, Pará, Belém, 66040170, Brazil"
"e82232d8-e86c-4290-a64a-d73b4a2a0683","PROGRAM OF FOREST ECOLOGY AND MANAGEMENT","SEM SIGLA","Albert Ludwig University of Freiburg, Friedrichstr. 39, Freiburg, 79098, Germany","Program of Forest Ecology and Management, Albert Ludwig University of Freiburg, Friedrichstr. 39, Freiburg, 79098, Germany"
"a081c60d-f579-42c9-aaff-4a67f8a11d32","SCHOOL OF EARTH AND ENVIRONMENTAL SCIENCES","SEM SIGLA","The University of Queensland, St Lucia, 4072, QLD, Australia","School of Earth and Environmental Sciences, The University of Queensland, St Lucia, 4072, QLD, Australia"
"e4c18e07-8a0f-4e10-aa2d-6f5446c2795c","CENTRAL ANALYTICAL RESEARCH FACILITY","SEM SIGLA","Institute of Future Environments, Queensland University of Technology (QUT), Brisbane, 4001, QLD, Australia","Central Analytical Research Facility, Institute of Future Environments, Queensland University of Technology (QUT), Brisbane, 4001, QLD, Australia"
"b67d4333-2d54-4a6a-8b34-13dfacb056d6","SCHOOL OF AGRICULTURE AND FOOD SCIENCES","SEM SIGLA","The University of Queensland, St Lucia, 4072, QLD, Australia","School of Agriculture and Food Sciences, The University of Queensland, St Lucia, 4072, QLD, Australia"
"6c2e7827-d127-4996-aa46-ae8bfe0e5ac4","INSTITUTE OF SYSTEMATIC BOTANY","SEM SIGLA","The New York Botanical Garden, 2900 Southern Blvd., Bronx, 10458-5126, NY, United States","Institute of Systematic Botany, The New York Botanical Garden, 2900 Southern Blvd., Bronx, 10458-5126, NY, United States"
"2fe4d7a8-a2b6-4536-af60-bebf105769a8","INSTITUTO DE ECOLOGIA-UNIDAD DE BOTANICA","SEM SIGLA","Herbario Nacional de Bolivia, Universidad Mayor de San Andrés, Correo Central, Casilla 1007, La Paz, Bolivia","Instituto de Ecología-Unidad de Botánica, Herbario Nacional de Bolivia, Universidad Mayor de San Andrés, Correo Central, Casilla 1007, La Paz, Bolivia"
"027685ed-d99e-4d24-aa5f-14b553b619bc","CHEMISTRY INSTITUTE","SEM SIGLA","University of Campinas, Campinas, 13083-861, SP, Brazil","Chemistry institute, University of Campinas, Campinas, 13083-861, SP, Brazil"
"a237b5ab-7b3a-4cd4-bbae-f3a67e27b95d","FACULTY OF SCIENCES AND LETTERS - ARARAQUARA CAMPUS","SEM SIGLA","São Paulo State University (UNESP), São Paulo, 1400901, SP, Brazil","Faculty of Sciences and Letters - Araraquara Campus, São Paulo State University (UNESP), São Paulo, 1400901, SP, Brazil"
"419fb991-955d-405b-b454-3e942bbf22ef","GONCALO MONIZ INSTITUTE","SEM SIGLA","Oswaldo Cruz Fundation (IGM/FIOCRUZ-BA), Salvador, Bahia, Brazil","Gonçalo Moniz Institute, Oswaldo Cruz Fundation (IGM/FIOCRUZ-BA), Salvador, Bahia, Brazil"
"a659f297-0a27-432d-a8c0-6be7edf81c45","THUSHARA","SEM SIGLA","Neethinagar-64, Kerala, Kollam, India","Thushara, Neethinagar-64, Kerala, Kollam, India"
"ac42d75b-c5ca-4fff-ae36-2e4625f66558","DEPARTAMENTO DE CIENCIAS NATURALES Y MATEMATICAS","SEM SIGLA","Pontificia Universidad Javeriana Seccional Cali, Calle 18 No. 118-250, Cali, Colombia","Departamento de Ciencias Naturales y Matemáticas, Pontificia Universidad Javeriana Seccional Cali, Calle 18 No. 118-250, Cali, Colombia"
"cb1f7d43-2096-4d7f-9ccc-edc7b52674b8","FINCA LA CAJITA","SEM SIGLA","Vereda Altazor, Boyacá, Otanche, Colombia","Finca La Cajita, Vereda Altazor, Boyacá, Otanche, Colombia"
"0865c91c-8d41-423a-8bd2-4fcf73659511","FINCA LA ESPERANZA","SEM SIGLA","Vereda San José de Nazareth, Boyacá, Otanche, Colombia","Finca La Esperanza, Vereda San José de Nazareth, Boyacá, Otanche, Colombia"
"b10c8c77-4617-4b69-992c-3e1b572bbdf0","INSTITUTO DE BIODIVERSIDADE E FLORESTAS","SEM SIGLA","Universidade Federal Do Oeste Do Pará, PA, Santarém, Brazil","Instituto de Biodiversidade e Florestas, Universidade Federal Do Oeste Do Pará, PA, Santarém, Brazil"
"47d9fba3-c892-4d29-9cbd-8ec1cc7347f6","UNIVERSIDADE FEDERAL DOS VALES DO JEQUITINHONHA E MUCURI","SEM SIGLA","MG, Diamantina, Brazil","Universidade Federal Dos Vales Do Jequitinhonha e Mucuri, MG, Diamantina, Brazil"
"4c291e22-8733-4878-8a83-6b6eb548882d","ORCHID HERBARIUM OF OAKES AMES","SEM SIGLA","Harvard University Herbaria, 22 Divinity Avenue, Cambridge, 20138, MA, United States","Orchid Herbarium of Oakes Ames, Harvard University Herbaria, 22 Divinity Avenue, Cambridge, 20138, MA, United States"
"2c997415-a490-4dad-8095-2590784d761c","UNELLEZ-GUANARE","SEM SIGLA","Programa de Ciencias Del Agro y El Mar, Herbario Universitario (PORT), Estado Portuguesa, Mesa de Cavacas, 3350, Venezuela","UNELLEZ-Guanare, Programa de Ciencias Del Agro y El Mar, Herbario Universitario (PORT), Estado Portuguesa, Mesa de Cavacas, 3350, Venezuela"
"8e32fca4-0443-4d6a-a172-e200a55a6245","LABORATORY OF FOREST PRODUCTS","SEM SIGLA","Brazilian Forest Service, DF, Brasília, Brazil","Laboratory of Forest Products, Brazilian Forest Service, DF, Brasília, Brazil"
"97ba9e43-c507-410c-9464-7a864feeae72","INSTITUTE OF CHEMISTRY","SEM SIGLA","University of Brasilia, DF, Brasília, Brazil","Institute of Chemistry, University of Brasilia, DF, Brasília, Brazil"
"dd851a26-4d6a-4b9c-8ccc-7d32a116c3bf","NATIONAL INSTITUTE OF AMAZONIAN RESEARCH INPA","INPA","AM, Brazil","National Institute of Amazonian Research (INPA), AM, Brazil"
"13878c11-498a-4e54-bd2d-a0aeb6c5c7df","NATIONAL INSTITUTE OF SCIENCE AND TECHNOLOGY IN BIOANALYTICS INCTBIO","SEM SIGLA","SP, Campinas, 13083-970, Brazil","National Institute of Science and Technology in Bioanalytics (INCTBio), SP, Campinas, 13083-970, Brazil"
"e67b9655-884e-4ab5-9fc7-f81a8fc5624a","NMR CENTER","NMR","Federal University of Paraná, Paraná, Curitiba, 81531-990, Brazil","NMR Center, Federal University of Paraná, Paraná, Curitiba, 81531-990, Brazil"
"e7a63cb0-ec14-44b1-936b-d8f7e53c6db7","CENTER FOR STUDIES AND RESEARCH OF MEDICINAL PLANTS NEPLAME","NEPLAME","Federal University of San Francisco Valley, Pernambuco, Petrolina, 56304-205, Brazil","Center for Studies and Research of Medicinal Plants (NEPLAME), Federal University of San Francisco Valley, Pernambuco, Petrolina, 56304-205, Brazil"
"828fdf41-9b94-45f4-bc4c-8b7c535a6b4d","DEMPSTER MASS SPECTROMETRY GROUP","SEM SIGLA","Amazonas State University, Amazonas, Manaus, 69065-001, Brazil","Dempster Mass Spectrometry Group, Amazonas State University, Amazonas, Manaus, 69065-001, Brazil"
"a7c1bb49-09d7-4c98-aa1e-2a3499b4309f","SCHOOL OF CHEMICAL ENGINEERING","SEM SIGLA","Institute of Technology, Universidade Federal do Pará, Belem, 66075-110, Brazil","School of Chemical Engineering, Institute of Technology, Universidade Federal do Pará, Belem, 66075-110, Brazil"
"21f48767-8206-4426-8182-2dc052987140","ADOLPHO DUCKE LABORATORY","SEM SIGLA","Coordination of Botany, Emílio Goeldi Museum of Pará, Belem, 66077-830, Brazil","Adolpho Ducke Laboratory, Coordination of Botany, Emílio Goeldi Museum of Pará, Belem, 66077-830, Brazil"
"1d417493-68cf-4716-ba92-0d95dc9f5b6d","LABORATORY OF FUNCTIONAL AND STRUCTURAL BIOLOGY","SEM SIGLA","Institute of Biological Sciences, Universidade Federal do Pará, Belem, 66075-110, Brazil","Laboratory of Functional and Structural Biology, Institute of Biological Sciences, Universidade Federal do Pará, Belem, 66075-110, Brazil"
"ea0a2d42-7822-4d3e-81e3-30a3363cf4e5","DEPARTMENT OF PHARMACY","SEM SIGLA","Government College of Pharmacy, Affiliated to Shivaji University, Maharashtra, Kolhapur, Karad, 415124, India","Department of Pharmacy, Government College of Pharmacy, Affiliated to Shivaji University, Maharashtra, Kolhapur, Karad, 415124, India"
"889df256-9950-4996-beea-802ec81d1575","OXIDATIVE STRESS RESEARCH LABORATORY","SEM SIGLA","Biological Sciences Institute, Universidade Federal do Pará, Belem, 66075-110, Brazil","Oxidative Stress Research Laboratory, Biological Sciences Institute, Universidade Federal do Pará, Belem, 66075-110, Brazil"
"2c702a2b-2dd6-44f9-b29a-bda163a49b1e","FOREST PRODUCTS LABORATORY LPF","LPF","Brazilian Forest Service-SFB, Av. L 4 Norte, Brasilia, DF, Brazil","Forest Products Laboratory LPF, Brazilian Forest Service-SFB, Av. L 4 Norte, Brasilia, DF, Brazil"
"2cacf628-e885-412c-94f2-121a1ab17105","BRAZILIAN FOREST SERVICE-SFB","SFB","Tomaz Pereira, Rua 215-Lagoa Nova, Natal, 215, Brazil","Brazilian Forest Service-SFB, Tomaz Pereira, Rua 215-Lagoa Nova, Natal, 215, Brazil"
"f4c89882-ab0d-4858-bbe8-3674edbaeb85","DEPARTMENT OF BIOLOGY","SEM SIGLA","Faculty of Philosophy, Sciences and Literature of Ribeirao Preto, University of Sao Paulo, Avenida Bandeirantes 3900, Ribeirao Preto, Brazil","Department of Biology, Faculty of Philosophy, Sciences and Literature of Ribeirao Preto, University of Sao Paulo, Avenida Bandeirantes 3900, Ribeirao Preto, Brazil"
"38067c6d-21a3-4716-8d41-1f9af03f9ec7","PROGRAMA DE POS-GRADUACAO EM BOTANICA","SEM SIGLA","Departamento de Botânica, Instituto Nacional de Pesquisa da Amazônia, Av. André Araújo, 2936, Manaus Amazonas, CEP 69067-375, Brazil","Programa de Pós-Graduação Em Botânica, Departamento de Botânica, Instituto Nacional de Pesquisa da Amazônia, Av. André Araújo, 2936, Manaus Amazonas, CEP 69067-375, Brazil"
"b51f8827-d5d5-445a-9a71-a9eff0ba988c","DEPARTAMENTO DE BIOLOGIA ANIMAL E VEGETAL","SEM SIGLA","Herbário da Universidade Estadual de Londrina, Universidade Estadual de Londrina, PR 445, Km 380, Paraná, Londrina, CEP 86051-980, Brazil","Departamento de Biologia Animal E Vegetal, Herbário da Universidade Estadual de Londrina, Universidade Estadual de Londrina, PR 445, Km 380, Paraná, Londrina, CEP 86051-980, Brazil"
"bca69b19-df7a-40cd-9b45-05e167c93d7d","PROGRAMA DE POS-GRADUACAO EM BOTANICA PPG-BOT","PPG","Instituto Nacional de Pesquisas da Amazônia-INPA, Av. André Araújo 2936, Amazonas, Manaus, 69067-375, Brazil","Programa de Pós-Graduação em Botânica (PPG-bot), Instituto Nacional de Pesquisas da Amazônia-INPA, Av. André Araújo 2936, Amazonas, Manaus, 69067-375, Brazil"
"c207a10b-2435-490f-b4e2-27a5b067e5ce","HERBARIO DA UNIVERSIDADE ESTADUAL DE LONDRINA","SEM SIGLA","Departamento de Biologia Animal e Vegetal, Universidade Estadual de Londrina, PR 445, Km 380, Paraná, Londrina, 86051-980, Brazil","Herbário da Universidade Estadual de Londrina, Departamento de Biologia Animal e Vegetal, Universidade Estadual de Londrina, PR 445, Km 380, Paraná, Londrina, 86051-980, Brazil"
"44a74698-0f3a-4e7b-a191-f0f2fd30271f","LABORATORY OF GENETIC TOXICOLOGY","SEM SIGLA","Lutheran University of Brazil (ULBRA), RS, Canoas, Brazil","Laboratory of Genetic Toxicology, Lutheran University of Brazil (ULBRA), RS, Canoas, Brazil"
"08490873-1260-4a11-95ce-bd58dc2747e5","CENTER FOR RESEARCH IN PRODUCT AND DEVELOPMENT CEPPED","CEPPED","Lutheran University of Brazil (ULBRA), RS, Canoas, Brazil","Center for Research in Product and Development (CEPPED), Lutheran University of Brazil (ULBRA), RS, Canoas, Brazil"
"57bcb61d-8331-4f92-8b4d-fbcf457cfde2","PHARMACOGNOSY LABORATORY","SEM SIGLA","Department of Industrial Pharmaceutical, Health Sciences Center, Federal University of Santa Maria (UFSM), Santa Maria, RS, Brazil","Pharmacognosy Laboratory, Department of Industrial Pharmaceutical, Health Sciences Center, Federal University of Santa Maria (UFSM), Santa Maria, RS, Brazil"
"960b4288-9534-4e79-a492-b54c76566b25","LABORATORY OF CANCER BIOLOGY","SEM SIGLA","Lutheran University of Brazil (ULBRA), RS, Canoas, Brazil","Laboratory of Cancer Biology, Lutheran University of Brazil (ULBRA), RS, Canoas, Brazil"
"482657b4-18f9-42eb-8500-fef98806d763","LABORATORY OF GENETICS TOXICOLOGY","SEM SIGLA","La Salle University, RS, Canoas, Brazil","Laboratory of Genetics Toxicology, La Salle University, RS, Canoas, Brazil"
"60634d57-34d8-4f5d-94d9-4b3a37b3a7d9","DEPARTAMENTO DE CIENCIAS BIOLOGICAS Y AGROPECUARIAS","SEM SIGLA","Facultad de Ciencias Exactas y Naturales, Universidad Técnica Particular de Loja (UTPL), calle M, Champagnat s/n, Loja, 1101608, Ecuador","Departamento de Ciencias Biológicas y Agropecuarias, Facultad de Ciencias Exactas y Naturales, Universidad Técnica Particular de Loja (UTPL), calle M, Champagnat s/n, Loja, 1101608, Ecuador"
"37021b24-8e26-43ba-b6a9-33b8b3604344","WIS HERBARIUM","WIS","University of Wisconsin-Madison, Birge Hall, 430 Lincoln Drive, Madison, 53706, WI, United States","WIS Herbarium, University of Wisconsin-Madison, Birge Hall, 430 Lincoln Drive, Madison, 53706, WI, United States"
"7b69da65-fa47-4ae1-a8fe-26202a525391","UNIVERSIDADE FEDERAL DE OURO PRETO","SEM SIGLA","Herbário OUPR. Campus Morro do Cruzeiro s.n., MG, Ouro Preto, 35400-000, Brazil","Universidade Federal de Ouro Preto, Herbário OUPR. Campus Morro do Cruzeiro s.n., MG, Ouro Preto, 35400-000, Brazil"
"0fa54a55-448d-4500-a3ce-5858c45e99e9","UNIVERSIDADE FEDERAL DE SANTA CATARINA","SEM SIGLA","Departamento de Botânica, CCB, Rua Eng. Agronômico Andrei Cristian Ferreira 216, SC, Florianópolis, 88040-535, Brazil","Universidade Federal de Santa Catarina, Departamento de Botânica, CCB, Rua Eng. Agronômico Andrei Cristian Ferreira 216, SC, Florianópolis, 88040-535, Brazil"
"02078b31-5e15-416b-9a45-fb042f5da59d","UNIVERSIDADE DE SAO PAULO","SEM SIGLA","ESALQ, Av. Pádua Dias 11, SP, Piracicaba, 13418-900, Brazil","Universidade de São Paulo, ESALQ, Av. Pádua Dias 11, SP, Piracicaba, 13418-900, Brazil"
"5002e3c7-937a-45ee-8182-8085716f60e2","CURITIBA","SEM SIGLA","Brazil","Curitiba, Brazil"
"fd1803b7-c0cb-4a31-b408-dad4a49b48a7","EMBRAPA FLORESTAS","SEM SIGLA","Estrada da Ribeira Km 111, Caixa Postal 319, Colombo, 83411-000, Brazil","Embrapa Florestas, Estrada da Ribeira Km 111, Caixa Postal 319, Colombo, 83411-000, Brazil"
"4e922fd8-c40d-407a-ac93-7f1d0facf660","ELABORE PROJETOS E CONSULTORIA FLORESTAL","SEM SIGLA","Av. Gov. Júlio Campos, 207, St. Comercial, Sinop, 78550-000, Brazil","Elabore Projetos E Consultoria Florestal, Av. Gov. Júlio Campos, 207, St. Comercial, Sinop, 78550-000, Brazil"
"540f3d5e-6833-4e83-9889-c59b22fb1fe1","UNIVERSIDADE ESTADUAL DO CENTRO OESTE","SEM SIGLA","Rua Professora Maria Roza Zanon de Almeida Engenheiro, 84505-677, Riozinho, Irati, Brazil","Universidade Estadual do Centro Oeste, Rua Professora Maria Roza Zanon de Almeida Engenheiro, 84505-677, Riozinho, Irati, Brazil"
"907ea86b-c900-4bee-8ef0-9ed98410e766","PROGRAMA DE POS-GRADUACAO EM BIOLOGIA DE FUNGOS","SEM SIGLA","Algas e Plantas, Centro de Ciências Biológicas, Universidade Federal de Santa Catarina, SC, Florianópolis, CEP 88040-900, Brazil","Programa de Pós-Graduação em Biologia de Fungos, Algas e Plantas, Centro de Ciências Biológicas, Universidade Federal de Santa Catarina, SC, Florianópolis, CEP 88040-900, Brazil"
"a838083c-a2dc-4dd5-bce0-aa859b7afaf5","ROYAL BOTANIC GARDENS","SEM SIGLA","Kew, Surrey, Richmond, TW9 3AE, United Kingdom","Royal Botanic Gardens, Kew, Surrey, Richmond, TW9 3AE, United Kingdom"
"10c2db98-e992-4adf-bf14-3b0c599679c1","LABV-UFPR LABORATORIO DE ANATOMIA E BIOMECANICA VEGETAL","UFPR","Departamento de Botânica, Universidade Federal do Paraná, PR, Curitiba, Brazil","LABV-UFPR (Laboratório de Anatomia e Biomecânica Vegetal), Departamento de Botânica, Universidade Federal do Paraná, PR, Curitiba, Brazil"
"3a3b7de7-a03b-45a7-8cf2-00ed2ff5f00a","GRUPO DE INVESTIGACION EN ECOLOGIA EVOLUTIVA","SEM SIGLA","Protección de Cultivos, Remediación Ambiental, y Biotecnología (EPROBIO), Universidad Privada del Norte, Trujillo, 13011, Peru","Grupo de Investigación en Ecología Evolutiva, Protección de Cultivos, Remediación Ambiental, y Biotecnología (EPROBIO), Universidad Privada del Norte, Trujillo, 13011, Peru"
"a7677ccc-c929-44d9-9e21-e97c20de8731","DIRECCION DE INVESTIGACION","SEM SIGLA","Innovación y Responsabilidad Social, Universidad Privada del Norte, Trujillo, 13011, Peru","Dirección de Investigación, Innovación y Responsabilidad Social, Universidad Privada del Norte, Trujillo, 13011, Peru"
"98477c54-84ab-4062-8550-1a5ddf98d084","CAPITULO DE INGENIERIA AGRONOMICA","SEM SIGLA","Consejo Departamental de La Libertad (CDLL), Colegio de Ingenieros del Perú (CIP), Trujillo, 13008, Peru","Capítulo de Ingeniería Agronómica, Consejo Departamental de La Libertad (CDLL), Colegio de Ingenieros del Perú (CIP), Trujillo, 13008, Peru"
"3f354fff-3cb4-4445-9066-23547782ab5e","PLANT SCIENCE LABORATORY PSL","PSL","Trujillo, 13009, Peru","Plant Science Laboratory (PSL), Trujillo, 13009, Peru"
"9cbe5d85-5d94-448e-88c0-fb54a6f3db26","DEPARTAMENTO DE MANEJO FORESTAL","SEM SIGLA","Facultad de Ciencias Forestales, Universidad Nacional Agraria La Molina, Av. La Molina s/n, La Molina, Lima, Peru","Departamento de Manejo Forestal, Facultad de Ciencias Forestales, Universidad Nacional Agraria La Molina, Av. La Molina s/n, La Molina, Lima, Peru"
"b74eae64-f673-4a31-92b6-866da61ef4f7","HERBARIO DE LA FACULTAD DE CIENCIAS FORESTALES","SEM SIGLA","Universidad Nacional Agraria La Molina, Av. La Molina s/n, La Molina, Lima, Peru","Herbario de la Facultad de Ciencias Forestales, Universidad Nacional Agraria La Molina, Av. La Molina s/n, La Molina, Lima, Peru"
"ea7865b9-5624-486b-bfc9-d1987fc1452c","INSTITUT DE SYSTEMATIQUE","SEM SIGLA","Evolution, Biodiversité (ISYEB), Muséum National D’Histoire Naturelle, CNRS, Sorbonne-Université, EPHE, Université Des Antilles, 45 rue Buffon, Paris, 75005, France","Institut de Systématique, Evolution, Biodiversité (ISYEB), Muséum National D’Histoire Naturelle, CNRS, Sorbonne-Université, EPHE, Université Des Antilles, 45 rue Buffon, Paris, 75005, France"
"c1955278-ffa4-4725-881a-169bcf8babe9","UNITE MOLECULES DE COMMUNICATION ET ADAPTATIONS DES MICRO-ORGANISMES MCAM","MCAM","Muséum National D’Histoire Naturelle, CNRS, 57 rue Cuvier (BP 54), Paris, 75005, France","Unité Molécules de Communication Et Adaptations Des Micro-Organismes (MCAM), Muséum National D’Histoire Naturelle, CNRS, 57 rue Cuvier (BP 54), Paris, 75005, France"
"efdef035-f799-4a5c-8c27-88e00e4f3dbb","LABORATOIRE ECOLOGIE","SEM SIGLA","Évolution, Interactions Des Systèmes Amazoniens (LEEISA), Université de Guyane, CNRS, IFREMER, Cayenne, 97300, France","Laboratoire Écologie, Évolution, Interactions Des Systèmes Amazoniens (LEEISA), Université de Guyane, CNRS, IFREMER, Cayenne, 97300, France"
"b27691db-7a25-4704-b243-21cc0530d013","LABORATOIRE DE SYNTHESE ORGANIQUE","SEM SIGLA","Ecole Polytechnique, CNRS, ENSTA, Route de Saclay, Palaiseau Cedex, 91128, France","Laboratoire de Synthèse Organique, Ecole Polytechnique, CNRS, ENSTA, Route de Saclay, Palaiseau Cedex, 91128, France"
"57b94cb1-8e37-404e-afa5-7b31b4db200c","DEPARTMENT OF EARTH AND ENVIRONMENTAL SCIENCES","SEM SIGLA","KU Leuven, Celestijnenlaan 200E, Box 2411, Leuven, 3001, Belgium","Department of Earth and Environmental Sciences, KU Leuven, Celestijnenlaan 200E, Box 2411, Leuven, 3001, Belgium"
"a4e01ba5-9517-42df-a72d-630f7676624b","LANKESTER BOTANICAL GARDEN","SEM SIGLA","University of Costa Rica, PO Box 302-7050, Cartago, Costa Rica","Lankester Botanical Garden, University of Costa Rica, PO Box 302-7050, Cartago, Costa Rica"
"24889554-bdb7-41bb-9f9f-227eb8cc07b6","SCHOOL OF PHARMACEUTICAL SCIENCE AND TECHNOLOGY","SEM SIGLA","Tianjin University, Tianjin, 300072, China","School of Pharmaceutical Science and Technology, Tianjin University, Tianjin, 300072, China"
"d3d5779f-ad38-41a5-a0d6-7871e7b6e0b7","SCHOOL OF MOLECULAR AND LIFE SCIENCES","SEM SIGLA","Curtin University, Kent Street, Bentley, Perth, 6102, WA, Australia","School of Molecular and Life Sciences, Curtin University, Kent Street, Bentley, Perth, 6102, WA, Australia"
"09d9b1bf-cfdf-4324-b458-564ccbe9076a","PLANT SCIENCES UNIT","SEM SIGLA","Flanders Research Institute for Agriculture, Fisheries and Food. Burgemeester van Gansberghelaan 109, Merelbeke, 9820, Belgium","Plant Sciences Unit, Flanders Research Institute for Agriculture, Fisheries and Food. Burgemeester van Gansberghelaan 109, Merelbeke, 9820, Belgium"
"4ee277fb-dfbd-4179-b2f1-e37a88b77d24","BIODIVERSITY AND TROPICAL ECOLOGY RESEARCH CENTER","SEM SIGLA","School of Biology, University of Costa Rica, San José, 11501-2060, Costa Rica","Biodiversity and Tropical Ecology Research Center, School of Biology, University of Costa Rica, San José, 11501-2060, Costa Rica"
"7569d33b-3946-46f6-9e48-06d54d3796c5","DEPARTMENT OF EVOLUTION AND ECOLOGY","SEM SIGLA","University of California, Davis. One Shields Avenue Davis, California, 95616, United States","Department of Evolution and Ecology, University of California, Davis. One Shields Avenue Davis, California, 95616, United States"
"6244c4f5-64de-4ffa-b7db-6494fc890165","NATURALIS BIODIVERSITY CENTER","SEM SIGLA","Evolutionary Ecology Group, Sylviusweg 72, BE, Leiden, 2333, Netherlands","Naturalis Biodiversity Center, Evolutionary Ecology Group, Sylviusweg 72, BE, Leiden, 2333, Netherlands"
"3a697292-737a-4285-98fd-585a7d19f722","ALBERT LUDWIG UNIVERSITY OF FREIBURG","SEM SIGLA","Program of Forest Ecology and Management, Friedrichstr. 39, Freiburg, 79098, Germany","Albert Ludwig University of Freiburg, Program of Forest Ecology and Management, Friedrichstr. 39, Freiburg, 79098, Germany"
"1f4317d5-7c53-4bf2-acda-56764aae0977","LABORATORIO INTEGRADO DE BIOLOGIA COMPUTACIONAL E PESQUISA EM CIENCIAS FARMACEUTICAS LAMCIFAR","LAMCIFAR","Instituto de Biodiversidade e Sustentabilidade NUPEM, Centro de Ciências da Saúde, Universidade Federal do Rio de Janeiro, RJ, Macaé, 27965-045, Brazil","Laboratório Integrado de Biologia Computacional e Pesquisa em Ciências Farmacêuticas (LAMCIFAR), Instituto de Biodiversidade e Sustentabilidade NUPEM, Centro de Ciências da Saúde, Universidade Federal do Rio de Janeiro, RJ, Macaé, 27965-045, Brazil"
"265147c9-c8c5-4c60-963b-1695b2776e5b","LABORATORIO DE MACROMOLECULAS LAMAC","LAMAC","Instituto Nacional de Metrologia, Qualidade e Tecnologia, Av. Nossa Sra. das Graças, 50, Xerém, RJ, Duque de Caxias, 25250-020, Brazil","Laboratório de Macromoléculas (LAMAC), Instituto Nacional de Metrologia, Qualidade e Tecnologia, Av. Nossa Sra. das Graças, 50, Xerém, RJ, Duque de Caxias, 25250-020, Brazil"
"eda2039b-f3b1-44e3-af05-401877d4c02d","PROGRAMA DE POS-GRADUACAO EM BIOLOGIA COMPUTACIONAL E SISTEMAS","SEM SIGLA","Instituto Oswaldo Cruz/Fiocruz, Av. Brasil, 4365, Manguinhos, RJ, Rio de Janeiro, 21040-900, Brazil","Programa de Pós-Graduação em Biologia Computacional e Sistemas, Instituto Oswaldo Cruz/Fiocruz, Av. Brasil, 4365, Manguinhos, RJ, Rio de Janeiro, 21040-900, Brazil"
"421f0748-aaed-4e7e-8420-cbcdc9ce7427","DEPARTAMENTO DE BIOTECNOLOGIA FARMACEUTICA","SEM SIGLA","Faculdade de Farmácia, Centro de Ciências da Saúde, Universidade Federal do Rio de Janeiro, Ilha do Fundão, RJ, Rio de Janeiro, 21941-902, Brazil","Departamento de Biotecnologia Farmacêutica, Faculdade de Farmácia, Centro de Ciências da Saúde, Universidade Federal do Rio de Janeiro, Ilha do Fundão, RJ, Rio de Janeiro, 21941-902, Brazil"
"fe671a4e-14dc-4754-a39c-9067c4d847ee","FACULTY OF AGRONOMY","SEM SIGLA","Institute of Studies in Agrarian and Regional Development, Federal University of South and Southeast of Pará, Marabá, Para, Brazil","Faculty of Agronomy, Institute of Studies in Agrarian and Regional Development, Federal University of South and Southeast of Pará, Marabá, Para, Brazil"
"c2f5f68a-99de-47ba-8f8d-1132fd422f9c","BIOLOGICAL SCIENCE PROGRAM","SEM SIGLA","University of Amazonas State, Manaus, Amazonas, Brazil","Biological Science Program, University of Amazonas State, Manaus, Amazonas, Brazil"
"bea2233e-1faa-4047-9ab2-6fee7de8de41","FEDERAL AMAZONIAN INSTITUTE","SEM SIGLA","Presidente Figueiredo, Amazonas, Brazil","Federal Amazonian Institute, Presidente Figueiredo, Amazonas, Brazil"
"71c0ad64-66dc-40ea-976b-d382fb9db6cd","SCHOOL OF MEDICINE","SEM SIGLA","Anhembi Morumbi University, Avenida Deputado Benedito Matarazzo 6070, SP, Sao Jose dos Campos, 12231-280, Brazil","School of Medicine, Anhembi Morumbi University, Avenida Deputado Benedito Matarazzo 6070, SP, Sao Jose dos Campos, 12231-280, Brazil"
"ba5a567d-2b04-4280-ae7f-c27efd316a4d","POSTGRADUATE PROGRAM IN BIOMEDICAL ENGINEERING","SEM SIGLA","Department of Science and Technology, Federal University of Sao Paulo (UNIFESP), Rua Talim, 330, Vila Nair, SP, Sao Jose dos Campos, 12231-280, Brazil","Postgraduate Program in Biomedical Engineering, Department of Science and Technology, Federal University of Sao Paulo (UNIFESP), Rua Talim, 330, Vila Nair, SP, Sao Jose dos Campos, 12231-280, Brazil"
"aece4c3c-a27c-4f19-8232-22b15ab96be3","FAGRON BV","BV","Fascinatio Boulevard 350, Rotterdam, 3065 WB, Netherlands","Fagron BV, Fascinatio Boulevard 350, Rotterdam, 3065 WB, Netherlands"
"50395afa-e31b-4c02-8f9a-e600d2a642f7","DEPARTMENT OF BIOSCIENCES AND ORAL DIAGNOSIS","SEM SIGLA","Institute of Science and Technology, Universidade Estadual Paulista-UNESP, SP, Sao Jose dos Campos, 12231-280, Brazil","Department of Biosciences and Oral Diagnosis, Institute of Science and Technology, Universidade Estadual Paulista-UNESP, SP, Sao Jose dos Campos, 12231-280, Brazil"
"1e529010-c54c-4758-9764-f13a965c42a5","POST-GRADUATION PROGRAM IN SCIENCES OF HUMAN MOVEMENT AND REHABILITATION","SEM SIGLA","Federal University of Sao Paulo (UNIFESP), Avenida Ana Costa 95, SP, Santos, 11060-001, Brazil","Post-graduation Program in Sciences of Human Movement and Rehabilitation, Federal University of Sao Paulo (UNIFESP), Avenida Ana Costa 95, SP, Santos, 11060-001, Brazil"
"ac94b205-e859-4009-ba54-4ed3bae3fa29","POST-GRADUATION PROGRAM IN HUMAN MOVEMENT AND REHABILITATION","SEM SIGLA","Unievangelica, Avenida Universitária KM 3,5, GO, Anapolis, 75083-515, Brazil","Post-Graduation Program in Human Movement and Rehabilitation, Unievangelica, Avenida Universitária KM 3,5, GO, Anapolis, 75083-515, Brazil"
"0a4332a6-11ff-495b-96da-b7ff86738aec","BRAZILIAN INSTITUTE OF TEACHING AND RESEARCH IN PULMONARY AND EXERCISE IMMUNOLOGY IBEPIPE","IBEPIPE","Rua Pedro Ernesto 240, SP, Sao Jose dos Campos, 12231-280, Brazil","Brazilian Institute of Teaching and Research in Pulmonary and Exercise Immunology (IBEPIPE), Rua Pedro Ernesto 240, SP, Sao Jose dos Campos, 12231-280, Brazil"
"b85a5fe4-3b24-4fff-bdcc-115178091b8d","UNIVERSIDADE ESTADUAL DO NORTE FLUMINENSE DARCY RIBEIRO","SEM SIGLA","Laboratório de Ciências Químicas, Centro de Ciências e Tecnologia, Avenida Alberto Lamego, Campos dos Goytacazes, Rio de Janeiro, 28013-602, Brazil","Universidade Estadual do Norte Fluminense Darcy Ribeiro, Laboratório de Ciências Químicas, Centro de Ciências e Tecnologia, Avenida Alberto Lamego, Campos dos Goytacazes, Rio de Janeiro, 28013-602, Brazil"
"ad3771e4-eb55-4f58-b568-244747a7c792","UNIVERSIDADE FEDERAL RURAL DO RIO DE JANEIRO","SEM SIGLA","Departamento de Química Orgânica, Instituto de Química, Seropédica, Rio de Janeiro, 20000-000, Brazil","Universidade Federal Rural do Rio de Janeiro, Departamento de Química Orgânica, Instituto de Química, Seropédica, Rio de Janeiro, 20000-000, Brazil"
"5ff80f61-5256-4f35-9445-ce0ee00e6308","UNIVERSIDADE DE BRASILIA","SEM SIGLA","Instituto de Química, Asa Norte, Distrito Federal, Brasília, 70910-900, Brazil","Universidade de Brasília, Instituto de Química, Asa Norte, Distrito Federal, Brasília, 70910-900, Brazil"
"e359762b-74e7-4f4f-8fe6-997ad937be15","FACULDADE DE FARMACIA","SEM SIGLA","Departamento de Produtos Farmacêuticos, Universidade Federal de Minas Gerais, Av. Antônio Carlos, 6627, Pampulha, MG, Belo Horizonte, 31270-901, Brazil","Faculdade de Fármácia, Departamento de Produtos Farmacêuticos, Universidade Federal de Minas Gerais, Av. Antônio Carlos, 6627, Pampulha, MG, Belo Horizonte, 31270-901, Brazil"
"bc7be93e-6035-460a-b7d0-58fa4a958179","LABORATORIO DE BIOCATALISE E PRODUTOS NATURAIS","SEM SIGLA","Instituto de Química, Universidade Estadual de Campinas, Cidade Universitária, Rua Josué de Castro, s/n, Bloco A5, sala A5-103, SP, Campinas, 13083-861, Brazil","Laboratório de Biocatálise e Produtos Naturais, Instituto de Química, Universidade Estadual de Campinas, Cidade Universitária, Rua Josué de Castro, s/n, Bloco A5, sala A5-103, SP, Campinas, 13083-861, Brazil"
"7b9b05ca-d4fa-4f69-bc69-d37795e9b757","LABORATORIO DE PRODUTOS NATURAIS","SEM SIGLA","Kairós Fitoquímicos Campinas, Rua Lauro Vannucci, 1020, SP, Campinas, 13087-548, Brazil","Laboratório de Produtos Naturais, Kairós Fitoquímicos Campinas, Rua Lauro Vannucci, 1020, SP, Campinas, 13087-548, Brazil"
"9776b484-178d-4bae-9c9b-72b710593aa2","LABORATORIO DE PESQUISA & DESENVOLVIMENTO DE PRODUTOS NATURAIS BIOATIVO","SEM SIGLA","Departamento de Química, Universidade Federal Do Oeste Do Pará, Unidade Tapajós, Rua Vera Paz, s/n, Bairro Salé, PA, Santarém, 68040-255, Brazil","Laboratório de Pesquisa & Desenvolvimento de Produtos Naturais Bioativo, Departamento de Química, Universidade Federal Do Oeste Do Pará, Unidade Tapajós, Rua Vera Paz, s/n, Bairro Salé, PA, Santarém, 68040-255, Brazil"
"b4682fa7-3561-483d-bb32-54575e72a282","UNIVERSIDADE FEDERAL RURAL DA AMAZONIA","SEM SIGLA","Capitão Poço, PA, Brazil","Universidade Federal Rural da Amazônia, Capitão Poço, PA, Brazil"
"2ae78b0e-e404-4eda-ac6a-73999eb4da4c","POST-GRADUATE PROGRAM IN CHEMISTRY","SEM SIGLA","Institute of Exact and Natural Sciences, Federal University of Pará, Pará, Belém, Brazil","Post-Graduate Program in Chemistry, Institute of Exact and Natural Sciences, Federal University of Pará, Pará, Belém, Brazil"
"abe2656a-2254-429d-b56f-7dd1abd4672f","LIQUID CHROMATOGRAPHY LABORATORY","SEM SIGLA","Institute of Exact and Natural Sciences, Federal University of Pará, Pará, Belém, Brazil","Liquid Chromatography Laboratory, Institute of Exact and Natural Sciences, Federal University of Pará, Pará, Belém, Brazil"
"efd34550-4bc8-4003-b711-362c96d8a1aa","DEPARTAMENTO DE GEOGRAFIA","SEM SIGLA","Universidade Estadual da Paraíba, Campus III, Paraíba, Guarabira, Brazil","Departamento de Geografia, Universidade Estadual da Paraíba, Campus III, Paraíba, Guarabira, Brazil"
"051ae44a-821e-4fa0-afad-8669201a4db9","DEPARTAMENTO DE CIENCIAS BIOLOGICAS","SEM SIGLA","Universidade Federal da Paraíba, Campus II, Paraíba, Areia, Brazil","Departamento de Ciências Biológicas, Universidade Federal da Paraíba, Campus II, Paraíba, Areia, Brazil"
"19de022e-98c2-4da2-ae00-ef8d1057682d","DEPARTMENT OF ENVIRONMENT AND AGRICULTURE","SEM SIGLA","Curtin University, Perth, WA, Australia","Department of Environment and Agriculture, Curtin University, Perth, WA, Australia"
"134f1b83-d7f7-4a2d-ba96-2ef9e2c23091","HERBARIUM AMO","AMO","Ciudad de México, Mexico","Herbarium AMO, Ciudad de México, Mexico"
"470e2208-8132-42cb-8375-0ce94ec6b78c","LABORATORIO DE SISTEMATICA INTEGRATIVA","SEM SIGLA","Departamento de Biologia, Universidade Federal Rural de Pernambuco, Recife, Pernambuco, 52171-900, Brazil","Laboratório de Sistemática Integrativa, Departamento de Biologia, Universidade Federal Rural de Pernambuco, Recife, Pernambuco, 52171-900, Brazil"
"49aa49a6-274f-4fbc-98e3-0bccd7edd438","FEDERAL UNIVERSITY OF MATO GROSSO","SEM SIGLA","Faculty of Forestry Engineering, Cuiabá, Brazil","Federal University of Mato Grosso, Faculty of Forestry Engineering, Cuiabá, Brazil"
"662e4a60-0753-4bcf-8acc-3e429d5cd7d8","FEDERAL UNIVERSITY OF RONDONIA","SEM SIGLA","Academic Department of Forest Engineering, Rolim de Moura, Brazil","Federal University of Rondônia, Academic Department of Forest Engineering, Rolim de Moura, Brazil"
"43ead2ba-3f1e-429b-b096-72a3fe193718","MATO GROSSO STATE UNIVERSITY","SEM SIGLA","Department of Forest Engineering, Alta Floresta, Brazil","Mato Grosso State University, Department of Forest Engineering, Alta Floresta, Brazil"
"9b1c86e3-1314-475c-a599-b34ec48845e7","UNIVERSIDADE FEDERAL DO AMAZONAS UFAM","UFAM","Laboratory of Agricultural Products Technology, Av. Rodrigo Octávio, 6200, Coroado I, Amazonas, Manaus, 69080-900, Brazil","Universidade Federal do Amazonas (UFAM), Laboratory of Agricultural Products Technology, Av. Rodrigo Octávio, 6200, Coroado I, Amazonas, Manaus, 69080-900, Brazil"
"82ff7b69-62df-4281-849f-ac3dba10d93f","INSTITUTO TECNOLOGICO VALE","SEM SIGLA","Rua Boaventura da Silva 955, PA, Belém, Nazaré, 66055-090, Brazil","Instituto Tecnológico Vale, Rua Boaventura da Silva 955, PA, Belém, Nazaré, 66055-090, Brazil"
"4a1c27a6-5bb0-4601-8411-0e519929a755","PROGRAMA DE POS-GRADUACAO EM ECOLOGIA","SEM SIGLA","Universidade Federal do Pará, Rua Augusto Corrêa 01, Guamá, PA, Belém, 66075-110, Brazil","Programa de Pós-Graduação em Ecologia, Universidade Federal do Pará, Rua Augusto Corrêa 01, Guamá, PA, Belém, 66075-110, Brazil"
"7f2d98ef-87aa-422e-b020-4d84cae85a96","LMGC LABORATOIRE DE MECANIQUE ET GENIE CIVIL CNRS","CNRS","Univ. Montpellier, France","LMGC – Laboratoire de Mécanique et Génie Civil CNRS, Univ. Montpellier, France"
"62a39341-4440-43a5-9f81-2fb1ca7e044e","CNRS ECOLOGIE DE FORETS DE GUYANE ECOFOG","CNRS","AgroparisTech, CIRAD, INRAE, Univ Antilles, Univ Guyane Kourou, Guyane Française, France","CNRS Écologie de Forêts de Guyane (EcoFoG), AgroparisTech, CIRAD, INRAE, Univ Antilles, Univ Guyane Kourou, Guyane Française, France"
"5fd290b0-25e6-4c47-b9e5-8b1e0ecf1e2b","CIRAD RESEARCH UNIT BIOWOOEB","CIRAD","Montpellier, 34000, France","CIRAD Research Unit BioWooEB, Montpellier, 34000, France"
"ffd98685-8303-49de-a3ba-0c24e2960e05","BIOWOOEB","SEM SIGLA","Univ. Montpellier, CIRAD, Montpellier, France","BioWooEB, Univ. Montpellier, CIRAD, Montpellier, France"
"7fdad143-8e6b-4fe0-86c5-432bc5f1f4ae","CIRAD ECOLOGIE DE FORETS DE GUYANE ECOFOG","CIRAD","AgroparisTech, CNRS, INRAE, Univ Antilles, Univ Guyane, Guyane Française, Kourou, France","CIRAD Écologie de Forêts de Guyane (EcoFoG), AgroparisTech, CNRS, INRAE, Univ Antilles, Univ Guyane, Guyane Française, Kourou, France"
"7c0c015e-476a-4464-82e6-e5635e31adcf","DEPARTAMENTO DE CIENCIAS NATURAIS","SEM SIGLA","Universidade Estadual do Sudoeste da Bahia, Estrada do Bem Querer, Universitário., Vitória da Conquista, Bahia, 45031-900, Brazil","Departamento de Ciências Naturais, Universidade Estadual do Sudoeste da Bahia, Estrada do Bem Querer, Universitário., Vitória da Conquista, Bahia, 45031-900, Brazil"
"7ea5baaa-befb-40bb-992e-d16572fab5c8","HERBARIO HUEM","HUEM","Departamento de Biologia, Universidade Estadual de Maringá, Av. Colombo, 5790., Maringá, Paraná, 87020-900, Brazil","Herbário HUEM, Departamento de Biologia, Universidade Estadual de Maringá, Av. Colombo, 5790., Maringá, Paraná, 87020-900, Brazil"
"8c8160e6-e404-44ec-8bf2-0c3edc85c0d5","DEPARTMENT OF BIOGEOCHEMICAL PROCESSES","SEM SIGLA","Max Planck Institute for Biogeochemistry, Jena, Germany","Department of Biogeochemical Processes, Max Planck Institute for Biogeochemistry, Jena, Germany"
"ee22d966-f337-4ced-abf2-4b5c41a34b7d","CLIMATE AND ENVIRONMENT DEPARTMENT","SEM SIGLA","National Institute of Amazonian Research, Manaus, Brazil","Climate and Environment Department, National Institute of Amazonian Research, Manaus, Brazil"
"fe91a881-a167-4b5a-9f73-02ce17e49cb7","DEPARTMENT OF CIVIL & ENVIRONMENTAL ENGINEERING","SEM SIGLA","University of Michigan, Ann Arbor, MI, United States","Department of Civil & Environmental Engineering, University of Michigan, Ann Arbor, MI, United States"
"ed64d82b-6d56-4fe1-ac1c-596f4f696fdb","ECOLOGY DEPARTMENT","SEM SIGLA","National Institute of Amazonian Research, Manaus, Brazil","Ecology Department, National Institute of Amazonian Research, Manaus, Brazil"
"6e075250-b7f9-4ab5-9462-987548b16b4a","CHEMISTRY DEPARTMENT","SEM SIGLA","State University of Amazonas, Manaus, Brazil","Chemistry Department, State University of Amazonas, Manaus, Brazil"
"3fdb6546-d89c-4735-98d6-a11a59876fc2","ATMOSPHERIC CHEMISTRY DEPARTMENT","SEM SIGLA","Max Planck Institute for Chemistry, Mainz, Germany","Atmospheric Chemistry Department, Max Planck Institute for Chemistry, Mainz, Germany"
"bfd96a45-93d5-42e7-84b7-7ee61646f851","COORDINATION OF ENVIRONMENTAL DYNAMICS","SEM SIGLA","National Institute of Amazonian Research, Manaus, Brazil","Coordination of Environmental Dynamics, National Institute of Amazonian Research, Manaus, Brazil"
"941ff8f1-9498-4eb0-9510-ecb43c1823d9","DEPARTMENT OF WETLAND ECOLOGY","SEM SIGLA","Karlsruhe Institute of Technology, Rastatt, Germany","Department of Wetland Ecology, Karlsruhe Institute of Technology, Rastatt, Germany"
"c70cc0b0-305f-4c9e-bef3-1a0f00b3e974","DIVISAO DE POS-GRADUACAO EM BOTANICA DIBOT","DIBOT","Instituto Nacional de Pesquisas da Amazônia, C.P. 478, Manaus, 69011-970, Amazonas, Brazil","Divisão de Pós-graduação em Botânica (DIBOT), Instituto Nacional de Pesquisas da Amazônia, C.P. 478, Manaus, 69011-970, Amazonas, Brazil"
"4b98ca7b-487b-41ab-bc02-d7b9dd949751","DEPARTAMENTO DE SISTEMATICA E ECOLOGIA/CCEN","CCEN","Universidade Federal da Paraíba, João Pessoa, Paraíba, Brazil","Departamento de Sistemática e Ecologia/CCEN, Universidade Federal da Paraíba, João Pessoa, Paraíba, Brazil"
"1043b9b8-84a4-4ae1-b6f6-1d228e481b40","DIVISAO DE POS-GRADUACAO EM GENETICA DIGEN","DIGEN","Instituto Nacional de Pesquisas da Amazônia, C.P. 478, Manaus, 69011-970, Amazonas, Brazil","Divisão de Pós-graduação em Genética (DIGEN), Instituto Nacional de Pesquisas da Amazônia, C.P. 478, Manaus, 69011-970, Amazonas, Brazil"
"3f5345be-3ee7-4ef2-aee6-dd9cc71fbb8c","FACULDADE DE ENGENHARIA FLORESTAL","SEM SIGLA","Universidade Federal do Pará, UFPA, Campus Universitário de Altamira, R. Cel. José Porfírio, 2515, PA, São Sebastião, Altamira, CEP: 68372-040, Brazil","Faculdade de Engenharia Florestal, Universidade Federal do Pará, UFPA, Campus Universitário de Altamira, R. Cel. José Porfírio, 2515, PA, São Sebastião, Altamira, CEP: 68372-040, Brazil"
"ca386a18-359b-4115-ac76-81692bcdf2b1","USP","USP","Universidade de São Paulo, EESC, Escola de Engenharia de São Carlos, Av. Trabalhador São-Carlense, 400, SP, São Carlos, CEP: 13566590, Brazil","USP, Universidade de São Paulo, EESC, Escola de Engenharia de São Carlos, Av. Trabalhador São-Carlense, 400, SP, São Carlos, CEP: 13566590, Brazil"
"22a32359-90d9-48f0-956d-0b571bca17c2","DEPARTAMENTO DE ENGENHARIA DE ESTRUTURAS","SEM SIGLA","SET, Escola de Engenharia de São Carlos, EESC, Universidade de São Paulo, USP, Av. Trabalhador São-Carlense, 400, SP, São Carlos, 13566-590, Brazil","Departamento de Engenharia de Estruturas, SET, Escola de Engenharia de São Carlos, EESC, Universidade de São Paulo, USP, Av. Trabalhador São-Carlense, 400, SP, São Carlos, 13566-590, Brazil"
"4158cd10-5215-4fb4-94ce-ca65f3985002","FACULDADE DE ETNODIVERSIDADE","SEM SIGLA","Universidade Federal do Pará, UFPA, Campus Universitário de Altamira, R. Cel. José Porfírio, 2515, São Sebastião, PA, Altamira, CEP: 68372-040, Brazil","Faculdade de Etnodiversidade, Universidade Federal do Pará, UFPA, Campus Universitário de Altamira, R. Cel. José Porfírio, 2515, São Sebastião, PA, Altamira, CEP: 68372-040, Brazil"
"5453a39c-4ed1-4e07-8a0d-6a228eaf9967","THE NEW YORK BOTANICAL GARDEN","SEM SIGLA","Bronx, New York, 10458-5126, NY, United States","The New York Botanical Garden, Bronx, New York, 10458-5126, NY, United States"
"ab3a871a-3d9a-4a9d-b0e1-f6c8ad4fcece","UNIVERSIDADE FEDERAL DO PARANA","SEM SIGLA","Departamento de Botânica, Programa de Pós-graduação em Botânica, Jardim das Américas, Paraná, Curitiba, 81530-900, Brazil","Universidade Federal do Paraná, Departamento de Botânica, Programa de Pós-graduação em Botânica, Jardim das Américas, Paraná, Curitiba, 81530-900, Brazil"
"929e2bfa-d54a-4994-8349-b1267d202f7d","MUSEU PARAENSE EMILIO GOELDI MPEG","MPEG","Coordenação de Botânica, Campus de Pesquisa, Av. Perimetral, Terra Firme, Pará, Belém, Brazil","Museu Paraense Emílio Goeldi – MPEG, Coordenação de Botânica, Campus de Pesquisa, Av. Perimetral, Terra Firme, Pará, Belém, Brazil"
"c20ceac7-9560-4903-b744-125f764c690f","GRUPO DE PESQUISAS EM METABOLOMICA E ESPECTROMETRIA DE MASSAS","SEM SIGLA","Escola Superior de Ciências da Saúde, Universidade do Estado do Amazonas, Manaus, 690065-130, Brazil","Grupo de Pesquisas em Metabolômica e Espectrometria de Massas, Escola Superior de Ciências da Saúde, Universidade do Estado do Amazonas, Manaus, 690065-130, Brazil"
"be4a31d3-743c-4612-a19f-8a59919f677c","CENTRO DE ESTUDOS SUPERIORES DE TEFE","SEM SIGLA","Universidade do Estado do Amazonas, Tefé, 69553-100, Brazil","Centro de Estudos Superiores de Tefé, Universidade do Estado do Amazonas, Tefé, 69553-100, Brazil"
"923b3b1e-5957-49e2-af6e-a70da6f3ccb8","INSTITUTO GONCALO MONIZ","SEM SIGLA","Fundação Oswaldo Cruz, Salvador, 40296-710, Brazil","Instituto Gonçalo Moniz, Fundação Oswaldo Cruz, Salvador, 40296-710, Brazil"
"55acf3ff-623d-4197-b984-37d5c27bb768","CENTRO DE APOIO MULTIDISCIPLINAR","SEM SIGLA","Universidade Federal do Amazonas, Manaus, 69077-000, Brazil","Centro de Apoio Multidisciplinar, Universidade Federal do Amazonas, Manaus, 69077-000, Brazil"
"0ceabba8-4a7d-425b-8f18-d0c2756be901","INSTITUTO DE INVESTIGACIONES DE LA AMAZONIA PERUANA","SEM SIGLA","Iquitos, 784, Peru","Instituto de Investigaciones de la Amazonía Peruana, Iquitos, 784, Peru"
"be3e6c8c-4db0-4005-a1b3-0879ff6a12d4","LABORATORIO DE FISIOLOGIA E BIOQUIMICA VEGETAL","SEM SIGLA","Instituto Nacional de Pesquisas da Amazônia, Manaus, 69060-062, Brazil","Laboratório de Fisiologia e Bioquímica Vegetal, Instituto Nacional de Pesquisas da Amazônia, Manaus, 69060-062, Brazil"
"428fc331-7e22-465c-9497-0e91942ecc29","KARLSRUHE INSTITUTE FOR TECHNOLOGY KIT","KIT","Institute for Geography and Geoecology, Department of Wetland Ecology, Rastatt, Germany","Karlsruhe Institute for Technology (KIT), Institute for Geography and Geoecology, Department of Wetland Ecology, Rastatt, Germany"
"22766063-86a9-446c-8548-241aff23bdef","ECOLOGY POST-GRADUATION PROGRAMME","SEM SIGLA","National Institute for Amazonian Research (INPA), P.O. Box 2223, AM, Manaus, 69.057-970, Brazil","Ecology Post-Graduation Programme, National Institute for Amazonian Research (INPA), P.O. Box 2223, AM, Manaus, 69.057-970, Brazil"
"ba3849f6-bb6e-439c-ba71-7a5a5764f118","POSTGRADUATE PROGRAM IN BOTANY PPG-BOT","PPG","National Institute for Research of the Amazon-INPA, Av. André Araújo 2936, Amazonas, Manaus, 69067-375, Brazil","Postgraduate Program in Botany (PPG-bot), National Institute for Research of the Amazon-INPA, Av. André Araújo 2936, Amazonas, Manaus, 69067-375, Brazil"
"0b9ebe79-bdb2-44e5-a147-af751ab8a707","BIOLOGICAL DYNAMICS OF FOREST FRAGMENTS PROJECT BDFFP","BDFFP","National Institute of Amazonian Research-INPA / Smithsonian Tropical Research Institute (STRI), Av. André Araújo 2936, Amazonas, Manaus, 69067-375, Brazil","Biological Dynamics of Forest Fragments Project (BDFFP), National Institute of Amazonian Research-INPA / Smithsonian Tropical Research Institute (STRI), Av. André Araújo 2936, Amazonas, Manaus, 69067-375, Brazil"
"a2153617-0f78-4a2d-9815-1b0b35e62348","BIODIVERSITY COORDINATION COBIO","COBIO","National Institute of Amazonian Research-INPA, Avenida André Araújo, 2936, Aleixo, AM, Manaus, 69060-001, Brazil","Biodiversity Coordination (COBIO), National Institute of Amazonian Research-INPA, Avenida André Araújo, 2936, Aleixo, AM, Manaus, 69060-001, Brazil"
"ab8608b7-fda5-43a5-93e8-2fec5055b833","NATIONAL INSTITUTE FOR AMAZONIAN RESEARCH INPA","INPA","Biodiversity Coordination, P.O. Box 2223, AM, Manaus, 69.057-970, Brazil","National Institute for Amazonian Research (INPA), Biodiversity Coordination, P.O. Box 2223, AM, Manaus, 69.057-970, Brazil"
"ddedc27d-8a81-44de-ae33-36c73acb3770","KEY LABORATORY OF RESOURCE BIOLOGY AND BIOTECHNOLOGY IN WESTERN CHINA","SEM SIGLA","Ministry of Education, College of Life Sciences, Northwest University, Xi'an, 710069, China","Key Laboratory of Resource Biology and Biotechnology in Western China, Ministry of Education, College of Life Sciences, Northwest University, Xi'an, 710069, China"
"9759b1d8-643b-4d99-b9e2-651a4faef093","GERMPLASM BANK OF WILD SPECIES","SEM SIGLA","Kunming Institute of Botany, Chinese Academy of Sciences, Kunming, 650201, China","Germplasm Bank of Wild Species, Kunming Institute of Botany, Chinese Academy of Sciences, Kunming, 650201, China"
"e327a0d0-3286-4764-9cc6-aed1cb37be34","UNIVERSITY OF CHINESE ACADEMY OF SCIENCES","SEM SIGLA","Beijing, 100049, China","University of Chinese Academy of Sciences, Beijing, 100049, China"
"5715a735-d5d1-41ea-8437-32f30ea2a928","BIOSYSTEMATICS GROUP","SEM SIGLA","Wageningen University and Research Center, Wageningen, 6708 PB, Netherlands","Biosystematics Group, Wageningen University and Research Center, Wageningen, 6708 PB, Netherlands"
"756819e2-7e7c-4721-9b54-66e5517916fa","DEPARTMENT OF BIOLOGICAL SCIENCES","SEM SIGLA","Mississippi State University, Starkville, 39762, MS, United States","Department of Biological Sciences, Mississippi State University, Starkville, 39762, MS, United States"
"1a4df005-7b4d-45ff-b7fd-3f895b8c5985","FLORIDA MUSEUM OF NATURAL HISTORY","SEM SIGLA","University of Florida, Gainesville, 32611, FL, United States","Florida Museum of Natural History, University of Florida, Gainesville, 32611, FL, United States"
"6b159892-1443-4243-ab35-2d490dbf1a1f","PHYSICAL MEASUREMENT LABORATORY","SEM SIGLA","Graduate Program in Food Science and Technology, Universidade Federal do Pará (UFPA), PA, Belém, 66075-110, Brazil","Physical Measurement Laboratory, Graduate Program in Food Science and Technology, Universidade Federal do Pará (UFPA), PA, Belém, 66075-110, Brazil"
"6e70093b-faef-4dcf-a7b6-7de632682d7f","POSTGRADUATE PROGRAM IN SOCIETY","SEM SIGLA","Nature and Development, Federal University of Western Pará (UFOPA), Santarém, 68035-110, Brazil","Postgraduate Program in Society, Nature and Development, Federal University of Western Pará (UFOPA), Santarém, 68035-110, Brazil"
"9a1ed22a-ba8f-4d9d-842f-99954670cc3c","FOREST SCIENCES DEPARTMENT","SEM SIGLA","Luiz de Queiroz College of Agriculture, University of São Paulo (USP), Piracicaba, 13418-900, Brazil","Forest Sciences Department, Luiz de Queiroz College of Agriculture, University of São Paulo (USP), Piracicaba, 13418-900, Brazil"
"26ef0e2c-afe2-433d-9881-da5cc9373200","LABORATORY OF TIMBER TECHNOLOGY","SEM SIGLA","Forest and Biodiversity Institute, Federal University of Western Pará (UFOPA), Santarém, 68035-110, Brazil","Laboratory of Timber Technology, Forest and Biodiversity Institute, Federal University of Western Pará (UFOPA), Santarém, 68035-110, Brazil"
"2e9d8a57-d64b-40fa-bb12-2cbf8ab586a4","INSTITUTO DE INVESTIGACION Y SERVICIOS FORESTALES","SEM SIGLA","Universidad Nacional de Costa Rica, P.O. Box 86–3000, Heredia, Costa Rica","Instituto de Investigación y Servicios Forestales, Universidad Nacional de Costa Rica, P.O. Box 86–3000, Heredia, Costa Rica"
"7720d41f-d33e-431c-ba0c-82a16c7ef2fd","INSTITUTO TECNOLOGICO DE TUXTEPEC","SEM SIGLA","Tecnólogico Nacional de Mexico, Oaxaca, San Juan Bautista Tuxtepec, 68350, Mexico","Instituto Tecnológico de Tuxtepec, Tecnólogico Nacional de Mexico, Oaxaca, San Juan Bautista Tuxtepec, 68350, Mexico"
"f86f2843-4bce-4aa2-98fd-3937731fef75","LABORATORY OF EXPERIMENTAL PHYSIOPHARMACOLOGY LAFFEX","LAFFEX","Parnaiba Delta Federal University, (UFDPar), PI, Parnaíba, Brazil","Laboratory of Experimental Physiopharmacology (LAFFEX), Parnaiba Delta Federal University, (UFDPar), PI, Parnaíba, Brazil"
"ccb12853-9c96-4d21-85ee-aed61407617f","GRADUATE PROGRAM IN BIOTECHNOLOGY PPGBIOTEC PARNAIBA DELTA FEDERAL UNIVERSITY","PPGBIOTEC","(UFDPar), PI, Parnaíba, Brazil","Graduate Program in Biotechnology (PPGBIOTEC) Parnaiba Delta Federal University, (UFDPar), PI, Parnaíba, Brazil"
"caf56bdc-df1e-44eb-bf16-c8eff187aabd","DEPARTMENT OF ORGANIC AND INORGANIC CHEMISTRY","SEM SIGLA","Federal University of Ceará, Ceará, Fortaleza, Brazil","Department of Organic and Inorganic Chemistry, Federal University of Ceará, Ceará, Fortaleza, Brazil"
"af9962e1-bb46-407a-a628-dc67e65dced2","LABORATORY OF ANALYSIS AND HISTOLOGICAL PROCESSING LAPHIS","LAPHIS","Department of Biomedicine – Federal University of Piauí, Parnaíba, Brazil","Laboratory of Analysis and Histological Processing (LAPHIS), Department of Biomedicine – Federal University of Piauí, Parnaíba, Brazil"
"04f48810-e2a2-4b2f-b342-614ba02379bc","DEPARTMENT OF MEDICINE","SEM SIGLA","Parnaiba Delta Federal University, (UFDPar), PI, Parnaíba, Brazil","Department of Medicine, Parnaiba Delta Federal University, (UFDPar), PI, Parnaíba, Brazil"
"21adf556-4c48-4e3e-a1f5-6ba69c898673","DEPARTMENT OF HORTICULTURE SCIENCE","SEM SIGLA","North Carolina State University, Raleigh, 27695-7609, NC, United States","Department of Horticulture Science, North Carolina State University, Raleigh, 27695-7609, NC, United States"
"ba112d1f-2b6f-4357-b377-94360b1f2be1","UNIVERSIDAD TECNICA ESTATAL DE QUEVEDO","SEM SIGLA","Facultad de Ciencias de la Ingeniería, Av. Quito Km. 1½ vía a Santo Domingo de los Tsáchilas, Quevedo, Ecuador","Universidad Técnica Estatal de Quevedo, Facultad de Ciencias de la Ingeniería, Av. Quito Km. 1½ vía a Santo Domingo de los Tsáchilas, Quevedo, Ecuador"
"fe1d2201-8467-4b2c-b71e-57b2cadf86a1","PRONAT","PRONAT","Universidade Federal de Roraima, RR, Boa Vista, Brazil","PRONAT, Universidade Federal de Roraima, RR, Boa Vista, Brazil"
"bb00b0b1-ca14-44de-b70c-66b146793ac7","UNIVERSIDADE REGIONAL DE BLUMENAU","SEM SIGLA","Departamento de Ciências Naturais, SC, Blumenau, 89030-903, Brazil","Universidade Regional de Blumenau, Departamento de Ciências Naturais, SC, Blumenau, 89030-903, Brazil"
"bc74c8d8-3ec2-4d61-9688-1a30cf976766","EMBRAPA RORAIMA","SEM SIGLA","RR, CEP: 69301-970, Boa Vista, Brazil","Embrapa Roraima, RR, CEP: 69301-970, Boa Vista, Brazil"
"092a632d-4c0e-4ca7-86b5-8e9897dfcb98","INPA","INPA","Instituto Nacional de Pesquisas da Amazônia, RR, CEP: 69301-150, Boa Vista, Brazil","INPA, Instituto Nacional de Pesquisas da Amazônia, RR, CEP: 69301-150, Boa Vista, Brazil"
"08eb1c49-ccd7-4d8a-af67-8676f1b087dd","PROGRAMA DE POS-GRADUACAO EM CIENCIAS BIOLOGICAS AREA DE CONCENTRACAO BOTANICA TROPICAL","SEM SIGLA","Universidade Federal Rural da Amazônia, Avenida Perimetral 2501, Terra Firme, Pará, Belém, 66077-830, Brazil","Programa de Pós-graduação em Ciências Biológicas – área de concentração Botânica Tropical, Universidade Federal Rural da Amazônia, Avenida Perimetral 2501, Terra Firme, Pará, Belém, 66077-830, Brazil"
"07843931-bdac-414d-b0e2-9ac2755c6575","PROGRAMA DE POS-GRADUACAO EM CIENCIAS BIOLOGICAS BOTANICA","SEM SIGLA","Instituto Nacional de Pesquisas da Amazônia, Av. André Araújo 2936, Manaus, Amazonas, Petrópolis, 69067-375, Brazil","Programa de Pós-graduação em Ciências Biológicas (Botânica), Instituto Nacional de Pesquisas da Amazônia, Av. André Araújo 2936, Manaus, Amazonas, Petrópolis, 69067-375, Brazil"
"9963c9f9-01ee-474e-be08-edb0bf52d353","UNIVERSIDADE FEDERAL DO MARANHAO","SEM SIGLA","Av. dos Portugueses 1966, Vila Bacanga, Maranhão, São Luís, 65080-805, Brazil","Universidade Federal do Maranhão, Av. dos Portugueses 1966, Vila Bacanga, Maranhão, São Luís, 65080-805, Brazil"
"87330fe6-9d00-4103-8695-524ae61833df","INSTITUTO FEDERAL DE MINAS GERAIS","SEM SIGLA","Av. Professor Mário Werneck 2590, Belo Horizonte, Minas Gerais, Buritis, 30575-180, Brazil","Instituto Federal de Minas Gerais, Av. Professor Mário Werneck 2590, Belo Horizonte, Minas Gerais, Buritis, 30575-180, Brazil"
"1df11484-e1ae-4c52-8678-09e2a91b88f7","INSTITUTO DE BIOLOGIA","SEM SIGLA","Universidade Federal da Bahia, Av. Adhemar de Barros s/no, Salvador, Bahia, Ondina, 40170-110, Brazil","Instituto de Biologia, Universidade Federal da Bahia, Av. Adhemar de Barros s/no, Salvador, Bahia, Ondina, 40170-110, Brazil"
"959edd77-9d18-488b-a8b5-d59e60d5dd53","UNIVERSIDADE FEDERAL RURAL DA AMAZONIA UFRA","UFRA","Pará, Belém, Brazil","Universidade Federal Rural da Amazônia (UFRA), Pará, Belém, Brazil"
"4aecfb53-741d-4c61-a83a-1ceb621c2b34","PROGRAMA DE POS-GRADUACAO EM BIODIVERSIDADE BIONORTE","SEM SIGLA","Departamento de Botânica, Museu Paraense Emílio Goeldi, Belém, PA, Brazil","Programa de Pós-Graduação em Biodiversidade (Bionorte), Departamento de Botânica, Museu Paraense Emílio Goeldi, Belém, PA, Brazil"
"308264d0-1d2e-48a2-a716-e892f4975ad9","INSTITUTO DE CIENCIAS BIOLOGICAS","SEM SIGLA","Universidade Federal Do Pará, Belém, PA, Brazil","Instituto de Ciências Biológicas, Universidade Federal Do Pará, Belém, PA, Brazil"
"aa8bebb0-cc4b-46b6-9fa1-e473092da38b","DEPTO DE CIENCIAS AGRARIAS E BIOLOGICAS","SEM SIGLA","Centro Univ. Norte do Espírito Santo, Univ. Federal do Espírito Santo, Espírito Santo, São Mateus, Brazil","Depto de Ciências Agrárias e Biológicas, Centro Univ. Norte do Espírito Santo, Univ. Federal do Espírito Santo, Espírito Santo, São Mateus, Brazil"
"65711a05-11a2-4033-8a43-83b9f1791ce3","UNIV FEDERAL DE SANTA CATARINA","SEM SIGLA","Campus de Curitibanos, Santa Catarina, Curitibanos, Brazil","Univ. Federal de Santa Catarina, Campus de Curitibanos, Santa Catarina, Curitibanos, Brazil"
"ac8481aa-d076-4ee7-ba52-5dfac36b2287","DEPTO DE BOTANICA","SEM SIGLA","Inst. de Biociências, Univ. de São Paulo, São Paulo, Brazil","Depto de Botânica, Inst. de Biociências, Univ. de São Paulo, São Paulo, Brazil"
"9aa816b3-b51e-466f-af19-dfbe77277b8a","UNIVERSIDADE FEDERAL DE LAVRAS","SEM SIGLA","MG, Lavras, 37203-202, Brazil","Universidade Federal de Lavras, MG, Lavras, 37203-202, Brazil"
"52148bd7-4ade-431d-a249-cc950a87e1d4","UNIVERSIDADE FEDERAL DE PELOTAS","SEM SIGLA","departamento de Botânica, RS, Pelotas, 96010-610, Brazil","Universidade Federal de Pelotas, departamento de Botânica, RS, Pelotas, 96010-610, Brazil"
"d172d8da-c5b1-4405-b63e-27d572314d3c","RUBBER RESEARCH INSTITUTE OF MALAYSIA","SEM SIGLA","Sungai Buloh, Malaysia","Rubber Research Institute of Malaysia, Sungai Buloh, Malaysia"
"0983e01d-8099-4ef7-9db6-8fe6d24b6e7d","UNIVERSITI MALAYSIA TERENGGANU","SEM SIGLA","Kuala Terengganu, Malaysia","Universiti Malaysia Terengganu, Kuala Terengganu, Malaysia"
"2f3cb341-579e-4698-8dab-6d3868d6db75","ASSESSORIA TECNICA AMBIENTAL LTDA","SEM SIGLA","Rua Marechal José Bernardino Bormann, 821, Batel, Curitiba, Paraná, 80730-350, Brazil","Assessoria Técnica Ambiental Ltda., Rua Marechal José Bernardino Bormann, 821, Batel, Curitiba, Paraná, 80730-350, Brazil"
"513a9eb5-8d65-4d18-a56a-210667da5c35","BIOLOGA CONSULTORA","SEM SIGLA","Rua Uirapurú, 379, Jardim Olenka, Campo Novo do Parecis, Mato Grosso, 78360-000, Brazil","Bióloga Consultora, Rua Uirapurú, 379, Jardim Olenka, Campo Novo do Parecis, Mato Grosso, 78360-000, Brazil"
"52711320-a8de-4f64-ab8e-01d9f0be2a3a","UNIVERSIDADE FEDERAL DO MATO GROSSO-UFMT","UFMT","Instituto de Biociências, Departamento de Botânica e Ecologia, Laboratório de Estudos Integrados de Plantas, Avenida Fernando Corrêa da Costa, 2367, Boa Esperança, Cuiabá, Mato Grosso, 78060-900, Brazil","Universidade Federal Do Mato Grosso-UFMT, Instituto de Biociências, Departamento de Botânica e Ecologia, Laboratório de Estudos Integrados de Plantas, Avenida Fernando Corrêa da Costa, 2367, Boa Esperança, Cuiabá, Mato Grosso, 78060-900, Brazil"
"12278218-b92c-427e-90f6-75cdfc9629fd","DEPARTAMENTO DE BIOLOGIA VEGETAL","SEM SIGLA","Universidade do Estado do Rio de Janeiro, Rio de Janeiro, Brazil","Departamento de Biologia Vegetal, Universidade do Estado do Rio de Janeiro, Rio de Janeiro, Brazil"
"d44a7c6b-31fc-41c9-816a-099a62b6cae0","UNIVERSIDADE FEDERAL DE SAO CARLOS","SEM SIGLA","Campus Sorocaba, Centro de Ciências e Tecnologias para a Sustentabilidade, Herbário SORO, Rodovia João Leme dos Santos (SP-264), km 110, Sorocaba, SP, 18052-780, Brazil","Universidade Federal de São Carlos, Campus Sorocaba, Centro de Ciências e Tecnologias para a Sustentabilidade, Herbário SORO, Rodovia João Leme dos Santos (SP-264), km 110, Sorocaba, SP, 18052-780, Brazil"
"36d03267-d5b3-4ac6-b358-44aefd8c9ee9","FACULDADE DE CIENCIAS FARMACEUTICAS","SEM SIGLA","Universidade Federal do Amazonas, Manaus – AM, 69080-900, Brazil","Faculdade de Ciências Farmacêuticas, Universidade Federal do Amazonas, Manaus – AM, 69080-900, Brazil"
"ff111c81-4240-4829-addc-bc781e71408c","COORDENACAO DE PESQUISA DE TECNOLOGIA E INOVACAO","SEM SIGLA","Instituto Nacional de Pesquisas da Amazônia, Manaus – AM, 69067-375, Brazil","Coordenação de Pesquisa de Tecnologia e Inovação, Instituto Nacional de Pesquisas da Amazônia, Manaus – AM, 69067-375, Brazil"
"cbc335eb-b166-4de4-bf78-579fe4a82ffa","EXTRACTION LABORATORY","SEM SIGLA","Post-graduate program in Food Science and Technology, Institute of Technology, Federal University of Pará, Rua Augusto Corrêa S/N, Guamá, Belém, 66075-900, Pará, Brazil","Extraction Laboratory, Post-graduate program in Food Science and Technology, Institute of Technology, Federal University of Pará, Rua Augusto Corrêa S/N, Guamá, Belém, 66075-900, Pará, Brazil"
"cd9fa469-5711-4821-ad65-25d858596b90","LABORATOY OF PHARMACEUTICAL NANOTECHNOLOGY","SEM SIGLA","Federal University of Pará, Rua Augusto Corrêa S/N, Guamá, Belém, 66075-900, Pará, Brazil","Laboratoy of Pharmaceutical Nanotechnology, Federal University of Pará, Rua Augusto Corrêa S/N, Guamá, Belém, 66075-900, Pará, Brazil"
"7d765352-832c-4433-ac10-7b51eb8d5f92","LABORATORY R&D PHARMACEUTICAL AND COSMETIC","SEM SIGLA","Federal University of Pará, Rua Augusto Corrêa S/N, Guamá, Belém, 66075-900, Pará, Brazil","Laboratory R&D Pharmaceutical and Cosmetic, Federal University of Pará, Rua Augusto Corrêa S/N, Guamá, Belém, 66075-900, Pará, Brazil"
"747fc99a-daa2-48a0-a7ba-ee323db5afbd","UNIVERSIDADE FEDERAL DO ESPIRITO SANTO","SEM SIGLA","Centro Universitário Norte do Espírito Santo, Rodovia BR 101 Norte Km 60 Bairro Litorâneo, São Mateus - ES, CEP 29932-900, Brazil","Universidade Federal do Espírito Santo, Centro Universitário Norte do Espírito Santo, Rodovia BR 101 Norte Km 60 Bairro Litorâneo, São Mateus - ES, CEP 29932-900, Brazil"
"da2197c5-014d-4997-bf58-9c00b7e8f0e2","UNIVERSIDADE FEDERAL DO ACRE","SEM SIGLA","Centro de Ciências Biológicas e da Natureza, Rio Branco, Brazil","Universidade Federal do Acre, Centro de Ciências Biológicas e da Natureza, Rio Branco, Brazil"
"cf9021de-78fb-41c5-98c4-bc2282b4f03c","LABORATORIO DE MELHORAMENTO DE PLANTAS","SEM SIGLA","Departamento de Ciências Biológicas, Universidade Estadual de Santa Cruz (UESC), Ilhéus, Brazil","Laboratório de Melhoramento de Plantas, Departamento de Ciências Biológicas, Universidade Estadual de Santa Cruz (UESC), Ilhéus, Brazil"
"8059bf94-2771-4036-9752-5d44f3485236","INSTITUTO NACIONAL DE PESQUISAS DA AMAZONIA - INPA","INPA","Depto. Botânica, Prog. Pós-graduação em Botânica, Av. André Araújo 2936, Aleixo, Manaus, AM, 69060-001, Brazil","Instituto Nacional de Pesquisas da Amazônia - INPA, Depto. Botânica, Prog. Pós-graduação em Botânica, Av. André Araújo 2936, Aleixo, Manaus, AM, 69060-001, Brazil"
"f9843460-0931-49c5-8f0c-8359ad2c2919","UNIVERSIDADE FEDERAL DO AMAZONAS - UFAM","UFAM","Prog. Pós-graduação em Diversidade Biológica, Av. Gal. Rodrigo Otávio Jordão Ramos 3000, Japiim II, Manaus, AM, 69077-000, Brazil","Universidade Federal do Amazonas - UFAM, Prog. Pós-graduação em Diversidade Biológica, Av. Gal. Rodrigo Otávio Jordão Ramos 3000, Japiim II, Manaus, AM, 69077-000, Brazil"
"5b33a0e9-551a-4637-9085-135536432fc6","PROGRAMA DE POS-GRADUACAO EM AGRONOMIA TROPICAL","SEM SIGLA","Universidade Federal do Amazonas, Manaus, Brazil","Programa de Pós-Graduação em Agronomia Tropical, Universidade Federal do Amazonas, Manaus, Brazil"
"dc46a0db-bc10-419e-9200-05922545d904","DEPARTAMENTO DE CIENCIAS FUNDAMENTAIS E DESENVOLVIMENTO AGRICOLA","SEM SIGLA","Universidade Federal do Amazonas, Manaus, Brazil","Departamento de Ciências Fundamentais e Desenvolvimento Agrícola, Universidade Federal do Amazonas, Manaus, Brazil"
"aee0b245-0727-4ff1-8770-e9ff0c352ea5","INTITUTO DE BIOCIENCIAS","SEM SIGLA","Universidade Federal do Mato Grosso, Av. Fernando Correa da Costa, Boa Esperança, Cuiabá (MT), 78060-900, Brazil","Intituto de Biociências, Universidade Federal do Mato Grosso, Av. Fernando Correa da Costa, Boa Esperança, Cuiabá (MT), 78060-900, Brazil"
"2f11d76f-a351-446a-9772-b003a1ad06af","HERBARIO DA AMAZONIA MERIDIONAL","SEM SIGLA","Universidade do Estado de Mato Grosso, Rodovia MT 208, Km 147, Jardim Tropical, Alta Floresta (MT), 78580-000, Brazil","Herbário da Amazônia Meridional, Universidade do Estado de Mato Grosso, Rodovia MT 208, Km 147, Jardim Tropical, Alta Floresta (MT), 78580-000, Brazil"
"abca5e62-8fef-4aed-9b27-478a78e94d83","HERBIERS","SEM SIGLA","Université de Lyon 1, Villeurbanne Cedex, F-69622, France","Herbiers, Université de Lyon 1, Villeurbanne Cedex, F-69622, France"
"441cb656-435a-489f-847b-8068e1c6785f","INSTITUTO DE SAUDE E BIOTECNOLOGIA","SEM SIGLA","Universidade Federal do Amazonas, Coari, Brazil","Instituto de Saúde e Biotecnologia, Universidade Federal do Amazonas, Coari, Brazil"
"6c0a6bb8-a991-41ff-8877-07481eebe8e8","INSTITUTO MILITAR DE ENGENHARIA","SEM SIGLA","Rio de Janeiro, Brazil","Instituto Militar de Engenharia, Rio de Janeiro, Brazil"
"1c8572d4-16dc-4564-bfc4-74af70b5a045","DIRECCION DE INVESTIGACION EN DIVERSIDAD BIOLOGICA TERRESTRE AMAZONICA DBIO","DBIO","Instituto de Investigaciones de la Amazonía Peruana, Iquitos, Peru","Dirección de Investigación en Diversidad Biológica Terrestre Amazónica (DBIO), Instituto de Investigaciones de la Amazonía Peruana, Iquitos, Peru"
"1f2dd753-a779-4de4-853c-b778c286bf0f","FACULTAD DE AGRONOMIA","SEM SIGLA","Universidad Nacional de la Amazonía Peruana, Iquitos, Peru","Facultad de Agronomía, Universidad Nacional de la Amazonía Peruana, Iquitos, Peru"
"8a684ab5-f121-4d86-a662-15244aaa0043","FACULTAD DE BIOLOGIA","SEM SIGLA","Universidad Nacional de la Amazonía Peruana, Iquitos, Peru","Facultad de Biología, Universidad Nacional de la Amazonía Peruana, Iquitos, Peru"
"2e25e3d8-965d-4c03-810c-f4c9c1ed4843","FACULTAD DE FORESTALES","SEM SIGLA","Universidad Nacional de la Amazonía Peruana, Iquitos, Peru","Facultad de Forestales, Universidad Nacional de la Amazonía Peruana, Iquitos, Peru"
"007bf925-5a99-4888-a6e7-4dab66ac610e","MUSEO DE HISTORIA NATURAL","SEM SIGLA","Universidad Nacional Mayor de San Marcos, Lima, Peru","Museo de Historia Natural, Universidad Nacional Mayor de San Marcos, Lima, Peru"
"181b5f2f-4fe2-441e-93b0-e2bf0f9df930","PARTE DO TRABALHO DE CONCLUSAO DE CURSO APRESENTADO AO INSTITUTO FEDERAL DE EDUCACAO","SEM SIGLA","Campus Colorado Do Oeste, Ciência e Tecnologia de Rondônia, Ro, Brazil","Parte Do Trabalho de Conclusao de Curso Apresentado Ao Instituto Federal de Educacao, Campus Colorado Do Oeste, Ciência e Tecnologia de Rondônia, Ro, Brazil"
"d19e3dae-0f14-427d-9a5e-8f94bee2f4d8","INSTITUTO FEDERAL DE RONDONIA","SEM SIGLA","Depto. Pesquisa, Herbário Cooe, Zona Rural, BR-435, km 63, Colorado do Oeste, RO, 76993-000, Brazil","Instituto Federal de Rondônia, Depto. Pesquisa, Herbário Cooe, Zona Rural, BR-435, km 63, Colorado do Oeste, RO, 76993-000, Brazil"
"ad82e275-43b0-4c60-9eed-b53f205f7c0b","DEPARTAMENTO","SEM SIGLA","de Botânica UFAM, Manaus, Amazonas, Brazil","Departamento, de Botânica UFAM, Manaus, Amazonas, Brazil"
"ec44af3b-2f86-4193-96d8-6abc4b4e02b2","DCNAT","DCNAT","- UFSJ, São João del-Rei, Minas Gerais, Brazil","DCNAT, - UFSJ, São João del-Rei, Minas Gerais, Brazil"
"4bd3a747-7328-4aa6-a0d1-3e49288df52b","GERENCIA DE MEIO AMBIENTE MINAS DE CARAJAS","SEM SIGLA","Departamento de Ferrosos Norte, Estrada Raymundo Mascarenhas, S/N Mina de N4, Parauapebas, PA, 68516 000, Brazil","Gerência de Meio Ambiente – Minas de Carajás, Departamento de Ferrosos Norte, Estrada Raymundo Mascarenhas, S/N Mina de N4, Parauapebas, PA, 68516 000, Brazil"
"ad8992c5-4f34-430e-8d6a-5704e62d052a","INSTITUTO OSWALDO CRUZ","SEM SIGLA","Avenida Brasil 4365, Manguinhos, Rio de Janeiro, RJ, 21040-900, Brazil","Instituto Oswaldo Cruz, Avenida Brasil 4365, Manguinhos, Rio de Janeiro, RJ, 21040-900, Brazil"
"65e9a88b-16a9-41b0-9e30-714f1bbc7fcd","GRADUATE PROGRAM IN BOTANY","SEM SIGLA","National Institute of Amazonian Research-INPA, Department of Botany, Av. André Araújo, 2936, Aleixo, Manaus, AM, Brazil","Graduate program in Botany, National Institute of Amazonian Research-INPA, Department of Botany, Av. André Araújo, 2936, Aleixo, Manaus, AM, Brazil"
"fada7edc-3e2a-4126-a8bd-661ef66b1524","ECOLOGY","SEM SIGLA","Monitoring and Sustainable Use of Wetlands – Group MAUA, Av. André Araújo, 2936, Aleixo, Manaus, AM, Brazil","Ecology, Monitoring and Sustainable Use of Wetlands – Group MAUA, Av. André Araújo, 2936, Aleixo, Manaus, AM, Brazil"
"a3a45ad9-9619-4001-9481-fd5346bd6d44","UNIVERSIDADE FEDERAL DE SAO JOAO DEL-REI","SEM SIGLA","Departamento de Ciências Naturais, São João del-Rei, Minas Gerais, Brazil","Universidade Federal de São João del-Rei, Departamento de Ciências Naturais, São João del-Rei, Minas Gerais, Brazil"
"417ad713-62a2-4eec-8f35-39195757fc19","PROGRAMA DE POS-GRADUACAO EM BOTANICA PPGBOT","PPGBOT","Instituto Nacional de Pesquisas da Amazônia (INPA), Av. André Araújo 2936, Manaus, Amazonas, 69067-375, Brazil","Programa de Pós-Graduação em Botânica (PPGBOT), Instituto Nacional de Pesquisas da Amazônia (INPA), Av. André Araújo 2936, Manaus, Amazonas, 69067-375, Brazil"
"7ac8cc75-74f9-4703-83bf-ac3bce75fef7","PROJETO DINAMICA BIOLOGICA DE FRAGMENTOS FLORESTAIS PDBFF","PDBFF","Instituto Nacional de Pesquisas da Amazônia (INPA), Smithsonian Tropical Research Institute (STRI), Av. André Araújo 2936, Manaus, Amazonas, 69067-375, Brazil","Projeto Dinâmica Biológica de Fragmentos Florestais (PDBFF), Instituto Nacional de Pesquisas da Amazônia (INPA), Smithsonian Tropical Research Institute (STRI), Av. André Araújo 2936, Manaus, Amazonas, 69067-375, Brazil"
"43a84f60-6b00-4aff-bf4b-14759c336db1","DEPARTMENT OF INTEGRATIVE BIOLOGY AND UNIVERSITY AND JEPSON HERBARIA","SEM SIGLA","University of California, Berkeley, 94720, CA, United States","Department of Integrative Biology and University and Jepson Herbaria, University of California, Berkeley, 94720, CA, United States"
"1b087a3f-a003-40ad-a2a7-976b273e0950","COORDENACAO DE DINAMICA AMBIENTAL E PROGRAMA DE POS-GRADUACAO EM BOTANICA","SEM SIGLA","Instituto Nacional de Pesquisas da Amazônia, Manaus, 70390-095, Amazonas, Brazil","Coordenação de Dinâmica Ambiental e Programa de Pós-Graduação em Botânica, Instituto Nacional de Pesquisas da Amazônia, Manaus, 70390-095, Amazonas, Brazil"
"ca27e3f8-2cb1-4ccc-9593-a3cfdfd13858","LABORATORY OF THEORETICAL AND COMPUTATIONAL CHEMISTRY","SEM SIGLA","Chemistry Department, Federal University of Amazonas, Manaus, AM, Brazil","Laboratory of Theoretical and Computational Chemistry, Chemistry Department, Federal University of Amazonas, Manaus, AM, Brazil"
"e1907e5b-d7e9-45bf-b3fe-d34bf29cc550","WESTERN AMAZON EMBRAPA","SEM SIGLA","Rodovia AM 10, s/n, Km 29, Manaus, AM, Brazil","Western Amazon Embrapa, Rodovia AM 10, s/n, Km 29, Manaus, AM, Brazil"
"e6a595c0-8ce8-41f8-ad0e-2dbe20ecf00f","LABORATORY OF MALARIA AND DENGUE","SEM SIGLA","Institute for Research in the Amazon, Manaus, AM, Brazil","Laboratory of Malaria and Dengue, Institute for Research in the Amazon, Manaus, AM, Brazil"
"444cac5d-d928-40ff-95d9-cb1113ff3141","UNIVERSIDADE FEDERAL DO PIAUI","SEM SIGLA","Campus de Bom Jesus, Brazil","Universidade Federal do Piauí, Campus de Bom Jesus, Brazil"
"fe568f72-664c-45ae-bc06-862e09df19d4","MUSEU DA AMAZONIA","SEM SIGLA","MUSA, Cidade de Deus, Av. Margarita s/n, Manaus, AM, 69099-415, Brazil","Museu da Amazônia, MUSA, Cidade de Deus, Av. Margarita s/n, Manaus, AM, 69099-415, Brazil"
"3da513d8-e2b9-4010-8c56-1b059892756c","COND VILLE DE MONTAGNE","SEM SIGLA","qd 2, c2, Lago Sul, DF, 71680-357, Brazil","Cond. Ville de Montagne, qd 2, c2, Lago Sul, DF, 71680-357, Brazil"
"a2eaa60b-91b5-4b7b-a585-5d5dc9855551","CENTRO INTERDISCIPLINAR DE INVESTIGACAO BIOQUMICA","SEM SIGLA","Universidade de Mogi das Cruzes, Mogi das Cruzes, Brazil","Centro Interdisciplinar de Investigação Bioquı́mica, Universidade de Mogi das Cruzes, Mogi das Cruzes, Brazil"
"2fe28f64-7ddf-46d5-a16e-20a8cdb525c8","DEPARTAMENTO DE BIOQUIMICA","SEM SIGLA","Universidade Federal de São Paulo, Universidade Braz Cubas, São Paulo, Brazil","Departamento de Bioquímica, Universidade Federal de São Paulo, Universidade Braz Cubas, São Paulo, Brazil"
"2abb94fc-9998-45c1-bebc-5b8ef5f45e24","CENTRO DE CIENCIAS NATURAIS E HUMANAS","SEM SIGLA","Universidade Federal do ABC, Santo André, Brazil","Centro de Ciências Naturais e Humanas, Universidade Federal do ABC, Santo André, Brazil"
"82c35c17-8a1a-45a6-9e83-2560c7cb193f","DEPARTAMENTO DE GENETICA","SEM SIGLA","Escola Superior de Agricultura “Luiz de Queiroz,”, Universidade de São Paulo, Piracicaba, SP, Brazil","Departamento de Genética, Escola Superior de Agricultura “Luiz de Queiroz,”, Universidade de São Paulo, Piracicaba, SP, Brazil"
"b93ce328-4790-4081-8a2b-1255d4bb1933","CENTRE NATIONAL DE RESSOURCES GENOMIQUES VEGETALES","SEM SIGLA","INRA, Auzeville, Castanet-Tolosan, France","Centre National de Ressources Génomiques Végétales, INRA, Auzeville, Castanet-Tolosan, France"
"9efa8ab9-1a83-4a7e-a19a-2abcec1d2386","POLO REGIONAL DE DESENVOLVIMENTO TECNOLOGICO DO CENTRO SUL","SEM SIGLA","Agência Paulista de Tecnologia dos Agronegócios, Piracicaba, SP, Brazil","Polo Regional de Desenvolvimento Tecnológico do Centro Sul, Agência Paulista de Tecnologia dos Agronegócios, Piracicaba, SP, Brazil"
"fe7cbe42-cdde-4cd7-be7a-ca471ee8a1b8","UNIVERSIDADE FEDERAL DE RORAIMA","SEM SIGLA","Centro de Estudos da Biodiversidade, Herbário UFRR, Av. Cap. Ene Garcez 2413, Boa Vista, RR, 69310-000, Brazil","Universidade Federal de Roraima, Centro de Estudos da Biodiversidade, Herbário UFRR, Av. Cap. Ene Garcez 2413, Boa Vista, RR, 69310-000, Brazil"
"354b4dc8-d75b-4477-8c0a-cc5abf66b795","PROGRAMA DE POS GRADUACAO REDE BIONORTE","SEM SIGLA","Universidade Federal do Pará, Pará, Belém, Brazil","Programa de Pós Graduação Rede BIONORTE, Universidade Federal do Pará, Pará, Belém, Brazil"
"fe217c14-1a21-47cc-a1bb-7f18c39d8f98","LABORATORIO DE BOTANICA AGRO FLORESTAL","SEM SIGLA","Faculdade de Ciências Agrárias - FCA, Campus Setor Sul, Universidade Federal do Amazonas, Amazonas, Manaus, Brazil","Laboratório de Botânica Agro Florestal, Faculdade de Ciências Agrárias - FCA, Campus Setor Sul, Universidade Federal do Amazonas, Amazonas, Manaus, Brazil"
"70091569-1411-415e-952d-6eb4378f8374","INSTITUTO DE PESQUISA JARDIM BOTANICO DO RIO DE JANEIRO","SEM SIGLA","RJ, Rio de Janeiro, Brazil","Instituto de Pesquisa Jardim Botânico do Rio de Janeiro, RJ, Rio de Janeiro, Brazil"
"92604c71-470b-4e22-8da0-ab1124b4c726","UNIVERSIDADE FEDERAL RURAL DA AMAZONIA/MUSEU PARAENSE EMILIO GOELDI","SEM SIGLA","Prog. Pós-Graduação em Ciências Biológicas – Botânica Tropical. Museu Paraense Emílio Goeldi, Campus de Pesquisa, Av. Perimetral, 1901, Terra Firme, Belém, CEP 66077-530, PA, Brazil","Universidade Federal Rural da Amazônia/Museu Paraense Emílio Goeldi, Prog. Pós-Graduação em Ciências Biológicas – Botânica Tropical. Museu Paraense Emílio Goeldi, Campus de Pesquisa, Av. Perimetral, 1901, Terra Firme, Belém, CEP 66077-530, PA, Brazil"
"4930b364-e02a-4c3e-a884-3a37f0ee5952","UNIVERSIDADE FEDERAL DO RIO GRANDE DO SUL","SEM SIGLA","Porto Alegre, Rio Grande do Sul, Brazil","Universidade Federal do Rio Grande do Sul, Porto Alegre, Rio Grande do Sul, Brazil"
"7d4dd2b0-9adc-4e0f-b716-e180e0e9303d","MUSEU PARAENSE EMILIO GOELDI - MPEG","MPEG","Campus de Pesquisa, Coordenação de Botânica - COBOT. Av. Perimetral, 1901, Terra Firme, Belém, 66077-530, PA, Brazil","Museu Paraense Emílio Goeldi - MPEG, Campus de Pesquisa, Coordenação de Botânica - COBOT. Av. Perimetral, 1901, Terra Firme, Belém, 66077-530, PA, Brazil"
"ba897f60-a735-4a63-92d3-aeaa929c5bc9","DEPARTMENT OF ZOOLOGY","SEM SIGLA","University of Cambridge, Cambridge, United Kingdom","Department of Zoology, University of Cambridge, Cambridge, United Kingdom"
"cad129bb-e997-4310-a58b-160ece183c4f","SMITHSONIAN TROPICAL RESEARCH INSTITUTE","SEM SIGLA","Panama","Smithsonian Tropical Research Institute, Panama"
"550e2a93-3eb3-4387-a52e-d6e69eb75467","DIVISION OF EVOLUTIONARY BIOLOGY","SEM SIGLA","Ludwig-Maximilians-Universität, Munich, Germany","Division of Evolutionary Biology, Ludwig-Maximilians-Universität, Munich, Germany"
"4ceff086-854a-4b7d-be27-8767a4e6e75b","DEPARTMENT OF LIFE SCIENCES","SEM SIGLA","Institute of Organic Chemistry, Institute of Organic Chemistry, Technische Universität Braunschweig, Braunschweig, Germany","Department of Life Sciences, Institute of Organic Chemistry, Institute of Organic Chemistry, Technische Universität Braunschweig, Braunschweig, Germany"
"47198fb2-3966-4c0d-bff8-3d32d1d34b41","DEPARTAMENTO DE ENGENHARIA FLORESTAL","SEM SIGLA","Universidade Federal dos Vales do Jequitinhonha e Mucuri (UFVJM), MG, Diamantina, 39100-000, Brazil","Departamento de Engenharia Florestal, Universidade Federal dos Vales do Jequitinhonha e Mucuri (UFVJM), MG, Diamantina, 39100-000, Brazil"
"f525dec4-f9d3-478a-bdf2-3bf222c69c84","UNIVERSIDADE FEDERAL DO SUL E SUDESTE DO PARA UNIFESSPA","UNIFESSPA","PA, São Félix do Xingu, Brazil","Universidade Federal do Sul e Sudeste do Pará (UNIFESSPA), PA, São Félix do Xingu, Brazil"
"98ed9080-5ee2-4c5e-ae4d-22052b2956fc","INSTITUTO DE BIODIVERSIDADE E FLORESTAS IBEF","IBEF","Universidade Federal do Oeste do Pará (UFOPA), PA, Santarém, Brazil","Instituto de Biodiversidade e Florestas (IBEF), Universidade Federal do Oeste do Pará (UFOPA), PA, Santarém, Brazil"
"d35c7e55-702a-4e29-81ab-6631b6c156c6","PROGRAMA DE POSGRADUACAO EM CIENCIAS BIOLOGICAS BOTANICA","SEM SIGLA","Departamento de Botânica, Instituto de Biociências, Universidade de São Paulo, São Paulo, São Paulo, 05508–900, Brazil","Programa de Pós–Graduação em Ciências Biológicas (Botânica), Departamento de Botânica, Instituto de Biociências, Universidade de São Paulo, São Paulo, São Paulo, 05508–900, Brazil"
"e3b1f853-24b0-4e09-9444-8fcf9c4e8ac1","METABOLOMICS AND MASS SPECTROMETRY RESEARCH GROUP","SEM SIGLA","Amazonas State University (UEA), Manaus, 690065-130, Amazonas, Brazil","Metabolomics and Mass Spectrometry Research Group, Amazonas State University (UEA), Manaus, 690065-130, Amazonas, Brazil"
"d82898d2-cd67-4939-b3c0-fb075a4be664","SCHOOL OF MEDICINE AND SCHOOL OF DENTISTRY","SEM SIGLA","Federal University of Bahia, Salvador, 40301-155, Bahia, Brazil","School of Medicine and School of Dentistry, Federal University of Bahia, Salvador, 40301-155, Bahia, Brazil"
"521e256a-2700-489f-aa8c-6ac0e0b20473","LABORATORY OF APPLIED CHEMISTRY AND TECHNOLOGY","SEM SIGLA","Amazonas State University (UEA), Manaus, 69050-020, Amazonas, Brazil","Laboratory of Applied Chemistry and Technology, Amazonas State University (UEA), Manaus, 69050-020, Amazonas, Brazil"
"beb09a1a-2ef1-43ad-b289-0993c809df16","FACULTY OF PHARMACY","SEM SIGLA","Federal University of Amazonas (UFAM), Manaus, 69077-000, Amazonas, Brazil","Faculty of Pharmacy, Federal University of Amazonas (UFAM), Manaus, 69077-000, Amazonas, Brazil"
"5d1aa52e-cb09-45ea-8d6b-794a2584f753","ANALYTICAL CENTER","SEM SIGLA","Multidisciplinary Support Center (CAM), Federal University of Amazonas (UFAM), Manaus, 69080-900, Amazonas, Brazil","Analytical Center, Multidisciplinary Support Center (CAM), Federal University of Amazonas (UFAM), Manaus, 69080-900, Amazonas, Brazil"
"d167a2ec-a8f7-4aff-9dea-4aade6e345a7","PROGRAMA DE POS-GRADUACAO EM BIOLOGIA ANIMAL","SEM SIGLA","Universidade Federal de Pernambuco, Recife, 50670-901, Brazil","Programa de Pós-graduação em Biologia Animal, Universidade Federal de Pernambuco, Recife, 50670-901, Brazil"
"2d8920e7-9153-42d9-997b-6ef183713c85","INSTITUTE OF ORGANIC CHEMISTRY","SEM SIGLA","Technische Universität Braunschweig, Hagenring 30, Braunschweig, 38106, Germany","Institute of Organic Chemistry, Technische Universität Braunschweig, Hagenring 30, Braunschweig, 38106, Germany"
"5c72c3cc-16a5-4712-a9ce-f75b9caa81d2","DEPARTMENT OF BIOSCIENCES","SEM SIGLA","University of Salzburg, Billrothstraße 11 and Hellbrunnerstraße 34, Salzburg, 5020, Austria","Department of Biosciences, University of Salzburg, Billrothstraße 11 and Hellbrunnerstraße 34, Salzburg, 5020, Austria"
"f00a0bb2-0d0f-4c26-b6b4-93223674cada","DEPARTMENT OF BOTANY AND BIODIVERSITY RESEARCH","SEM SIGLA","University of Vienna, Rennweg 14, Vienna, 1030, Austria","Department of Botany and Biodiversity Research, University of Vienna, Rennweg 14, Vienna, 1030, Austria"
"1d023091-6af1-4c1a-be72-3e417394d94f","CURSO DE CIENCIAS BIOLOGICAS","SEM SIGLA","Universidade Católica Dom Bosco, Campo Grande, 70790-100, Brazil","Curso de Ciências Biológicas, Universidade Católica Dom Bosco, Campo Grande, 70790-100, Brazil"
"280c7b13-bb20-4017-a0d7-b11017c1493b","DEPARTAMENTO DE QUIMICA FUNDAMENTAL","SEM SIGLA","Universidade Federal de Pernambuco, Recife, 50740-560, Brazil","Departamento de Química Fundamental, Universidade Federal de Pernambuco, Recife, 50740-560, Brazil"
"cc9fc376-9e2d-427a-b9b4-ff01d97ff7b9","CENTRO DE CIENCIAS HUMANAS","SEM SIGLA","Naturais, Saúde e Tecnologia, Universidade Federal do Maranhão, Pinheiro, MA, 65200-000, Brazil","Centro de Ciências Humanas, Naturais, Saúde e Tecnologia, Universidade Federal do Maranhão, Pinheiro, MA, 65200-000, Brazil"
"cecf04fe-b275-40f3-afe1-e5c121469f5c","CENTRO DE EDUCACAO","SEM SIGLA","Ciências Exatas e Naturais, Departamento de Biologia, Universidade Estadual do Maranhão, São Luís, MA, 65054-970, Brazil","Centro de Educação, Ciências Exatas e Naturais, Departamento de Biologia, Universidade Estadual do Maranhão, São Luís, MA, 65054-970, Brazil"
"ce11dfb1-a57e-46bd-9a0a-d8ae354dbd4c","PROGRAMA DE POS-GRADUACAO EM RECURSOS NATURAIS DA AMAZONIA","SEM SIGLA","Universidade Federal do Oeste do Pará, PA, Santarém, 68040-255, Brazil","Programa de Pós-Graduação em Recursos Naturais da Amazônia, Universidade Federal do Oeste do Pará, PA, Santarém, 68040-255, Brazil"
"c19921dd-0636-4656-90be-2753ea15a05a","GRUPO DE PESQUISA EM ECOLOGIA","SEM SIGLA","Campus Sorocaba, Universidade Federal de Saõ Carlos, SistemÃitica e ConservaÃao de Recursos Naturais, Rodovia Joao Leme dos Santos (SP-264),km 110, Sorocaba,SP, 18052-780, Brazil","Grupo de Pesquisa em Ecologia, Campus Sorocaba, Universidade Federal de Saõ Carlos, SistemÃitica e ConservaÃao de Recursos Naturais, Rodovia Joao Leme dos Santos (SP-264),km 110, Sorocaba,SP, 18052-780, Brazil"
"10246289-46c4-4c01-ae08-3eb38b18e95e","INSTITUTE OF INORGANIC AND ANALYTICAL CHEMISTRY","SEM SIGLA","Technische Universität Braunschweig, Hagenring 30, Braunschweig, 38106, Germany","Institute of Inorganic and Analytical Chemistry, Technische Universität Braunschweig, Hagenring 30, Braunschweig, 38106, Germany"
"b73248e3-655b-40a3-87d5-0567404be241","FEDERAL UNIVERSITY OF PARANA UFPR","UFPR","Wood Supply and Forest Mechanization Lab (LAMEC), Prefeito Lothário Meissner Avenue, 632, Jardim Botânico Curitiba – PR, 80210-170, Brazil","Federal University of Paraná (UFPR), Wood Supply and Forest Mechanization Lab (LAMEC), Prefeito Lothário Meissner Avenue, 632, Jardim Botânico Curitiba – PR, 80210-170, Brazil"
"ae451aaa-ab16-45d6-9c82-d34cd39cf8ea","UNIVERSITY OF TRAS OS MONTES AND ALTO DOURO UTAD","UTAD","School of Agrarian and Veterinary Sciences (ECAV), Polo II. Quinta de Prados, Vila Real, 5000-801, Portugal","University of Trás os Montes and Alto Douro (UTAD), School of Agrarian and Veterinary Sciences (ECAV), Polo II. Quinta de Prados, Vila Real, 5000-801, Portugal"
"91606de9-7f73-4f33-891a-aba191b0cb50","UNIVERSIDADE FEDERAL DO PARA","SEM SIGLA","Instituto de Ciências Biológicas, Programa de Pós-Graduação em Genética e Biologia Molecular, Belém-PA, 66075-110, Brazil","Universidade Federal Do Pará, Instituto de Ciências Biológicas, Programa de Pós-Graduação em Genética e Biologia Molecular, Belém-PA, 66075-110, Brazil"
"09f2d1b1-0792-48a4-8ff7-3850aed41ef4","COORDENACAO DE BIODIVERSIDADE","SEM SIGLA","Instituto Nacional de Pesquisas da Amazônia, Caixa Postal 2223, Manaus, AM, 69080-971, Brazil","Coordenação de Biodiversidade, Instituto Nacional de Pesquisas da Amazônia, Caixa Postal 2223, Manaus, AM, 69080-971, Brazil"
"43338c2b-613d-4453-8e32-6317960e37ae","FACULDADE DE CIENCIAS AGRARIAS","SEM SIGLA","Universidade Federal do Amazonas, Manaus, AM, 69077-000, Brazil","Faculdade de Ciências Agrárias, Universidade Federal do Amazonas, Manaus, AM, 69077-000, Brazil"
"81dbf868-3773-47e2-872b-6e1de4f37298","LABORATORIO DE TAXONOMIA E FARMACOBOTANICA","SEM SIGLA","Departamento de Biotecnologia, Centro de Biotecnologia, Universidade Federal da Paraíba, PB, João Pessoa, 58051-970, Brazil","Laboratório de Taxonomia e Farmacobotânica, Departamento de Biotecnologia, Centro de Biotecnologia, Universidade Federal da Paraíba, PB, João Pessoa, 58051-970, Brazil"
"e05dd225-037d-466f-8dde-75331852c4ba","INSTITUTO DE CIENCIAS E TECNOLOGIA DAS AGUAS & HERBARIO HSTM","HSTM","Universidade Federal do Oeste do Pará, Rua Vera Paz, Salé, PA, Santarém, 68040-255, Brazil","Instituto de Ciências e Tecnologia das Águas & Herbário HSTM, Universidade Federal do Oeste do Pará, Rua Vera Paz, Salé, PA, Santarém, 68040-255, Brazil"
"df85303b-117d-4d49-afa3-40e48b673267","OSWALDO CRUZ FOUNDATION","SEM SIGLA","Leônidas and Maria Deane Institute, Manaus, AM, Brazil","Oswaldo Cruz Foundation, Leônidas and Maria Deane Institute, Manaus, AM, Brazil"
"e375fe92-9a07-4184-b95b-dee02e95d856","DEPARTMENT OF BASIC HEALTH SCIENCES","SEM SIGLA","Maringá State University, Maringá, PR, Brazil","Department of Basic Health Sciences, Maringá State University, Maringá, PR, Brazil"
"c40c9d4c-1c5d-4d7a-9c06-1266884eea2e","CHEMICAL ENGINEERING SECTION","SEM SIGLA","Military Institute of Engineering, Rio de Janeiro, RJ, Brazil","Chemical Engineering Section, Military Institute of Engineering, Rio de Janeiro, RJ, Brazil"
"4eca76b8-91cd-403a-bdcd-09e496df4cbb","UNIVERSIDADE FEDERAL DO OESTE DA BAHIA","SEM SIGLA","Programa de Pós-Gradução em Ciências Ambientais, Rua Professor Joseì Seabra de Lemos,316, Barreiras, BA, Brazil","Universidade Federal do Oeste da Bahia, Programa de Pós-Gradução em Ciências Ambientais, Rua Professor Joseì Seabra de Lemos,316, Barreiras, BA, Brazil"
"3d59ef43-7643-4870-8c42-2af36ceaa3aa","UNIVERSIDADE FEDERAL DO OESTE DO PARA","SEM SIGLA","Instituto de Ciências e Tecnologia das Águas, Santarém, Pará, Brazil","Universidade Federal do Oeste do Pará, Instituto de Ciências e Tecnologia das Águas, Santarém, Pará, Brazil"
"46942ad8-8cb5-4f48-88a3-8369abb56a9d","LABORATORY OF FUNCTIONAL FOODS","SEM SIGLA","Nutrition Biochemistry Core, Food and Nutrition Graduate Program, Federal University of the State of Rio de Janeiro, UNIRIO, Av. Pasteur, 296, Rio de Janeiro, 22290-240, Brazil","Laboratory of Functional Foods, Nutrition Biochemistry Core, Food and Nutrition Graduate Program, Federal University of the State of Rio de Janeiro, UNIRIO, Av. Pasteur, 296, Rio de Janeiro, 22290-240, Brazil"
"f85707b5-1329-4da7-a97f-1d23375b330f","LABORATORY OF BIOACTIVES","SEM SIGLA","Nutrition Biochemistry Core, Food and Nutrition Graduate Program, UNIRIO, Av. Pasteur, 296, Rio de Janeiro, 22290-240, Brazil","Laboratory of Bioactives, Nutrition Biochemistry Core, Food and Nutrition Graduate Program, UNIRIO, Av. Pasteur, 296, Rio de Janeiro, 22290-240, Brazil"
"c3b75cb5-25be-41ae-89d1-9f3be15eb228","CENTER OF INNOVATION IN MASS SPECTROMETRY","SEM SIGLA","Laboratory of Protein Biochemistry, UNIRIO, Av. Pasteur, 296, Rio de Janeiro, 22290-240, Brazil","Center of Innovation in Mass Spectrometry, Laboratory of Protein Biochemistry, UNIRIO, Av. Pasteur, 296, Rio de Janeiro, 22290-240, Brazil"
"a5cf4956-82be-472c-9766-ace38a6a09fd","FLUMINENSE FEDERAL INSTITUTE OF EDUCATION","SEM SIGLA","Science and Technology, IFF, Av. Dário Viêira Borges, 235-Lia Márcia, Bom Jesus do Itabapoana, Rio de Janeiro, 28360-000, Brazil","Fluminense Federal Institute of Education, Science and Technology, IFF, Av. Dário Viêira Borges, 235-Lia Márcia, Bom Jesus do Itabapoana, Rio de Janeiro, 28360-000, Brazil"
"c0ec6f53-bd7d-4467-99e4-75012ffe70ec","LABORATORY OF NMR","NMR","Department of Chemistry, Federal University of São Carlos, UFSCar, Washington Luiz, s/n, São Carlos, SP, 13565-905, Brazil","Laboratory of NMR, Department of Chemistry, Federal University of São Carlos, UFSCar, Washington Luiz, s/n, São Carlos, SP, 13565-905, Brazil"
"e715d39e-a714-4385-9ccc-2b279f1c6784","NUCLEO DE PESQUISA CURADORIA DO HERBARIO SP","SP","Instituto de Botânica, Avenida Miguel Stéfano 3687, São Paulo, 04301-902, SP, Brazil","Núcleo de Pesquisa Curadoria do Herbário SP, Instituto de Botânica, Avenida Miguel Stéfano 3687, São Paulo, 04301-902, SP, Brazil"
"4a5cdefb-c81a-40e4-a7af-963493bc3318","INSTITUTO DE CIENCIAS AGRARIAS","SEM SIGLA","Universidade Federal Rural da Amazônia, Terra Firme, Belém, 66077-830, PA, Brazil","Instituto de Ciências Agrárias, Universidade Federal Rural da Amazônia, Terra Firme, Belém, 66077-830, PA, Brazil"
"e07e95ac-a32f-4ab9-bff4-3bb6b0e15ebd","CENTRO UNIVERSITARIO TOCANTINENSE PRESIDENTE ANTONIO CARLOS","SEM SIGLA","Araguaína, 77816-540, TO, Brazil","Centro Universitário Tocantinense Presidente Antônio Carlos, Araguaína, 77816-540, TO, Brazil"
"fe075f75-819d-489c-9b2e-5a698d146106","UNIVERSITAT ULM","SEM SIGLA","Botanischer Garten/Herbarium, Hans-Krebs-Weg, Ulm, D-89081, Germany","Universität Ulm, Botanischer Garten/Herbarium, Hans-Krebs-Weg, Ulm, D-89081, Germany"
"0b40bfc6-a1f7-4903-9c30-52d926688c65","PROGRAMA DE POS-GRADUACAO EM INOVACAO FARMACEUTICA","SEM SIGLA","Universidade Federal do Amazonas, Manaus, 69077-000, AM, Brazil","Programa de Pós-Graduação em Inovação Farmacêutica, Universidade Federal do Amazonas, Manaus, 69077-000, AM, Brazil"
"8ebd867e-8845-4571-bcfb-ff6eb19b3258","CENTRAL ANALITICA-CENTRO DE APOIO MULTIDISCIPLINAR CAM","CAM","Universidade Federal do Amazonas, Manaus, 69077-000, AM, Brazil","Central Analítica-Centro de Apoio Multidisciplinar (CAM), Universidade Federal do Amazonas, Manaus, 69077-000, AM, Brazil"
"964bd379-b1d5-4a90-85d0-45ea951fd4b0","RURAL FEDERAL UNIVERSITY OF AMAZONIA","SEM SIGLA","Pau Amarelo Avenue, 68650-000 Capitão Poço, PA, Brazil","Rural Federal University of Amazonia, Pau Amarelo Avenue, 68650-000 Capitão Poço, PA, Brazil"
"09bbddc2-20bf-4935-bd58-3502b0322124","INSTITUTO FLORESTA TROPICAL","SEM SIGLA","São Pedro St. 566, Batista Campos, Belém, 66023-570, PA, Brazil","Instituto Floresta Tropical, São Pedro St. 566, Batista Campos, Belém, 66023-570, PA, Brazil"
"078f9899-b85a-4627-863a-eace46e16a62","UNIVERSIDADE DO ESTADO DO PARA","SEM SIGLA","Belém, PA, 66050-540, Brazil","Universidade do Estado do Pará, Belém, PA, 66050-540, Brazil"
"f15eafea-074e-46ff-8899-bcb87a226ebb","CENTRO UNIVERSITARIO DO NORTE-UNINORTE","SEM SIGLA","Unidade 14-Pós-graduação, Avenida Djalma Batista, Manaus, 2100, AM, Brazil","Centro Universitário do Norte-UNINORTE, Unidade 14-Pós-graduação, Avenida Djalma Batista, Manaus, 2100, AM, Brazil"
"37a1e92f-0682-4a17-b60b-d4aba67716fb","UNIV FEDERAL RURAL DA AMAZONIA CAMPUS CAPITAO POCO","SEM SIGLA","Herbário HCP, Vila Nova, Capitão Poço, PA, Brazil","Univ. Federal Rural da Amazônia – campus Capitão Poço, Herbário HCP, Vila Nova, Capitão Poço, PA, Brazil"
"f4c6db02-e895-4716-bb8d-2bcef2b3194c","COORDENACAO DE PESQUISAS EM ECOLOGIA","SEM SIGLA","Instituto Nacional de Pesquisas da Amazônia (INPA), CP2223, Manaus, 69067-375, AM, Brazil","Coordenação de Pesquisas em Ecologia, Instituto Nacional de Pesquisas da Amazônia (INPA), CP2223, Manaus, 69067-375, AM, Brazil"
"b0be91c1-e144-4a85-b9cf-b4a8ddec1254","PESQUISADOR AUTONOMO","SEM SIGLA","Abel Figueiredo, PA, Brazil","Pesquisador Autônomo, Abel Figueiredo, PA, Brazil"
"3b66f7f2-a246-4f14-a7ae-8772d0140a1f","UNIVERSIDADE ESTADUAL DE CAMP","SEM SIGLA","Instituto de Biologia, Departamento de Biologia Vegetal, Cidade Universitária Zeferino Vaz, Rua Monteiro Lobato, 255, CEP, Campinas, SP, 13083-862, Brazil","Universidade Estadual de Camp, Instituto de Biologia, Departamento de Biologia Vegetal, Cidade Universitária Zeferino Vaz, Rua Monteiro Lobato, 255, CEP, Campinas, SP, 13083-862, Brazil"
"76345c40-9524-44b7-aeb2-0ab86f1f7b0e","PROGRAMA DE POS-GRADUACAO DA REDE DE BIODIVERSIDADE E BIOTECNOLOGIA DA AMAZONIA LEGAL","SEM SIGLA","BIONORTE, Departamento de Ciências Biológicas e Saúde, Universidade Federal do Amapá, Macapá, AP, Brazil","Programa de Pós-Graduação da Rede de Biodiversidade e Biotecnologia da Amazônia Legal, BIONORTE, Departamento de Ciências Biológicas e Saúde, Universidade Federal do Amapá, Macapá, AP, Brazil"
"988b4425-3cc8-43c0-8a14-3ca03756cfb7","LABORATORIO DE FARMACOLOGIA DE PRODUCTOS NATURALES","SEM SIGLA","Departamento de Farmacia, Facultad de Química, Universidad Nacional Autónoma de México, Ciudad Universitaria, Coyoacán, Ciudad de México, C.P. 04510, Mexico","Laboratório de Farmacologia de Productos Naturales, Departamento de Farmacia, Facultad de Química, Universidad Nacional Autónoma de México, Ciudad Universitaria, Coyoacán, Ciudad de México, C.P. 04510, Mexico"
"64009138-3df0-47d3-8ce6-d80576678142","LABORATORY OF PHARMACEUTICAL RESEARCH","SEM SIGLA","Department of Biological Sciences and Health, Federal University of Amapá, Juscelino Kubitschek Street, Marco Zero Campus, Macapá, Zip Code 68903-419, AP, Brazil","Laboratory of Pharmaceutical Research, Department of Biological Sciences and Health, Federal University of Amapá, Juscelino Kubitschek Street, Marco Zero Campus, Macapá, Zip Code 68903-419, AP, Brazil"
"3b464274-1bac-4dbc-bb13-3548ae058728","POSTGRADUATE PROGRAM IN BIODIVERSITY AND BIOTECHNOLOGY OF THE LEGAL AMAZON OF THE BIONORTE NETWORK","SEM SIGLA","Department of Biological Sciences and Health, Federal University of Amapá, Macapá, AP, Brazil","Postgraduate Program in Biodiversity and Biotechnology of the Legal Amazon of the BIONORTE Network, Department of Biological Sciences and Health, Federal University of Amapá, Macapá, AP, Brazil"
"cfca98de-0680-4b05-bc17-ef1abd9af1b2","LABORATORY OF NATURAL PRODUCT PHARMACOLOGY","SEM SIGLA","Department of Pharmacy, Faculty of Chemistry, National Autonomous University of Mexico, University City, Coyoacán, Mexico City, Zip Code 04510, Mexico","Laboratory of Natural Product Pharmacology, Department of Pharmacy, Faculty of Chemistry, National Autonomous University of Mexico, University City, Coyoacán, Mexico City, Zip Code 04510, Mexico"
"d573a96a-8240-4323-a75d-28ffe76d3978","FEDERAL UNIVERSITY OF AMAPA","SEM SIGLA","Laboratory of Modeling and Computational Chemistry, Department of Biological Sciences and Health, Juscelino Kubitschek Street, Marco Zero Campus, Macapá, Zip Code 68903-419, AP, Brazil","Federal University of Amapá, Laboratory of Modeling and Computational Chemistry, Department of Biological Sciences and Health, Juscelino Kubitschek Street, Marco Zero Campus, Macapá, Zip Code 68903-419, AP, Brazil"
"8432428a-b150-48b1-ac36-cba93a8ab2fd","FEDERAL UNIVERSITY OF MARANHAO","SEM SIGLA","Department of Biology, Laboratory of Orchid Studies, Cidade Universitária Dom Delgado, Av. dos Portugueses, 1966, Bacanga, São Luís, 65.080-805, MA, Brazil","Federal University of Maranhão, Department of Biology, Laboratory of Orchid Studies, Cidade Universitária Dom Delgado, Av. dos Portugueses, 1966, Bacanga, São Luís, 65.080-805, MA, Brazil"
"eec63872-96b0-460d-a0b8-507e28984d44","UNIVERSITY OF SAO PAULO","SEM SIGLA","Faculty of Philosophy, Sciences and Literature of Ribeirão Preto, Department of Biology, Laboratory of Molecular Biology and Systematics of Plants, Av. Bandeirantes, 3900, Ribeirão Preto, 14.040-901, SP, Brazil","University of São Paulo, Faculty of Philosophy, Sciences and Literature of Ribeirão Preto, Department of Biology, Laboratory of Molecular Biology and Systematics of Plants, Av. Bandeirantes, 3900, Ribeirão Preto, 14.040-901, SP, Brazil"
"453b2053-4725-498a-b6d8-1e1c19dcee40","BIOTECHNOLOGY AND CELL THERAPY CENTER","SEM SIGLA","São Rafael Hospital, Salvador, Bahia, Brazil","Biotechnology and Cell Therapy Center, São Rafael Hospital, Salvador, Bahia, Brazil"
"a0d25029-e0bb-4229-95ff-c86f7c27ccf2","YUNNAN INSTITUTE OF TROPICAL CROPS","SEM SIGLA","Xishuangbanna, China","Yunnan Institute of Tropical Crops, Xishuangbanna, China"
"c541600f-a8d1-4003-8813-6eb4fa3cc04a","RUBBER RESEARCH INSTITUTE","SEM SIGLA","Chinese Academy of Tropical Agriculture Science, Danzhou, China","Rubber Research Institute, Chinese Academy of Tropical Agriculture Science, Danzhou, China"
"5a9555ea-d217-4313-8a6e-7ce3774bee6a","KUNMING INSTITUTE OF BOTANY","SEM SIGLA","Chinese Academy of Sciences, Kunming, China","Kunming Institute of Botany, Chinese Academy of Sciences, Kunming, China"
"e6ba88bc-4e38-4627-a9c7-c16a73593837","UNIVERSIDADE FEDERAL DE GOIAS","SEM SIGLA","Instituto de Ciências Biológicas, Departamento de Botânica, Programa de Pós-Graduação em Biodiversidade Vegetal, Campus Samambaia CEP 74690-900, Goiânia, GO, Brazil","Universidade Federal de Goiás, Instituto de Ciências Biológicas, Departamento de Botânica, Programa de Pós-Graduação em Biodiversidade Vegetal, Campus Samambaia CEP 74690-900, Goiânia, GO, Brazil"
"d8bc6bfa-20be-4f5d-9ad8-abca4fe15de1","INSTITUTO DE PESQUISAS DE PRODUTOS NATURAIS WALTER MORS","SEM SIGLA","Centro de Ciencas da Saude, Universidade Federal do Rio de Janeiro (UFRJ), Avenida Carlos Chagas Filho, 373, Bloco H, Cidade Universitaria, Rio de Janeiro, CEP 21941-902, Brazil","Instituto de Pesquisas de Produtos Naturais Walter Mors, Centro de Ciencas da Saude, Universidade Federal do Rio de Janeiro (UFRJ), Avenida Carlos Chagas Filho, 373, Bloco H, Cidade Universitaria, Rio de Janeiro, CEP 21941-902, Brazil"
"00d29274-f79a-4dae-a16c-c6d28198ab49","INSTITUTO DE BOTANICA DE SAO PAULO","SEM SIGLA","Av. Miguel Stéfano 3687, Água Funda, São Paulo, SP, 04301-902, Brazil","Instituto de Botânica de São Paulo, Av. Miguel Stéfano 3687, Água Funda, São Paulo, SP, 04301-902, Brazil"
"e8ea4a80-3178-47c5-ad64-129df244d29e","COLLEGE OF FOREST RESOURCES AND ENVIRONMENTAL SCIENCE","SEM SIGLA","Michigan Technological University, Houghton, MI, United States","College of Forest Resources and Environmental Science, Michigan Technological University, Houghton, MI, United States"
"2b78738e-fd87-4c56-b290-6095a4d47aa7","EARTH AND ENVIRONMENTAL SCIENCES DIVISION","SEM SIGLA","Los Alamos National Laboratory, Los Alamos, NM, United States","Earth and Environmental Sciences Division, Los Alamos National Laboratory, Los Alamos, NM, United States"
"cb2dd255-80dd-4506-8cb0-2808bdce2f16","US DEPARTMENT OF AGRICULTURE","SEM SIGLA","Forest Service, International Institute of Tropical Forestry, Río Piedras, Puerto Rico","U.S. Department of Agriculture, Forest Service, International Institute of Tropical Forestry, Río Piedras, Puerto Rico"
"2703d113-d529-44a7-b06b-df5dff352afc","US GEOLOGICAL SURVEY","SEM SIGLA","Southwest Biological Science Center, Moab, UT, United States","U.S. Geological Survey, Southwest Biological Science Center, Moab, UT, United States"
"8ee25eb1-739a-498e-b53a-ba4333d9e977","DEPARTMENT OF ENVIRONMENTAL SCIENCES","SEM SIGLA","University of Virginia, Charlottesville, VA, United States","Department of Environmental Sciences, University of Virginia, Charlottesville, VA, United States"
"d429367a-f702-4ef0-ac42-26597830bb2e","JURIS AMBIENTIS CONSULTORES S S LTDA","SEM SIGLA","Rua Humberto Carta, 96, Hugo Lange, Curitiba, 80040-150, Paraná, Brazil","Juris Ambientis Consultores S S Ltda., Rua Humberto Carta, 96, Hugo Lange, Curitiba, 80040-150, Paraná, Brazil"
"464d4643-1dce-4fdb-93cc-3f1fcec33205","DEPARTAMENT OF BOTANY","SEM SIGLA","Universidade Federal do Paraná, Cx. P. 19031, Jardim das Américas, Curitiba, 81530-900, Paraná, Brazil","Departament of Botany, Universidade Federal do Paraná, Cx. P. 19031, Jardim das Américas, Curitiba, 81530-900, Paraná, Brazil"
"605e4793-e5fc-40ed-a0c5-257248a3b8d7","DEPARTMENT OF CELL BIOLOGY","SEM SIGLA","Microbiology, and Molecular Biology (CMMB), University of South Florida, 4202 E Fowler Ave, Tampa, 33620, FL, United States","Department of Cell Biology, Microbiology, and Molecular Biology (CMMB), University of South Florida, 4202 E Fowler Ave, Tampa, 33620, FL, United States"
"cc8c5904-89a4-43e3-9f05-92d9d884badd","RESEARCH ASSOCIATE","SEM SIGLA","Missouri Botanical Garden, 4344 Shaw Blvd, St. Louis, 63110, MO, United States","Research Associate, Missouri Botanical Garden, 4344 Shaw Blvd, St. Louis, 63110, MO, United States"
"6829d0f2-21da-4320-bc9b-a46e5b4ff53a","BAYREUTH CENTER OF ECOLOGY AND ENVIRONMENTAL RESEARCH BAYCEER","SEM SIGLA","University of Bayreuth, Universitätstrasse 30, Bayreuth, 95447, Germany","Bayreuth Center of Ecology and Environmental Research (BayCEER), University of Bayreuth, Universitätstrasse 30, Bayreuth, 95447, Germany"
"28171fd1-e807-4ac1-b235-64adacf2f18f","DOCTORADO EN CIENCIAS NATURALES PARA EL DESARROLLO DOCINADE","DOCINADE","Universidad Estatal a Distancia, 474–2050, Montes de Oca, San José, Costa Rica","Doctorado en Ciencias Naturales para el Desarrollo (DOCINADE), Universidad Estatal a Distancia, 474–2050, Montes de Oca, San José, Costa Rica"
"63df0fa4-b83d-4abc-aef6-a7325ee058cc","JARDIN BOTANICO LANKESTER","SEM SIGLA","Universidad de Costa Rica, P.O. Box 302-7050, Cartago, Costa Rica","Jardín Botánico Lankester, Universidad de Costa Rica, P.O. Box 302-7050, Cartago, Costa Rica"
"cc111ab9-6af3-4bc7-bc16-9934a86bbd9c","HERBARIO LUIS FOURNIER ORIGGI","SEM SIGLA","Universidad de Costa Rica, Apdo 11501-2060, San José, Costa Rica","Herbario Luis Fournier Origgi, Universidad de Costa Rica, Apdo 11501-2060, San José, Costa Rica"
"b1494f7a-7f1f-47b5-b401-fdd6670f1575","INSTITUTO DE BOTANICA","SEM SIGLA","Herbarium SP, Avenida Miguel Estéfano 3687, São Paulo, 04301-902, SP, Brazil","Instituto de Botânica, Herbarium SP, Avenida Miguel Estéfano 3687, São Paulo, 04301-902, SP, Brazil"
"9eae8d28-25fb-4073-addc-af04b443eac9","INSTITUTO DE PESQUISA DO JARDIM BOTANICO DO RIO DE JANEIRO","SEM SIGLA","Diretoria de Pesquisa, Rua Pacheco Leão 915, Rio de Janeiro, 22460-030, RJ, Brazil","Instituto de Pesquisa do Jardim Botânico do Rio de Janeiro, Diretoria de Pesquisa, Rua Pacheco Leão 915, Rio de Janeiro, 22460-030, RJ, Brazil"
"66d61d5d-9a18-4c83-8540-a1d65a1ed3c7","FACULDADE DE CIENCIAS BIOLOGICAS E AGRARIAS","SEM SIGLA","Curso de Licenciatura e Bacharelado em Ciências Biológicas, Universidade do Estado de Mato Grosso – UNEMAT, Herbário da Amazônia Meridional, MT 208, Km 146, s/n,, Jardim Tropical, Alta Floresta, Mato Grosso, 78580-000, Brazil","Faculdade de Ciências Biológicas e Agrárias, Curso de Licenciatura e Bacharelado em Ciências Biológicas, Universidade do Estado de Mato Grosso – UNEMAT, Herbário da Amazônia Meridional, MT 208, Km 146, s/n,, Jardim Tropical, Alta Floresta, Mato Grosso, 78580-000, Brazil"
"53f12cf1-2436-4262-9c1b-830ba74d0e0d","UNIVERSIDADE FEDERAL RURAL DA AMAZONIA CAMPUS CAPITAO POCO","SEM SIGLA","Herbário HCP, Estrada do Pau Amarelo, s.n., Vila Nova, Capitão Poço, 68650-000, PA, Brazil","Universidade Federal Rural da Amazônia – campus Capitão Poço, Herbário HCP, Estrada do Pau Amarelo, s.n., Vila Nova, Capitão Poço, 68650-000, PA, Brazil"
"605e26b3-cdc4-4308-ab54-fe37b352d67f","EMBRAPA AMAZONIA ORIENTAL","SEM SIGLA","Travessa Doutor Enéas Pinheiro s/n, Belém, PA, 66095-903, Brazil","Embrapa Amazônia Oriental, Travessa Doutor Enéas Pinheiro s/n, Belém, PA, 66095-903, Brazil"
"1a4e386b-378b-4aa9-b76e-75c88b612444","ECOLOGY AND EARTH SCIENCE","SEM SIGLA","Department of Vegetal Biology, Faculty of Sciences, University of Extremadura, Badajoz, 06006, Spain","Ecology and Earth Science, Department of Vegetal Biology, Faculty of Sciences, University of Extremadura, Badajoz, 06006, Spain"
"3e6df0bc-d054-4996-bf00-f9baa9be30c3","MOLECULAR BIOLOGY AND GENETICS","SEM SIGLA","Department of Biochemistry, Faculty of Sciences, University of Extremadura, Badajoz, 06006, Spain","Molecular Biology and Genetics, Department of Biochemistry, Faculty of Sciences, University of Extremadura, Badajoz, 06006, Spain"
"32c6ff8a-4bf0-4d5c-ae73-f3dcf5a5a538","NATIONAL INSTITUTE FOR AMAZONIAN RESEARCH - INPA","INPA","Laboratory of Plant Physiology and Biochemistry, André Araújo Ave., 2936, Aleixo, Manaus, 69011-970, AM, Brazil","National Institute for Amazonian Research - INPA, Laboratory of Plant Physiology and Biochemistry, André Araújo Ave., 2936, Aleixo, Manaus, 69011-970, AM, Brazil"
"798059f0-5dfa-4334-9226-45653441ee7f","FEDERAL UNIVERSITY OF PARA UFPA","UFPA","Laboratory of Systematic Investigation in Biotechnology and Molecular Biodiversity, Belém, Pará, 66075-110, Brazil","Federal University of Pará (UFPA), Laboratory of Systematic Investigation in Biotechnology and Molecular Biodiversity, Belém, Pará, 66075-110, Brazil"
"5d6e0b8d-e7c5-485c-abc6-62c665ff361c","FEDERAL UNIVERSITY OF CEARA UFC","UFC","Department of Biochemistry and Molecular Biology, Science Center, Fortaleza, Ceará, 60020-181, Brazil","Federal University of Ceara (UFC), Department of Biochemistry and Molecular Biology, Science Center, Fortaleza, Ceará, 60020-181, Brazil"
"a25eca3d-cc52-468b-8132-98fe01e4fe86","HORTICULTURAL SCIENCES DEPARTMENT","SEM SIGLA","Plant Molecular and Cellular Biology Program, University of Florida, Gainesville, FL, United States","Horticultural Sciences Department, Plant Molecular and Cellular Biology Program, University of Florida, Gainesville, FL, United States"
"8b1ca2fb-2eec-4486-94f4-1f9634daddeb","POSTGRADUATE PROGRAM IN PHARMACEUTICAL SCIENCES","SEM SIGLA","Federal University of Piauí, Teresina (Piauí), 64.049-550, Brazil","Postgraduate Program in Pharmaceutical Sciences, Federal University of Piauí, Teresina (Piauí), 64.049-550, Brazil"
"2e5fcc9a-bd0d-43f8-aabe-c4ee55f5308d","INSTITUTE OF FOOD SCIENCE AND NUTRITION","SEM SIGLA","Bahauddin Zakariya University, Multan, Pakistan","Institute of Food Science and Nutrition, Bahauddin Zakariya University, Multan, Pakistan"
"bb967405-4a3c-4edc-8d17-dae88fd91d0d","NORTHEAST BIOTECHNOLOGY NETWORK RENORBIO","RENORBIO","Biotechnology, Federal University of Piauí, Teresina (Piauí), 64.049-550, Brazil","Northeast Biotechnology Network (RENORBIO), Biotechnology, Federal University of Piauí, Teresina (Piauí), 64.049-550, Brazil"
"d4052b47-f261-4f16-b265-c4ce8076337e","LABORATORY OF TOXICOLOGY AND GENETICS","SEM SIGLA","Post-Graduate Program in Pharmaceutical Sciences, Federal University of Piauí, Teresina (Piauí), 64.009-550, Brazil","Laboratory of Toxicology and Genetics, Post-Graduate Program in Pharmaceutical Sciences, Federal University of Piauí, Teresina (Piauí), 64.009-550, Brazil"
"0fc73f19-7270-4fb7-ae05-c29b8ae95594","INSTITUTE OF AGRICULTURAL SCIENCES","SEM SIGLA","University of the Punjab, Quaid-i-Azam Campus, Lahore, 54590, Pakistan","Institute of Agricultural Sciences, University of the Punjab, Quaid-i-Azam Campus, Lahore, 54590, Pakistan"
"50ae1979-5bc9-4a6b-9ca4-37b0063b05c3","STUDENT RESEARCH COMMITTEE","SEM SIGLA","School of Medicine, Bam University of Medical Sciences, Bam, Iran","Student Research Committee, School of Medicine, Bam University of Medical Sciences, Bam, Iran"
"a689c7fb-e7c1-444f-8b2f-3762faa97e72","FACULTY OF MEDICINE","SEM SIGLA","University of Porto, Alameda Prof. Hernâni Monteiro, Porto, 4200-319, Portugal","Faculty of Medicine, University of Porto, Alameda Prof. Hernâni Monteiro, Porto, 4200-319, Portugal"
"17020c4b-ca7d-4c50-a64a-2d7cbc0017fd","INSTITUTE FOR RESEARCH AND INNOVATION IN HEALTH I3S","SEM SIGLA","University of Porto, Porto, 4200-135, Portugal","Institute for Research and Innovation in Health (i3S), University of Porto, Porto, 4200-135, Portugal"
"183cfd2d-28de-43f3-9b4e-b44371677b63","DEPARTMENT OF DAIRY TECHNOLOGY","SEM SIGLA","University of Veterinary and Animal Sciences, Lahore, 5400, Pakistan","Department of Dairy Technology, University of Veterinary and Animal Sciences, Lahore, 5400, Pakistan"
"6177fba9-1afa-4946-b6b0-6fb81a229d57","UNIVERSITY INSTITUTE OF DIET AND NUTRITIONAL SCIENCES","SEM SIGLA","Faculty of Allied Health Sciences, University of Lahore-Lahore, Pakistan","University Institute of Diet and Nutritional Sciences, Faculty of Allied Health Sciences, University of Lahore-Lahore, Pakistan"
"476f2ab9-ab31-4059-8df8-e60c2ff45d90","PHYTOCHEMISTRY RESEARCH CENTER","SEM SIGLA","Shahid Beheshti University of Medical Sciences, Tehran, Iran","Phytochemistry Research Center, Shahid Beheshti University of Medical Sciences, Tehran, Iran"
"4c643f80-3bbd-4acf-b2db-c9cd261765b9","POSTGRADUATE PROGRAM IN CHEMISTRY","SEM SIGLA","Federal University of Piauí, Teresina (Piauí), 64.049-550, Brazil","Postgraduate Program in Chemistry, Federal University of Piauí, Teresina (Piauí), 64.049-550, Brazil"
"a0e01318-757e-4c4e-a2e7-4f7477854550","DEPARTMENT OF BOTANY","SEM SIGLA","MRC-166 Smithsonian Institution, P.O. Box 37012, Washington, 20013-7012, DC, United States","Department of Botany, MRC-166 Smithsonian Institution, P.O. Box 37012, Washington, 20013-7012, DC, United States"
"994109cd-38a8-41fd-8f74-48db30ab8777","JARDIM BOTANICO DO RIO DE JANEIRO","SEM SIGLA","Pacheco Leão, 915, 22460-030, Rio de Janeiro, Rio de Janeiro, Brazil","Jardim Botânico do Rio de Janeiro, Pacheco Leão, 915, 22460-030, Rio de Janeiro, Rio de Janeiro, Brazil"
"b1e2f288-1531-47b5-801e-46f638689902","DEPTO DE BIOLOGIA","SEM SIGLA","Univ Federal do Amazonas, Manaus, AM, Brazil","Depto de Biologia, Univ Federal do Amazonas, Manaus, AM, Brazil"
"fbe8b41c-c42f-4e41-bf16-0b0cb1d145c3","DEPARTAMENTO DE ECONOMIA RURAL","SEM SIGLA","Universidade Federal de Viçosa (UFV), Viçosa, 36570-900, Minas Gerais, Brazil","Departamento de Economia Rural, Universidade Federal de Viçosa (UFV), Viçosa, 36570-900, Minas Gerais, Brazil"
"92751602-c93d-4640-9f5d-54bcad6ca8e5","CENTRO DE CIENCIAS BIOLOGICAS E DA NATUREZA","SEM SIGLA","Universidade Federal do Acre (UFAC), Campus Universitário BR 364, Km 04, Distrito Industrial, Rio Branco, 69920-900, Acre, Brazil","Centro de Ciências Biológicas e da Natureza, Universidade Federal do Acre (UFAC), Campus Universitário BR 364, Km 04, Distrito Industrial, Rio Branco, 69920-900, Acre, Brazil"
"a1bea5d3-958d-46df-b85d-f18b1178f38a","SOCIEDAD DE INGENIEROS DE BOLIVIA","SEM SIGLA","Cobija, 11, Pando, Bolivia","Sociedad de Ingenieros de Bolívia, Cobija, 11, Pando, Bolivia"
"2bb0bfd9-688a-452a-9bf2-e1c007d31c4e","DEPARTAMENTO DE CIENCIAS FLORESTAIS","SEM SIGLA","Escola Superior de Agricultura “Luiz de Queiro”, Universidade de São Paulo (USP), Av. Pádua Dias, 11, Piracicaba, 13418-900, São Paulo, Brazil","Departamento de Ciências Florestais, Escola Superior de Agricultura “Luiz de Queiro”, Universidade de São Paulo (USP), Av. Pádua Dias, 11, Piracicaba, 13418-900, São Paulo, Brazil"
"4810e0bc-ffc1-475f-9807-eef138d31c46","FACULDADE DE CIENCIAS FARMACEUTICAS DE RIBEIRAO PRETO","SEM SIGLA","University of São Paulo, Via do Café s/n, Ribeirão Preto, 14040-903, SP, Brazil","Faculdade de Ciências Farmacêuticas de Ribeirão Preto, University of São Paulo, Via do Café s/n, Ribeirão Preto, 14040-903, SP, Brazil"
"25953200-4e7a-4d01-855d-97814a4533e6","UNIVERSIDADE DE BRASILIA - UNB","SEM SIGLA","DF, Brasília, Brazil","Universidade de Brasília - UnB, DF, Brasília, Brazil"
"9ab43ca8-1b8c-465a-8eab-78bb5c9ab95a","LABORATORIO DE PRODUTOS FLORESTAIS LPF","LPF","DF, Brasília, Brazil","Laboratório de Produtos Florestais – LPF, DF, Brasília, Brazil"
"25bcfc82-449d-493b-aa53-cb89ca20c890","COLLABORATIVE RESEARCHER","SEM SIGLA","Rio de Janeiro Botanical Garden, Rio de Janeiro, Brazil","Collaborative Researcher, Rio de Janeiro Botanical Garden, Rio de Janeiro, Brazil"
"ad0e7e3e-45d6-4ddb-b8bb-0a913b9104ac","LABORATORY OF EVOLUTIONARY GENETICS","SEM SIGLA","Institute of Biology, University of Neuchâtel, Neuchâtel, Switzerland","Laboratory of Evolutionary Genetics, Institute of Biology, University of Neuchâtel, Neuchâtel, Switzerland"
"8507128c-7539-44e5-a6fe-0246823dffdc","COORDENACAO DE BOTANICA","SEM SIGLA","Museu Paraense Emílio Goeldi, Brazil","Coordenação de Botânica, Museu Paraense Emílio Goeldi, Brazil"
"7ce957dc-0ca4-46d5-a0d9-32238c051628","PARQUE ZOOBOTANICO VALE","SEM SIGLA","VALE S.A., Rod. Raimundo Mascarenhas, Km 26, S/N., Núcleo Urbano de Carajás, Parauapebas, CEP 68516-000, Pará, Brazil","Parque Zoobotânico Vale, VALE S.A., Rod. Raimundo Mascarenhas, Km 26, S/N., Núcleo Urbano de Carajás, Parauapebas, CEP 68516-000, Pará, Brazil"
"6f3e5061-f9a8-456d-9622-78f2c852e162","GERENCIA DE MEIO AMBIENTE","SEM SIGLA","Departamento de Ferrosos Corredor Norte, Vale S.A., Rua Guamá n 60, Núcleo Urbano, Parauapebas, CEP 68516-000, Pará, Brazil","Gerência de Meio Ambiente, Departamento de Ferrosos Corredor Norte, Vale S.A., Rua Guamá n 60, Núcleo Urbano, Parauapebas, CEP 68516-000, Pará, Brazil"
"c3742c09-9c17-4276-bfe2-0fa412638e7a","UNAFFILIATED","SEM SIGLA","Belém, Pará, Brazil","Unaffiliated, Belém, Pará, Brazil"
"c710c65a-cc00-4496-aeed-5f954940e14e","TEAGASC","SEM SIGLA","Crop Science Department, Oak Park, Carlow, R93 XE12, Ireland","Teagasc, Crop Science Department, Oak Park, Carlow, R93 XE12, Ireland"
"9d1336f4-a10f-47d6-9ffe-94b119d0f0fa","FEDERAL RURAL UNIVERSITY OF THE AMAZON-UFRA","UFRA","Campus Parauapebas, Parauapebas, Pará, Brazil","Federal Rural University of the Amazon-UFRA, Campus Parauapebas, Parauapebas, Pará, Brazil"
"2d720e50-3b08-4a8d-8444-2c144149ff75","FEDERAL UNIVERSITY OF THE UBERLANDIA UFU","UFU","Campus Monte Carmelo, Monte Carmelo, Minas Gerais, Brazil","Federal University of the Uberlandia – UFU, Campus Monte Carmelo, Monte Carmelo, Minas Gerais, Brazil"
"1d00c80f-4507-42a3-aad4-3977cadafde0","DEPARTAMENTO DE CIENCIA DO SOLO","SEM SIGLA","Universidade Federal de Lavras, Lavras, 37200-000, Brazil","Departamento de Ciência do Solo, Universidade Federal de Lavras, Lavras, 37200-000, Brazil"
"d43744a7-0344-4d00-a9c8-f5a41c2f8254","FEDERAL RURAL UNIVERSITY OF THE AMAZON","SEM SIGLA","2501, Presidente Tancredo Neves Avenue, Terra Firme, Zip-code: 66.077-830, Belém, Pará, Brazil","Federal Rural University of the Amazon, 2501, Presidente Tancredo Neves Avenue, Terra Firme, Zip-code: 66.077-830, Belém, Pará, Brazil"
"fe85c80b-07d8-4c8a-a849-5c9b4afc6889","DEPARTMENT OF AGRONOMY","SEM SIGLA","Federal University of Amazonas, Amazonas, Itacoatiara, Brazil","Department of Agronomy, Federal University of Amazonas, Amazonas, Itacoatiara, Brazil"
"4968c241-3dd3-404a-b5ba-b0e5009a03c2","DEPARTMENT OF BIODIVERSITY","SEM SIGLA","National Institute for Amazonian Research, Manaus, Brazil","Department of Biodiversity, National Institute for Amazonian Research, Manaus, Brazil"
"6e8c4121-115b-4954-8237-77d3651f4792","GEISINGER COMMONWEALTH SCHOOL OF MEDICINE","SEM SIGLA","Geisinger, Scranton, PA, United States","Geisinger Commonwealth School of Medicine, Geisinger, Scranton, PA, United States"
"666f00f6-40a6-4eb8-aef4-5f4ce49b7b51","DEPARTMENT OF DERMATOLOGY","SEM SIGLA","Geisinger Medical Center, Danville, PA, United States","Department of Dermatology, Geisinger Medical Center, Danville, PA, United States"
"41af5af8-2cd4-47bd-a4dc-41ed47aade77","UNIVERSIDADE FEDERAL DE SANTA MARIA UFSM","UFSM","Santa Maria, 97105-900, RS, Brazil","Universidade Federal de Santa Maria (UFSM), Santa Maria, 97105-900, RS, Brazil"
"689ac414-a16e-4acb-8be5-9befdc1194dd","R MARIO DE NUCCI","SEM SIGLA","500, Campinas, 13083-290, SP, Brazil","R. Mario de Nucci, 500, Campinas, 13083-290, SP, Brazil"
"61e717f7-699a-4c01-8f2a-43612db8f0de","UNIVERSIDADE DO ESTADO DA BAHIA","SEM SIGLA","Rua Silveira Martins, 2555, Cabula, Salvador, 41195-001, BA, Brazil","Universidade do Estado da Bahia, Rua Silveira Martins, 2555, Cabula, Salvador, 41195-001, BA, Brazil"
"ea127775-8f39-43f2-937f-e45b9dba06e3","UNIVERSIDADE FEDERAL DA PARAIBA","SEM SIGLA","Cidade Universitária, s/n, Castelo Branco, João Pessoa, 58051-900, Paraíba, Brazil","Universidade Federal da Paraíba, Cidade Universitária, s/n, Castelo Branco, João Pessoa, 58051-900, Paraíba, Brazil"
"47d6171f-5d81-41b5-b22c-4f8e6d9f33bc","UNIVERSIDADE FEDERAL DA BAHIA","SEM SIGLA","UFBA, Instituto de Química, Departamento de Química Analítica, Campus de Ondina, Av. Adhemar de Barros, s/n, Ondina, Salvador, 40170-290, BA, Brazil","Universidade Federal da Bahia, UFBA, Instituto de Química, Departamento de Química Analítica, Campus de Ondina, Av. Adhemar de Barros, s/n, Ondina, Salvador, 40170-290, BA, Brazil"
"44029586-1bc5-4e73-8a01-ba19b8a41eb8","EMPRESA BRASILEIRA DE PESQUISA AGROPECUARIA","SEM SIGLA","Embrapa, Belém, PA, Brazil","Empresa Brasileira de Pesquisa Agropecuária, Embrapa, Belém, PA, Brazil"
"3921f7fd-ade9-4df4-b4e2-0de0d08cafd3","INSTITUTE OF PHARMACY AND MOLECULAR BIOTECHNOLOGY","SEM SIGLA","Heidelberg University, INF 364, Heidelberg, D-69120, Germany","Institute of Pharmacy and Molecular Biotechnology, Heidelberg University, INF 364, Heidelberg, D-69120, Germany"
"dbb4698a-10eb-421c-ae3f-c412b11f0912","FACULTY OF PHARMACEUTICAL SCIENCE","SEM SIGLA","Federal University of Amazonas (UFAM), 6200 General Rodrigo, Manaus, 69077-000, Brazil","Faculty of Pharmaceutical Science, Federal University of Amazonas (UFAM), 6200 General Rodrigo, Manaus, 69077-000, Brazil"
"12888e83-b29a-4897-aa8d-f18543dbdc93","DEPARTAMENTO DE CIENCIAS AGRARIAS","SEM SIGLA","UFC-Universidade Federal Do Acre, Estrada Dias Martins, Rio Branco, AC, 69915-900, Brazil","Departamento de Ciências Agrárias, UFC-Universidade Federal Do Acre, Estrada Dias Martins, Rio Branco, AC, 69915-900, Brazil"
"db60ffe0-1694-4555-b31c-ed64bdf976cb","DEPARTAMENTO DE PRODUTOS FLORESTAIS","SEM SIGLA","UFRRJ-Universidade Federal Rural Do Rio de Janeiro, Instituto de Florestas, Campus de Seropédica, Seropédica, RJ, 23890000, Brazil","Departamento de Produtos Florestais, UFRRJ-Universidade Federal Rural Do Rio de Janeiro, Instituto de Florestas, Campus de Seropédica, Seropédica, RJ, 23890000, Brazil"
"9f48046b-d15e-4f6e-bbbe-35308eb88e4b","LABORATORIO DE POLIMEROS NANOESTRUTURADOS NANOPOL","NANOPOL","UFAM, Manaus, AM, Brazil","Laboratório de Polímeros Nanoestruturados (NANOPOL), UFAM, Manaus, AM, Brazil"
"305fcf5b-ac2c-46d2-baa8-cc9f8fdb25da","NUCLEO DE ESTUDOS QUIMICOS DE MICROMOLECULAS DA AMAZONIA NEQUIMA","NEQUIMA","UFAM, Manaus, AM, Brazil","Núcleo de Estudos Químicos de Micromoléculas da Amazônia (NEQUIMA), UFAM, Manaus, AM, Brazil"
"3d04e203-cc7f-4fa6-b298-b6221465d622","LABORATORIO DE MALARIA E DENGUE INSTITUTO NACIONAL DE PESQUISA DA AMAZONIA INPA","INPA","Manaus, AM, Brazil","Laboratório de Malária e Dengue – Instituto Nacional de Pesquisa da Amazônia (INPA), Manaus, AM, Brazil"
"29bc7183-4ee0-4fdb-bf40-cc43d43e4cb6","INSTITUTO FEDERAL DE EDUCACAO CIENCIA E TECNOLOGIA DO AMAZONAS IFAM","IFAM","Manaus, AM, Brazil","Instituto Federal de Educação Ciência e Tecnologia do Amazonas (IFAM), Manaus, AM, Brazil"
"c209083a-10ca-49ca-b7df-162218665c5b","NANOMED INOVACAO EM NANOTECNOLOGIA","SEM SIGLA","São Carlos, SP, Brazil","Nanomed Inovação em Nanotecnologia, São Carlos, SP, Brazil"
"3e87ee41-9da8-4d06-9dfb-1b53b0f026d2","UNIVERSITY OF MICHIGAN HERBARIUM","SEM SIGLA","Department of Ecology and Evolutionary Biology, 3600 Varsity Drive, Ann Arbor, 48108, MI, United States","University of Michigan Herbarium, Department of Ecology and Evolutionary Biology, 3600 Varsity Drive, Ann Arbor, 48108, MI, United States"
"2d5696c3-ec38-4c44-b65e-64fc20d9e68a","DEPARTMENT OF BOTANY AND MOLECULAR EVOLUTION","SEM SIGLA","Senckenberg Research Institute and Natural History Museum Frankfurt, Senckenberganlage 25, Frankfurt/Main, 60325, Germany","Department of Botany and Molecular Evolution, Senckenberg Research Institute and Natural History Museum Frankfurt, Senckenberganlage 25, Frankfurt/Main, 60325, Germany"
"d1407a87-6eb9-4722-a575-a37d3c9e4fa6","INSTITUTE FOR ECOLOGY","SEM SIGLA","Evolution and Diversity, Goethe University, Max-von-Laue-Str. 13, Frankfurt/Main, 60439, Germany","Institute for Ecology, Evolution and Diversity, Goethe University, Max-von-Laue-Str. 13, Frankfurt/Main, 60439, Germany"
"796e9924-ea1b-4b88-a251-59048983394a","HERBARIUM BRADEANUM","SEM SIGLA","C. Postal 15.005, Rio de Janeiro, CEP 20031-970, Brazil","Herbarium Bradeanum, C. Postal 15.005, Rio de Janeiro, CEP 20031-970, Brazil"
"17b6751d-7a3c-4c5c-a4f0-7cc8349e7c70","INSTITUTO NACIONAL DE PESQUISAS ESPACIAIS INPE","INPE","Avenida dos Astronautas, 1758, São José dos Campos, 12245-970, SP CEP, Brazil","Instituto Nacional de Pesquisas Espaciais (INPE), Avenida dos Astronautas, 1758, São José dos Campos, 12245-970, SP CEP, Brazil"
"e1855c4c-4b69-44c1-988e-24d34778962e","UNIVERSITY OF SOUTHAMPTON","SEM SIGLA","Department of Geography and Environment, Southampton, SO17 1BJ, United Kingdom","University of Southampton, Department of Geography and Environment, Southampton, SO17 1BJ, United Kingdom"
"35a591bb-5b3e-48a5-8dac-ac30259dc02b","UNIVERSITY OF ARIZONA","SEM SIGLA","Department of Ecology and Evolutionary Biology, Tucson, 85721, AZ, United States","University of Arizona, Department of Ecology and Evolutionary Biology, Tucson, 85721, AZ, United States"
"0a17abdc-10b0-40a3-9c4b-c111d8d1045b","ENVIRONMENTAL AND CLIMATE SCIENCE DEPARTMENT","SEM SIGLA","Brookhaven National Laboratory, Upton, 11973, NY, United States","Environmental and Climate Science Department, Brookhaven National Laboratory, Upton, 11973, NY, United States"
"c4e15036-91e4-4792-8b4d-192182bc6ac9","INSTITUTO NACIONAL DE PESQUISA DA AMAZONIA INPA","INPA","Departamento de Dinâmica Ambiental, Av. André Araújo, 2936, Manaus, 69067-375, AM, Brazil","Instituto Nacional de Pesquisa da Amazônia (INPA), Departamento de Dinâmica Ambiental, Av. André Araújo, 2936, Manaus, 69067-375, AM, Brazil"
"8e8635dc-1342-4f02-bfc9-a0b4db146058","JOHN A PAULSON SCHOOL OF ENGINEERING AND APPLIED SCIENCES","SEM SIGLA","Harvard University, Cambridge, 02138, MA, United States","John A. Paulson School of Engineering and Applied Sciences, Harvard University, Cambridge, 02138, MA, United States"
"72d93642-6b5c-4d2c-90e6-f54eb3e0450e","EMPRESA BRASILEIRA DE PESQUISA AGROPECUARIA EMBRAPA","EMBRAPA","Centro de Pesquisa Agroflorestal da Amazônia Oriental, 66095100 Belém, PA, Brazil","Empresa Brasileira de Pesquisa Agropecuária (EMBRAPA), Centro de Pesquisa Agroflorestal da Amazônia Oriental, 66095100 Belém, PA, Brazil"
"b18b5fd0-5054-43eb-884b-2bc246161181","COLLEGE OF OF LIFE AND ENVIRONMENTAL SCIENCES","SEM SIGLA","University of Exeter, EX4 4RJ, United Kingdom","College of of Life and Environmental Sciences, University of Exeter, EX4 4RJ, United Kingdom"
"a0682d62-ea37-444d-97f6-cd61ae531be3","DEPARTMENT OF PLANT BIOLOGY","SEM SIGLA","Southern Illinois University Carbondale, 1125 Lincoln Drive, Carbondale, 62901, IL, United States","Department of Plant Biology, Southern Illinois University Carbondale, 1125 Lincoln Drive, Carbondale, 62901, IL, United States"
"47f34f47-2486-47a5-9862-7854640a9931","PROGRAMA DE POS-GRADUACAO EM BIOLOGIA VEGETAL","SEM SIGLA","Instituto de Biologia, Universidade Estadual de Campinas, CEP, Campinas, 13083-970, SP, Brazil","Programa de Pós-graduação em Biologia Vegetal, Instituto de Biologia, Universidade Estadual de Campinas, CEP, Campinas, 13083-970, SP, Brazil"
"3bacb8b6-9d7f-4a77-ad84-0928f161ec05","PROGRAMA DE CAPACITACAO INSTITUCIONAL","SEM SIGLA","Coordenação de Botânica, Museu Paraense Emílio Goeldi, CEP, Belém, 66077-530, PA, Brazil","Programa de Capacitação Institucional, Coordenação de Botânica, Museu Paraense Emílio Goeldi, CEP, Belém, 66077-530, PA, Brazil"
"10693f8a-ca2d-4fd2-9741-581421e708b4","LABORATORIO DE ATIVIDADE BIOLOGICA","SEM SIGLA","Faculdade de Ciencias Farmaceuticas, Universidade Federal Do Amazonas, Manaus, Amazonas, Brazil","Laboratorio de Atividade Biologica, Faculdade de Ciencias Farmaceuticas, Universidade Federal Do Amazonas, Manaus, Amazonas, Brazil"
"90acb06d-2ef0-433a-b41e-9ad3057e4da5","UNIVERSIDADE FEDERAL RURAL DO SEMI-ARIDO UFERSA","UFERSA","Departamento de Ciências Agronômicas e Florestais, Av. Francisco Mota, 572, Costa e Silva, Mossoró, CEP 59625-900, RN, Brazil","Universidade Federal Rural do Semi-Árido (UFERSA), Departamento de Ciências Agronômicas e Florestais, Av. Francisco Mota, 572, Costa e Silva, Mossoró, CEP 59625-900, RN, Brazil"
"b7727baa-872a-4de1-a9f7-2f184ef8d4d5","WEST VIRGINIA UNIVERSITY","SEM SIGLA","Davis College of Agriculture, Natural Resources and Design, Morgantown, WV, United States","West Virginia University, Davis College of Agriculture, Natural Resources and Design, Morgantown, WV, United States"
"7e4ef31d-be84-4f4d-ae05-aa4ebe716558","UNIVERSIDADE FEDERAL DO PARANA UFPR","UFPR","Departmento de Construção Civil, Campus IV, Jardim das Américas, Curitiba, CEP 81531-980, PR, Brazil","Universidade Federal do Paraná (UFPR), Departmento de Construção Civil, Campus IV, Jardim das Américas, Curitiba, CEP 81531-980, PR, Brazil"
"91491c1f-0fae-4f19-9cdb-2372f09b39fd","PROGRAMA DE POS-GRADUACAO EM CIENCIAS AMBIENTAIS","SEM SIGLA","Universidade Comunitária Regional de Chapecó - Unochapecó, Chapecó, Santa Catarina, Brazil","Programa de Pós-graduação em Ciências Ambientais, Universidade Comunitária Regional de Chapecó - Unochapecó, Chapecó, Santa Catarina, Brazil"
"c3626c9d-f3bb-401e-9c6b-6c7ac308bd04","AQUARIPARIA","SEM SIGLA","Departamento de Ecologia, Instituto de Biologia, Universidade de Brasília, Brasília, Distrito Federal, Brazil","AquaRiparia, Departamento de Ecologia, Instituto de Biologia, Universidade de Brasília, Brasília, Distrito Federal, Brazil"
"c74ed8b7-c3b0-4ced-b6e2-e653aeb6c71b","GRUPO MAUA ECOLOGIA","MAUA","Monitoramento e Uso Sustentável de Áreas Úmidas"", Instituto Nacional de Pesquisas da Amazônia, Manaus, Amazonas, Brazil","Grupo MAUA ""Ecologia, Monitoramento e Uso Sustentável de Áreas Úmidas"", Instituto Nacional de Pesquisas da Amazônia, Manaus, Amazonas, Brazil"
"88684137-c36c-419f-b9ad-793481aeb61a","LABORATORIO DE ECOLOGIA","SEM SIGLA","Pós-Graduação em Biologia Urbana, Universidade Nilton Lins, Manaus, Amazonas, Brazil","Laboratório de Ecologia, Pós-Graduação em Biologia Urbana, Universidade Nilton Lins, Manaus, Amazonas, Brazil"
"d207ff3e-bf0c-4f1f-a6a8-92b56947f078","PROGRAMA DE POS-GRADUACAO EM ECOLOGIA E EVOLUCAO","SEM SIGLA","Universidade Federal de Goiás, Goiânia, Goiás, Brazil","Programa de Pós-Graduação em Ecologia e Evolução, Universidade Federal de Goiás, Goiânia, Goiás, Brazil"
"dff9abee-c7d5-440d-a584-ddfd7164c4f5","FEDERAL UNIVERSITY OF AMAZONAS CAMPUS ICET","ICET","Street Nossa Senhora do Rosário, 3863, Tiradentes, Itacoatiara, CEP: 69103-128, Amazonas, Brazil","Federal University of Amazonas – Campus ICET, Street Nossa Senhora do Rosário, 3863, Tiradentes, Itacoatiara, CEP: 69103-128, Amazonas, Brazil"
"32cf5c8e-c7f1-4da0-ad74-d929bc34e9bd","NATIONAL INSTITUTE FOR AMAZONIAN RESEARCH","SEM SIGLA","Department of Biodiversity, Av. André Araújo, 2936, Petrópolis, Manaus, CEP 69060-001, Amazonas, Brazil","National Institute for Amazonian Research, Department of Biodiversity, Av. André Araújo, 2936, Petrópolis, Manaus, CEP 69060-001, Amazonas, Brazil"
"dee0924c-4f12-4958-b213-c8bec5886e99","UNIVERSIDADE FEDERAL DO RIO JANEIRO","SEM SIGLA","Museu Nacional, Depto. Botânica. Quinta da Boa Vista s/n, São Cristóvão, Rio de Janeiro, RJ, 20940-040, Brazil","Universidade Federal do Rio Janeiro, Museu Nacional, Depto. Botânica. Quinta da Boa Vista s/n, São Cristóvão, Rio de Janeiro, RJ, 20940-040, Brazil"
"e6ea9875-78c8-4325-9d35-c1bda1046dcc","LABORATORIO DE TECNOLOGIA DA MADEIRA","SEM SIGLA","Universidade Federal do Oeste do Pará, Av. Vera Paz, s/n, Santarém, 68035-110, PA, Brazil","Laboratório de Tecnologia da Madeira, Universidade Federal do Oeste do Pará, Av. Vera Paz, s/n, Santarém, 68035-110, PA, Brazil"
"d478b4af-7e00-4905-a52f-bc5c46a8efb1","NORTHERN EDUCATIONAL UNION - UNINORTE","SEM SIGLA","Rio Branco, Acre, Brazil","Northern Educational Union - UNINORTE, Rio Branco, Acre, Brazil"
"02bc7784-cb48-4324-8381-cbac48a4d194","CATHOLIC CENTER OF QUIXADA - UNICATOLICA","SEM SIGLA","Quixadá, Ceará, Brazil","Catholic Center of Quixadá - Unicatólica, Quixadá, Ceará, Brazil"
"a9826272-948d-4eaf-84bf-87435313ba48","DEPARTMENT OF PHYSIOLOGY AND PHARMACOLOGY","SEM SIGLA","Federal University of Ceará, Fortaleza, Ceará, Brazil","Department of Physiology and Pharmacology, Federal University of Ceará, Fortaleza, Ceará, Brazil"
"b1207d30-795b-430d-bf19-75ea5d37bf57","INSTITUTE OF CHEMISTRY AND BIOTECHNOLOGY","SEM SIGLA","Federal University of Alagoas, Maceió, Alagoas, Brazil","Institute of Chemistry and Biotechnology, Federal University of Alagoas, Maceió, Alagoas, Brazil"
"e6e018ac-d0d0-4ac5-a983-a2b517b6fe30","NURSING AND PHARMACY SCHOOL","SEM SIGLA","Federal University of Alagoas, Maceió, Alagoas, Brazil","Nursing and Pharmacy School, Federal University of Alagoas, Maceió, Alagoas, Brazil"
"f77073fc-1afe-4db2-a86d-c01caa09ed9a","NATURAL PRODUCTS CENTER","SEM SIGLA","University of Arizona, Tucson, AZ, United States","Natural Products Center, University of Arizona, Tucson, AZ, United States"
"24e16f6a-6512-4926-8b31-e8c6907d5f8d","DEPARTAMENTO DE BIOQUIMICA E BIOLOGIA MOLECULAR","SEM SIGLA","Universidade Federal do Ceará (UFC), Campus do Pici, Fortaleza, Ceará, Brazil","Departamento de Bioquímica e Biologia Molecular, Universidade Federal do Ceará (UFC), Campus do Pici, Fortaleza, Ceará, Brazil"
"0a02710e-9861-4b1a-977b-e95dab9b8ad8","UNIVERSIDADE DE FORTALEZA UNIFOR","UNIFOR","Fortaleza, Ceará, Brazil","Universidade de Fortaleza (UNIFOR), Fortaleza, Ceará, Brazil"
"44b5cc41-5c61-49a0-b56f-1d46d5b38682","DEPARTMENT OF PLANT SYSTEMATICS","SEM SIGLA","University of Bayreuth, Universitätstrasse 30, Bayreuth, 95447, Germany","Department of Plant Systematics, University of Bayreuth, Universitätstrasse 30, Bayreuth, 95447, Germany"
"753033e8-d6df-4970-8cce-ff866c5f899d","GRADUATE PROGRAM IN TROPICAL BIODIVERSITY","SEM SIGLA","Federal University of Amapá (UNIFAP), Rodovia Juscelino Kubitschek, km 02, Bloco T, Bairro Universidade, Macapá, 68903-419, AP, Brazil","Graduate Program in Tropical Biodiversity, Federal University of Amapá (UNIFAP), Rodovia Juscelino Kubitschek, km 02, Bloco T, Bairro Universidade, Macapá, 68903-419, AP, Brazil"
"dd9dc4a7-c3ef-4d70-988b-fd9ea4bb8cb4","BRAZILIAN AGRICULTURAL RESEARCH CORPORATION EMBRAPA","EMBRAPA","Highway Juscelino Kubitschek, km 5, Macapá, 68903-419, Brazil","Brazilian Agricultural Research Corporation (EMBRAPA), Highway Juscelino Kubitschek, km 5, Macapá, 68903-419, Brazil"
"d58050cf-4577-4f6d-be00-f889056a5c18","FEDERAL INSTITUTE OF THE NORTH OF MINAS GERAIS","SEM SIGLA","Rua Coronel Luiz Pires, 202, Montes Claros, 39400-106, Brazil","Federal Institute of The North of Minas Gerais, Rua Coronel Luiz Pires, 202, Montes Claros, 39400-106, Brazil"
"2314fa7a-8eb8-4562-9fff-2493f576824a","INSTITUTO DE BOTANICA DEL NORDESTE","SEM SIGLA","CONICET, Facultad de Ciencias Exactas y Naturales y Agrimensura, UNNE, Sargento Cabral 2131, C.P. 3400, c.c. 209, Corrientes, Argentina","Instituto de Botánica Del Nordeste, CONICET, Facultad de Ciencias Exactas y Naturales y Agrimensura, UNNE, Sargento Cabral 2131, C.P. 3400, c.c. 209, Corrientes, Argentina"
"84e0bbe9-c463-4d1e-9688-a9e8e88c66ff","JURIS AMBIENTIS CONSULTORES SS LTDA","SS","R. Humberto Carta 96, Hugo Lange, Curitiba, PR, 80040-150, Brazil","Juris Ambientis Consultores SS Ltda., R. Humberto Carta 96, Hugo Lange, Curitiba, PR, 80040-150, Brazil"
"140e3944-5809-424c-8637-0095321d1980","UNIVERSIDADE DO ESTADO DO AMAPA UEAP","UEAP","Macapá, 68900-070, AP, Brazil","Universidade do Estado do Amapá (UEAP), Macapá, 68900-070, AP, Brazil"
"789c0e6c-44b3-4c8f-8167-fe0887d2a2d4","UNIVERSIDADE ESTADUAL PAULISTA JULIO DE MESQUISTA FILHO UNESP","UNESP","Jaboticabal, 14884-900, SP, Brazil","Universidade Estadual Paulista “Júlio de Mesquista Filho” (UNESP), Jaboticabal, 14884-900, SP, Brazil"
"2483a6de-0e45-4d2a-97d7-3a6f56d1e9f3","INSTITUTO NACIONAL DE PESQUISAS DA AMAZONIA-INPA","INPA","Petrópolis, Manaus, Brazil","Instituto Nacional de Pesquisas da Amazônia-INPA, Petrópolis, Manaus, Brazil"
"87369aef-1491-4217-8d76-bb835cf10632","CURSO DE POS-GRADUACAO EM BOTANICA","SEM SIGLA","Instituto Nacional de Pesquisas da Amazônia, Manaus, Amazonas, Brazil","Curso de Pós-Graduação em Botânica, Instituto Nacional de Pesquisas da Amazônia, Manaus, Amazonas, Brazil"
"862aebf2-ce47-465c-aea3-e928995e1d12","CHICAGO BOTANIC GARDEN","SEM SIGLA","1000 Lake Cook Road, Glencoe, 60022, IL, United States","Chicago Botanic Garden, 1000 Lake Cook Road, Glencoe, 60022, IL, United States"
"d19170f1-c98f-4673-9a1a-058a2c07476d","NATIONAL MUSEUM OF NATURAL HISTORY","SEM SIGLA","Smithsonian Institution, 10th St and Constitution Ave NW, Washington, 20560, DC, United States","National Museum of Natural History, Smithsonian Institution, 10th St and Constitution Ave NW, Washington, 20560, DC, United States"
"71c4d7b5-2fb1-423c-a2da-a88761c345ea","NORTHWESTERN UNIVERSITY","SEM SIGLA","633 Clark St, Evanston, 60202, IL, United States","Northwestern University, 633 Clark St, Evanston, 60202, IL, United States"
"1a079bb5-50b9-4893-9cdd-89a2a27b6951","INSTITUTO NACIONAL DA MATA ATLANTICA","SEM SIGLA","Museu de Biologia Prof. Mello Leitão, Rua José Ruschi, 4, Santa Teresa, 29650-000, ES, Brazil","Instituto Nacional da Mata Atlântica, Museu de Biologia Prof. Mello Leitão, Rua José Ruschi, 4, Santa Teresa, 29650-000, ES, Brazil"
"1cc70bc6-9629-4fcb-a263-c5f52127d4b5","UNIVERSIDADE FEDERAL DE MINAS GERAIS","SEM SIGLA","Instituto de Ciências Biológicas, Depto. Botânica, C.P. 486, Belo Horizonte, 30161-970, MG, Brazil","Universidade Federal de Minas Gerais, Instituto de Ciências Biológicas, Depto. Botânica, C.P. 486, Belo Horizonte, 30161-970, MG, Brazil"
"af5812f3-afcb-4ead-85a7-7d162039360d","RUA DOUTOR MARIO DE NUCCI","SEM SIGLA","500, Campinas, 13083-290, São Paulo, Brazil","Rua Doutor Mário de Nucci, 500, Campinas, 13083-290, São Paulo, Brazil"
"21dad11b-3f00-4363-af99-41728618e173","INSTITUTO TECNOLOGICO VALE DE DESENVOLVIMENTO SUSTENTAVEL","SEM SIGLA","R. Boaventura da Silva 955, Belém, PA, 66055-090, Brazil","Instituto Tecnológico Vale de Desenvolvimento Sustentável, R. Boaventura da Silva 955, Belém, PA, 66055-090, Brazil"
"bdbfc012-23cb-4705-9fb2-091ddc410ca4","DCNAT-UFSJ","UFSJ","São João del-Rei, Minas Gerais, Brazil","DCNAT-UFSJ, São João del-Rei, Minas Gerais, Brazil"
"9fb2b2fc-f59d-4a1a-9026-3a0bbf446e41","CPG BOTANICA","CPG","Instituto Nacional de Pesquisas da Amazônia, Manaus, Amazonas, Brazil","CPG Botânica, Instituto Nacional de Pesquisas da Amazônia, Manaus, Amazonas, Brazil"
"f67497c9-acd1-4392-9bfc-45c881d43886","LABORATORIO DE CIENCIAS AMBIENTAIS","SEM SIGLA","Centro de Biociências e Biotecnologia, UENF, Campos dos Goytacazes, 28013-602, RJ, Brazil","Laboratório de Ciências Ambientais, Centro de Biociências e Biotecnologia, UENF, Campos dos Goytacazes, 28013-602, RJ, Brazil"
"dc6edafc-bf9c-4013-a1d9-6e9a6c6a3bd1","SCHOOL OF GEOSCIENCES","SEM SIGLA","University of Edinburgh, Edinburgh, EH9 3JN, United Kingdom","School of GeoSciences, University of Edinburgh, Edinburgh, EH9 3JN, United Kingdom"
"fcb21ec6-a562-4e85-8719-e561a3f5c7b7","ROYAL BOTANIC GARDEN EDINBURGH","SEM SIGLA","Edinburgh, EH3 5LR, United Kingdom","Royal Botanic Garden Edinburgh, Edinburgh, EH3 5LR, United Kingdom"
"3fa4e884-bd04-4c63-be1b-5c32a4496911","DEPTO DE BIOLOGIA VEGETAL","SEM SIGLA","Programa de Pós-Graduação em Biologia Vegetal, Inst. de Biologia, Univ. Estadual de Campinas, Cidade Univ. Zeferino Vaz, Campinas, SP, Brazil","Depto de Biologia Vegetal, Programa de Pós-Graduação em Biologia Vegetal, Inst. de Biologia, Univ. Estadual de Campinas, Cidade Univ. Zeferino Vaz, Campinas, SP, Brazil"
"00fbecbb-82b2-4a96-97f2-ede39c1ca360","UNIV DO ESTADO DO AMAZONAS","SEM SIGLA","Manaus-AM, Brazil","Univ. do Estado do Amazonas, Manaus-AM, Brazil"
"ebab34e1-2d56-4d66-bf1e-fe49c8c7271f","INSTITUTO TECNOLOGICO VALE DESENVOLVIMENTO SUSTENTAVEL","SEM SIGLA","R. Boaventura da Silva 955, Belém, PA, 66055-090, Brazil","Instituto Tecnológico Vale Desenvolvimento Sustentável, R. Boaventura da Silva 955, Belém, PA, 66055-090, Brazil"
"a0ad780d-e389-4208-8cb7-610dee48d99e","INSTITUTO EXPERIMENTAL JARDIN BOTANICO","SEM SIGLA","Universidad Central de Venezuela, Caracas, Venezuela","Instituto Experimental Jardín Botánico, Universidad Central de Venezuela, Caracas, Venezuela"
"cf583cd7-0115-42e3-bde5-678f345f6c80","MUSEO DE HISTORIA NATURAL LA SALLE","SEM SIGLA","Venezuela","Museo de Historia Natural La Salle, Venezuela"
"606747c7-a0a8-4666-b2dc-0d8efcc90db5","LABORATORIO DE MICROBIOLOGIA GERAL E APLICADA","SEM SIGLA","Universidade Federal do Tocantins, Av. NS 15, Cx. Postal 114, Prédio L3, Sala 1, Palmas, 11477001-090, Tocantins, Brazil","Laboratório de Microbiologia Geral e Aplicada, Universidade Federal do Tocantins, Av. NS 15, Cx. Postal 114, Prédio L3, Sala 1, Palmas, 11477001-090, Tocantins, Brazil"
"a908719d-7ef1-407e-8b31-4ea1bf41da15","CENTER FOR STUDY AND RESEARCH OF MEDICINAL PLANTS","SEM SIGLA","Federal University of Vale do São Francisco - UNIVASF, Petrolina, 56304-205, PE, Brazil","Center for Study and Research of Medicinal Plants, Federal University of Vale do São Francisco - UNIVASF, Petrolina, 56304-205, PE, Brazil"
"8e9c00e3-1a33-49c2-ac4e-9aa1942ded97","MUSEU PARAENSE EMILIO GOELDI - MCT","MCT","Campus de Pesquisa, Coord. Botânica, Av. Perimetral 1901, Belém, PA, 66017-970, Brazil","Museu Paraense EMÍlio Goeldi - MCT, Campus de Pesquisa, Coord. Botânica, Av. Perimetral 1901, Belém, PA, 66017-970, Brazil"
"a8806fe8-d692-4221-9cae-590478ed675a","AMPLO ENGENHARIA GESTAO DE PROJETOS LTDA","LTDA","Rua Camões, 28, São Lucas, Belo Horizonte, MG, Brazil","Amplo Engenharia Gestão de Projetos LTDA, Rua Camões, 28, São Lucas, Belo Horizonte, MG, Brazil"
"dd6530c1-aee9-4e37-bd16-8edc32e0a2a7","BOTANISCHE STAATSSAMMLUNG MUNCHEN","SEM SIGLA","Menzinger Strasse 67, Munich, D-80638, Germany","Botanische Staatssammlung München, Menzinger Strasse 67, Munich, D-80638, Germany"
"046232ed-2abc-461c-aa0f-5953934c2868","GEOBIO-CENTER LMU","LMU","Center of Geobiology and Biodiversity Research, Ludwig-Maximilians-University, Munich, Germany","GeoBio-Center LMU, Center of Geobiology and Biodiversity Research, Ludwig-Maximilians-University, Munich, Germany"
"7995e127-e10b-4a0e-b7ec-c16066f8e27f","UNIVERSITY OF CAMPINAS","SEM SIGLA","Institute of Biology, Department of Plant Biology, P.O. Box 6109, Campinas, SP, 13083-970, Brazil","University of Campinas, Institute of Biology, Department of Plant Biology, P.O. Box 6109, Campinas, SP, 13083-970, Brazil"
"60f6f9d3-f8df-4ff7-9335-a907c5ae7538","INSTITUTO AGRONOMICO","SEM SIGLA","Avenida Theodureto de Almeida Camargo, 1500, Campinas, 13075-630, SP, Brazil","Instituto Agronômico, Avenida Theodureto de Almeida Camargo, 1500, Campinas, 13075-630, SP, Brazil"
"054f084d-1dc9-4fc0-af54-24d79c2f2ac2","DIRETORIA DE GESTAO DA BIODIVERSIDADE","SEM SIGLA","Instituto de Desenvolvimento Florestal e da Biodiversidade do Estado do Pará, Av. João Paulo II, s/n, Belém, 66610-770, Pará, Brazil","Diretoria de Gestão da Biodiversidade, Instituto de Desenvolvimento Florestal e da Biodiversidade do Estado do Pará, Av. João Paulo II, s/n, Belém, 66610-770, Pará, Brazil"
"d7a6da8c-3954-43d3-bf54-6fe5440d55cf","TROPICAL BIODIVERSITY GRADUATE PROGRAM","SEM SIGLA","Federal University of Amapa (UNIFAP), Macapa CEP, Amapa, 68903-419, Brazil","Tropical Biodiversity Graduate Program, Federal University of Amapa (UNIFAP), Macapa CEP, Amapa, 68903-419, Brazil"
"110332b6-8076-4f4b-abc8-d996b7cfd9e0","RESEARCH AND DEVELOPMENT DEPARTMENT","SEM SIGLA","Brazilian Agricultural Research Corporation (Embrapa), Macapa CEP, Amapa, 68903-419, Brazil","Research and Development Department, Brazilian Agricultural Research Corporation (Embrapa), Macapa CEP, Amapa, 68903-419, Brazil"
"2ae0f402-f758-4b6f-9179-505b78b1bbb2","DEPARTMENT OF FOREST SCIENCE","SEM SIGLA","Federal University of Lavras, Lavras CEP, Minas Gerais, 37200-00, Brazil","Department of Forest Science, Federal University of Lavras, Lavras CEP, Minas Gerais, 37200-00, Brazil"
"02e87b1f-061f-4116-97d8-8e3e9f7d2557","PRODUCTION ENGINEERING DEPARTMENT","SEM SIGLA","State University of Amapá, Macapa CEP, Amapa, 68900-070, Brazil","Production Engineering Department, State University of Amapá, Macapa CEP, Amapa, 68900-070, Brazil"
"75bb0354-787a-47de-a1fd-5c13dd8925d0","UNIVERSIDADE ESTADUAL DA PARAIBA","SEM SIGLA","Campina Grande, Paraíba, Brazil","Universidade Estadual da Paraíba, Campina Grande, Paraíba, Brazil"
"33fdeb7a-5d54-4218-89c9-ff1d824f115b","UNIVERSIDADE FEDERAL DE PERNAMBUCO","SEM SIGLA","Recife, Pernambuco, Brazil","Universidade Federal de Pernambuco, Recife, Pernambuco, Brazil"
"1a83b6b9-afab-43ab-99ed-08639a680595","INSTITUTO FEDERAL DE CIENCIA E TECNOLOGIA DA PARAIBA","SEM SIGLA","Cajazeiras, Paraíba, Brazil","Instituto Federal de Ciência e Tecnologia da Paraíba, Cajazeiras, Paraíba, Brazil"
"8227de0c-b729-4e46-b814-17ea120a7d5b","APPLIED BIOLOGY PROGRAM","SEM SIGLA","Faculty of Basic and Applied Sciences, Universidad Militar Nueva Granada, Carrera 11, No. 101-80, Bogotá, Colombia","Applied Biology Program, Faculty of Basic and Applied Sciences, Universidad Militar Nueva Granada, Carrera 11, No. 101-80, Bogotá, Colombia"
"5c49c447-ef8b-4324-b82b-07ac55cf8480","DEPARTMENT OF BASIC SCIENCES IN HEALTH","SEM SIGLA","Faculty of Medicine, Universidade Federal de Mato Grosso (UFMT), Cuiabá, 78.060-900, Mato Grosso, Brazil","Department of Basic Sciences in Health, Faculty of Medicine, Universidade Federal de Mato Grosso (UFMT), Cuiabá, 78.060-900, Mato Grosso, Brazil"
"fb4c0ab4-401a-47c6-9062-edb0fee3318c","CURSO DE FARMACIA","SEM SIGLA","Faculdade do Noroeste de Mato Grosso - AJES, Juína, 78.320-000, Mato Grosso, Brazil","Curso de Farmácia, Faculdade do Noroeste de Mato Grosso - AJES, Juína, 78.320-000, Mato Grosso, Brazil"
"489f7763-dd92-40a1-bd70-c0c8cd2900b0","LABORATORIO DE LIMNOLOGIA","SEM SIGLA","Departamento de Ecologia, IB, Universidade de Brasília, Brasília, CEP 70910-900, DF, Brazil","Laboratório de Limnologia, Departamento de Ecologia, IB, Universidade de Brasília, Brasília, CEP 70910-900, DF, Brazil"
"2311c0a7-b424-4ffe-8bfd-d7851500df67","LABORATORIO DE ECOLOGIA E TAXONOMIA DE INVERTEBRADOS AQUATICOS","SEM SIGLA","Instituto de Ciências e Tecnologia das Águas, Universidade Federal do Oeste do Pará, Rua Vera Paz s/n, Salé, Santarém, CEP 68035-110, PA, Brazil","Laboratório de Ecologia e Taxonomia de Invertebrados Aquáticos, Instituto de Ciências e Tecnologia das Águas, Universidade Federal do Oeste do Pará, Rua Vera Paz s/n, Salé, Santarém, CEP 68035-110, PA, Brazil"
"59961447-36a6-4781-9a8c-36e7a9c5fdb3","PROGRAMA DE POS-GRADUACAO EM ENTOMOLOGIA","SEM SIGLA","Coordenação de Biodiversidade, Instituto Nacional de Pesquisas da Amazônia - INPA, Av. André Araújo, 2936, CP 478, Manaus, CEP 69067-375, AM, Brazil","Programa de Pós-Graduação em Entomologia, Coordenação de Biodiversidade, Instituto Nacional de Pesquisas da Amazônia - INPA, Av. André Araújo, 2936, CP 478, Manaus, CEP 69067-375, AM, Brazil"
"e831f824-8b22-401d-86fa-9364e1556a34","PROGRAMA DE POS-GRADUACAO EM ECOLOGIA E CONSERVACAO","SEM SIGLA","Universidade Federal Rural do Semi-Árido-UFERSA, Av. Francisco Mota 572, Costa e Silva, Mossoró, CEP 59625-900, RN, Brazil","Programa de Pós-Graduação em Ecologia e Conservação, Universidade Federal Rural do Semi-Árido-UFERSA, Av. Francisco Mota 572, Costa e Silva, Mossoró, CEP 59625-900, RN, Brazil"
"4f0089fb-211c-438f-9538-05ddaa55432c","COLEGIO DE APLICACAO","SEM SIGLA","Centro de Educação, Universidade Federal de Roraima, Av. Cap. Ene Garcez, 2413, Aeroporto, Boa Vista, CEP 69304-000, RR, Brazil","Colégio de Aplicação, Centro de Educação, Universidade Federal de Roraima, Av. Cap. Ene Garcez, 2413, Aeroporto, Boa Vista, CEP 69304-000, RR, Brazil"
"652bb2a0-d160-4d9c-b4d1-2df267817d5e","CENTRO DE PESQUISAS GONCALO MONIZ","SEM SIGLA","Fundação Oswaldo Cruz (FIOCRUZ), Salvador, BA, Brazil","Centro de Pesquisas Gonçalo Moniz, Fundação Oswaldo Cruz (FIOCRUZ), Salvador, BA, Brazil"
"3b3f7130-9583-40cb-a9bf-4b02fd2d7882","CENTRO DE NMR","NMR","Universidade Federal do Paraná, Curitiba, PR, Brazil","Centro de NMR, Universidade Federal do Paraná, Curitiba, PR, Brazil"
"9ec5a19b-a13c-493f-bfd9-deb7c1e19198","DEPARTAMENTO DE CIENCIAS DA VIDA","SEM SIGLA","Universidade do Estado da Bahia, Salvador, BA, Brazil","Departamento de Ciências da Vida, Universidade do Estado da Bahia, Salvador, BA, Brazil"
"43f415ce-d112-4070-aca5-e09b1561148a","INSTITUTO DE QUIMICA","SEM SIGLA","UNICAMP, Campinas, SP, Brazil","Instituto de Química, UNICAMP, Campinas, SP, Brazil"
"fee2f707-b9f0-4109-bf4a-3f4eecc73005","CENTRO DE BIOTECNOLOGIA E TERAPIA CELULAR","SEM SIGLA","Hospital São Rafael, Salvador, BA, Brazil","Centro de Biotecnologia e Terapia Celular, Hospital São Rafael, Salvador, BA, Brazil"
"4d8c6d2c-a727-4399-bca4-359750cc6d1c","CHEMICAL SCIENCE LABORATORY","SEM SIGLA","CCT, State University of Fluminense North Darcy Ribeiro, Campo dos Goytacazes-RJ, 28013-600, Brazil","Chemical Science Laboratory, CCT, State University of Fluminense North Darcy Ribeiro, Campo dos Goytacazes-RJ, 28013-600, Brazil"
"7eaea204-ec08-4f9e-a62e-fd710d03028e","RESEARCH INSTITUTE FOR DRUGS AND MEDICINES","SEM SIGLA","Federal University of Paraíba, João Pessoa-PB, CEP 58051-900, Brazil","Research Institute for Drugs and Medicines, Federal University of Paraíba, João Pessoa-PB, CEP 58051-900, Brazil"
"a00d3c90-331a-49c2-aa2d-25fcb9d2d92f","NATIONAL INSTITUTE OF AMAZON RESEARCH INPA","INPA","Department of Biodiversity, Manaus, Amazonas, Brazil","National Institute of Amazon Research (INPA), Department of Biodiversity, Manaus, Amazonas, Brazil"
"f273cb35-27bd-47bf-8029-ef665bf38472","OHIO WESLEYAN UNIVERSITY","SEM SIGLA","Department of Botany-Microbiology, Delaware, OH, United States","Ohio Wesleyan University, Department of Botany-Microbiology, Delaware, OH, United States"
"6363487a-e0a4-48e7-abf0-2a9b6f6a431c","WAGENINGEN UNIVERSITY AND RESEARCH WUR","WUR","Biosystematics group, Wageningen, Netherlands","Wageningen University and Research (WUR), Biosystematics group, Wageningen, Netherlands"
"a5eebdbc-766a-4980-9af7-de87ac6402e8","ESCOLA DE ARTES","SEM SIGLA","Ciências e Humanidades, Universidade de São Paulo, São Paulo, SP, Brazil","Escola de Artes, Ciências e Humanidades, Universidade de São Paulo, São Paulo, SP, Brazil"
"a5346670-43ad-40cc-93be-0b3a2498116d","INSTITUTO DE ECOLOGIA","SEM SIGLA","A. C., Centro Regional Del Bajío, A. P. Pátzcuaro, Michoacán, 386 61600, Mexico","Instituto de Ecología, A. C., Centro Regional Del Bajío, A. P. Pátzcuaro, Michoacán, 386 61600, Mexico"
"dc9bd9f5-c2e2-4112-a3b4-dc1209ec5b5d","LABORATORIO DE BIOPROSPECCAO E BIOTECNOLOGIA","SEM SIGLA","Instituto Nacional de Pesquisas da Amazônia, Manaus, AM, Brazil","Laboratório de Bioprospecção e Biotecnologia, Instituto Nacional de Pesquisas da Amazônia, Manaus, AM, Brazil"
"d3778f5d-d7d0-47b8-b456-ae82edeb5484","LABORATORIO DE MICOLOGIA","SEM SIGLA","Instituto Nacional de Pesquisas da Amazônia, Manaus, AM, Brazil","Laboratório de Micologia, Instituto Nacional de Pesquisas da Amazônia, Manaus, AM, Brazil"
"39a28ecf-1790-4c22-804b-6199150a9a7f","ENGENHARIA FLORESTAL","SEM SIGLA","Universidade Federal do Oeste do Pará (UFOPA), Santarém, PA, Brazil","Engenharia Florestal, Universidade Federal do Oeste do Pará (UFOPA), Santarém, PA, Brazil"
"f73ac386-d924-446d-bbc1-fedfad3ed823","BELEM","SEM SIGLA","PA, Brazil","Belém, PA, Brazil"
"7ae983c9-438e-4642-b73d-d795dd5ba509","DEPARTAMENTO DE CIENCIAS FLORESTAIS DA ESCOLA SUPERIOR DE AGRICULTURA LUIZ DE QUEIROZ","SEM SIGLA","Universidade de São Paulo (USP), Piracicaba, SP, Brazil","Departamento de Ciências Florestais da Escola Superior de Agricultura “Luiz de Queiroz”, Universidade de São Paulo (USP), Piracicaba, SP, Brazil"
"141dd741-4a4c-4d9f-a09c-087e3f64df95","CIDADE UNIVERSITARIA ZEFERINO VAZ","SEM SIGLA","Campinas, SP, Brazil","Cidade Universitária Zeferino Vaz, Campinas, SP, Brazil"
"c1fc3a52-fdf1-4a92-970b-f2cee0eef880","ESCOLA SUPERIOR DE AGRICULTURA LUIZ DE QUEIROZ - ESALQ","ESALQ","Universidade de São Paulo - USP, Piracicaba, SP, Brazil","Escola Superior de Agricultura “Luiz de Queiroz” - ESALQ, Universidade de São Paulo - USP, Piracicaba, SP, Brazil"
"574a75a9-6461-4abc-8f58-7204f5989ba1","UNIVERSIDADE FEDERAL DE VICOSA - UFV","UFV","Viçosa, MG, Brazil","Universidade Federal de Viçosa - UFV, Viçosa, MG, Brazil"
"d2951e82-4dbb-42db-aacb-4f94041f181a","PROGRAMA DE POS-GRADUACAO EM MEDICINA VETERINARIA","SEM SIGLA","Universidade Federal Rural de Pernambuco (UFRPE), Rua Dom Manoel de Medeiros, s/n, Dois Irmãos, Recife, PE 52171-900, Brazil","Programa de Pós-Graduação em Medicina Veterinária, Universidade Federal Rural de Pernambuco (UFRPE), Rua Dom Manoel de Medeiros, s/n, Dois Irmãos, Recife, PE 52171-900, Brazil"
"39c15ef3-52b2-4fb1-8925-d9419c26a7b0","DEPARTAMENTO DE MEDICINA VETERINARIA","SEM SIGLA","Universidade Federal Rural de Pernambuco (UFRPE), Rua Dom Manoel de Medeiros, s/n, Dois Irmãos, Recife, PE 52171-900, Brazil","Departamento de Medicina Veterinária, Universidade Federal Rural de Pernambuco (UFRPE), Rua Dom Manoel de Medeiros, s/n, Dois Irmãos, Recife, PE 52171-900, Brazil"
"857bb9ad-5042-49d0-aad2-ff570a52ae24","POISONOUS PLANT RESEARCH LABORATORY","SEM SIGLA","Agricultural Research Service, United States Department of Agriculture, 1150 E. 1400 N., Logan, 84341, UT, United States","Poisonous Plant Research Laboratory, Agricultural Research Service, United States Department of Agriculture, 1150 E. 1400 N., Logan, 84341, UT, United States"
"cef7ff98-670f-4e51-9033-cfb4a342386e","HOSPITAL VETERINARIO","SEM SIGLA","Universidade Federal de Campina Grande (UFCG), Patos, PB 58700-000, Brazil","Hospital Veterinário, Universidade Federal de Campina Grande (UFCG), Patos, PB 58700-000, Brazil"
"98a46df7-21fe-4479-ab34-7e9f51838ffb","INSTITUTO NACIONAL DE INVESTIGACION AGROPECUARIA INIA","INIA","La Estanzuela, Colonia, CP 70.000, Uruguay","Instituto Nacional de Investigación Agropecuaria (INIA), La Estanzuela, Colonia, CP 70.000, Uruguay"
"73c3a87d-d65c-447a-a260-a9737bb4fac0","LABORATORIO DE DIAGNOSTICO ANIMAL","SEM SIGLA","Departamento de Morfologia e Fisiologia Animal, Universidade Federal Rural de Pernambuco (UFRPE), Rua Dom Manoel de Medeiros, s/n, Dois Irmãos, Recife, PE 52171-900, Brazil","Laboratório de Diagnóstico Animal, Departamento de Morfologia e Fisiologia Animal, Universidade Federal Rural de Pernambuco (UFRPE), Rua Dom Manoel de Medeiros, s/n, Dois Irmãos, Recife, PE 52171-900, Brazil"
"5a6492d0-e9b1-46ae-8b3f-51d49c9d316b","UNIV GRENOBLE ALPES","SEM SIGLA","CNRS, SAJF, Grenoble, F-38000, France","Univ. Grenoble Alpes, CNRS, SAJF, Grenoble, F-38000, France"
"d3542720-5d4e-48e1-884f-29bcd7a2bb71","CIRAD","CIRAD","UMR AGAP, Avenue Agropolis, Montpellier, 34398, France","CIRAD, UMR AGAP, Avenue Agropolis, Montpellier, 34398, France"
"207f0dfd-1d4d-45ea-8990-1a774a90ca22","AGAP","AGAP","Univ Montpellier, CIRAD, INRA, Montpellier SupAgro, Montpellier, France","AGAP, Univ Montpellier, CIRAD, INRA, Montpellier SupAgro, Montpellier, France"
"41405be2-b2f8-48fd-84ad-c46dedb9d147","UNIVERSIDADE FEDERAL RURAL DA AMAZONIA / MUSEU PARAENSE EMILIO GOELDI","SEM SIGLA","Prog. Pos-Graduacao em Ciencias Biologicas - Botanica Tropical, Av. Perimetral 1901, Terra Firme, Belém, PA, 66077-830, Brazil","Universidade Federal Rural da Amazônia / Museu Paraense Emílio Goeldi, Prog. Pos-Graduacao em Ciencias Biologicas - Botanica Tropical, Av. Perimetral 1901, Terra Firme, Belém, PA, 66077-830, Brazil"
"0c40aab5-1aa1-4b53-a751-d2a770295a5e","CNRS","CNRS","Université de Guyane, IFREMER, LEEISA (Laboratoire Ecologie, Evolution, Interactions des Systèmes Amazoniens), 275 route de Montabo, Cayenne, 97300, France","CNRS, Université de Guyane, IFREMER, LEEISA (Laboratoire Ecologie, Evolution, Interactions des Systèmes Amazoniens), 275 route de Montabo, Cayenne, 97300, France"
"3bd594c2-fcb8-4a01-b620-0f9e240a09bb","UNIVERSITE DES ANTILLES","SEM SIGLA","Université de Guyane, CNRS, UMR Ecologie des Forêts de Guyane (EcoFoG), AgroParisTech, Cirad, INRA, Kourou, 97310, France","Université des Antilles, Université de Guyane, CNRS, UMR Ecologie des Forêts de Guyane (EcoFoG), AgroParisTech, Cirad, INRA, Kourou, 97310, France"
"ed8540a9-55ea-46fc-9562-59ed867c2043","UNIVERSITE D'ORLEANS","SEM SIGLA","LLL, Laboratoire Ligérien de Linguistique, UMR 7270, Orléans, 45065, France","Université d'Orléans, LLL, Laboratoire Ligérien de Linguistique, UMR 7270, Orléans, 45065, France"
"c046fa29-5d05-456c-89f7-d91c4bef92ce","FLORIDA INTERNATIONAL UNIVERSITY","SEM SIGLA","ICTB (International Center for Tropical Botany, Department of Biological Sciences), Miami, 33199, FL, United States","Florida International University, ICTB (International Center for Tropical Botany, Department of Biological Sciences), Miami, 33199, FL, United States"
"1ebcc0ad-51d8-47fc-88c2-9f6f0d95407e","AMAP","AMAP","IRD, CIRAD, CNRS, Université de Montpellier, INRA, Boulevard de la Lironde, TA A-51/PS2, F-34398, Montpellier Cedex 5, France","AMAP, IRD, CIRAD, CNRS, Université de Montpellier, INRA, Boulevard de la Lironde, TA A-51/PS2, F-34398, Montpellier Cedex 5, France"
"58a12b85-445c-427b-bdcd-12b2c80ea5fa","SEMAS/PA - SECRETARIA DO ESTADO DE MEIO AMBIENTE E SUSTENTABILIDADE","PA","Travessa Lomas Valentinas, 2717, Belém, PR, 66.093-677, Brazil","SEMAS/PA - Secretaria do Estado de Meio Ambiente e Sustentabilidade, Travessa Lomas Valentinas, 2717, Belém, PR, 66.093-677, Brazil"
"e2ed2ed1-d490-44dc-96a7-3932a5b913b0","POS-GRADUACAO EM CIENCIAS FLORESTAIS","SEM SIGLA","UFRA - Universidade Federal Rural da Amazônia, Av. Presidente Tancredo Neves, 2501, Belém, PR, 66.077-530, Brazil","Pós-Graduação em Ciências Florestais, UFRA - Universidade Federal Rural da Amazônia, Av. Presidente Tancredo Neves, 2501, Belém, PR, 66.077-530, Brazil"
"c89988d1-c799-41e2-b821-4bfa0f088216","DEPARTAMENTO DE CIENCIAS EXATAS E NATURAIS","SEM SIGLA","UFRA - Universidade Federal Rural da Amazônia, Av. Presidente Tancredo Neves, 2501, Belém, PR, 66.077-530, Brazil","Departamento de Ciências Exatas e Naturais, UFRA - Universidade Federal Rural da Amazônia, Av. Presidente Tancredo Neves, 2501, Belém, PR, 66.077-530, Brazil"
"106e6f9a-eeb1-4b46-a068-18d38621c82f","DOUTORANDA EM CIENCIAS FLORESTAIS","SEM SIGLA","UFRA - Universidade Federal Rural da Amazônia, Av. Presidente Tancredo Neves, 2501, Belém, PR, 66.077-530, Brazil","Doutoranda em Ciências Florestais, UFRA - Universidade Federal Rural da Amazônia, Av. Presidente Tancredo Neves, 2501, Belém, PR, 66.077-530, Brazil"
"0b784446-4319-4c24-a1a5-9ce82bb49427","PESQUISADOR MESTRE EM CIENCIAS FLORESTAIS TNC - THE NATURE CONSERVANCY","TNC","Av. Nazaré, 280, Belém, PA, 66.035-170, Brazil","Pesquisador Mestre em Ciências Florestais. TNC - The Nature Conservancy, Av. Nazaré, 280, Belém, PA, 66.035-170, Brazil"
"dfca9df4-d5a0-44e6-befd-4b955dcc28c7","CHINA","SEM SIGLA","NAO_INFORMADO","China"
"d186c724-e26d-4a2c-924d-c33dc55f4010","UNITED KINGDOM","SEM SIGLA","NAO_INFORMADO","United Kingdom"
"2d419df1-8dc6-4fc6-a47a-81a753e88c37","CONSERVATOIRE ET JARDIN BOTANIQUES DE LA VILLE DE GENEVE","SEM SIGLA","Département de la culture et du sport, Chemin de l'Impératrice 1, Case postale 71, Chambésy-Genève, Suiça, 1292, Switzerland","Conservatoire et Jardin botaniques de la Ville de Genève, Département de la culture et du sport, Chemin de l'Impératrice 1, Case postale 71, Chambésy-Genève, Suiça, 1292, Switzerland"
"520f5ddc-d8eb-4438-bfaf-7efc3386fece","UNIVERSIDADE FEDERAL DO ABC","ABC","Centro de Ciências Naturais e Humanas, R. Arcturus 3, Jardim Antares, São Bernardo do Campo, SP, 09606-070, Brazil","Universidade Federal do ABC, Centro de Ciências Naturais e Humanas, R. Arcturus 3, Jardim Antares, São Bernardo do Campo, SP, 09606-070, Brazil"
"ee5cf572-b2f8-42d6-a8fc-b40625844774","DEPARTMENT OF ORGANIC CHEMISTRY","SEM SIGLA","Chemistry Institute, Fluminense Federal University (UFF), Niterói, RJ, Brazil","Department of Organic Chemistry, Chemistry Institute, Fluminense Federal University (UFF), Niterói, RJ, Brazil"
"b3c28208-7e6b-4bec-b9c2-34b3ceaec479","DEPARTMENT OF PHYSICS AND CHEMISTRY","SEM SIGLA","School of Pharmaceutical Sciences of Ribeirão Preto, University of São Paulo (USP), Ribeirão Preto, SP, Brazil","Department of Physics and Chemistry, School of Pharmaceutical Sciences of Ribeirão Preto, University of São Paulo (USP), Ribeirão Preto, SP, Brazil"
"6ef37b23-8b40-4cf4-b9fa-bd2d515f1897","PROGRAMA DE POS-GRADUACAO EM CIENCIAS FARMACEUTICAS","SEM SIGLA","Universidade Federal do Pará, Brasil, Belém, 66075-900, PA, Brazil","Programa de pós-Graduação em Ciências Farmacêuticas, Universidade Federal do Pará, Brasil, Belém, 66075-900, PA, Brazil"
"c879f7d4-a006-4dad-accc-33003388f037","LABORATORIO DE FARMACOLOGIA DA INFLAMACAO E DO COMPORTAMENTO","SEM SIGLA","Instituto de Ciências da Saúde, Universidade Federal do Pará, Brasil, Belém, 66075-900, PA, Brazil","Laboratório de Farmacologia da Inflamação e do Comportamento, Instituto de Ciências da Saúde, Universidade Federal do Pará, Brasil, Belém, 66075-900, PA, Brazil"
"6a393eb3-031c-4aa6-96c3-d8e8e61f0b36","PROGRAMA DE POS-GRADUACAO EM NEUROCIENCIAS E BIOLOGIA CELULAR","SEM SIGLA","Instituto de Ciências Biológicas, Universidade Federal do Pará, Brasil, Belém, 66075-900, PA, Brazil","Programa de Pós-Graduação em Neurociências e Biologia Celular, Instituto de Ciências Biológicas, Universidade Federal do Pará, Brasil, Belém, 66075-900, PA, Brazil"
"e1d49e73-92e5-4d82-9a77-f2e8cbfa56ee","UNIVERSIDADE FEDERAL RURAL DO SEMI-ARIDO - UFERSA","UFERSA","Mossoró, RN, Brazil","Universidade Federal Rural do Semi-árido - UFERSA, Mossoró, RN, Brazil"
"d650ca7e-e580-4d01-821a-b704cf394b73","UNIVERSIDADE FEDERAL DO PARANA - UFPR","UFPR","Curitiba, PR, Brazil","Universidade Federal do Paraná - UFPR, Curitiba, PR, Brazil"
"e234f65e-c4cf-402a-96e2-3d652447a897","CIDADE UNIVERSITARIA","SEM SIGLA","R. Mário de Nucci, 500, Campinas, São Paulo, 13083-290, Brazil","Cidade Universitária, R. Mário de Nucci, 500, Campinas, São Paulo, 13083-290, Brazil"
"1cc60080-42a8-4838-ba60-1f96dfdcd57e","DEPARTMENT OF SYSTEMATIC AND EVOLUTIONARY BOTANY","SEM SIGLA","University of Zurich, Zollikerstrasse 107, Zurich, CH-8008, Switzerland","Department of Systematic and Evolutionary Botany, University of Zurich, Zollikerstrasse 107, Zurich, CH-8008, Switzerland"
"7302688b-2dd2-436a-aa1b-9105ece8e800","DEPARTAMENTO DE FISIOLOGIA E FARMACOLOGIA","SEM SIGLA","Universidade Federal de Santa Maria (UFSM), Santa Maria, 97105-900, RS, Brazil","Departamento de Fisiologia e Farmacologia, Universidade Federal de Santa Maria (UFSM), Santa Maria, 97105-900, RS, Brazil"
"0375f821-7d8a-48af-8047-f48a985dd037","INSTITUTO DE SAUDE COLETIVA","SEM SIGLA","Universidade Federal do Oeste do Pará (UFOPA), Santarém, 68040-255, Pará, Brazil","Instituto de Saúde Coletiva, Universidade Federal do Oeste do Pará (UFOPA), Santarém, 68040-255, Pará, Brazil"
"0d526b9c-9658-448b-a801-235487422e25","INSTITUTO DE CIENCIAS E TECNOLOGIA DAS AGUAS","SEM SIGLA","Universidade Federal do Oeste do Pará (UFOPA), Santarém, 68040-255, Pará, Brazil","Instituto de Ciências e Tecnologia das Águas, Universidade Federal do Oeste do Pará (UFOPA), Santarém, 68040-255, Pará, Brazil"
"ba020ce8-68e1-4de0-bade-448830a691b3","HOSPITAL UNIVERSITARIO DE SANTA MARIA","SEM SIGLA","Universidade Federal de Santa Maria (UFSM), Santa Maria, 97105-900, RS, Brazil","Hospital Universitário de Santa Maria, Universidade Federal de Santa Maria (UFSM), Santa Maria, 97105-900, RS, Brazil"
"cdb17913-b3a0-404f-a36d-a96605cc186b","CURSO DE POS GRADUACAO EM BOTANICA","SEM SIGLA","Universidade Federal do Paraná, Curitiba, Paraná, Brazil","Curso de Pós Graduação em Botânica, Universidade Federal do Paraná, Curitiba, Paraná, Brazil"
"3dedfbb9-4fd9-48cb-8d37-32c0695bb498","VALE SA","VALE","Rua Guamá No 60, Prédio DIFN, Parauapebas, Pará, CEP: 68516-000, Brazil","VALE S.A., Rua Guamá No 60, Prédio DIFN, Parauapebas, Pará, CEP: 68516-000, Brazil"
"2d187f71-74c4-4e51-a077-1f140e9db686","CENTRO DE CIENCIAS AGRARIAS","SEM SIGLA","Ambientais e Biológicas, Campus Universitário de Cruz das Almas, Universidade Federal do Recôncavo da Bahia, Cruz das Almas, Brazil","Centro de Ciências Agrárias, Ambientais e Biológicas, Campus Universitário de Cruz das Almas, Universidade Federal do Recôncavo da Bahia, Cruz das Almas, Brazil"
"52bc278a-5617-4a9a-90e2-7ecf2db58a92","DEPARTAMENTO DE FITOPATOLOGIA","SEM SIGLA","Universidade Federal de Viçosa, Viçosa, Brazil","Departamento de Fitopatologia, Universidade Federal de Viçosa, Viçosa, Brazil"
"abfdf7e9-c2e3-4fa3-a648-34f09d2f4bca","UNIVERSIDADE ESTADUAL DE SANTA CRUZ","SEM SIGLA","UESC, Departamento de Ciências Biológicas, Ilhéus, 45662-900, Bahia, Brazil","Universidade Estadual de Santa Cruz, UESC, Departamento de Ciências Biológicas, Ilhéus, 45662-900, Bahia, Brazil"
"52209c1f-9b11-43fa-a205-ec740ed94993","CENTRO DE PESQUISAS DO CACAU","SEM SIGLA","Herbário CEPEC, Itabuna, 45650-970, Bahia, Brazil","Centro de Pesquisas do Cacau, Herbário CEPEC, Itabuna, 45650-970, Bahia, Brazil"
"5927ed1e-5bac-4234-b815-3d12eaaccfca","BOTANIC GARDEN OF MEISE","SEM SIGLA","Nieuwelaan 38, Meise, B-1860, Belgium","Botanic Garden of Meise, Nieuwelaan 38, Meise, B-1860, Belgium"
"61e22919-fb4f-4f56-b87b-7e9f767bc40e","AGENCIA PAULISTA DE TECNOLOGIA DOS AGRONEGOCIOS","SEM SIGLA","Pólo Regional Centro-Sul, Caixa Postal 28, Piracicaba, 13400-970, São Paulo, Brazil","Agência Paulista de Tecnologia dos Agronegócios, Pólo Regional Centro-Sul, Caixa Postal 28, Piracicaba, 13400-970, São Paulo, Brazil"
"1a877560-ac4a-451e-879d-4fde04d97fba","THOMSON MASS SPECTROMETRY LABORATORY","SEM SIGLA","Institute of Chemistry, University of Campinas UNICAMP, Campinas, SP, Brazil","Thomson Mass Spectrometry Laboratory, Institute of Chemistry, University of Campinas UNICAMP, Campinas, SP, Brazil"
"373b8364-b8bf-4c91-8ee9-f654a557eedc","SCIENCE AND TECHNOLOGY SCHOOL","SEM SIGLA","Federal University of Rio Grande do Norte – UFRN, Natal, RN, Brazil","Science and Technology School, Federal University of Rio Grande do Norte – UFRN, Natal, RN, Brazil"
"96d66eee-2935-4fae-b95f-826a9de23c7b","FEDERAL UNIVERSITY OF PARA","SEM SIGLA","Institute of Biological Sciences, P.O. Box 479, Belém, 66075-110, PA, Brazil","Federal University of Pará, Institute of Biological Sciences, P.O. Box 479, Belém, 66075-110, PA, Brazil"
"4f816946-c123-4bc7-8adf-bf8e0e0b272f","INST DE BOTANICA","SEM SIGLA","Núcleo de Pesquisa Orquidário do Estado, São Paulo, SP, BR-04045-972, Brazil","Inst. de Botânica, Núcleo de Pesquisa Orquidário do Estado, São Paulo, SP, BR-04045-972, Brazil"
"d9554ad2-47a1-4cc2-a3a2-b12dd17bb0cd","INSTITUTO DE INVESTIGACIONES DE LA AMAZONIA PERUANA IIAP","IIAP","Av. A. Quiñones km 2.5 (Iquitos), San Juan Bautista, Maynas, Loreto, Peru","Instituto de Investigaciones de la Amazonía Peruana (IIAP), Av. A. Quiñones km 2.5 (Iquitos), San Juan Bautista, Maynas, Loreto, Peru"
"bd067736-7ae0-411f-ac76-d487761b47dc","UNIVERSIDAD NACIONAL DE LA AMAZONIA PERUANA UNAP","UNAP","Pebas 5ta Cuadra, Iquitos, Maynas, Loreto, Peru","Universidad Nacional de la Amazonía Peruana (UNAP), Pebas 5ta Cuadra, Iquitos, Maynas, Loreto, Peru"
"cf19f5a3-0fce-4020-9912-8fdb45f62cec","SERVICIOS DE BIODIVERSIDAD","SEM SIGLA","Jr. Independencia 405, Punchana, Maynas, Loreto, Peru","Servicios de Biodiversidad, Jr. Independencia 405, Punchana, Maynas, Loreto, Peru"
"3288c85d-1169-446c-b658-a30d4e7fe46a","DEPARTAMENTO DE ENGENHARIA E TECNOLOGIA FLORESTAL","SEM SIGLA","Universidade Federal do Paraná-UFPR, Curitiba/PR, Brazil","Departamento de Engenharia e Tecnologia Florestal, Universidade Federal do Paraná-UFPR, Curitiba/PR, Brazil"
"b6db76d8-2d56-49e9-971e-7aa20f2d4700","INSTITUTO FEDERAL DO PARANA-IFPR","IFPR","Curitiba/PR, Brazil","Instituto Federal do Paraná-IFPR, Curitiba/PR, Brazil"
"447d3502-412d-473c-aa79-de175679d517","INSTITUTO DE FLORESTA","SEM SIGLA","Universidade Federal Rural Do Rio de Janeiro, Seropédica, RJ, Brazil","Instituto de Floresta, Universidade Federal Rural Do Rio de Janeiro, Seropédica, RJ, Brazil"
"c013e295-f16d-4d70-abce-53f6318b0632","CENTRO DE PESQUISA EM CIENCIAS EXATAS E TECNOLOGIA","SEM SIGLA","Universidade de Franca, Franca, 14404-600, SP, Brazil","Centro de Pesquisa em Ciências Exatas e Tecnologia, Universidade de Franca, Franca, 14404-600, SP, Brazil"
"84c742d8-b0f0-4128-905e-ab57147e27d0","INSTITUTO DE PESQUISAS","SEM SIGLA","Jardim Botânico Do Rio de Janeiro, Jardim Botânico, CEP 22460-030, Rio de Janeiro, Rua Pacheco Leão 915, Brazil","Instituto de Pesquisas, Jardim Botânico Do Rio de Janeiro, Jardim Botânico, CEP 22460-030, Rio de Janeiro, Rua Pacheco Leão 915, Brazil"
"86ddad44-d4a2-47af-885c-5adfe907565c","IEPA-INSTITUTO DE PESQUISAS CIENTIFICAS E TECNOLOGICAS DO ESTADO DO AMAPA","IEPA","Rodovia Juscelino Kubitschek, CEP: 68912-250. Macapá, Amapá, Km 10, Fazendinha, Brazil","IEPA-Instituto de Pesquisas Científicas e Tecnológicas do Estado do Amapá, Rodovia Juscelino Kubitschek, CEP: 68912-250. Macapá, Amapá, Km 10, Fazendinha, Brazil"
"20968e1d-10c2-421b-8407-e5579b352a1a","BIOPROSPECTING AND BIOTECHNOLOGY LAB","SEM SIGLA","National Institute of Amazonian Research, Manaus, 69067-375, Brazil","Bioprospecting and Biotechnology Lab, National Institute of Amazonian Research, Manaus, 69067-375, Brazil"
"4b407919-a85d-48f1-a7ff-d11d238cf1d9","INSTITUTE OF PHARMACEUTICAL SCIENCE","SEM SIGLA","Department of Pharmaceutical Biology and Biotechnology, University of Freiburg, Freiburg, 79104, Germany","Institute of Pharmaceutical Science, Department of Pharmaceutical Biology and Biotechnology, University of Freiburg, Freiburg, 79104, Germany"
"c50580fd-f721-4d64-b26c-b402d120c926","ESCUELA DE QUIMICA","SEM SIGLA","CIPRONA, Universidad de Costa Rica, San José, 2060, Costa Rica","Escuela de Química, CIPRONA, Universidad de Costa Rica, San José, 2060, Costa Rica"
"1d4ade4c-3ec1-486d-abc8-03d227fe5742","INSTITUTO DE BOTANICA DEL NORDESTE CONICET-UNNE","UNNE","Universidad Nacional del Nordeste (FaCENA-UNNE), Corrientes, C.P. 3400, Argentina","Instituto de Botánica del Nordeste (CONICET-UNNE), Universidad Nacional del Nordeste (FaCENA-UNNE), Corrientes, C.P. 3400, Argentina"
"a0e3838b-781b-4ece-8859-088bd9ab1f51","LABORATORIO DE PRINCIPIOS ATIVOS DA AMAZONIA","SEM SIGLA","Coordenacao de Tecnologia e Inovacao, Instituto Nacional de Pesquisas da Amazônia, Avenida André Araújo, 2936, Petrópolis, Manaus, Amazonas, 69067-375, Brazil","Laboratorio de Principios Ativos da Amazonia, Coordenacao de Tecnologia e Inovacao, Instituto Nacional de Pesquisas da Amazônia, Avenida André Araújo, 2936, Petrópolis, Manaus, Amazonas, 69067-375, Brazil"
"bd13c08b-68a7-4a38-bfaa-d64a546f1a55","CENTRO UNIVERSITARIO DO NORTE","SEM SIGLA","Rua Dez de Julho, 873, Centro, Manaus, Amazonas, 69010-060, Brazil","Centro Universitário Do Norte, Rua Dez de Julho, 873, Centro, Manaus, Amazonas, 69010-060, Brazil"
"b8da18eb-8ef0-48fc-9202-de3cb02d12f3","ESCOLA SUPERIOR DE CIENCIAS DA SAUDE","SEM SIGLA","Universidade Estadual Do Amazonas, Avenida Carvalho Leal, 1777, Cachoeirinha, Manaus, Amazonas, 69065-001, Brazil","Escola Superior de Ciências da Saúde, Universidade Estadual Do Amazonas, Avenida Carvalho Leal, 1777, Cachoeirinha, Manaus, Amazonas, 69065-001, Brazil"
"06e6bf6a-705c-4f90-873e-fd23d63bbf77","EMBRAPA AMAZONIA OCIDENTAL","SEM SIGLA","Rodovia AM-010, Km 29, Manaus, Amazonas, 69010-970, Brazil","Embrapa Amazônia Ocidental, Rodovia AM-010, Km 29, Manaus, Amazonas, 69010-970, Brazil"
"70e044ed-2817-482e-b55f-ed5f6036a02d","CENTRO DE PESQUISAS RENE RACHOU","SEM SIGLA","Fundação Oswaldo Cruz, Avenida Augusto de Lima, 1715, Barro Preto, Belo Horizonte, Minas Gerais, 30190-002, Brazil","Centro de Pesquisas René Rachou, Fundação Oswaldo Cruz, Avenida Augusto de Lima, 1715, Barro Preto, Belo Horizonte, Minas Gerais, 30190-002, Brazil"
"bf310227-03e7-40b0-b43d-f3271c9b6ddf","LABORATORIO DE MALARIA E DENGUE","SEM SIGLA","Coordenacao de Sociedade, Ambiente e Saude, Instituto Nacional de Pesquisas da Amazônia, Avenida André Araújo, 2936, Petrópolis, Manaus, Amazonas, 69067-375, Brazil","Laboratorio de Malaria e Dengue, Coordenacao de Sociedade, Ambiente e Saude, Instituto Nacional de Pesquisas da Amazônia, Avenida André Araújo, 2936, Petrópolis, Manaus, Amazonas, 69067-375, Brazil"
"29ead8dd-97d9-4a02-b7e9-992a2e13ede2","HERBARIUM","SEM SIGLA","Royal Botanic Gardens, Kew, Richmond, Surrey, TW9 3AB, United Kingdom","Herbarium, Royal Botanic Gardens, Kew, Richmond, Surrey, TW9 3AB, United Kingdom"
"49e3bb98-4d23-4cce-ac11-5b6204ff5c94","UNIVERSIDADE FEDERAL DE SAO JOAO DEL REI","SEM SIGLA","Departamento de Ciências Naturais, Praça Dom Helvécio, 74, São João del-Rei, 36301-160, MG, Brazil","Universidade Federal de São João del Rei, Departamento de Ciências Naturais, Praça Dom Helvécio, 74, São João del-Rei, 36301-160, MG, Brazil"
"4b18a276-93d7-4576-a59f-f9198712435f","UFPR","UFPR","Curitiba, Paraná, Brazil","UFPR, Curitiba, Paraná, Brazil"
"6175c87a-0529-457e-8794-0a56672994c5","AGRICULTURAL RESEARCH SERVICE","SEM SIGLA","Systematic Entomology Laboratory, C/o Smithsonian Institution MRC-168, P.O. Box 37012, Washington, 20013-7012, DC, United States","Agricultural Research Service, Systematic Entomology Laboratory, C/o Smithsonian Institution MRC-168, P.O. Box 37012, Washington, 20013-7012, DC, United States"
"78f78002-7e73-43a3-b5d9-f43ab2b23833","CENTRE ANTILLES-GUYANE","SEM SIGLA","Institut National de la Recherche Agronomique, Domaine Duclos, Petit-Bourg, French West Indies, F-97170, Guadeloupe","Centre Antilles-Guyane, Institut National de la Recherche Agronomique, Domaine Duclos, Petit-Bourg, French West Indies, F-97170, Guadeloupe"
"ddae041d-f5ad-4186-aa94-f61aefdeb834","DEPARTMENT OF ORGANISMIC AND EVOLUTIONARY BIOLOGY","SEM SIGLA","Harvard University, Cambridge, MA, United States","Department of Organismic and Evolutionary Biology, Harvard University, Cambridge, MA, United States"
"0e190b58-9371-442c-aedb-49f8722d9ecb","DEPARTAMENTO DE BIOLOGIA GERAL","SEM SIGLA","Instituto de Ciências Biológicas, Universidade Federal de Goiás, Goiânia, Goiás, CEP 74001-970, Brazil","Departamento de Biologia Geral, Instituto de Ciências Biológicas, Universidade Federal de Goiás, Goiânia, Goiás, CEP 74001-970, Brazil"
"f568c680-0827-4f5e-9c7a-f3f695800599","MESTRANDA DO PROGRAMA","SEM SIGLA","Pos-Graduacao de Ciencias Florestais e Ambientais da Faculdade de Ciencias Agrarias, UFAM-Universidade Federal Do Amazonas, Av. General Rodrigo Otávio 6, Coroado-Manaus, AM, 69077-000, Brazil","Mestranda Do Programa, Pos-Graduacao de Ciencias Florestais e Ambientais da Faculdade de Ciencias Agrarias, UFAM-Universidade Federal Do Amazonas, Av. General Rodrigo Otávio 6, Coroado-Manaus, AM, 69077-000, Brazil"
"d396085d-2939-4d3c-b2a8-e4273e293f40","DOUTORA DA FACULDADE DE CIENCIAS AGRARIAS","SEM SIGLA","UFAM-Universidade Federal Do Amazonas, Av. General Rodrigo Otávio 6, Coroado-Manaus, AM, 69077-000, Brazil","Doutora da Faculdade de Ciências Agrárias, UFAM-Universidade Federal Do Amazonas, Av. General Rodrigo Otávio 6, Coroado-Manaus, AM, 69077-000, Brazil"
"e34f279d-0437-4394-aa1f-2bc367c26848","CICS-UBI - CENTRO DE INVESTIGACAO EM CIENCIAS DA SAUDE","UBI","Universidade da Beira Interior, Av. Infante D. Henrique, Covilhã, 6201-506, Portugal","CICS-UBI - Centro de Investigação em Ciências da Saúde, Universidade da Beira Interior, Av. Infante D. Henrique, Covilhã, 6201-506, Portugal"
"5e75c836-b860-4532-b665-1a785a744df6","INSTITUTO POLITECNICO DE CASTELO BRANCO","SEM SIGLA","Escola Superior de Saúde Dr Lopes Dias, Avenida do Empresário, Campus da Talagueira, Castelo Branco, 6000-767, Portugal","Instituto Politécnico de Castelo Branco, Escola Superior de Saúde Dr Lopes Dias, Avenida do Empresário, Campus da Talagueira, Castelo Branco, 6000-767, Portugal"
"74ae4f72-4172-445f-8ddf-f42c037109a6","LEPABE","LEPABE","Departamento de Engenharia Química, Faculdade de Engenharia, Universidade do Porto, Rua Dr. Roberto Frias, s/n, Porto, 4200-465, Portugal","LEPABE, Departamento de Engenharia Química, Faculdade de Engenharia, Universidade do Porto, Rua Dr. Roberto Frias, s/n, Porto, 4200-465, Portugal"
"4c46e794-ba14-4762-941a-362296ea5a84","REQUIMTE/LABORATORIO DE FARMACOGNOSIA","SEM SIGLA","Departamento de Química, Faculdade de Farmácia, Universidade do Porto, Rua de Jorge Viterbo Ferreira, 228, Porto, 4050-313, Portugal","REQUIMTE/Laboratório de Farmacognosia, Departamento de Química, Faculdade de Farmácia, Universidade do Porto, Rua de Jorge Viterbo Ferreira, 228, Porto, 4050-313, Portugal"
"6fb66b8d-af1f-4d30-b941-feef2ef08fe3","INSTITUTE FOR BIODIVERSITY SCIENCE AND SUSTAINABILITY","SEM SIGLA","Department of Botany, California Academy of Sciences, 55 Music Concourse Drive, San Francisco, 94118, CA, United States","Institute for Biodiversity Science and Sustainability, Department of Botany, California Academy of Sciences, 55 Music Concourse Drive, San Francisco, 94118, CA, United States"
"2529ce2e-264a-4e12-8ee3-d04372ddd71c","DEPARTAMENTO DE BIOLOGIA APLICADA A AGROPECUARIA","SEM SIGLA","UNESP, Jaboticabal, 14884-900, SP, Brazil","Departamento de Biologia Aplicada a Agropecuária, UNESP, Jaboticabal, 14884-900, SP, Brazil"
"9c50729e-434e-41f6-ae53-c7fa9d755270","DEPARTAMENTO DE PRODUCAO VEGETAL","SEM SIGLA","UNESP, Jaboticabal, 14884-900, SP, Brazil","Departamento de Produção Vegetal, UNESP, Jaboticabal, 14884-900, SP, Brazil"
"24f804ad-b898-4563-8903-7f220cdfc11a","POS-GRADUACAO BIONORTE","SEM SIGLA","Coordenação de Botânica. Av. Perimetral, Montese, Belém, 1901, PA, Brazil","Pós-Graduação Bionorte, Coordenação de Botânica. Av. Perimetral, Montese, Belém, 1901, PA, Brazil"
"0d5a05de-959f-4326-887b-44e0be9265b3","UNIVERSIDADE ESTADUAL DO SUDOESTE DA BAHIA UESB","UESB","Jequié-BA, Brazil","Universidade Estadual Do Sudoeste da Bahia (UESB), Jequié-BA, Brazil"
"35f83ef5-4687-4a9b-ab57-483ee58fcc59","INSTITUTO DE PRODUCTOS NATURALES Y AGROBIOLOGIA IPNA","IPNA","CSIC, La Laguna, Tenerife, Spain","Instituto de Productos Naturales Y Agrobiología (IPNA), CSIC, La Laguna, Tenerife, Spain"
"4d525999-f628-418f-9267-85a193cdba76","LABORATORIO DE INVESTIGACION DE PRODUCTOS NATURALES ANTIPARASITARIOS DE LA AMAZONIA LIPNAA","LIPNAA","Universidad Nacional de la Amazonia Peruana (UNAP), Iquitos, Peru","Laboratorio de Investigación de Productos Naturales Antiparasitarios de la Amazonia (LIPNAA), Universidad Nacional de la Amazonia Peruana (UNAP), Iquitos, Peru"
"0b821d66-182e-41d3-ba6b-989c77bacb0a","INSTITUTO DE CIENCIAS AGRARIAS ICA","ICA","CSIC, Madrid, Spain","Instituto de Ciencias Agrarias (ICA), CSIC, Madrid, Spain"
"544d4961-8d7d-4efa-9c43-a721ac604baa","DEPARTAMENTO DE MEDICINA PREVENTIVA","SEM SIGLA","Salud Pública Y Microbiología, Universidad Autónoma de Madrid (UAM), Madrid, Spain","Departamento de Medicina Preventiva, Salud Pública Y Microbiología, Universidad Autónoma de Madrid (UAM), Madrid, Spain"
"925ff543-795e-4a0b-883d-8bf8a471985d","CHELSEA PHYSIC GARDEN","SEM SIGLA","London SW3 4HS, 66 Royal Hospital Road, United Kingdom","Chelsea Physic Garden, London SW3 4HS, 66 Royal Hospital Road, United Kingdom"
"28c65491-a6b8-41f3-acf5-561bd394ab99","GRADUATE SCHOOL IN CHEMISTRY","SEM SIGLA","Federal University of Amazonas, Manaus, Brazil","Graduate School in Chemistry, Federal University of Amazonas, Manaus, Brazil"
"122fcee7-5b48-435a-80c8-f0d9b85afe81","DEPARTMENT OF TECHNOLOGY AND INNOVATION","SEM SIGLA","National Institute of Amazon Research, Manaus, Brazil","Department of Technology and Innovation, National Institute of Amazon Research, Manaus, Brazil"
"59933a4d-937f-40a6-92da-e0fd3cb754e2","WESTERN AMAZON AGROFORESTRY RESEARCH CENTER","SEM SIGLA","Brazilian Agrohusbandry Research Company, Manaus, Brazil","Western Amazon Agroforestry Research Center, Brazilian Agrohusbandry Research Company, Manaus, Brazil"
"33b9782b-0e1c-47d9-af05-af06c32847b1","INSTITUTE OF DRUG TECHNOLOGY","SEM SIGLA","Oswaldo Cruz Foundation, Rio de Janeiro, Brazil","Institute of Drug Technology, Oswaldo Cruz Foundation, Rio de Janeiro, Brazil"
"941b27a0-88ec-4d4e-806a-1f1dd14c9173","DEPARTAMENTO DE FARMACIA","SEM SIGLA","Universidade Estadual da Paraíba, Campina Grande, PB, Brazil","Departamento de Farmácia, Universidade Estadual da Paraíba, Campina Grande, PB, Brazil"
"930d1669-3670-427a-b280-04388fd3af69","INSTITUTO DE PESQUISA EM FARMACOS E MEDICAMENTOS","SEM SIGLA","Universidade Federal da Paraíba, João Pessoa, PB, Brazil","Instituto de Pesquisa em Fármacos e Medicamentos, Universidade Federal da Paraíba, João Pessoa, PB, Brazil"
"a8ed06ef-7d30-46ad-ba7d-6259713bbbf3","NUCLEO DE PESQUISAS DE PRODUTOS NATURAIS","SEM SIGLA","Universidade Federal Do Rio de Janeiro, CCS, Bloco H, Ilha do Fundão, Rio de Janeiro, 21941-590, RJ, Brazil","Núcleo de Pesquisas de Produtos Naturais, Universidade Federal Do Rio de Janeiro, CCS, Bloco H, Ilha do Fundão, Rio de Janeiro, 21941-590, RJ, Brazil"
"a4ccd26d-e91f-4c2c-84b2-2283902e9cc9","CENTRO DE CIENCIAS BIOLOGICAS","SEM SIGLA","Departamento de Botânica, Universidade Federal de Santa Catarina - UFSC, Trindade, Florianópolis, 88040-900, SC, Brazil","Centro de Ciências Biológicas, Departamento de Botânica, Universidade Federal de Santa Catarina - UFSC, Trindade, Florianópolis, 88040-900, SC, Brazil"
"dfd9a992-b36b-45f4-abc4-4dbbf6660dbf","POSGRADUATE PROGRAM OF FOOD SCIENCE AND","SEM SIGLA","Portugal","PosGraduate Program of Food Science and, Portugal"
"bf574a68-37e9-4c09-8e74-dc66b9cea8a8","POSGRADUATE PROGRAM OF CHEMISTRY","SEM SIGLA","State University of Maringá, Maringá, Paraná, Brazil","PosGraduate Program of Chemistry, State University of Maringá, Maringá, Paraná, Brazil"
"4ebe288b-d05b-4573-a2ed-52d61f3943bc","REQUIMTE","SEM SIGLA","Department of Chemical Sciences, Faculty of Pharmacy, University of Porto, Rua de Jorge Viterbo Ferreira, 228, Porto, 4050-313, Portugal","REQUIMTE, Department of Chemical Sciences, Faculty of Pharmacy, University of Porto, Rua de Jorge Viterbo Ferreira, 228, Porto, 4050-313, Portugal"
"30d6da08-b13e-41be-bb9a-765e86270437","UNIV CATOLICA DE BRASILIA","SEM SIGLA","SGAN 916, Avenida W5 - sala A-223, Brasília, DistritoFederal, CEP 70790-160, Brazil","Univ. Católica de Brasília, SGAN 916, Avenida W5 - sala A-223, Brasília, DistritoFederal, CEP 70790-160, Brazil"
"42620b45-42fe-47bc-ba13-6f2463ace73f","UNIV FEDERAL DE MINAS GERAIS","SEM SIGLA","Inst. de Ciências Biológicas, ICB, Av. Antônio Carlos, 6627, Pampulha, Belo Horizonte, Minas Gerais, CEP 31270-110, Brazil","Univ. Federal de Minas Gerais, Inst. de Ciências Biológicas, ICB, Av. Antônio Carlos, 6627, Pampulha, Belo Horizonte, Minas Gerais, CEP 31270-110, Brazil"
"1620e4a7-00da-48ca-a102-3029f0fbd712","UNIVERSIDADE ESTADUAL PAULISTA","SEM SIGLA","Faculdade de Ciências Agronômica de Botucatu, Departamento de Horticultura, Rua José Barbosa de Barros, 1780, Botucatu, 18.610-307, São Paulo, Brazil","Universidade Estadual Paulista, Faculdade de Ciências Agronômica de Botucatu, Departamento de Horticultura, Rua José Barbosa de Barros, 1780, Botucatu, 18.610-307, São Paulo, Brazil"
"c296db2b-5571-4138-906c-509f3bfebafe","CUNURI INDIGENOUS COMMUNITY","SEM SIGLA","São Gabriel da Cachoeira, Amazonas, Brazil","Cunuri indigenous Community, São Gabriel da Cachoeira, Amazonas, Brazil"
"2174e3a9-abc1-422d-adca-79a5ba60d343","CNRS-GUYANEUSR 3456","USR","2 avenue Gustave Charlery, Cayenne, 97300, French Guiana","CNRS-Guyane(USR 3456), 2 avenue Gustave Charlery, Cayenne, 97300, French Guiana"
"0473ad1b-60fb-4029-b26c-946c78afc9ea","HERBARIO EAFM","EAFM","Instituto de Educação, Ciência e Tecnologia do Amazonas (IFAM), Manaus, Amazonas, United States","Herbário EAFM, Instituto de Educação, Ciência e Tecnologia do Amazonas (IFAM), Manaus, Amazonas, United States"
"2617bbc3-cbc2-478d-9d26-b77647f626b3","MUSEU PARAENSE EMILIO GOELDI-MCT","MCT","Campus de Pesquisa, Coordenação de Botânica, Av. Perimetral, Belém, 66040-970, PA, Brazil","Museu Paraense Emilio Goeldi-MCT, Campus de Pesquisa, Coordenação de Botânica, Av. Perimetral, Belém, 66040-970, PA, Brazil"
"cf3fcfe9-a922-4d0f-aa01-ab1b39072f58","ECOSYSTEM SERVICES","SEM SIGLA","Climate Change Lab, Medellin Botanical Garden, Medellín, Colombia","Ecosystem Services, Climate Change Lab, Medellin Botanical Garden, Medellín, Colombia"
"be0a3aef-df07-4dd4-972b-ba8cd2b456e1","INSTITUTE OF EVOLUTIONARY BIOLOGY","SEM SIGLA","University of Edinburgh, Edinburgh, United Kingdom","Institute of Evolutionary Biology, University of Edinburgh, Edinburgh, United Kingdom"
"b5c78928-b806-490e-9928-08906c3ea038","VETERINARY HOSPITAL","SEM SIGLA","Federal University of Campina Grande, Patos, CEP 58700-000, Paraíba, Brazil","Veterinary Hospital, Federal University of Campina Grande, Patos, CEP 58700-000, Paraíba, Brazil"
"898aa9f2-d878-401e-ba81-2113eb04a503","CURSO DE MEDICINA VETERINARIA DA ESCOLA SUPERIOR BATISTA DO AMAZONAS","SEM SIGLA","ESBAM, Manaus, AM, Brazil","Curso de Medicina Veterinária da Escola Superior Batista Do Amazonas, ESBAM, Manaus, AM, Brazil"
"cdf77f18-f6e5-48a7-b6e3-ec7f6c94f5e2","NATIONAL INSTITUTE OF AGRICULTURAL RESEARCH INIA","INIA","La Estanzuela, Colonia, CP 4000, Uruguay","National Institute of Agricultural Research (INIA), La Estanzuela, Colonia, CP 4000, Uruguay"
"a3625683-dbef-4abe-aff9-3d1dd8207972","DEPARTMENT OF TROPICAL FORESTRY","SEM SIGLA","National Research Institute of Amazon (INPA), Manaus AM, 69060-001, Brazil","Department of Tropical Forestry, National Research Institute of Amazon (INPA), Manaus AM, 69060-001, Brazil"
"6c667721-d632-40f2-a83d-ff6381fb808e","FEDERAL UNIVERSITY OF WESTERN PARA UFOPA","SEM SIGLA","Santarém PA, 68035-110, Brazil","Federal University of Western Pará (UFOPa), Santarém PA, 68035-110, Brazil"
"c8bc4171-70fd-4e18-b8c6-8640945b119c","REDE DE BIODIVERSIDADE E BIOTECNOLOGIA DA AMAZONIA LEGAL","SEM SIGLA","Belém, Pará, Brazil","Rede de Biodiversidade e Biotecnologia da Amazônia Legal, Belém, Pará, Brazil"
"5fe4b7ac-cf0e-4dbb-a4b1-d874ff6ec574","CONSERVATION ASSESSMENT AND ANALYSIS","SEM SIGLA","Conservation Science Department, Royal Botanic Gardens, Kew, Richmond, Surrey, TW9 3AB, United Kingdom","Conservation Assessment and Analysis, Conservation Science Department, Royal Botanic Gardens, Kew, Richmond, Surrey, TW9 3AB, United Kingdom"
"cef91986-7322-4714-8c8a-f4937d8675fd","UNIVERSITY OF LA CORUNA UDC","UDC","Rúa da Maestranza 9, La Coruña, 15001, Spain","University of La Coruña – UDC, Rúa da Maestranza 9, La Coruña, 15001, Spain"
"7183f5ee-9f39-459b-8636-3b2cd4763512","STCP ENGENHARIA DE PROJETOS LTDA","STCP","Rua Euzébio da Motta 450, Juvevê, Curitiba, CEP 80530-260, PR, Brazil","STCP Engenharia de Projetos Ltda., Rua Euzébio da Motta 450, Juvevê, Curitiba, CEP 80530-260, PR, Brazil"
"532637b1-6f84-4597-b21f-0a948d0f0836","UNIVERSIDE FEDERAL DO PARANA UFPR","UFPR","Rua dos Funcionários 1540, Juvevê, Curitiba, CEP 80035-050, PR, Brazil","Universide Federal do Paraná – UFPR, Rua dos Funcionários 1540, Juvevê, Curitiba, CEP 80035-050, PR, Brazil"
"81264d00-3627-4b96-b426-a286688d28db","INSTITUTO DE BIOCIENCIAS","SEM SIGLA","Universidade Federal de Mato Grosso, Av. Fernando Correa da Costa Bairro Boa Esperança, Cuiabá, 78060-900, Mato Grosso, Brazil","Instituto de Biociências, Universidade Federal de Mato Grosso, Av. Fernando Correa da Costa Bairro Boa Esperança, Cuiabá, 78060-900, Mato Grosso, Brazil"
"8f063cab-3ca8-4c43-a178-c041b615d278","LABORATORIO DE FARMACOLOGIA E IMUNIDADE","SEM SIGLA","Instituto de Ciências Biológicas e da Saúde, Universidade Federal de Alagoas, CEP: 57072-900 Maceió, AL, Av. Lourival Melo Mota, s/n, Cidade Universitária, Brazil","Laboratório de Farmacologia e Imunidade, Instituto de Ciências Biológicas e da Saúde, Universidade Federal de Alagoas, CEP: 57072-900 Maceió, AL, Av. Lourival Melo Mota, s/n, Cidade Universitária, Brazil"
"a64a8035-27e6-460a-be4e-ae3315b20af4","LABORATORIO DE TECNOLOGIA FARMACEUTICA","SEM SIGLA","Universidade Federal da Paraíba, João Pessoa, PB, Brazil","Laboratório de Tecnologia Farmacêutica, Universidade Federal da Paraíba, João Pessoa, PB, Brazil"
"b4fe0087-a03a-4673-9b10-e033992b6ae0","DEPARTMENT OF HEALTH SCIENCES","SEM SIGLA","University of Quebec, Rouyn-Noranda, J9X 5E4, QC, Canada","Department of Health Sciences, University of Quebec, Rouyn-Noranda, J9X 5E4, QC, Canada"
"b02f1b8d-7589-48fc-bb6d-357a447c167c","CENTRO DE BIOTECNOLOGIA","SEM SIGLA","Universidade Federal Da Paraíba, CP 5009, João Pessoa, 58051-970, PB, Brazil","Centro de Biotecnologia, Universidade Federal Da Paraíba, CP 5009, João Pessoa, 58051-970, PB, Brazil"
"578b36f8-d95f-4d98-9a62-8eb17264148f","ONG CAACTUS - ASSOCIACAO CAATINGA CULTURA E TURISMO SUSTENTAVEL","ONG","Rua Antônio Lino, 71, Campo Formoso, 44790-000, Bahia, Brazil","ONG CAACTUS - Associação Caatinga Cultura e Turismo Sustentável, Rua Antônio Lino, 71, Campo Formoso, 44790-000, Bahia, Brazil"
"29e45550-7053-44fe-b1aa-801e21ba17af","CONSERVATOIRE AND JARDIN BOTANIQUES DE LA VILLE DE GENEVE","SEM SIGLA","Chambésy, Switzerland","Conservatoire and Jardin Botaniques de la Ville de Genève, Chambésy, Switzerland"
"4b38893f-2445-4601-9765-ac07be921fde","UNIVERSIDADE FEDERAL RURAL DA AMAZONIA-UFRA","UFRA","66077-530, Belém, Pará, Avenida Perimetral, 2501,Terra Firme, Caixa Postal 917, Brazil","Universidade Federal Rural da Amazônia-UFRA, 66077-530, Belém, Pará, Avenida Perimetral, 2501,Terra Firme, Caixa Postal 917, Brazil"
"01dbe1d3-80ea-4383-965a-89671f90ebdf","MUSEU PARAENSE EMILIO GOELDI-MPEG","MPEG","66077 530, Belém, Pará, Av. Perimetral, 1901, Terra Firme, Brazil","Museu Paraense Emílio Goeldi-MPEG, 66077 530, Belém, Pará, Av. Perimetral, 1901, Terra Firme, Brazil"
"d7676ab5-2969-4d3d-8acd-9b01f3ecac97","UNIVERSIDADE FEDERAL DO PARA-UFPA","UFPA","Instituto de Ciências Biológicas, Departamento de Biologia Vegetal, 66075-110, Belém, Pará, Rua Augusto Corrêa, 01, Guama, Caixa postal 479, Brazil","Universidade Federal do Pará-UFPA, Instituto de Ciências Biológicas, Departamento de Biologia Vegetal, 66075-110, Belém, Pará, Rua Augusto Corrêa, 01, Guama, Caixa postal 479, Brazil"
"a42938ff-157e-4181-adf9-4d2218334d37","UNIVERSIDADE ESTADUAL DE CAMPINAS-UNICAMP","SEM SIGLA","Instituto de Biologia, Departamento de Biologia Vegetal, Cidade Universitária 'Zeferino Vaz' Barão Geraldo, 13.083-970, Campinas, São Paulo, Rua Monteiro Lobato, 970, Caixa Postal 6109, Brazil","Universidade Estadual de Campinas-UNICAMP, Instituto de Biologia, Departamento de Biologia Vegetal, Cidade Universitária 'Zeferino Vaz' Barão Geraldo, 13.083-970, Campinas, São Paulo, Rua Monteiro Lobato, 970, Caixa Postal 6109, Brazil"
"6c6f25ec-bd3b-4d91-87d2-c213d8de09ef","CHEMICAL BIOLOGICAL AND AGRICULTURAL PLURIDISCIPLINARY RESEARCH CENTER/CPQBA","CPQBA","University of Campinas, Paulínia, 13083-970, Brazil","Chemical Biological and Agricultural Pluridisciplinary Research Center/CPQBA, University of Campinas, Paulínia, 13083-970, Brazil"
"5e59cb7c-21e5-45df-a8ea-17da112df026","GONCALO MONIZ RESEARCH CENTER","SEM SIGLA","Oswaldo Cruz Foundation/CPqGM-FIOCRUZ, Salvador, 40296-710, Brazil","Gonçalo Moniz Research Center, Oswaldo Cruz Foundation/CPqGM-FIOCRUZ, Salvador, 40296-710, Brazil"
"d7d75142-d260-4fe3-8e43-b71cf380a6b0","DEPARTMENT OF CHEMISTRY AND PHYSICS","SEM SIGLA","Faculty of Pharmaceutical Sciences of Ribeirão Preto, University of Sao Paulo, Ribeirao Preto, 14040-903, Brazil","Department of Chemistry and Physics, Faculty of Pharmaceutical Sciences of Ribeirão Preto, University of Sao Paulo, Ribeirao Preto, 14040-903, Brazil"
"ca36f6ac-33ff-45c3-aded-c89c6c37f457","DEPARTAMENTO DE FISIOLOGIA","SEM SIGLA","Universidade Federal de Sergipe, São Cristóvão, Sergipe, Brazil","Departamento de Fisiologia, Universidade Federal de Sergipe, São Cristóvão, Sergipe, Brazil"
"167355c6-9bce-4df9-9bcb-1bafdd131915","RESEARCH SUPPORT CENTER IN MOLECULAR DIVERSITY OF NATURAL PRODUCTS","SEM SIGLA","Instituto de Química, Universidade de São Paulo, 05599-970 São Paulo, SP, CP 26077, Brazil","Research Support Center in Molecular Diversity of Natural Products, Instituto de Química, Universidade de São Paulo, 05599-970 São Paulo, SP, CP 26077, Brazil"
"36ed8efb-db44-4ed1-a946-b6f71131705b","NUBBE","NUBBE","Instituto de Química, Universidade Estadual Paulista, 14800-900 Araraquara, SP, Brazil","NUBBE, Instituto de Química, Universidade Estadual Paulista, 14800-900 Araraquara, SP, Brazil"
"bffecc02-9f59-4bcd-8235-3ba7172e50d9","CENTRO INTEGRADO DE PESQUISAS ONCOHEMATOLOGICAS NA INFANCIA","SEM SIGLA","UNICAMP, 13083-970 Campinas, SP, CP 6141, Brazil","Centro Integrado de Pesquisas Oncohematológicas Na Infância, UNICAMP, 13083-970 Campinas, SP, CP 6141, Brazil"
"921b7371-6d45-4c3b-b8db-5c5467d04881","COMPARATIVE PLANT AND FUNGAL BIOLOGY DEPARTMENT","SEM SIGLA","Royal Botanic Gardens, Kew, Richmond, Surrey, TW9 3AB, United States","Comparative Plant and Fungal Biology Department, Royal Botanic Gardens, Kew, Richmond, Surrey, TW9 3AB, United States"
"527e6922-bd86-4b20-9f7a-5f8a89da2442","CENTRO DE ESTUDIOS DE BIOTECNOLOGIA VEGETAL","SEM SIGLA","Centro de Estudios de Química Aplicada, Universidad de Granma, Cuba","Centro de Estudios de Biotecnología Vegetal, Centro de Estudios de Química Aplicada, Universidad de Granma, Cuba"
"4725b276-b1cf-448d-a3a4-73d15015ead1","EMBRAPA PECUARIA SUDESTE CPPSE","CPPSE","Rod. Washington Luiz, Km 234, CP 339, São Carlos, SP, CEP 13560-970, Brazil","Embrapa Pecuária Sudeste (CPPSE), Rod. Washington Luiz, Km 234, CP 339, São Carlos, SP, CEP 13560-970, Brazil"
"1c3139ef-9f5f-461a-9b04-03189a09b913","EMBRAPA AGROINDUSTRIA DE ALIMENTOS","SEM SIGLA","Av. das Américas, 29501, Guaratiba, RJ, CEP 23020-470, Brazil","Embrapa Agroindústria de Alimentos, Av. das Américas, 29501, Guaratiba, RJ, CEP 23020-470, Brazil"
"476fbee2-0e0b-4513-96a7-07d3b62d2d39","LABORATORIO DE BIOTECNOLOGIA VEGETAL","SEM SIGLA","Empresa Brasileira de Pesquisa Agropecuária, Embrapa, Rodovia BR 364, km 5,5, Porto Velho, 76815-800, RO, Brazil","Laboratório de Biotecnologia Vegetal, Empresa Brasileira de Pesquisa Agropecuária, Embrapa, Rodovia BR 364, km 5,5, Porto Velho, 76815-800, RO, Brazil"
"6aa8fb92-2f4e-4f22-a6d5-df6e1a63b1df","CENTRO DE ENSINO SAO LUCAS","SEM SIGLA","Rua Alexandre Guimarães, 1927, Porto Velho, 78916-450, RO, Brazil","Centro de Ensino São Lucas, Rua Alexandre Guimarães, 1927, Porto Velho, 78916-450, RO, Brazil"
"caa25f70-2993-4fcb-9376-cad4faf2f1ba","UNIVERSIDADE ESTADUAL DE LONDRINA","SEM SIGLA","Rodovia Celso Garcia Cid, PR 445, km 380, Campus Universitário, Londrina, 86055-900, PR, Brazil","Universidade Estadual de Londrina, Rodovia Celso Garcia Cid, PR 445, km 380, Campus Universitário, Londrina, 86055-900, PR, Brazil"
"b611c4ae-465b-4558-baba-ef935d082fa3","PROGRAMA DE POS GRADUACAO EM BIOLOGIA","SEM SIGLA","Vegetal Institute of Biology, University of Campinas -UNICAMP, P.O. Box 6109, Campinas, SP, 13083-970, Brazil","Programa de Pós graduação em Biologia, Vegetal Institute of Biology, University of Campinas -UNICAMP, P.O. Box 6109, Campinas, SP, 13083-970, Brazil"
"e1e5643e-d42f-479e-8d0d-983b8adecec1","RUA DR MARIO DE NUCCI 500","SEM SIGLA","Campinas, SP, 13083-290, Brazil","Rua Dr. Mario de Nucci 500, Campinas, SP, 13083-290, Brazil"
"c0853be4-6324-4bae-909e-46f68c25a303","COLLEGE OF AGRICULTURE","SEM SIGLA","Hainan University, Haikou, Hainan, China","College of Agriculture, Hainan University, Haikou, Hainan, China"
"671b1708-dfb3-4d97-8055-dc50a9d9fbff","STATE CENTRE FOR RUBBER BREEDING AND RUBBER RESEARCH INSTITUTE","SEM SIGLA","Chinese Academy of Tropical Agricultural Sciences, Danzhou, Hainan, China","State Centre for Rubber Breeding and Rubber Research Institute, Chinese Academy of Tropical Agricultural Sciences, Danzhou, Hainan, China"
"3c110bbb-8381-4b0c-bc57-d0609983f214","COLLEGE OF LIFE SCIENCES","SEM SIGLA","Ludong University, Yantai, Shangdong, China","College of Life Sciences, Ludong University, Yantai, Shangdong, China"
"714a90f7-ab8d-4e96-a60a-80638c0f730d","UFPA","UFPA","Altamira, PA, Brazil","UFPA, Altamira, PA, Brazil"
"110bc397-5a6f-4921-b85c-50dcb33ec0c5","UFRA","UFRA","CAPES, CNPq, Ananindeua, PA, Brazil","UFRA, CAPES, CNPq, Ananindeua, PA, Brazil"
"d215f20b-9b3b-48ed-8806-929fec59d9c9","UEPA","UEPA","Belém, PA, Brazil","UEPA, Belém, PA, Brazil"
"9b293a33-a152-453b-a3ea-e264d2d4c9eb","UFOPA","UFOPA","Santarém, PA, Brazil","UFOPA, Santarém, PA, Brazil"
"4760b44b-f665-4cc2-8dea-24513fc5528f","DEPARTAMENTO DE BIOLOGIA AGRICOLA","SEM SIGLA","Facultad de Ciencias Agrícolas, Universidad de Granma, Bayamo, Cuba","Departamento de Biología Agrícola, Facultad de Ciencias Agrícolas, Universidad de Granma, Bayamo, Cuba"
"ba2b876e-9de5-44e0-aa55-e0250d8946a6","DEPARTAMENTO DE CIENCIAS TECNICAS","SEM SIGLA","Facultad de Ciencias Técnicas, Universidad de Granma, Bayamo, Cuba","Departamento de Ciencias Técnicas, Facultad de Ciencias Técnicas, Universidad de Granma, Bayamo, Cuba"
"fb235a26-b21e-48c5-8867-8ea57c8f0a9e","DEPARTAMENTO DE PRODUCCION VEGETAL","SEM SIGLA","Facultad de Ciencias Agrícolas, Universidad de Granma, Bayamo, Cuba","Departamento de Producción Vegetal, Facultad de Ciencias Agrícolas, Universidad de Granma, Bayamo, Cuba"
"e9fe96db-ac99-47af-bcee-d505d50e1574","ABT VERHALTENSOKOLOGIE UND SOZIOBIOLOGIE","SEM SIGLA","Deutsches Primatenzentrum, Göttingen, 37077, Kellnerweg 4, Germany","Abt. Verhaltensökologie und Soziobiologie, Deutsches Primatenzentrum, Göttingen, 37077, Kellnerweg 4, Germany"
"be59d8ac-4bb4-4837-b92e-b71a0cd93a59","CONSERVATION BIOLOGY","SEM SIGLA","Faculty of Biology, Philipps-University Marburg, Marburg, 35043, Karl-von-Frisch-Str. 8, Germany","Conservation Biology, Faculty of Biology, Philipps-University Marburg, Marburg, 35043, Karl-von-Frisch-Str. 8, Germany"
"0bdd7564-46f8-49c4-a904-f8de8a837037","MINISTERIO DA CIENCIA E TECNOLOGIA","SEM SIGLA","Museu Paraense Emilio Goeldi, Parque Zoobotânico, Belém, PA, Brazil","Ministério da Ciência e Tecnologia, Museu Paraense Emilio Goeldi, Parque Zoobotânico, Belém, PA, Brazil"
"96b0d600-291a-426b-9a64-75edb0b692ed","UNIVERSIDAD FEDERAL DO PARA","SEM SIGLA","Campus Universitário do Guamá, Belém, PA, Brazil","Universidad Federal do Pará, Campus Universitário do Guamá, Belém, PA, Brazil"
"cd8ed2c6-48a6-4fac-8be4-9010475f229a","PROGRAMA DE PAS-GRADUACAO EM DIVERSIDADE BIOLOGICA","SEM SIGLA","Departamento de Botânica, Universidade Federal do Amazonas, Av. Rodrigo Otávio, Manaus, Amazonas, 2600, Brazil","Programa de Pás-graduação em Diversidade Biológica, Departamento de Botânica, Universidade Federal do Amazonas, Av. Rodrigo Otávio, Manaus, Amazonas, 2600, Brazil"
"82c9e25c-7280-49a6-b3de-3e95e814431c","SENCKENBERG NATURMUSEUM","SEM SIGLA","Frankfurt am Main, 60325, Germany","Senckenberg Naturmuseum, Frankfurt am Main, 60325, Germany"
"940f345e-3162-44e0-ac2d-3400890e0c78","ROEHAMPTON UNIVERSITY","SEM SIGLA","Centre for Research in Evolutionary and Environmental Anthropology, London, SW154JD, United Kingdom","Roehampton University, Centre for Research in Evolutionary and Environmental Anthropology, London, SW154JD, United Kingdom"
"a08f171f-8613-46eb-8c16-bddafe960f8e","RHODES COLLEGE","SEM SIGLA","Memphis, TN, United States","Rhodes College, Memphis, TN, United States"
"9403211e-a169-4e93-82d5-17e60e7c4456","COORDINATION OF ENVIRONMENTAL DYNAMIC","SEM SIGLA","National Institute for Research in the Amazon (INPA), Avenida André Araújo, 2936, P.O. Box 2273, Manaus, 69067-375, AM, Brazil","Coordination of Environmental Dynamic, National Institute for Research in the Amazon (INPA), Avenida André Araújo, 2936, P.O. Box 2273, Manaus, 69067-375, AM, Brazil"
"361f23c9-738f-421d-ac05-01da977643eb","BOTANY GRADUATE PROGRAM","SEM SIGLA","National Institute for Research in the Amazon (INPA), Avenida André Araújo, 2936, P.O. Box 2273, Manaus, 69067-375, AM, Brazil","Botany Graduate Program, National Institute for Research in the Amazon (INPA), Avenida André Araújo, 2936, P.O. Box 2273, Manaus, 69067-375, AM, Brazil"
"5658df32-ba2f-41b1-acac-dffa9d14056b","TROPICAL FOREST SCIENCE GRADUATE PROGRAM","SEM SIGLA","National Institute for Research in the Amazon (INPA), Avenida André Araújo, 2936, P.O. Box 2273, Manaus, 69067-375, AM, Brazil","Tropical Forest Science Graduate Program, National Institute for Research in the Amazon (INPA), Avenida André Araújo, 2936, P.O. Box 2273, Manaus, 69067-375, AM, Brazil"
"98fbdd4e-eef6-4fdd-970d-4679f024f284","DIRETORIA DE PESQUISA CIENTIFICA","SEM SIGLA","Instituto de Pesquisas Jardim Botânico Do Rio de Janeiro, 22.460-030, Rio de Janeiro, Rua Pacheco Leão 915, Brazil","Diretoria de Pesquisa Científica, Instituto de Pesquisas Jardim Botânico Do Rio de Janeiro, 22.460-030, Rio de Janeiro, Rua Pacheco Leão 915, Brazil"
"39166fde-ea41-4b8d-ae6f-c0f6e223a765","MUSEUM OF COMPARATIVE ZOOLOGY","SEM SIGLA","Department of Organismic and Evolutionary Biology, Harvard University, United States","Museum of Comparative Zoology, Department of Organismic and Evolutionary Biology, Harvard University, United States"
"9d7e5beb-d93b-4d70-bdc0-21f57ab68719","SERVICO FLORESTAL BRASILEIRO","SEM SIGLA","Laboratório de Produtos Florestais, Distrito Federal, Brasília, Brazil","Serviço Florestal Brasileiro, Laboratório de Produtos Florestais, Distrito Federal, Brasília, Brazil"
"f44ddd3b-6b58-4b76-b555-65894ad21a77","UFRR/CAA","CAA","Department of Fitotecnia, Food and Technology Laboratory, University of Roraima State, BR 174 Km 12, Boa Vista, RR, 69310-270, Brazil","UFRR/CAA, Department of Fitotecnia, Food and Technology Laboratory, University of Roraima State, BR 174 Km 12, Boa Vista, RR, 69310-270, Brazil"
"536e6b4f-21b6-4a09-9bf1-352200f61054","DEPARTMENT OF HORTICULTURAL SCIENCES","SEM SIGLA","Texas A and M University, College Station, 77843-2133, TX, United States","Department of Horticultural Sciences, Texas A and M University, College Station, 77843-2133, TX, United States"
"5bccb8e9-e00b-42cf-88cd-45873eff2f70","POS-GRADUACAO EM BIOTECNOLOGIA","SEM SIGLA","Universidade Federal Do Pará, Belém, PA 66075-900, Brazil","Pós-Graduação em Biotecnologia, Universidade Federal Do Pará, Belém, PA 66075-900, Brazil"
"c6454af2-d099-4052-9d0d-13ec67dccff8","UFRPE - UNIVERSIDADE FEDERAL RURAL DE PERNAMBUCO","UFRPE","52171-900, Recife, PE, Brazil","UFRPE - Universidade Federal Rural de Pernambuco, 52171-900, Recife, PE, Brazil"
"73df9ee4-11f1-4c58-bbdd-fb1f5c3f3855","UEAP - UNIVERSIDADE DO ESTADO DO AMAPA","UEAP","68900-000, Macapá, AP, Brazil","UEAP - Universidade Do Estado Do Amapá, 68900-000, Macapá, AP, Brazil"
"0afcef2d-6b5b-4163-b152-aa7e940b5013","UNIFAP - UNIVERSIDADE FEDERAL DO AMAPA","UNIFAP","CEP 68900-000, Macapá, AP, Brazil","UNIFAP - Universidade Federal Do Amapá, CEP 68900-000, Macapá, AP, Brazil"
"03d651aa-20eb-40d1-a4d0-454a50b51bf8","EMBRAPA/AP - EMPRESA BRASILEIRA DE PESQUISA AGROPECUARIA","AP","Embrapa, AP - 68900-000, Macapá, AP, Brazil","EMBRAPA/AP - Empresa Brasileira de Pesquisa Agropecuária, Embrapa, AP - 68900-000, Macapá, AP, Brazil"
"a169972f-8223-4515-b113-84b05e21b5e1","UFES - UNIVERSIDADE FEDERAL DO ESPIRITO SANTO","UFES","29550-000, Jerônimo Monteiro, ES, Brazil","UFES - Universidade Federal Do Espírito Santo, 29550-000, Jerônimo Monteiro, ES, Brazil"
"fe5f07b0-fcb4-4aab-9aec-691c253f6748","UFLA - UNIVERSIDADE FEDERAL DE LAVRAS","UFLA","37200-000, Lavras, MG, Brazil","UFLA - Universidade Federal de Lavras, 37200-000, Lavras, MG, Brazil"
"a2855927-435a-49f1-abbb-3e71b821c405","UNIVERSIDADE FEDERAL DO PARANA- DEPARTAMENTO DE ENGENHARIA FLORESTAL","SEM SIGLA","Curitiba, Paraná, Brazil","Universidade Federal do Paraná- Departamento de Engenharia Florestal, Curitiba, Paraná, Brazil"
"6a46cbf4-2fce-420b-b627-6042e5b4ca40","POSTGRADUATE PROGRAM OF FOOD SCIENCE","SEM SIGLA","State University of Maringá, Maringá, Paraná, Brazil","PostGraduate Program of Food Science, State University of Maringá, Maringá, Paraná, Brazil"
"a637c8a2-1987-4087-960c-4bd29c9bb8c6","POSTGRADUATE PROGRAM OF CHEMISTRY","SEM SIGLA","State University of Maringá, Maringá, Paraná, Brazil","PostGraduate Program of Chemistry, State University of Maringá, Maringá, Paraná, Brazil"
"3d76def3-0794-4b92-ba85-ff88881c8b5b","UCIBIO-REQUIMTE","UCIBIO","Department of Chemical Sciences, Faculty of Pharmacy, University of Porto (FFUP), Rua de Jorge Viterbo Ferreira, 228, Porto, 4050-313, Portugal","UCIBIO-REQUIMTE, Department of Chemical Sciences, Faculty of Pharmacy, University of Porto (FFUP), Rua de Jorge Viterbo Ferreira, 228, Porto, 4050-313, Portugal"
"e0912ae1-ed53-4453-9ce7-3d719780b441","LABORATORIO DE ONCOLOGIA EXPERIMENTAL","SEM SIGLA","Universidade Federal do Ceará, Fortaleza, CE, Brazil","Laboratório de Oncologia Experimental, Universidade Federal do Ceará, Fortaleza, CE, Brazil"
"450af0ec-70a9-4d17-8f59-45877d7dd88f","DEPARTMENT OF BIODIVERSITY CBIO","CBIO","National Institute for Amazonian Research (INPA), Av. André Araújo, 2936 Petrópolis, C. P. 2223, Manaus, Amazonas, CEP 69080-971, Brazil","Department of Biodiversity (CBIO), National Institute for Amazonian Research (INPA), Av. André Araújo, 2936 Petrópolis, C. P. 2223, Manaus, Amazonas, CEP 69080-971, Brazil"
"82b0aa12-2c7b-4350-8a98-88d8032c9945","COORDENACAO DE TECNOLOGIA E INOVACAO","SEM SIGLA","Instituto Nacional de Pesquisas da Amazônia, Avenida André Araújo, 2936, Petrópolis, Manaus, CEP 69067-375, Amazonas, Brazil","Coordenação de Tecnologia e Inovação, Instituto Nacional de Pesquisas da Amazônia, Avenida André Araújo, 2936, Petrópolis, Manaus, CEP 69067-375, Amazonas, Brazil"
"d73dc60c-8844-42f9-be21-2ad18212b19a","FACULDADE DE CIENCIAS AGRONOMICAS","SEM SIGLA","Universidade Estadual Paulista Júlio de Mesquita Filho, Fazenda Experimental Lageado, Rua José Barbosa de Barros, 1780, Caixa Postal 237, Botucatu, CEP 18610-307, São Paulo, Brazil","Faculdade de Ciências Agronômicas, Universidade Estadual Paulista Júlio de Mesquita Filho, Fazenda Experimental Lageado, Rua José Barbosa de Barros, 1780, Caixa Postal 237, Botucatu, CEP 18610-307, São Paulo, Brazil"
"b6fa8ef9-4b43-4b9d-a126-047ac35ff750","INSTITUT DE RECHERCHE POUR LE DEVELOPPEMENT","SEM SIGLA","IRD, France","Institut de Recherche Pour Le Développement, IRD, France"
"20821e95-1a9f-49bf-b7b4-2a1f146f6a3c","INSTITUTO NATIONAL DE PESQUISAS DA AMAZONIA","SEM SIGLA","Manaus, Brazil","Instituto National de Pesquisas da Amazonia, Manaus, Brazil"
"f625c092-2923-46a1-bea9-270a703c7694","BRAZILIAN AGRICULTURAL RESEARCH CORPORATION","SEM SIGLA","Embrapa Amazonia Ocidental, post code 69010-970, Manaus, Amazonas, Rodovia AM010, PO Box 319, Brazil","Brazilian Agricultural Research Corporation, Embrapa Amazonia Ocidental, post code 69010-970, Manaus, Amazonas, Rodovia AM010, PO Box 319, Brazil"
"c1c3491b-ba9b-40ed-884a-53930c91ef75","FEDERAL UNIVERSITY OF VICOSA","SEM SIGLA","UFV, Forestry Engineering Department, Viçosa, Minas Gerais, Av. Ph Rolfs s/n, post code 36570-000, Brazil","Federal University of Viçosa, UFV, Forestry Engineering Department, Viçosa, Minas Gerais, Av. Ph Rolfs s/n, post code 36570-000, Brazil"
"9babecbc-8c5f-4a60-af32-f16e0e3345cc","FACULDADE DE CIENCIAS DA UNIVERSIDADE DE LISBOA","SEM SIGLA","1749-016, Lisboa, Campo Grande, Portugal","Faculdade de Ciências da Universidade de Lisboa, 1749-016, Lisboa, Campo Grande, Portugal"
"8a1d1ea2-5291-482c-9459-c8ac78182b4c","UNIVERSIDADE DE AVEIRO","SEM SIGLA","3810-193, Aveiro, Campus Universitário de Santiago, Portugal","Universidade de Aveiro, 3810-193, Aveiro, Campus Universitário de Santiago, Portugal"
"ffcc4fb1-3d6f-4ce0-bce8-ca140fb80606","LABORATORIO DE ENTOMOLOGIA MEDICA E VETERINARIA","SEM SIGLA","Departamento de Zoologia, Universidade Federal do Paraná, Centro Politécnico, Jardim das Américas, 81531-990, Curitiba, PR, Brazil","Laboratório de Entomologia Médica e Veterinária, Departamento de Zoologia, Universidade Federal do Paraná, Centro Politécnico, Jardim das Américas, 81531-990, Curitiba, PR, Brazil"
"a0980487-8ef1-4166-976a-6b690751ad45","GRUPO DE INVESTIGACION EN ENFERMEDADES INFECCIOSAS Y METABOLICAS GINEM","GINEM","Facultad de Salud, Departamento de Ciencias Básicas, Universidad Industrial de Santander, Bucaramanga, Colombia","Grupo de Investigación en Enfermedades Infecciosas y Metabólicas (GINEM), Facultad de Salud, Departamento de Ciencias Básicas, Universidad Industrial de Santander, Bucaramanga, Colombia"
"08e86ff3-9803-403d-889c-1cd3f3bf0df3","LABORATORIO DE PESQUISA EM QUIMICA ORGANICA DE SERGIPE LABORGANICS","LABORGANICS","Departamento de Química, Universidade Federal de Sergipe, Rosa Elze, 49100-000, São Cristóvão, SE, Brazil","Laboratório de Pesquisa em Química Orgânica de Sergipe (LABORGANICS), Departamento de Química, Universidade Federal de Sergipe, Rosa Elze, 49100-000, São Cristóvão, SE, Brazil"
"1af6cd51-58fc-4c1f-bb2b-3dfe87a93fda","LABORATORIO DE PRODUTOS NATURAIS E ECOLOGIA QUIMICA","SEM SIGLA","Departamento de Química, Universidade Federal do Paraná (UFPR), Centro Politécnico, Jardim das Américas, Curitiba, PR, 81531-990, P.O. Box 19081, Brazil","Laboratório de Produtos Naturais e Ecologia Química, Departamento de Química, Universidade Federal do Paraná (UFPR), Centro Politécnico, Jardim das Américas, Curitiba, PR, 81531-990, P.O. Box 19081, Brazil"
"9e00198a-d732-4e04-92c4-2fa0769bbb67","LABORATORIO DE ECOLOGIA QUIMICA E SINTESE DE PRODUTOS NATURAIS","SEM SIGLA","Departamento de Química, Universidade Federal do Paraná, Centro Politécnico, Jardim das Américas, Curitiba, PR, 81531-990, P.O. Box 19081, Brazil","Laboratório de Ecologia Química e Síntese de Produtos Naturais, Departamento de Química, Universidade Federal do Paraná, Centro Politécnico, Jardim das Américas, Curitiba, PR, 81531-990, P.O. Box 19081, Brazil"
"0c773a82-70c2-4ed3-957f-b97a35cd0384","DEPARTMENT OF PHYSIOLOGY","SEM SIGLA","Federal University of Sergipe, 49100-000, São Cristóvão, Sergipe, Av. Marechal Rondon, Jardim Rosa Elze, Brazil","Department of Physiology, Federal University of Sergipe, 49100-000, São Cristóvão, Sergipe, Av. Marechal Rondon, Jardim Rosa Elze, Brazil"
"4602ee9b-824c-4bd0-85f1-61102d174590","INSTITUTE FOR TROPICAL ECOSYSTEM STUDIES","SEM SIGLA","University of Puerto Rico, San Juan, 00931, Puerto Rico","Institute for Tropical Ecosystem Studies, University of Puerto Rico, San Juan, 00931, Puerto Rico"
"bda45da6-cd22-452b-afbb-7db440d69667","DEPARTMENL OF PHARMACEUTICAL SCIENCE","SEM SIGLA","Chiang Mai University, Chiang Mai, 50200, Thailand","Departmenl of Pharmaceutical Science, Chiang Mai University, Chiang Mai, 50200, Thailand"
"0de99d12-dfc7-49d5-9ecb-4b44cbcc0867","SCHOOL OF CHEMISTRY","SEM SIGLA","University of Wollongong, Wollongong, 2522, NSW, Australia","School of Chemistry, University of Wollongong, Wollongong, 2522, NSW, Australia"
"72e43cc3-a3ec-4b50-9400-f2926acfb5df","SCHOOL OF CHEMISTRY AND MOLECULAR BIOSCIENCES","SEM SIGLA","The University of Queensland, Brisbane, 4072, QLD, Australia","School of Chemistry and Molecular Biosciences, The University of Queensland, Brisbane, 4072, QLD, Australia"
"fcf1b497-e7ce-40c5-bdd4-02d50d0ef480","DEPARTAMENTO DE TRANSITO DO ESTADO DO PARA","SEM SIGLA","DETRAN-PA, Brazil","Departamento de Trânsito do Estado do Pará, DETRAN-PA, Brazil"
"2cfc7dae-e9af-411d-b6d9-7f21c577d4be","SEMA-PA","PA","Brazil","SEMA-PA, Brazil"
"293cc39e-ba8d-499e-abdb-0ceb1ee1c30d","DIVISAO DE FARMACOLOGIA E TOXICOLOGIA","SEM SIGLA","Centro Pluridisciplinar de Pesquisas Químicas, Biológicas e Agrícolas, Universidade Estadual de Campinas, 13083-970 Campinas-SP, Brazil","Divisão de Farmacologia E Toxicologia, Centro Pluridisciplinar de Pesquisas Químicas, Biológicas e Agrícolas, Universidade Estadual de Campinas, 13083-970 Campinas-SP, Brazil"
"81f1c134-b6dd-40d2-b04a-f143ab3a1f18","BIOPROSPECTION AND BIOTECHNOLOGY LABORATORY","SEM SIGLA","National Institute of Amazonian Research-INPA, Manaus, AM, Brazil","Bioprospection and Biotechnology Laboratory, National Institute of Amazonian Research-INPA, Manaus, AM, Brazil"
"54736632-583f-411c-a567-1a43253b0dff","NMR LABORATORY","NMR","Department of Chemistry, Parana Federal University-UFPR, Curitiba, PR, Brazil","NMR Laboratory, Department of Chemistry, Parana Federal University-UFPR, Curitiba, PR, Brazil"
"d4aa4ffe-a4c0-481e-916f-24b873804500","BIOLOGICAL SCIENCE INSTITUTE","SEM SIGLA","Amazonas Federal University-UFAM, Manaus, AM, Brazil","Biological Science Institute, Amazonas Federal University-UFAM, Manaus, AM, Brazil"
"76b0b631-7483-48c8-bb0b-b4c71fa74ff8","CENTER FOR INTERNATIONAL FORESTRY RESEARCH","SEM SIGLA","Woods and Wayside International, Hopewell, NJ 08525, 191/2 Blackwell Ave., United States","Center for International Forestry Research, Woods and Wayside International, Hopewell, NJ 08525, 191/2 Blackwell Ave., United States"
"94d711dc-6319-4689-84c6-2e25d3899905","INSTITUTO FEDERAL DE EDUCACAO CIENCIA E TECNOLOGIA DO PARA","SEM SIGLA","Bairro Amapá, 68502-120 Marabá, Pará, Campus Rural de Maraba, Rua Vitoria Régia, 117, Brazil","Instituto Federal de Educação Ciência e Tecnologia do Pará, Bairro Amapá, 68502-120 Marabá, Pará, Campus Rural de Maraba, Rua Vitoria Régia, 117, Brazil"
"c3232cd3-bd7d-42f9-9f2d-b6da59e19767","LANCASTER ENVIRONMENT CENTER LEC","LEC","Lancaster University, Lancaster LA1 4YQ, United Kingdom","Lancaster Environment Center (LEC), Lancaster University, Lancaster LA1 4YQ, United Kingdom"
"8516523a-02c5-4dea-a3e4-a9a43bafcc30","FUNDACAO OSWALDO CRUZ","SEM SIGLA","Fiocruz Rondônia, Brazil","Fundação Oswaldo Cruz, Fiocruz Rondônia, Brazil"
"6f6b9814-4d80-4e34-bec2-ef632095622c","LABORATORIO DE QUIMICA ORGANICA","SEM SIGLA","Núcleo de Ciências e Tecnologia, Universidade Federal de Rondônia, Brazil","Laboratório de Química Orgânica, Núcleo de Ciências e Tecnologia, Universidade Federal de Rondônia, Brazil"
"907c00c6-2347-405d-876b-ceb11cab1211","CENTRO DE ESTUDOS DE BIOMOLECULAS APLICADAS A MEDICINA PROF DR JOSE ROBERTO GIGLIO","SEM SIGLA","Núcleo de Saúde, Universidade Federal de Rondônia, Brazil","Centro de Estudos de Biomoléculas Aplicadas a Medicina Prof. Dr. José Roberto Giglio, Núcleo de Saúde, Universidade Federal de Rondônia, Brazil"
"ababf382-6ba1-4829-831a-681640eb731e","LABORATORIO DE CRISTALOGRAFIA DE PROTEINAS E BIOLOGIA ESTRUTURAL","SEM SIGLA","Departamento de Física e Informática, Instituto de Física de São Carlos, Universidade de São Paulo, 13566-590 São Carlos-SP, Av. Trabalhador São-carlense, 400, Caixa Postal 369, Brazil","Laboratório de Cristalografia de Proteínas e Biologia Estrutural, Departamento de Física e Informática, Instituto de Física de São Carlos, Universidade de São Paulo, 13566-590 São Carlos-SP, Av. Trabalhador São-carlense, 400, Caixa Postal 369, Brazil"
"4defa73f-ab9d-40b8-a625-333a34e5d61d","DEPARTMENT OF ECOLOGY AND EVOLUTIONARY BIOLOGY","SEM SIGLA","University of Connecticut, Storrs, CT 06269-3043, United States","Department of Ecology and Evolutionary Biology, University of Connecticut, Storrs, CT 06269-3043, United States"
"ba708d59-c656-45ed-a0c7-1e1ba734b6c6","DEPARTMENT OF BIOLOGICAL AND ENVIRONMENTAL SCIENCES","SEM SIGLA","Western Connecticut State University, Danbury, CT 06810, United States","Department of Biological and Environmental Sciences, Western Connecticut State University, Danbury, CT 06810, United States"
"503d420d-e05d-495e-ae94-7a6915444d94","SCHOOL OF FOREST RESOURCES AND CONSERVATION","SEM SIGLA","University of Florida, Gainesville, FL, United States","School of Forest Resources and Conservation, University of Florida, Gainesville, FL, United States"
"d5af14c4-a7bd-4a69-954e-22a5c576a6f7","DEPARTMENT OF CROP SCIENCES AND AGROFORESTRY","SEM SIGLA","Institute of Tropics and Subtropics, Czech University of Life Sciences Prague, 165 21 Prague 6, Czech Republic","Department of Crop Sciences and Agroforestry, Institute of Tropics and Subtropics, Czech University of Life Sciences Prague, 165 21 Prague 6, Czech Republic"
"233a7c26-6ea3-4454-a608-cd9ad5edb4a9","DEPARTMENT OF MICROBIOLOGY","SEM SIGLA","Nutrition and Dietetics, Faculty of Agrobiology, Food and Natural Resources, Czech University of Life Sciences Prague, 165 21 Prague 6, Czech Republic","Department of Microbiology, Nutrition and Dietetics, Faculty of Agrobiology, Food and Natural Resources, Czech University of Life Sciences Prague, 165 21 Prague 6, Czech Republic"
"79d14902-7f5f-4ca3-a395-fe8e78df0302","DEPARTMENT OF CHEMISTRY OF NATURAL COMPOUNDS","SEM SIGLA","Institute of Chemical Technology Prague, 166 28 Prague 6, Czech Republic","Department of Chemistry of Natural Compounds, Institute of Chemical Technology Prague, 166 28 Prague 6, Czech Republic"
"5ca7c210-72d4-49f4-80dc-4462f2edadf9","DEPARTMENT OF QUALITY OF AGRICULTURAL PRODUCTS","SEM SIGLA","Faculty of Agrobiology, Food and Natural Resources, Czech University of Life Sciences Prague, 165 21 Prague 6, Czech Republic","Department of Quality of Agricultural Products, Faculty of Agrobiology, Food and Natural Resources, Czech University of Life Sciences Prague, 165 21 Prague 6, Czech Republic"
"fcd77788-876e-4e95-b752-a8a3bdfd9515","INSTITUTO FEDERAL DE EDUCACAO CIENCIA E TECNOLOGIA DO PIAUI - IFPI","IFPI","Campus Uruçuí, Piauí, Rodovia 247 Km 07 s/n, Brazil","Instituto Federal de Educação Ciência e Tecnologia do Piauí - IFPI, Campus Uruçuí, Piauí, Rodovia 247 Km 07 s/n, Brazil"
"58af07b7-fa57-4ee2-a121-bee566a138d7","ICB","ICB","Departamento de Botânica, Laboratório de Sistemática Vegetal, Universisdade de Minas Gerais UFMG, Belo Horizonte CEP 31270-901 MG, Av. Antônio Carlos, 6627, Pampulha, Brazil","ICB, Departamento de Botânica, Laboratório de Sistemática Vegetal, Universisdade de Minas Gerais UFMG, Belo Horizonte CEP 31270-901 MG, Av. Antônio Carlos, 6627, Pampulha, Brazil"
"f7767d69-5d14-49d0-b034-76693294e8d1","HLAA","HLAA","Royal Botanic Gardens, Kew, Richmond, Surrey TW9 3AB, United Kingdom","HLAA, Royal Botanic Gardens, Kew, Richmond, Surrey TW9 3AB, United Kingdom"
"05df779d-d452-4deb-87cf-681f89ca1507","INSTI NACIONAL DE PESQUISAS DA AMAZONAS","SEM SIGLA","Brazil","Insti. Nacional de Pesquisas da Amazonas, Brazil"
"700da3a4-752a-435a-ba6e-2c48a1d92585","DEPARTMENT OF SOIL","SEM SIGLA","Water and Environmental Science, University of Arizona, Tucson, AZ, United States","Department of Soil, Water and Environmental Science, University of Arizona, Tucson, AZ, United States"
"21efc5fe-0273-41a2-b553-76887ea535ed","DEPARTMENT OF GEOGRAPHY AND ENVIRONMENT","SEM SIGLA","Boston University, Boston, MA, United States","Department of Geography and Environment, Boston University, Boston, MA, United States"
"0dca9468-f028-4a01-b5a7-db0df2e4e2bd","UNIVERSITY OF NEW HAMPSHIRE","SEM SIGLA","Durham, NH, United States","University of New Hampshire, Durham, NH, United States"
"02ca9f78-f568-4abc-a0f4-9ce1cee20209","CENTRO DE INVESTIGACION PARA LA CONSERVACION","SEM SIGLA","Fundación Zoológica de Cali, Cali, A. A. 4265 Carrera 2 Oeste Calle 14 Esquina, Colombia","Centro de Investigación para la Conservación, Fundación Zoológica de Cali, Cali, A. A. 4265 Carrera 2 Oeste Calle 14 Esquina, Colombia"
"a0821008-29fb-4fe0-8d61-94a4d9f78b2b","GRUPO DE INVESTIGACION","SEM SIGLA","Ecología de Poblaciones y Biodiversidad, Cali, Colombia","Grupo de Investigación, Ecología de Poblaciones y Biodiversidad, Cali, Colombia"
"ca5d18e8-e7df-4553-9975-6512223291dd","DIRECCION ACTUAL","SEM SIGLA","Universidad de los Andes, Bogotá, A.A. 4976 - Cra 1 No 18A-12, Colombia","Dirección Actual, Universidad de los Andes, Bogotá, A.A. 4976 - Cra 1 No 18A-12, Colombia"
"548a3d28-fe18-4c09-a0f7-c4d6dc790cba","UNIVERSIDADE FEDERAL DE CAMPINA GRANDE","SEM SIGLA","CEP 58540-000, Sumé-PB, Brazil","Universidade Federal de Campina Grande, CEP 58540-000, Sumé-PB, Brazil"
"00f13f76-636d-4c9e-90d2-b7ec153a588a","LABORATORIO DE QUIMICA DE BIOMOLECULAS DA AMAZONIA","SEM SIGLA","Departamento de Química, Instituto de Ciências Exatas, Universidade Federal do Amazonas, Coroado, 69077-040, Manaus, AM, Setor Sul. Av. Gal. Rodrigo Otavio Jordao Ramos, 3000, Brazil","Laboratório de Química de Biomoléculas da Amazônia, Departamento de Química, Instituto de Ciências Exatas, Universidade Federal do Amazonas, Coroado, 69077-040, Manaus, AM, Setor Sul. Av. Gal. Rodrigo Otavio Jordao Ramos, 3000, Brazil"
"e68b5463-4a12-47be-a99c-d8be0ec3ff38","DEPARTMENT OF PLANT BIOLOGY AND PATHOLOGY","SEM SIGLA","Rutgers University, New Brunswick, United States","Department of Plant Biology and Pathology, Rutgers University, New Brunswick, United States"
"68ab7866-46a2-4b86-9496-97ef3776057c","INSTITUT FUR SYSTEMATISCHE BOTANIK UND OKOLOGIE","SEM SIGLA","Universität Ulm, Ulm, Germany","Institut für Systematische Botanik und Ökologie, Universität Ulm, Ulm, Germany"
"b87189f3-33ec-4c64-9718-b061fcc60497","GIVAUDAN FRAGRANCE RESEARCH","SEM SIGLA","Dübendorf, Switzerland","Givaudan Fragrance Research, Dübendorf, Switzerland"
"9a71cdde-9dd9-43e4-8cc4-37c9ea86f077","BOTANISCHER GARTEN UND HERBARIUM","SEM SIGLA","Universität Ulm, Ulm, Germany","Botanischer Garten und Herbarium, Universität Ulm, Ulm, Germany"
"dca8672f-a117-436e-aac1-c2864359f0ae","FUNDACAO DE MEDICINA TROPICAL DOUTOR HEITOR VIEIRA DOURADO","SEM SIGLA","Manaus, AM, Brazil","Fundação de Medicina Tropical Doutor Heitor Vieira Dourado, Manaus, AM, Brazil"
"b8edb9cb-d574-43cf-8512-e83b238943d9","RUTGERS","SEM SIGLA","The State University of New Jersey, New Brunswick, NJ, United States","Rutgers, The State University of New Jersey, New Brunswick, NJ, United States"
"e250bcac-4ea3-4dc6-8bac-5175a3e27651","INSTITUTO DE QUIMICA E BIOTECNOLOGIA","SEM SIGLA","Universidade Federal de Alagoas, 57072-970 Maceió, AL, Brazil","Instituto de Química e Biotecnologia, Universidade Federal de Alagoas, 57072-970 Maceió, AL, Brazil"
"cdff0623-6a9d-4b4b-b78f-71995c305ff5","INSTITUTO DE CIENCIAS EXATAS E NATURAIS","SEM SIGLA","Universidade Federal do Pará, 66075-110 Belém, PA, Brazil","Instituto de Ciências Exatas e Naturais, Universidade Federal do Pará, 66075-110 Belém, PA, Brazil"
"db619d16-8f90-4f3d-bfb6-7f6ab1646aac","FEDERAL UNIVERSITY OF CEARA","SEM SIGLA","Biochemistry and Molecular Biology Department, Fortaleza, Ceará, Brazil","Federal University of Ceará, Biochemistry and Molecular Biology Department, Fortaleza, Ceará, Brazil"
"56aa726e-befc-4fd0-84e4-14a52e2d7dac","BRONX","SEM SIGLA","NY 10458, New York Botanical Garden, 200th St. and Southern Blvd., United States","Bronx, NY 10458, New York Botanical Garden, 200th St. and Southern Blvd., United States"
"cdd2a58f-3aa3-492b-8121-c06eb41bf6dd","S M TRACY HERBARIUM","SEM SIGLA","Department of Ecosystem Science and Management, Texas AandM University, College Station, TX 77843-2138, United States","S. M. Tracy Herbarium, Department of Ecosystem Science and Management, Texas AandM University, College Station, TX 77843-2138, United States"
"fb80dfb5-7ef2-4a49-85fd-e3666cd05e88","REAL JARDIN BOTANICO","SEM SIGLA","CSIC, E-28014 Madrid, Plaza de Murillo 2, Spain","Real Jardín Botánico, CSIC, E-28014 Madrid, Plaza de Murillo 2, Spain"
"9115eda7-0c5b-4d00-887d-5e69e4032caa","CENTRO DE MEDICINA EXPERIMENTAL","SEM SIGLA","Instituto Venezolano de Investigaciones Científicas, Caracas 1020-A, Apartado 20632, Venezuela","Centro de Medicina Experimental, Instituto Venezolano de Investigaciones Científicas, Caracas 1020-A, Apartado 20632, Venezuela"
"5686449b-f56d-413a-be29-92d1a0b36c69","CENTRO DE BIOFISICA Y BIOQUIMICA","SEM SIGLA","Instituto Venezolano de Investigaciones Científicas, Caracas, Venezuela","Centro de Biofísica y Bioquímica, Instituto Venezolano de Investigaciones Científicas, Caracas, Venezuela"
"9a9496d6-56dd-4f0c-9e54-7ed9080c891a","MAX PLANCK INSTITUTE FOR CHEMISTRY","SEM SIGLA","55128 Mainz, Hahn-Meitner-Weg 1, Germany","Max Planck Institute for Chemistry, 55128 Mainz, Hahn-Meitner-Weg 1, Germany"
"8e963266-4fcf-4c30-9faf-64768d6292ff","ORGENTEC DIAGNOSTIKA GMBH","SEM SIGLA","55129 Mainz, Carl-Zeiss-Str. 49-51, Germany","ORGENTEC Diagnostika GmbH, 55129 Mainz, Carl-Zeiss-Str. 49-51, Germany"
"7f823aa4-8bdc-4c46-b0d5-44cb26d2b5a6","UNIVERSIDAD NACIONAL DEL NORDESTE","SEM SIGLA","Facultad de Ciencias Exactas y Naturales y Agrimensura, Corrientes, Argentina","Universidad Nacional del Nordeste, Facultad de Ciencias Exactas y Naturales y Agrimensura, Corrientes, Argentina"
"e8af18d2-5e4d-4da0-aacd-e72629d91d23","UNIVERSIDADE ESTADUAL VALE DO ACARAU","SEM SIGLA","Coordenação de Biologia, Betânia, 62040-370, Sobral, CE, av. da Universidade 850, Brazil","Universidade Estadual Vale do Acaraú, Coordenação de Biologia, Betânia, 62040-370, Sobral, CE, av. da Universidade 850, Brazil"
"97af758b-c17c-47ba-8f93-7800a1e6d107","DEPARTMENT OF AGRONOMIC ENGINEERING","SEM SIGLA","Federal University of Sergipe, São Cristóvão, Sergipe, Brazil","Department of Agronomic Engineering, Federal University of Sergipe, São Cristóvão, Sergipe, Brazil"
"a0325b77-8b71-4208-9c30-901b0cc3ad3e","DEPARTMENT OF FOOD SCIENCE","SEM SIGLA","Faculty of Food Engineering, University of Campinas (UNICAMP), 13083-862 Campinas, SP, P.O. Box 6121, Brazil","Department of Food Science, Faculty of Food Engineering, University of Campinas (UNICAMP), 13083-862 Campinas, SP, P.O. Box 6121, Brazil"
"4a13912f-0813-46a9-86df-e12f851c96f4","DEPARTMENT OF WATER AND SOIL","SEM SIGLA","Faculty of Agricultural Engineering, University of Campinas (UNICAMP), 13083-970 Campinas, SP, P.O. Box 6011, Brazil","Department of Water and Soil, Faculty of Agricultural Engineering, University of Campinas (UNICAMP), 13083-970 Campinas, SP, P.O. Box 6011, Brazil"
"84de8215-8860-4efd-91de-b9493e87e892","DEPARTAMENTO DE TECNOLOGIA E RECURSOS NATURAIS","SEM SIGLA","Universidade do Estado do Pará, CEP: 68.503-120, Marabá (PA), Brazil","Departamento de Tecnologia e Recursos Naturais, Universidade do Estado do Pará, CEP: 68.503-120, Marabá (PA), Brazil"
"9c4e2e18-0591-450c-a764-a228a80a1aaa","ANALISTAAMBIENTAL IBAMA","IBAMA","CEP 68464-000, Tucuruí (PA), Brazil","AnalistaAmbiental IBAMA, CEP 68464-000, Tucuruí (PA), Brazil"
"869164b2-ed6b-43b3-a25d-8ec61de31d13","INSTITUTO FEDERAL DO PARA","SEM SIGLA","CEP 68502-120, Marabá (PA), Brazil","Instituto Federal do Pará, CEP 68502-120, Marabá (PA), Brazil"
"a6635a51-e882-4575-b194-a4e85d1e06b3","MUSEU INTEGRADO DE RORAIMA","SEM SIGLA","Herbário MIRR, 69305-010, Boa Vista, RR, Av. Brigadeiro Eduardo Gomes s.n., Parque Anauá, Brazil","Museu Integrado de Roraima, Herbário MIRR, 69305-010, Boa Vista, RR, Av. Brigadeiro Eduardo Gomes s.n., Parque Anauá, Brazil"
"1740b0d1-3d17-419f-9713-8a4784b01b64","LABORATORIO DE MICOBACTERIAS E BIOLOGIA MOLECULAR","SEM SIGLA","Faculdade de Medicina, Fundação Universidade Federal do Rio Grande, Brazil","Laboratório de Micobactérias e Biologia Molecular, Faculdade de Medicina, Fundação Universidade Federal do Rio Grande, Brazil"
"0d325848-f448-4cce-8d85-2f51adc76251","INSTITUTO DE PESQUISA CLINICA EVANDRO CHAGAS","SEM SIGLA","Serviço de Bacteriologia, Setor de Testagem de Drogas, Fundação Oswaldo Cruz, Brazil","Instituto de Pesquisa Clínica Evandro Chagas, Serviço de Bacteriologia, Setor de Testagem de Drogas, Fundação Oswaldo Cruz, Brazil"
"3869e4ab-6ebf-484f-b725-db1c2a3b725d","ASSOCIACAO DE COMUNIDADES REMANESCENTES DE QUILOMBOS DO MUNICIPIO DE ORIXIMINA","SEM SIGLA","Brazil","Associação de Comunidades Remanescentes de Quilombos do Municipio de Oriximina, Brazil"
"8481bdbb-bb51-408f-a066-ac053935ad47","DEPARTMENT OF ANALYTICAL CHEMISTRY","SEM SIGLA","Sciences and Technology School, University of the Basque Country UPV/EHU, 48940-Leioa, Spain","Department of Analytical Chemistry, Sciences and Technology School, University of the Basque Country UPV/EHU, 48940-Leioa, Spain"
"1af85812-f5b9-4b6a-b6bd-5bc4d5427981","DEPARTMENT OF HEALTH SCIENCSES","SEM SIGLA","Microbiology Area, Experimental Sciences School, sUniversity of Jaen, 23071-Jaen, Spain","Department of Health Sciencses, Microbiology Area, Experimental Sciences School, sUniversity of Jaen, 23071-Jaen, Spain"
"8f405558-85cc-4d3d-827d-c4466baf6d80","INSTITUTO DE TECNOLOGIA DE FARMACOS","SEM SIGLA","Farmanguinhos, Fundação Oswaldo Cruz, 21041-250, Rio de Janeiro - RJ, Av. Brasil, 4365, Brazil","Instituto de Tecnologia de Fármacos, Farmanguinhos, Fundação Oswaldo Cruz, 21041-250, Rio de Janeiro - RJ, Av. Brasil, 4365, Brazil"
"89d1c42c-f187-4c2f-b3ea-57ef87fd9bbc","DEPARTAMENTO DE IMUNOLOGIA","SEM SIGLA","Fundação Oswaldo Cruz, 21045-900 Rio de Janeiro - RJ, Av. Brasil, 4365, Brazil","Departamento de Imunologia, Fundação Oswaldo Cruz, 21045-900 Rio de Janeiro - RJ, Av. Brasil, 4365, Brazil"
"c84da838-3c6d-4c2d-8dbd-f2b104690a10","PESQUISADOR VISITANTE EMERITO-FAPERJ","FAPERJ","UENF-UFRRJ, Brazil","Pesquisador visitante emérito-FAPERJ, UENF-UFRRJ, Brazil"
"18f38af7-1e4b-41f5-a0ab-ba9989589548","CENTRE DE RECHERCHE DE GIF","SEM SIGLA","Institut de Chimie des Substances Naturelles, CNRS, 91198 Gif-sur-Yvette cedex, 1 avenue de la Terrasse, France","Centre de Recherche de Gif, Institut de Chimie des Substances Naturelles, CNRS, 91198 Gif-sur-Yvette cedex, 1 avenue de la Terrasse, France"
"a040595a-fc33-411b-a7b6-6cdcac8e46e2","MUSEUM NATIONAL D'HISTOIRE NATURELLE","SEM SIGLA","UMR 7245 CNRS, Paris 75005, 63 rue Buffon, France","Muséum National d'Histoire Naturelle, UMR 7245 CNRS, Paris 75005, 63 rue Buffon, France"
"57425ed9-bd5f-44cb-b8bd-17426e25a521","PROTEIN PHOSPHORYLATION AND HUMAN DISEASE' GROUP","SEM SIGLA","CNRS, Station Biologique, Roscoff 29680, Place G. Teissier, France","Protein Phosphorylation and Human Disease' Group, CNRS, Station Biologique, Roscoff 29680, Place G. Teissier, France"
"67c8bae6-305a-40aa-b7ea-0ec88c6e8fb1","MANROS THERAPEUTICS","SEM SIGLA","Centre de Perharidy, Roscoff 29680, France","ManRos Therapeutics, Centre de Perharidy, Roscoff 29680, France"
"c697be7d-f4ac-429b-84a2-56e6fa6915a9","CENTRE FOR RESEARCH IN EVOLUTIONARY AND ENVIRONMENTAL ANTHROPOLOGY","SEM SIGLA","Roehampton University, London SW15 4JD, United Kingdom","Centre for Research in Evolutionary and Environmental Anthropology, Roehampton University, London SW15 4JD, United Kingdom"
"ba6fa672-f986-4d56-9b4f-7b031020fa89","COORDENACAO DE BIOIVERSIDADE","SEM SIGLA","Instituto Nacional de Pesquisas da Amazônia, Manaus 69060-001, Amazonas, Caixa Postal 478, Brazil","Coordenação de Bioiversidade, Instituto Nacional de Pesquisas da Amazônia, Manaus 69060-001, Amazonas, Caixa Postal 478, Brazil"
"4aaa86d6-ef4d-4620-8e52-44b9c02fcab3","BIOLOGICAL DYNAMICS OF FOREST FRAGMENTS PROJECT","SEM SIGLA","Instituto Nacional de Pesquisas da Amazônia and Smithsonian Tropical Research Institute, Manaus 69011-970, Amazonas, Brazil","Biological Dynamics of Forest Fragments Project, Instituto Nacional de Pesquisas da Amazônia and Smithsonian Tropical Research Institute, Manaus 69011-970, Amazonas, Brazil"
"bd20a56c-b417-441e-9d3b-5b7eb4417c70","CENTRO NACIONAL DE PESQUISA E CONSERVACAO DA BIODIVERSIDADE AMAZONICA","SEM SIGLA","Instituto Chico Mendes de Conservação da Biodiversidade - i, Manaus, 69041-10, Amazonas, Brazil","Centro Nacional de Pesquisa e Conservação da Biodiversidade Amazônica, Instituto Chico Mendes de Conservação da Biodiversidade - i, Manaus, 69041-10, Amazonas, Brazil"
"91f6b174-d2f6-43c5-907b-9f88404c942f","CURSO DE POS-GRADUACAO EM ECOLOGIA","SEM SIGLA","Instituto de Biologia, Universidade Estadual de Campinas, Campinas, São Paulo 13083-970, Brazil","Curso de Pós-Graduação em Ecologia, Instituto de Biologia, Universidade Estadual de Campinas, Campinas, São Paulo 13083-970, Brazil"
"dd8de414-e28d-49a8-950b-c1ab9dc1214d","LABORATORIO DE HERPETOLOGIA","SEM SIGLA","Universidade Federal Do Mato Grosso, Av. Fernando Correa da Costa, 2367, Boa Esperança 78060-900, Mato Grosso, Brazil","Laboratório de Herpetologia, Universidade Federal Do Mato Grosso, Av. Fernando Correa da Costa, 2367, Boa Esperança 78060-900, Mato Grosso, Brazil"
"1d7c70de-43ba-4cc1-bc74-71a8a250d968","INSTITUTO DE CIENCIAS EXATAS E TECNOLOGIA","SEM SIGLA","Universidade Federal Do Amazonas, Itacoatiara 69100-000, Amazonas, Rua N. Sra. Rosário, 3868, Brazil","Instituto de Ciências Exatas e Tecnologia, Universidade Federal Do Amazonas, Itacoatiara 69100-000, Amazonas, Rua N. Sra. Rosário, 3868, Brazil"
"4e43f3c1-82f8-4c03-9498-5f9555358d2a","COORDENACAO DE PESQUISAS EM ENTOMOLOGIA","SEM SIGLA","Instituto Nacional de Pesquisas da Amazônia, Manaus 69060-000, Amazonas, Brazil","Coordenação de Pesquisas em Entomologia, Instituto Nacional de Pesquisas da Amazônia, Manaus 69060-000, Amazonas, Brazil"
"ca24a9e3-9d3c-46a7-a482-c858dac848f3","DEPARTAMENTO DE ZOOLOGIA","SEM SIGLA","Universidade Federal de Pernambuco, Cidade Universitária, 1235 -Recife - PE - CEP: 50670-901, Av. Prof. Moraes Rego, Brazil","Departamento de Zoologia, Universidade Federal de Pernambuco, Cidade Universitária, 1235 -Recife - PE - CEP: 50670-901, Av. Prof. Moraes Rego, Brazil"
"1cd0cb25-ede8-4a5a-861e-cb38c7816724","UNIVERSIDADE ESTADUAL DE MARINGA UEM","UEM","87020-900 Maringá, Paraná, Av. Colombo 5.790, Jd. Universitário, Brazil","Universidade Estadual de Maringá (UEM), 87020-900 Maringá, Paraná, Av. Colombo 5.790, Jd. Universitário, Brazil"
"a3d605ad-f37f-4bf0-ad44-ac17b5f9031e","DEPARTMENT OF DRUGS AND MEDICINES","SEM SIGLA","School of Pharmaceutical Sciences of Araraquara, UNESP-São Paulo State University, Rodovia Araraquara-Jaú, Km 01, Brazil, Araraquara (SP), 14801-902, CP, Brazil","Department of Drugs and Medicines, School of Pharmaceutical Sciences of Araraquara, UNESP-São Paulo State University, Rodovia Araraquara-Jaú, Km 01, Brazil, Araraquara (SP), 14801-902, CP, Brazil"
"2a644d10-fe44-4598-8508-522da8b42335","BABES-BOLYAI UNIVERSITY","SEM SIGLA","Department of Physics, RO-400084 Cluj-Napoca, Kogâlniceanu street 1, Romania","Babeş-Bolyai University, Department of Physics, RO-400084 Cluj-Napoca, Kogâlniceanu street 1, Romania"
"7c59b7ba-b16d-4e06-9a60-5e37bd7bc015","UNIVERSITY OF BERGEN","SEM SIGLA","Department of Physics and Technology, N-5007 Bergen, Allégaten 55, Norway","University of Bergen, Department of Physics and Technology, N-5007 Bergen, Allégaten 55, Norway"
"9c16af53-b68c-48eb-810e-4bab94baeba1","RESEARCH INSTITUTE FOR SOLID STATE PHYSICS AND OPTICS","SEM SIGLA","H-1121 Budapest, Konkoly-Thege street 29-33, Hungary","Research Institute for Solid State Physics and Optics, H-1121 Budapest, Konkoly-Thege street 29-33, Hungary"
"32474bdf-2bfc-46b3-8bbc-f5a3702b01f3","HUNGARIAN UNIVERSITY FEDERATION OF CLUJ","SEM SIGLA","RO-400101 Cluj-Napoca, Tipografiei street 12/I, Romania","Hungarian University Federation of Cluj, RO-400101 Cluj-Napoca, Tipografiei street 12/I, Romania"
"dc4d600a-ad86-47e7-8d5d-6871e7889e0d","INSTITUTE OF ECOLOGY","SEM SIGLA","Friedrich-Schiller-University, D-07749 Jena, Dornburger street 159, Germany","Institute of Ecology, Friedrich-Schiller-University, D-07749 Jena, Dornburger street 159, Germany"
"7861525a-ae24-4d38-89db-33c365537984","YALE UNIVERSITY","SEM SIGLA","Greeley Memorial Laboratory, New Haven, CT, 370 Prospect Street, United States","Yale University, Greeley Memorial Laboratory, New Haven, CT, 370 Prospect Street, United States"
"ffaad805-ac91-4231-a639-9f0fff8bfc84","LABORATORIO DE VIROLOGIA MOLECULAR","SEM SIGLA","CMBC, Instituto Venezolano de Investigaciones Cientificas, Caracas, Venezuela","Laboratorio de Virologia Molecular, CMBC, Instituto Venezolano de Investigaciones Cientificas, Caracas, Venezuela"
"23b40197-5f7b-4db9-8601-63fc30fff9d4","DEPARTAMENTO DE QUIMICA MEDICINAL","SEM SIGLA","Instituto Venezolano de Investigaciones Cientificas, Caracas, Venezuela","Departamento de Quimica Medicinal, Instituto Venezolano de Investigaciones Cientificas, Caracas, Venezuela"
"e2351614-c37a-4576-a36e-8f4124e80caa","LABORATORIO DE FISIOLOGIA GASTROINTESTINAL","SEM SIGLA","CBB, Instituto Venezolano de Investigaciones Cientificas, Caracas, Venezuela","Laboratorio de Fisiologia Gastrointestinal, CBB, Instituto Venezolano de Investigaciones Cientificas, Caracas, Venezuela"
"4f0805ec-c83e-410a-9b06-15f46efed04a","ECOLOGY AND NATURAL RESOURCES MANAGEMENT","SEM SIGLA","Norwegian University of Life Sciences, Norway","Ecology and Natural Resources Management, Norwegian University of Life Sciences, Norway"
"09aaf026-c71e-436f-9fb6-916b1087c934","MELHORAMENTO DE PLANTAS","SEM SIGLA","Escola Superior de Agricultura Luiz de Queiroz, Universidade de São Paulo, CEP 13418-900, Piracicaba (SP), Av.Pádua Dias, 11, Brazil","Melhoramento de Plantas, Escola Superior de Agricultura Luiz de Queiroz, Universidade de São Paulo, CEP 13418-900, Piracicaba (SP), Av.Pádua Dias, 11, Brazil"
"d5243bd2-ce56-4cf2-b8b4-c9229bf664d2","AMBIENTAIS DA UNIVERSIDADE FEDERAL DO AMAZONAS","SEM SIGLA","Campus Universitário, Setor Sul, Bloco F, Coroado 1 CEP 69077-000, Manaus (AM), Av. General Rodrigo Octavio Jordao Ramos, 3000, Brazil","Ambientais da Universidade Federal do Amazonas, Campus Universitário, Setor Sul, Bloco F, Coroado 1 CEP 69077-000, Manaus (AM), Av. General Rodrigo Octavio Jordao Ramos, 3000, Brazil"
"ceec2135-f903-4e38-b858-f68743c5a02b","PESQUISADOR DO MAX PLANCK INSTITUTE FOR CHEMISTRY","SEM SIGLA","Biogeochemistry Department, 55128 Mainz, Johann Joachim Becher Weg 27, Germany","Pesquisador do Max Planck Institute for Chemistry, Biogeochemistry Department, 55128 Mainz, Johann Joachim Becher Weg 27, Germany"
"30f2522a-7b0b-4910-9530-e3a99e31efb5","HERBARIO PORT","PORT","Biocentro de la Unellez, Guanare, Estado Portuguesa 3323, Venezuela","Herbario (PORT), Biocentro de la Unellez, Guanare, Estado Portuguesa 3323, Venezuela"
"a91c605b-cf38-4efb-a2e2-c3a7f28f4618","INSTITUTO DE EDUCACAO","SEM SIGLA","Agricultura e Ambiente, Universidade Federal do Amazonas, Campus Vale do Rio Madeira, Brazil","Instituto de Educação, Agricultura e Ambiente, Universidade Federal do Amazonas, Campus Vale do Rio Madeira, Brazil"
"2395a5c1-89c5-4619-b952-b4e519c01951","INSTITUTO DE PESQUISAS EM PATOLOGIAS TROPICAIS DE RONDONIA","SEM SIGLA","Fundação Oswaldo Cruz, Fiocruz Noroeste, Brazil","Instituto de Pesquisas em Patologias Tropicais de Rondônia, Fundação Oswaldo Cruz, Fiocruz Noroeste, Brazil"
"aed47bcd-24eb-407e-a4bd-0b4f226b72c6","DEPARTAMENTO DE FISICA E INFORMATICA","SEM SIGLA","Instituto de Física São Carlos, Universidade de São Paulo, Brazil","Departamento de Física e Informática, Instituto de Física São Carlos, Universidade de São Paulo, Brazil"
"e8e77870-8ad5-456e-b051-f089fad6cfa7","JARDIM BOTANICO INHOTIM","SEM SIGLA","Inhotim, Brumadinho, Minas Gerais, CEP 35460-000, Rua B 20, Brazil","Jardim Botânico Inhotim, Inhotim, Brumadinho, Minas Gerais, CEP 35460-000, Rua B 20, Brazil"
"e8bc6449-b0ff-4ee2-a361-da53cc01da6b","DEPARTMENT OF EPIDEMIOLOGY OF MICROBIAL DISEASES","SEM SIGLA","Yale University School of Public Health, New Haven, CT, United States","Department of Epidemiology of Microbial Diseases, Yale University School of Public Health, New Haven, CT, United States"
"707b2f0f-78a1-4503-b421-088a8734ba53","LABORATORIO DE ECOFISIOLOGIA E EVOLUCAO MOLECULAR","SEM SIGLA","Instituto Nacional de Pesquisas da Amazônia, Manaus AM 69060-001, Brazil","Laboratório de Ecofisiologia e Evolução Molecular, Instituto Nacional de Pesquisas da Amazônia, Manaus AM 69060-001, Brazil"
"b3e9eebb-2ab4-465a-8226-2b0c281ec753","LABORATORIO DE GENETICA VEGETAL","SEM SIGLA","Embrapa Recursos Genéticos e Biotecnologia, Brasília, DF, 70770-900, C.P. 02372, Brazil","Laboratório de Genética Vegetal, Embrapa Recursos Genéticos e Biotecnologia, Brasília, DF, 70770-900, C.P. 02372, Brazil"
"54c5cfe5-e0b1-4d8e-9645-faaa1fd7b3b8","BIOLOGICAL SCIENCES DEPARTMENT","SEM SIGLA","University of Cincinnati, Cincinnati, OH, 721 Rieveschl Hall, United States","Biological Sciences Department, University of Cincinnati, Cincinnati, OH, 721 Rieveschl Hall, United States"
"2bb5b376-3ee1-495e-a20c-60637fda40f4","ESTACION BIOLOGICA DE DONANA","SEM SIGLA","CSIC, Sevilla, 41092, Avda. Américo Vespucio s/n, Spain","Estación Biológica de Doñana, CSIC, Sevilla, 41092, Avda. Américo Vespucio s/n, Spain"
"19edbd91-1d2b-45b5-8975-f22b54086f41","MOLECULAR ECOLOGY LAB","SEM SIGLA","School of Biological Sciences, Flinders University, Adelaide, SA, 3001, Australia","Molecular Ecology Lab, School of Biological Sciences, Flinders University, Adelaide, SA, 3001, Australia"
"531ef290-062f-415e-90c0-bcc275acf936","C426A LIFE SCIENCES BUILDING","SEM SIGLA","Department of Genetics, University of Georgia, Athens, GA, United States","C426a Life Sciences Building, Department of Genetics, University of Georgia, Athens, GA, United States"
"42fb1307-c9d8-4a76-aef3-0864821f77a0","DEPARTAMENTO DE ZOOTECNIA","SEM SIGLA","Escola Superior de Agricultura Luiz de Queiroz, Universidade de São Paulo, Piracicaba, Estado de São Paulo, 13418-900, Brazil","Departamento de Zootecnia, Escola Superior de Agricultura Luiz de Queiroz, Universidade de São Paulo, Piracicaba, Estado de São Paulo, 13418-900, Brazil"
"bed82a38-fdb9-405a-86f8-6167512b6e55","CRC FOR FORESTRY","CRC","School of Biological Sciences and Biotechnology, Murdoch University, Murdoch, 6150, Australia","CRC for Forestry, School of Biological Sciences and Biotechnology, Murdoch University, Murdoch, 6150, Australia"
"05d13742-7f4c-4ebd-9d5c-7211fbc10009","PLANT BIOLOGY DEPARTMENT","SEM SIGLA","University of Georgia, Athens, GA, 2502 Plant Sciences Building 120 Carlton St, United States","Plant Biology Department, University of Georgia, Athens, GA, 2502 Plant Sciences Building 120 Carlton St, United States"
"b6094d86-5e3a-40fa-be86-49b2a114dc59","DIPARTIMENTO DI BIOLOGIA APPLICATA","SEM SIGLA","Università degli Studi di Perugia, Perugia, 06121, Borgo XX Giugno 74, Italy","Dipartimento di Biologia Applicata, Università degli Studi di Perugia, Perugia, 06121, Borgo XX Giugno 74, Italy"
"55597d4b-492a-4471-aadb-2aeeff574939","INRA","INRA","UMR (INRA, IRD, CIRAD, SupaGro), CBGP (Centre de Biologie pour la Gestion des Populations), Montferrier-sur-Lez Cedex, F-34988, Campus international de Baillarguet, CS 30016, France","INRA, UMR (INRA, IRD, CIRAD, SupaGro), CBGP (Centre de Biologie pour la Gestion des Populations), Montferrier-sur-Lez Cedex, F-34988, Campus international de Baillarguet, CS 30016, France"
"82321596-554b-428d-8c9f-a1adc3ebd957","DEPARTAMENTO DE PESCA E AQUICULTURA","SEM SIGLA","Universidade Federal Rural de Pernambuco, Recife, Pernambuco, Rua Dom Manoel de Medeiros, Brazil","Departamento de Pesca e Aquicultura, Universidade Federal Rural de Pernambuco, Recife, Pernambuco, Rua Dom Manoel de Medeiros, Brazil"
"54439b4f-2952-4cc5-82a3-89ea8e348b71","FACULTY OF SCIENCE","SEM SIGLA","Gulu University, Gulu, Uganda","Faculty of Science, Gulu University, Gulu, Uganda"
"68ba7c0b-d9d6-4a84-a2cf-b54cf4ef955e","SCHOOL OF BIOLOGICAL SCIENCES","SEM SIGLA","Makerere University, Uganda","School of Biological Sciences, Makerere University, Uganda"
"744de93c-17b1-45bf-ad71-978dc880555b","DEPARTAMENTO DE MORFOLOGIA E FISIOLOGIA ANIMAL","SEM SIGLA","Universidade Federal Rural de Pernambuco, Recife, Pernambuco, Rua Dom Manoel de Medeiros, Brazil","Departamento de Morfologia e Fisiologia Animal, Universidade Federal Rural de Pernambuco, Recife, Pernambuco, Rua Dom Manoel de Medeiros, Brazil"
"b211639d-3f87-4120-b13b-abbc7df7f631","DEPARTMENT OF ENVIRONMENTAL BIOTECHNOLOGY","SEM SIGLA","University of Warmia and Mazury, Olsztyn, Poland","Department of Environmental Biotechnology, University of Warmia and Mazury, Olsztyn, Poland"
"f60cec55-cd05-44e3-ac0d-262eb5bd396d","IRD","IRD","UMR (INRA, IRD, CIRAD, SupaGro), CBGP (Centre de Biologie pour la Gestion des Populations), Montferrier-sur-Lez Cedex, F-34988, Campus international de Baillarguet, CS 30016, France","IRD, UMR (INRA, IRD, CIRAD, SupaGro), CBGP (Centre de Biologie pour la Gestion des Populations), Montferrier-sur-Lez Cedex, F-34988, Campus international de Baillarguet, CS 30016, France"
"787fade4-e214-41f5-bb05-fccd47089f48","DEPARTAMENTO DE MORFOLOGIA","SEM SIGLA","Universidade Federal de Minas Gerais, Belo Horizonte, MG, 31270-901, Brazil","Departamento de Morfologia, Universidade Federal de Minas Gerais, Belo Horizonte, MG, 31270-901, Brazil"
"86c9432b-152a-494f-9752-185f4583cffc","DEPARTMENT OF BIOLOGICAL AND ENVIRONMENTAL SCIENCE","SEM SIGLA","University of Jyväskylä, FI-40014, P.O. Box 35, Finland","Department of Biological and Environmental Science, University of Jyväskylä, FI-40014, P.O. Box 35, Finland"
"4c8cc7c3-a80f-4de0-84d1-ba914e7e1b5e","INSTITUTO DE CIENCIA E TECNOLOGIA DAS AGUAS","SEM SIGLA","Universidade Federal do Oeste do Pará, Santarém, PA, 68135-110, Brazil","Instituto de Ciência e Tecnologia das Águas, Universidade Federal do Oeste do Pará, Santarém, PA, 68135-110, Brazil"
"fc3aba23-591a-4f14-83bc-6bb14b525eba","INSTITUTO DE CIENCIAS DO MAR","SEM SIGLA","Universidade Federal do Ceará, Fortaleza, Ceará, Av. Abolição, Brazil","Instituto de Ciências do Mar, Universidade Federal do Ceará, Fortaleza, Ceará, Av. Abolição, Brazil"
"5a32264c-8772-477c-8a3c-784dcc4b9cac","LABORATORIO DE ECOLOGIA ISOTOPICA","SEM SIGLA","Centro de Energia Nuclear na Agricultura, Universidade de São Paulo, Piracicaba, Estado de São Paulo, 13416-000, Brazil","Laboratório de Ecologia Isotópica, Centro de Energia Nuclear na Agricultura, Universidade de São Paulo, Piracicaba, Estado de São Paulo, 13416-000, Brazil"
"592ee013-a342-4b55-b2b6-ab897634b4ab","LABORATORIO DE BIOLOGIA MOLECULAR E FILOGEOGRAFIA","SEM SIGLA","Instituto de Biotecnologia Aplicada à Agropecuária, Universidade Federal de Viçosa, Viçosa, MG, 36570-000, Brazil","Laboratório de Biologia Molecular e Filogeografia, Instituto de Biotecnologia Aplicada à Agropecuária, Universidade Federal de Viçosa, Viçosa, MG, 36570-000, Brazil"
"7166a983-005b-431f-b2f6-5fe2627d7cae","DEPARTMENT OF EVOLUTIONARY BIOLOGY AND ANIMAL ECOLOGY","SEM SIGLA","University of Freiburg, Freiburg, Germany","Department of Evolutionary Biology and Animal Ecology, University of Freiburg, Freiburg, Germany"
"755095cf-70ee-431a-84ec-f328202ce65b","CENTRE OF EXCELLENCE IN BIOLOGICAL INTERACTIONS","SEM SIGLA","Department of Biological and Environmental Science, University of Jyväskylä, Jyväskylä, FI-40014, P.O. Box 35, Finland","Centre of Excellence in Biological Interactions, Department of Biological and Environmental Science, University of Jyväskylä, Jyväskylä, FI-40014, P.O. Box 35, Finland"
"0097f7a3-638b-4a82-a09f-f1024eeec660","DEPARTMENT OF WILDLIFE ECOLOGY AND MANAGEMENT","SEM SIGLA","University of Freiburg, Freiburg, Germany","Department of Wildlife Ecology and Management, University of Freiburg, Freiburg, Germany"
"d101a9ec-b2ea-480d-8b4e-8599bb799cdc","DEPARTMENT OF MICROBIOLOGY AND PLANT PATHOLOGY","SEM SIGLA","Forestry and Agricultural Biotechnology Institute (FABI), University of Pretoria, Pretoria, 0002, South Africa","Department of Microbiology and Plant Pathology, Forestry and Agricultural Biotechnology Institute (FABI), University of Pretoria, Pretoria, 0002, South Africa"
"3b4b7413-0bac-4d71-a82d-321de6759c09","HELLENIC AGRICULTURAL ORGANIZATION-DEMETER","SEM SIGLA","Plant Protection Institute of Heraklion, Laboratory of Entomology and Agricultural Zoology, Heraklion, 71003, Greece","Hellenic Agricultural Organization-Demeter, Plant Protection Institute of Heraklion, Laboratory of Entomology and Agricultural Zoology, Heraklion, 71003, Greece"
"ad96b75d-cc7c-43d1-9eef-0caca8fab0eb","DEPARTMENT OF GENETICS","SEM SIGLA","Forestry and Agricultural Biotechnology Institute (FABI), University of Pretoria, Pretoria, 0002, South Africa","Department of Genetics, Forestry and Agricultural Biotechnology Institute (FABI), University of Pretoria, Pretoria, 0002, South Africa"
"42619f34-db83-44bd-9b8e-fdad39599351","UNIVERSIDADE FEDERAL DE SERGIPE","SEM SIGLA","Brazil","Universidade Federal de Sergipe, Brazil"
"1f7efd1b-a1d8-4a3f-b232-7e7bec7815fe","AGROTESTE PESQUISA E CONSULTORIA","SEM SIGLA","Sala 203-Lavras-MG, Praça Leonardo Venerando Pereira, 284, Brazil","Agroteste Pesquisa e Consultoria, Sala 203-Lavras-MG, Praça Leonardo Venerando Pereira, 284, Brazil"
"0df8212b-4f6f-40f3-b36a-66084d5fccd3","UNIVERSIDADE FEDERAL RURAL DA AMAZONIA/UFRA","UFRA","Instituto de Ciências Agrárias, Belém-PA, Brazil","Universidade Federal Rural da Amazônia/UFRA, Instituto de Ciências Agrárias, Belém-PA, Brazil"
"db2e044b-4a77-4eda-b8dd-961d77ed0ab0","UNIVERSIDADE FEDERAL DE LAVRAS/UFLA","UFLA","Departamento de Química/DQI, Lavras-MG, Brazil","Universidade Federal de Lavras/UFLA, Departamento de Química/DQI, Lavras-MG, Brazil"
"d5f8b229-8174-4d07-8ce3-ed01a2ec3637","ESCOLA SUPERIOR DE AGRICULTURA LUIZ DE QUEIROZ-ESALQ/USP","USP","Departamento de Entomologia, Piracicaba-SP, Brazil","Escola Superior de Agricultura Luiz de Queiroz-Esalq/USP, Departamento de Entomologia, Piracicaba-SP, Brazil"
"4f1bec31-5330-4d8c-b94c-d95a2303b4bf","UNIVERSIDADE FEDERAL DO PARA/UFPA","UFPA","Departamento de Estatística, Belém-PA, Brazil","Universidade Federal do Pará/UFPA, Departamento de Estatística, Belém-PA, Brazil"
"92dc7d69-6ff6-407d-9004-bd3a907f5749","UNIVERSITY OF ILLINOIS","SEM SIGLA","Department of Crop Science, Urbana-Champaign, United States","University of Illinois, Department of Crop Science, Urbana-Champaign, United States"
"d413e719-bb04-4bff-ab66-55fdc886e463","COORDENACAO DE PESQUISAS EM PRODUTOS NATURAIS","SEM SIGLA","Instituto Nacional de Pesquisas da Amazônia, 69011-970 Manaus-AM, CP 478, Brazil","Coordenação de Pesquisas em Produtos Naturais, Instituto Nacional de Pesquisas da Amazônia, 69011-970 Manaus-AM, CP 478, Brazil"
"76dd7477-7972-4c40-9346-2ee90a95065e","INSTITUTO AGRONOMICO DE CAMPINAS","SEM SIGLA","13001-970, Campinas, SP, CP 28, Brazil","Instituto Agronômico de Campinas, 13001-970, Campinas, SP, CP 28, Brazil"
"487139cd-7bf2-42bb-9862-1de7cb5471c4","LABORATORIO DE VETORES DE MALARIA E DENGUE","SEM SIGLA","Instituto Nacional de Pesquisas da Amazônia, 69011-970 Manaus-AM, CP 478, Brazil","Laboratório de Vetores de Malária e Dengue, Instituto Nacional de Pesquisas da Amazônia, 69011-970 Manaus-AM, CP 478, Brazil"
"5d0c82d7-5e6c-43bd-804b-a6f4796f20dd","LABORATORIO DE MORFOLOGIA VEGETAL","SEM SIGLA","Universidade Federal do Rio de Janeiro, Depto de Botânica, 21941-590 Ilha do Fundão, Rio de Janeiro, RJ, Sala A1-108, Av. BrigadeiroTrompowsky s.n, Brazil","Laboratório de Morfologia Vegetal, Universidade Federal do Rio de Janeiro, Depto de Botânica, 21941-590 Ilha do Fundão, Rio de Janeiro, RJ, Sala A1-108, Av. BrigadeiroTrompowsky s.n, Brazil"
"ff06ffc2-40a9-4cd9-a21b-576ee12e3f9d","LABORATOIRE MATERIAUX ET MOLECULES EN MILIEU AMAZONIEN","SEM SIGLA","CNRS 8172-UMR ECOFOG, Cayenne 97337, Campus Trou Biran, French Guiana","Laboratoire Matériaux et Molécules en Milieu Amazonien, CNRS 8172-UMR ECOFOG, Cayenne 97337, Campus Trou Biran, French Guiana"
"e972dc64-d108-4d3d-85f7-8483ea0f309d","MUSEU EMILIO GOELDI","SEM SIGLA","66077-830 Belém-PA, Brazil","Museu Emílio Goeldi, 66077-830 Belém-PA, Brazil"
"15374228-7f49-4d79-9ab8-566926a8d413","PNPD/CAPES","CAPES","Programa de Pós-graduação em Ciências Ambientais, Univ. do Estado de Mato Grosso, BR-78.200-000 Cáceres, MT, Brazil","PNPD/CAPES, Programa de Pós-graduação em Ciências Ambientais, Univ. do Estado de Mato Grosso, BR-78.200-000 Cáceres, MT, Brazil"
"633c2681-f4d9-4600-be52-8cd07443a6bc","PROGRAMA DE MESTRADO EM CIENCIAS FLORESTAIS","SEM SIGLA","Universidade Federal Rural da Amazônia, CEP 66077-530, Belém-PA2, CP 917, Brazil","Programa de Mestrado em Ciências Florestais, Universidade Federal Rural da Amazônia, CEP 66077-530, Belém-PA2, CP 917, Brazil"
"ef3ae677-ab3e-491c-8bcb-d177efcd59c0","FUNDACAO DE HEMATOLOGIA E HEMOTERAPIA DO AMAZONAS-HEMOAM","HEMOAM","Manaus, AM, Brazil","Fundação de Hematologia e Hemoterapia do Amazonas-HEMOAM, Manaus, AM, Brazil"
"0b05f42d-8bac-415f-bd97-f1e24d88f606","CENTRO DE PESQUISA LEONIDAS E MARIA DEANE-FIOCRUZ","SEM SIGLA","Manaus, AM, Brazil","Centro de Pesquisa Leônidas e Maria Deane-Fiocruz, Manaus, AM, Brazil"
"2b28b76a-47bd-419f-9d93-2578f5980659","LABORATORIO DE PRINCIPIOS ATIVOS DA AMAZONIA-LAPAAM","LAPAAM","Coordenação de Pesquisa em Produtos Naturais-CPPN, Instituto Nacional de Pesquisa da Amazônia-INPA, 69011-970 Manaus, AM, Av. André Araújo 2936, Brazil","Laboratório de Princípios Ativos da Amazônia-LAPAAM, Coordenação de Pesquisa em Produtos Naturais-CPPN, Instituto Nacional de Pesquisa da Amazônia-INPA, 69011-970 Manaus, AM, Av. André Araújo 2936, Brazil"
"454b808d-3ed3-4084-83d4-d7096df33f24","EMBRAPA MEIO AMBIENTE","SEM SIGLA","CNPMA, 13820-000, Jaguariúna, SP, Caixa Postal 69, Brazil","Embrapa Meio Ambiente, CNPMA, 13820-000, Jaguariúna, SP, Caixa Postal 69, Brazil"
"fe52d8a6-2387-4229-a0af-d26bac001823","FACULTY OF FORESTRY","SEM SIGLA","Universiti Putra Malaysia, UPM, 43400 Serdang, Malaysia","Faculty of Forestry, Universiti Putra Malaysia, UPM, 43400 Serdang, Malaysia"
"e5cfdc11-ce0a-4d58-b824-cec44795e3b9","NATIONAAL HERBARIUM NEDERLAND","SEM SIGLA","Utrecht University Branch, 3584 CS Utrecht, Heidelberglaan 2, Netherlands","Nationaal Herbarium Nederland, Utrecht University Branch, 3584 CS Utrecht, Heidelberglaan 2, Netherlands"
"fa801032-2249-4acd-8211-71e294cbba67","UNIVERSIDADE FEDERAL DE SAO JOAO DEL REI - UFSJ","UFSJ","Centro de Ciências da Saúde, Bairro Chanadour, CEP 35501-296 Divinópolis - MG, Av. Sebastião Gonçalves Coelho, 400, Brazil","Universidade Federal de São João Del Rei - UFSJ, Centro de Ciências da Saúde, Bairro Chanadour, CEP 35501-296 Divinópolis - MG, Av. Sebastião Gonçalves Coelho, 400, Brazil"
"7a6483a3-28ba-4170-af1e-510526bdf342","DEPARTAMENTO DE MICROBIOLOGIA","SEM SIGLA","Instituto de Biologia (IB), Universidade Estadual de Campinas, UNICAMP, CEP 13081-970, Campinas, SP, Brazil","Departamento de Microbiologia, Instituto de Biologia (IB), Universidade Estadual de Campinas, UNICAMP, CEP 13081-970, Campinas, SP, Brazil"
"098f830a-bca2-484a-bf13-715e9541c8ee","LABORATORIO DE BIOQUIMICA E BIOFISICA","SEM SIGLA","Instituto Butantan, 05503-900 São Paulo - SP, Av. Vital Brasil, 1500, Brazil","Laboratório de Bioquímica e Biofísica, Instituto Butantan, 05503-900 São Paulo - SP, Av. Vital Brasil, 1500, Brazil"
"55acede9-d432-47d3-9333-f447f342c2a3","DEPARTAMENTO DE BIOQUIMICA E IMUNOLOGIA","SEM SIGLA","Faculdade de Medicina de Ribeirão Preto, Universidade de São Paulo, 14040-901 Ribeirão Preto - SP, Brazil","Departamento de Bioquímica e Imunologia, Faculdade de Medicina de Ribeirão Preto, Universidade de São Paulo, 14040-901 Ribeirão Preto - SP, Brazil"
"f85d5f5c-eec5-4112-bd51-60cba7e71577","DEPARTAMENTO DE QUIMICA ORGANICA","SEM SIGLA","Instituto de Química, Universidade Estadual de Campinas, 13084-971 Campinas - SP, Brazil","Departamento de Química Orgânica, Instituto de Química, Universidade Estadual de Campinas, 13084-971 Campinas - SP, Brazil"
"1430dbe7-6e07-4894-886f-deaf92e0ddb8","DEPARTAMENTO DE QUIMICA ORGANICA E INORGANICA","SEM SIGLA","Universidade Federal do Ceará, 60451-970 Fortaleza - CE, Brazil","Departamento de Química Orgânica e Inorgânica, Universidade Federal do Ceará, 60451-970 Fortaleza - CE, Brazil"
"1e9f6e11-5d2b-46bf-bbb3-8fc3afc46797","DEPARTMENT OF PLANT ECOPHYSIOLOGY","SEM SIGLA","Utrecht University, 3508 TB Utrecht, P.O. Box 80084, Netherlands","Department of Plant Ecophysiology, Utrecht University, 3508 TB Utrecht, P.O. Box 80084, Netherlands"
"0e925a83-4a73-4b1c-b87b-8399fe6d3b39","FAC CIE EXACT","SEM SIGLA","Nat. Y Agrimensura, Inst. de Botanica del Nordeste, 3400 Corrientes, Casilla de Correo 209, Argentina","Fac. Cie. Exact., Nat. Y Agrimensura, Inst. de Botanica del Nordeste, 3400 Corrientes, Casilla de Correo 209, Argentina"
"d35cefea-d4cc-4e9a-8bf2-faea28af5b5f","INST DE BOTANICA DARWINION","SEM SIGLA","B1642HYD, San Isidro, Buenos Aires, Casilla de Correo 22, Argentina","Inst. de Botánica Darwinion, B1642HYD, San Isidro, Buenos Aires, Casilla de Correo 22, Argentina"
"07d08802-ee89-4bf0-abf8-597a493e8a83","NUCLEO DE PESQUISAS EM CIENCIAS EXATAS E TECNOLOGICAS","SEM SIGLA","Universidade de Franca, 14404-600 Franca-SP, Brazil","Núcleo de Pesquisas em Ciências Exatas e Tecnológicas, Universidade de Franca, 14404-600 Franca-SP, Brazil"
"f54f0153-90a4-4755-99ff-da17f7569c09","LABORATORIO DE CIENCIAS QUIMICAS LCQUI-CCT","CCT","Universidade Estadual do Norte Fluminense Darcy Ribeiro (UENF), 28013-602 Campos dos Goytacazes-RJ, Brazil","Laboratório de Ciências Químicas (LCQUI)-CCT, Universidade Estadual do Norte Fluminense Darcy Ribeiro (UENF), 28013-602 Campos dos Goytacazes-RJ, Brazil"
"e2858cec-d2f2-4bf6-b33c-065adeba2a95","PESQUISADOR VISITANTE EMERITO-FAPERJ/UENF/UFRRJ","UFRRJ","28013-602 Campos dos Goytacazes-RJ, Brazil","Pesquisador Visitante Emerito-FAPERJ/UENF/UFRRJ, 28013-602 Campos dos Goytacazes-RJ, Brazil"
"f2978332-770c-4153-aef1-330a87fe45b3","CIRAD-UPR DYNAMIQUE FORESTIERE","UPR","34398 Montpellier cedex 5, Campus International Baillarguet, France","CIRAD-UPR Dynamique Forestière, 34398 Montpellier cedex 5, Campus International Baillarguet, France"
"b7726f5d-2d9e-4b22-b86b-6770ff5aa48c","LABORATORIO DE EXTRACAO","SEM SIGLA","Universidade Paulista, Bela Vista, 01310-100 São Paulo-SP, Av. Paulista, 900, 1 andar, Brazil","Laboratório de Extração, Universidade Paulista, Bela Vista, 01310-100 São Paulo-SP, Av. Paulista, 900, 1 andar, Brazil"
"047662c0-fe06-49de-aa08-fe4e01bbb8fc","PROGRAMA DE POS-GRADUACAO EM ENGENHARIA DE PRODUCAO","SEM SIGLA","Instituto de Ciências Exatas e Tecnologia, Universidade Paulista, Vila Clementino, 04026-002 São Paulo-SP, R. Dr. Bacelar, 1212, Brazil","Programa de Pós-graduação em Engenharia de Produção, Instituto de Ciências Exatas e Tecnologia, Universidade Paulista, Vila Clementino, 04026-002 São Paulo-SP, R. Dr. Bacelar, 1212, Brazil"
"b1ac930d-1715-4be8-89c2-f7682e8afe17","COLLEGE OF PHARMACY","SEM SIGLA","Nihon University, Funabashi, Chiba 274-8555, 7-7-1 Narashinodai, Japan","College of Pharmacy, Nihon University, Funabashi, Chiba 274-8555, 7-7-1 Narashinodai, Japan"
"46421abd-459c-4708-a7c3-3482805a5d4c","COLLEGE OF HUMANITIES AND SCIENCES","SEM SIGLA","Nihon University, Setagaya-ku, Tokyo 156-8550, 3-25-40 Sakurajosui, Japan","College of Humanities and Sciences, Nihon University, Setagaya-ku, Tokyo 156-8550, 3-25-40 Sakurajosui, Japan"
"829ef37a-3182-4266-ac07-0208732bd835","DEPARTMENT OF PEDIATRICS AND CHILD HEALTH","SEM SIGLA","Nihon University School of Medicine, Itabashi-ku, Tokyo 173-0032, 30-1 Oyaguchikami-cho, Japan","Department of Pediatrics and Child Health, Nihon University School of Medicine, Itabashi-ku, Tokyo 173-0032, 30-1 Oyaguchikami-cho, Japan"
"8eef7430-123a-4eaa-8d18-7e55015de25b","SHI Q1 01 - CASA 16","SHI","Brasília, CEP 71505-010, DF, Brazil","SHI Q1 01 - Casa 16, Brasília, CEP 71505-010, DF, Brazil"
"ff506d6d-1d6c-4b74-a078-4e1c4e744adc","INSTITUTO DE PESQUISA","SEM SIGLA","Área de Botânica Estrutural, Jardim Botânico do Rio de Janeiro, Bolsista CNPq, Rua Pacheco Leão, 915, Rio de Janeiro, CEP 22460-030, RJ, Brazil","Instituto de Pesquisa, Área de Botânica Estrutural, Jardim Botânico do Rio de Janeiro, Bolsista CNPq, Rua Pacheco Leão, 915, Rio de Janeiro, CEP 22460-030, RJ, Brazil"
"2f738a6b-1d9a-4531-a588-9e081a0edc6b","INSTITUTE OF BIOLOGY","SEM SIGLA","Federal University of Uberlândia (UFU), Uberlândia, Minas Gerais, Brazil","Institute of Biology, Federal University of Uberlândia (UFU), Uberlândia, Minas Gerais, Brazil"
"741380fa-d321-4901-b4b7-6b85b2f34399","DEPARTAMENTO DE BIOQUIMICA E BIOLOGIA MOLECULAR - BIOAGRO","SEM SIGLA","Universidade Federal de Viçosa, Viçosa, MG 36570-000, Brazil","Departamento de Bioquímica e Biologia Molecular - BIOAGRO, Universidade Federal de Viçosa, Viçosa, MG 36570-000, Brazil"
"91e70d54-0d1c-43fa-8039-c53c0d85fefe","BOLSISTA DO INSTITUO NACIONAL DE PESQUISAS DA AMAZONIA/INPA","INPA","United States","Bolsista do Instituo Nacional de Pesquisas da Amazonia/INPA, United States"
"d9466862-5678-457c-8435-ea485ae768d2","PESQUISADORA DO INSTITUO NACIONAL DE PESQUISAS DA AMAZONIA/INPA","INPA","United States","Pesquisadora do Instituo Nacional de Pesquisas da Amazonia/INPA, United States"
"50756c39-dc57-4d4e-8cb7-e70f731ec93c","PESQUISADORA DA EMPRESA BRASILEIRA DE PESQUISAS AGROPECUARIAS/ EMBRAPA","SEM SIGLA","Brazil","Pesquisadora da Empresa Brasileira de Pesquisas Agropecuárias/ EMBRAPA, Brazil"
"bc843109-7d75-43e9-8d99-7f89e61eb8ce","PROFESSOR DO DEPARTAMENTO DE CIENCIAS FLORESTAIS","SEM SIGLA","Universidade Federal do Amazonas/UFAM, Brazil","Professor do Departamento de Ciências Florestais, Universidade Federal do Amazonas/UFAM, Brazil"
"a3d8e942-692a-4bec-b3b9-4608611819af","PROFESSOR/ESTATISTICA DO INSTITUO NACIONAL DE PESQUISAS DA AMAZONIA/INPA","INPA","United States","Professor/Estatística do Instituo Nacional de Pesquisas da Amazonia/INPA, United States"
"d71775cd-f3ae-4f15-a286-251e0a54a3be","DEPARTAMENTO DE ENTOMOLOGIA","SEM SIGLA","Museu Nacional, Quinta da Boa Vista, CEP 20940-040 Rio de Janeiro, RJ, São Cristóvão, Brazil","Departamento de Entomologia, Museu Nacional, Quinta da Boa Vista, CEP 20940-040 Rio de Janeiro, RJ, São Cristóvão, Brazil"
"66bb177a-54ac-4a39-b51b-de2f0249bd14","MAX-PLANCK-INSTITUTE FOR LIMNOLOGY","SEM SIGLA","D-24302 Plön, August-Thienemann-Str. 2, Germany","Max-Planck-Institute for Limnology, D-24302 Plön, August-Thienemann-Str. 2, Germany"
"b5b3a5bd-37b6-48d5-badd-ccaed636e680","INSTITUTE OF AGRONOMY IN THE TROPICS","SEM SIGLA","University of Göttingen, D-37077 Göttingen, Griesebachstrasse 6, Germany","Institute of Agronomy in the Tropics, University of Göttingen, D-37077 Göttingen, Griesebachstrasse 6, Germany"
"aa21fd8d-2844-4798-8311-b23523fdc78b","UNIVERSITY STUDIES PROGRAM","SEM SIGLA","Portland State University, Portland, OR 97207-0751, P.O. Box 751, United States","University Studies Program, Portland State University, Portland, OR 97207-0751, P.O. Box 751, United States"
"4d566b88-4df0-4d63-97aa-4cfdff6a8b7a","INSTITUTO DO HOMEM E MEIO AMBIENTE DA AMAZONIA IMAZON","IMAZON","Belém, Pará, Brazil","Instituto Do Homem e Meio Ambiente Da Amazônia (IMAZON), Belém, Pará, Brazil"
"40d4804f-caf0-4177-b73f-c25d579dc583","CNPQ","SEM SIGLA","Brazil","CNPq, Brazil"
"ab1193dc-f707-4b9b-be2a-26fd7711c70f","GENOGRAPHIC PROJECT","SEM SIGLA","National Geographic Society, Washington, DC, United States","Genographic Project, National Geographic Society, Washington, DC, United States"
"1dcdb64b-ea0a-4e9a-b56e-d2cfcff018f4","PROGRAMA DE INICIACAO CIENTIFICA","SEM SIGLA","Instituto Nacional de Pesquisas da Amazônia","Programa de Iniciação Científica, Instituto Nacional de Pesquisas da Amazônia"
"11376219-e483-4074-8fc9-4dfc463c0359","INST DE RECH EN BIOL VEG","SEM SIGLA","Jardin Botanique de Montréal, Montréal, Que. H1X 2B2, 4101, Sherbrooke Est, Canada","Inst. de Rech. en Biol. Vég., Jardin Botanique de Montréal, Montréal, Que. H1X 2B2, 4101, Sherbrooke Est, Canada"
"3e48618d-9b13-4ebf-8d26-6ec7c3207529","LAB CYTOLOGIE EXP MORPHOGENESE V","SEM SIGLA","Univ. Pierre et Marie Curie, Bâtiment N2, 75 252 Paris Cedex 05, 4 place Jussieu, France","Lab. Cytologie Exp. Morphogenese V., Univ. Pierre et Marie Curie, Bâtiment N2, 75 252 Paris Cedex 05, 4 place Jussieu, France"
"05009ee0-f1c4-42c4-81d8-dcb306806e55","UMR ECOFOG","UMR","Université des Antilles, la Guyane - CNRS, 97337 Cayenne cedex, 2091 Route de Baduel -, BP792, France","UMR EcoFoG, Université des Antilles, la Guyane - CNRS, 97337 Cayenne cedex, 2091 Route de Baduel -, BP792, France"
"6db69fad-4173-4cf2-bb4e-8c2735024233","UNIVERSITE DE TOULOUSE","SEM SIGLA","UPS, UMR 152 (Laboratoire de pharmacochimie des substances naturelles et pharmacophores redox), F-31062 Toulouse cedex 9, 118, rte de Narbonne, France","Université de Toulouse, UPS, UMR 152 (Laboratoire de pharmacochimie des substances naturelles et pharmacophores redox), F-31062 Toulouse cedex 9, 118, rte de Narbonne, France"
"621ea9f3-e221-4eb5-99b8-65ffedbd15bd","COMUNIDAD CHAYAHUITA DE SOLEDAD","SEM SIGLA","Departamento de Loreto, Provincia de Alto Amazonas, Distrito de Balsapuerto, Peru","Comunidad Chayahuita de Soledad, Departamento de Loreto, Provincia de Alto Amazonas, Distrito de Balsapuerto, Peru"
"38647c48-829a-4945-a537-8ab23f0cea75","LABORATORIOS DE INVESTIGACION Y DESARROLLO","SEM SIGLA","Facultad de Ciencias y Filosofia, Universidad Peruana Cayetano Heredia (UPCH), Lima, Av. Honorio Delgado 430, Peru","Laboratorios de Investigacion y Desarrollo, Facultad de Ciencias y Filosofia, Universidad Peruana Cayetano Heredia (UPCH), Lima, Av. Honorio Delgado 430, Peru"
"ac4f92d5-7510-4d04-8020-102ff5396c72","UCV","UCV","Venezuela","UCV, Venezuela"
"d953f09e-e570-436e-aeca-315b16d925da","CENTRO DE BOTANICA TROPICAL","SEM SIGLA","Instituto de Biología Experimental, UCV, Caracas 1041A, Aptdo. 48312, Venezuela","Centro de Botánica Tropical, Instituto de Biología Experimental, UCV, Caracas 1041A, Aptdo. 48312, Venezuela"
"dfb9fb3f-7a84-459a-972f-2d08282a75d3","FACULTAD DE FARMACIA","SEM SIGLA","Universidad Central de Venezuela, Apartado 40109 Caracas, Venezuela","Facultad de Farmacia, Universidad Central de Venezuela, Apartado 40109 Caracas, Venezuela"
"342b40e3-552b-439c-ac57-373c55b618a1","UNIVERSIDADE FEDERAL DO RIO DE JANEIRO DEPARTAMENTO DE MICROBIOLOGIA GERAL","SEM SIGLA","Instituto de Microbiologia Prof. Paulo de Góes, Centro de Ciências da Saúde, 21941-901, Rio de Janeiro, RJ, Brazil","Universidade Federal do Rio de Janeiro Departamento de Microbiologia Geral, Instituto de Microbiologia Prof. Paulo de Góes, Centro de Ciências da Saúde, 21941-901, Rio de Janeiro, RJ, Brazil"
"758efac4-722b-416d-9442-dc1874d53465","UNIVERSIDADE FEDERAL DO RIO DE JANEIRO NUCLEO DE PESQUISAS DE PRODUTOS NATURAIS","SEM SIGLA","Bloco H, Centro de Ciências da Saúde, 21941-590, Rio de Janeiro, RJ, Brazil","Universidade Federal do Rio de Janeiro Núcleo de Pesquisas de Produtos Naturais, Bloco H, Centro de Ciências da Saúde, 21941-590, Rio de Janeiro, RJ, Brazil"
"2fcfcc2f-5a04-4efd-a253-6575524233b1","POST-HUMOUS DEPARTMENT OF EXPERIMENTAL STATISTICS","SEM SIGLA","Louisiana State University, Baton Rouge, LA 70803-1705, United States","Post-humous Department of Experimental Statistics, Louisiana State University, Baton Rouge, LA 70803-1705, United States"
"4b113bf8-7243-4ca8-9a60-733ee3d8b071","DEP DE CIENCIAS FLORESTAIS","SEM SIGLA","Universidade Federal do Amazonas - UFAM, Coroado. Manaus/AM. CEP 69077-000, Av. Gal. Rodrigo Octávio Jordão Ramos, 3000, Brazil","Dep. de Ciências Florestais, Universidade Federal do Amazonas - UFAM, Coroado. Manaus/AM. CEP 69077-000, Av. Gal. Rodrigo Octávio Jordão Ramos, 3000, Brazil"
"00fcc583-6b70-45e7-a3ab-bec6830e9491","MONTEVERDE","SEM SIGLA","Puntarenas, Apdo. 50-5655, Costa Rica","Monteverde, Puntarenas, Apdo. 50-5655, Costa Rica"
"063d26c6-9159-40a9-a9d6-e18e2450cf10","SECTION OF INTEGRATIVE BIOLOGY","SEM SIGLA","University of Texas, Austin, TX 78712, United States","Section of Integrative Biology, University of Texas, Austin, TX 78712, United States"
"7f42f268-b5e7-437e-8ac5-c7b3d0678776","FACULTAD DE QUIMICA","SEM SIGLA","Departamento de Bioquímica, Universidad Nacional Autónoma de México, México, D.F. C.P. 04510, Mexico","Facultad de Química, Departamento de Bioquímica, Universidad Nacional Autónoma de México, México, D.F. C.P. 04510, Mexico"
"bb1b9281-9787-44d2-9a93-c7cfea0ea9e3","DEPTO DE CIENCIAS FLORESTAIS","SEM SIGLA","Faculdade de Cie. Agrarias do Para, Belém 66077-530, PA, Caixa Postal 917, Brazil","Depto. de Ciências Florestais, Faculdade de Cie. Agrarias do Para, Belém 66077-530, PA, Caixa Postal 917, Brazil"
"4d802700-305c-40e0-927f-b4541f2a0a99","INST NAC DE PESQ DA AMAZONIA","SEM SIGLA","Manaus 69011-970, AM, Caixa Postal 478, Brazil","Inst. Nac. de Pesq. da Amazonia, Manaus 69011-970, AM, Caixa Postal 478, Brazil"
"3ce8bac6-8299-47ef-8fa6-3ab9d98c6d55","LABORATORIO DE BOTANICA AGROFLORESTAL LABAF","LABAF","Faculdade de Ciências Agrárias (FCA), Universidade Federal do Amazonas (UFAM), Brazil","Laboratório de Botânica Agroflorestal (LABAF), Faculdade de Ciências Agrárias (FCA), Universidade Federal do Amazonas (UFAM), Brazil"
"676a6425-7e0f-49c9-850f-73e4c28dd300","SCHOOL OF BIOLOGICAL AND ENVIRONMENTAL SCIENCES","SEM SIGLA","University of Stirling, Stirling, United Kingdom","School of Biological and Environmental Sciences, University of Stirling, Stirling, United Kingdom"
"c33bf3ca-922c-467d-8c42-54ce554c6cb6","COORDENACAO DE PESQ EM ECOLOGIA","SEM SIGLA","Inst. Nac. de Pesq. da Amazonia, 69011-970-Manaus, AM, C.P. 478, Brazil","Coordenacao de Pesq. em Ecologia, Inst. Nac. de Pesq. da Amazonia, 69011-970-Manaus, AM, C.P. 478, Brazil"
"eb210d3d-909e-4af1-927b-97ad3897680d","ESCOLA SUPERIOR DE AGRICULTURA LUIZ DE QUEIROZ","SEM SIGLA","Universidade de São Paulo, Departamento de Ciências Biológicas, Piracicaba, SP 13418-900, Caixa Postal 9, Brazil","Escola Superior de Agricultura Luiz de Queiroz, Universidade de São Paulo, Departamento de Ciências Biológicas, Piracicaba, SP 13418-900, Caixa Postal 9, Brazil"
"308b475e-2b93-4183-8b12-f59c0db8f3c9","DEPARTMENT OF PLANT AND SOIL SCIENCE","SEM SIGLA","University of Aberdeen, Aberdeen, AB24 3UU, United Kingdom","Department of Plant and Soil Science, University of Aberdeen, Aberdeen, AB24 3UU, United Kingdom"
"ca38de26-7b2d-414e-8d94-a0454ed4d110","DEPARTAMENTO DE ECOLOGIA E BIOLOGIA EVOLUTIVA","SEM SIGLA","Universidade Federal de São Carlos - UFSCar, CEP 13565-905, São Carlos, SP, CP 676, Brazil","Departamento de Ecologia e Biologia Evolutiva, Universidade Federal de São Carlos - UFSCar, CEP 13565-905, São Carlos, SP, CP 676, Brazil"
"ba8b18d6-d359-4e67-8151-38f03e975405","ESCOLA SUPERIOR DE AGRICULTURA 'LUIZ DE QUEIROZ' - ESALQ","ESALQ","Universidade de São Paulo - USP, CEP 13418-900, Piracicaba, SP, Av. Pádua Dias, 11, Brazil","Escola Superior de Agricultura 'Luiz de Queiroz' - ESALQ, Universidade de São Paulo - USP, CEP 13418-900, Piracicaba, SP, Av. Pádua Dias, 11, Brazil"
"264d046c-cfec-48ad-a757-9ddd04a018b9","DEPARTAMENTO DE ANALISES CLINICAS","SEM SIGLA","Universidade Estadual de Maringá, 87020-900 Maringá-PR, Brazil","Departamento de Análises Clinicas, Universidade Estadual de Maringá, 87020-900 Maringá-PR, Brazil"
"7ec2532c-378a-4bde-b27b-2bf17fe7be06","COORDENACAO EM PESQUISAS DE PRODUTOS NATURAIS","SEM SIGLA","Instituto Nacional de Pesquisas da Amazônia, 69083-000 Manaus-AM, Brazil","Coordenação em Pesquisas de Produtos Naturais, Instituto Nacional de Pesquisas da Amazônia, 69083-000 Manaus-AM, Brazil"
"28e4e541-389f-42fa-92a3-c376f5d6d0f7","INST DE CIE BIOLOGICAS","SEM SIGLA","Ctro. Reg. Univ. Espirito S. do P., Espírito Santo do Pinhal, SP, Brazil","Inst. de Cie. Biológicas, Ctro. Reg. Univ. Espirito S. do P., Espírito Santo do Pinhal, SP, Brazil"
"89d8b684-2b68-4b0b-bb7e-6c35f29bf1e0","PROJETO DINAMICA BIOL FRAGMENTOS F","SEM SIGLA","Inst. Nac. de Pesquisa da Amazonia, Manaus, AM, Brazil","Projeto Dinamica Biol. Fragmentos F., Inst. Nac. de Pesquisa da Amazonia, Manaus, AM, Brazil"
"9ca0f0a6-b5fd-47b1-bd10-9419b5509ce8","DEPARTAMENTO DE ENGENHARIA AGRONOMICA","SEM SIGLA","Universidade Federal de Sergipe - UFS, Brazil","Departamento de Engenharia Agronômica, Universidade Federal de Sergipe - UFS, Brazil"
"a1128f79-9de8-46d7-8b1e-5227ec4417de","EMBRAPA-CPATU","CPATU","Belém, Pará, Brazil","EMBRAPA-CPATU, Belém, Pará, Brazil"
"ab40d8e8-a78b-40df-bef8-dbe8b79dda38","NUCLEO DE SAUDE","SEM SIGLA","Universidade Federal de Rondônia, Porto Velho, 78.900-500, Br 364, Km 9.5, Brazil","Núcleo de saúde, Universidade Federal de Rondônia, Porto Velho, 78.900-500, Br 364, Km 9.5, Brazil"
"f22036d7-588d-4f7a-9a07-b26a34f0c39f","FUNDACAO OSVALDO CRUZ FIOCRUZ/FARMANGUINHOS","SEM SIGLA","Rio de Janeiro, CEP 21041-250, Rua Sizenando Nabuco, 100, Manguinhos, Brazil","Fundação Osvaldo Cruz (FIOCRUZ/Farmanguinhos), Rio de Janeiro, CEP 21041-250, Rua Sizenando Nabuco, 100, Manguinhos, Brazil"
"78d9f5e5-2e25-4fb7-9b6a-b57c5bea964e","DEPARTMENT OF CHEMISTRY AND MATERIALS SCIENCE","SEM SIGLA","Tokyo Institute of Technology, Meguro-ku, Tokyo 152-8551, Japan","Department of Chemistry and Materials Science, Tokyo Institute of Technology, Meguro-ku, Tokyo 152-8551, Japan"
"3503a5cf-6bcc-4a93-970b-e2a54c67ffb4","CENICAFE","SEM SIGLA","Centro Nacional de Investigaciones del Café, Planalto, Chichiná (Caldas), Colombia","Cenicafé, Centro Nacional de Investigaciones del Café, Planalto, Chichiná (Caldas), Colombia"
"936f0220-c1ff-42f7-905c-6e900d8c748f","UNIVERSIDADE FEDERAL DO CEARA UFC","UFC","Fortaleza, Ceará, Brazil","Universidade Federal Do Ceará (UFC), Fortaleza, Ceará, Brazil"
"90300e7e-af81-429a-8359-62ee86ba7ad9","SECRETARIA DE ESTADO DE MEIO AMBIENTE-SEMA/PA","PA","NAO_INFORMADO","Secretaria de Estado de Meio Ambiente-SEMA/PA"
"a226f12a-90a1-47e8-9e9f-ab164fb82b72","EMPRESA BRASILEIRA DE PESQUISA AGROPECUARIA AMAZONIA ORIENTAL","SEM SIGLA","United States","Empresa Brasileira de Pesquisa Agropecuária Amazônia Oriental, United States"
"de35ebe6-0553-423b-a202-4bb7fc4e6b64","ESCOLA AGROTECNICA FEDERAL DE CASTANHAL-EAFC/PA","PA","NAO_INFORMADO","Escola Agrotécnica Federal de Castanhal-EAFC/PA"
"197f8be7-1390-4abe-bb76-7a07c4982691","INSTITUTO DE FISICA DE SAO CARLOS","SEM SIGLA","Universidade de São Paulo, São Carlos, 13560-970, Av. Trabalhador São-carlense, 400 CP 369, SP, Brazil","Instituto de Física de São Carlos, Universidade de São Paulo, São Carlos, 13560-970, Av. Trabalhador São-carlense, 400 CP 369, SP, Brazil"
"d9f6eadc-4852-45c3-bbd7-2d8b6d20afbc","INSTITUTO DE QUIMICA DE SAO CARLOS","SEM SIGLA","Universidade de São Paulo, São Carlos, 13560-970, Av. Trab. São-carlense, 400 CP 780, SP, Brazil","Instituto de Química de São Carlos, Universidade de São Paulo, São Carlos, 13560-970, Av. Trab. São-carlense, 400 CP 780, SP, Brazil"
"58229007-44f0-434c-9a27-29b0af06283f","LABORATORIO ADOLPHO DUCKE","SEM SIGLA","Museu Emílio Goeldi, Belém, PA, 66040–170, Brazil","Laboratório Adolpho Ducke, Museu Emílio Goeldi, Belém, PA, 66040–170, Brazil"
"4e04904a-8220-408f-8b1b-e84d1b939537","DEPARTAMENTO DE ENGENHARIA QUIMICA E DE ALIMENTOS","SEM SIGLA","Universidade Federal do Pará, Belém, PA, 66075–900, Brazil","Departamento de Engenharia Química e de Alimentos, Universidade Federal do Pará, Belém, PA, 66075–900, Brazil"
"e446fe59-39ba-49f4-9688-ae2ca278ad13","DEPARTAMENTO DE QUIMICA DA UNIVERSIDADE FEDERAL DE RONDONIA","SEM SIGLA","Porto Velho – Rondônia, Av. Pres. Dutra 2965, CEP 78900-500, Brazil","Departamento de Química da Universidade Federal de Rondônia, Porto Velho – Rondônia, Av. Pres. Dutra 2965, CEP 78900-500, Brazil"
"f52d7b56-1a62-4c96-81b1-26c9d21c02a5","DEPTO DE FIS E QUIMICA","SEM SIGLA","Univ. Estadual do Ceará, 60740-000 Fortaleza - CE, Brazil","Depto. de Fis. e Química, Univ. Estadual do Ceará, 60740-000 Fortaleza - CE, Brazil"
"9ab698c1-fa7f-4319-8e2a-411dfd22b411","SETOR DE QUIM DE PRODUTOS NATURAIS","SEM SIGLA","Univ. Estadual do Norte Fluminense, 28013-600 Campos - RJ, Brazil","Setor de Quim. de Produtos Naturais, Univ. Estadual do Norte Fluminense, 28013-600 Campos - RJ, Brazil"
"69e0476f-963f-4d1e-b8ac-8462876d0149","CENTRO DE ENERGIA NUCLEAR NA AGRICULTURA","SEM SIGLA","Universidade de São Paulo, Piracicaba, SP 13416-000, Avenida Centenário, 303, Brazil","Centro de Energia Nuclear Na Agricultura, Universidade de São Paulo, Piracicaba, SP 13416-000, Avenida Centenário, 303, Brazil"
"b7142dcf-3d62-4b73-be81-8eeaab654258","INSTITUTO NACIONAL DE BIODIVERSIDAD","SEM SIGLA","Santo Domingo, Heredia, 22-3100, Costa Rica","Instituto Nacional de Biodiversidad, Santo Domingo, Heredia, 22-3100, Costa Rica"
"e3aea4d1-85fe-4640-b548-3a995a575f99","GEORGETOWN UNIVERSITY","SEM SIGLA","Department of Biology, Reiss Sciences Building 406, Washington, DC 20057-1229, 37th and O Streets NW, United States","Georgetown University, Department of Biology, Reiss Sciences Building 406, Washington, DC 20057-1229, 37th and O Streets NW, United States"
"47e88d5d-6522-461b-85e6-2677706de4e3","BIOL DYNAM FOREST FRAGMENTS PROJ","SEM SIGLA","Natl. Inst. for Res. in the Amazon, Manaus, Brazil","Biol. Dynam. Forest Fragments Proj., Natl. Inst. for Res. in the Amazon, Manaus, Brazil"
"5116dab5-ea81-4d1b-ba4f-3b240149a996","LAB DE PRINCIPOS ATIVOS DA AMAZONIA","SEM SIGLA","Coordenacao Pesq. Produtos Naturais, Inst. Nac. Pesq. Amazonia (INPA), Petropolis, Manaus, Amazonas, Brazil","Lab. de Principos Ativos da Amazonia, Coordenacao Pesq. Produtos Naturais, Inst. Nac. Pesq. Amazonia (INPA), Petropolis, Manaus, Amazonas, Brazil"
"a5b34abc-574b-4b29-aed9-369dc582af89","COORDENACAO DE BOTANICA DO MUSEU PARAENSE EMILIO GOELDI","SEM SIGLA","Belem, PA - 66040-170, Caixa Postal 399, United States","Coordenação de Botânica do Museu Paraense Emilio Goeldi, Belem, PA - 66040-170, Caixa Postal 399, United States"
"911eb717-dcfa-4821-b3c8-7ad19cd0db3c","BOTANICA TROPICAL - BOLSISTA DO MCT/CNPQ","MCT","Coordenação de Botanica do Museu Paraense Emilio Goeldi, Belém, PA - 66040-170, Caixa Postal 399, United States","Botânica Tropical - Bolsista do MCT/CNPq, Coordenação de Botanica do Museu Paraense Emilio Goeldi, Belém, PA - 66040-170, Caixa Postal 399, United States"
"4104779b-d216-4eb7-b28c-d68f621dd0c9","EMBRAPA AMAZONIA OCIDENTAL- AM 010","AM","CEP 69048-660, Manaus-Amazonas, km 29, Brazil","Embrapa Amazônia Ocidental- AM 010, CEP 69048-660, Manaus-Amazonas, km 29, Brazil"
"7193ae4a-c47e-4320-bfa6-30ce741ef03a","INSTITUTO NACIONAL DE PESQUISAS DA AMAZONIA- MANAUS-AM- INPA","INPA","CPBO, CEP 69011-970. Manaus, Amazonas, Alameda Cosme Ferreira, 1756, Cx. Postal 478, Brazil","Instituto Nacional de Pesquisas da Amazônia- Manaus-AM- INPA, CPBO, CEP 69011-970. Manaus, Amazonas, Alameda Cosme Ferreira, 1756, Cx. Postal 478, Brazil"
"da34f47c-49c5-491f-a8a1-41b6687346c3","ESCOLA SUPERIOR DE TECNOLOGIA-EST","EST","Parque 10, CEP: 69065-020, Manaus-AM, Av. Darcy Vargas, 1200, Brazil","Escola Superior de Tecnologia-EST, Parque 10, CEP: 69065-020, Manaus-AM, Av. Darcy Vargas, 1200, Brazil"
"69958b17-4eaf-4104-adb9-026b247a9856","INTEGRATIVE ECOLOGY GROUP","SEM SIGLA","Estación Biológica de Doñana, CSIC, E-41080 Sevilla, Apdo. 1056, Spain","Integrative Ecology Group, Estación Biológica de Doñana, CSIC, E-41080 Sevilla, Apdo. 1056, Spain"
"277b3d86-a44a-4792-97d0-e1ed246fbb63","DEPTO DE BIOLOGIA VEGETAL Y ECOLOGIA","SEM SIGLA","Universidad de Sevilla, E-41080 Sevilla, Apdo. 1095, Spain","Depto. de Biología Vegetal Y Ecología, Universidad de Sevilla, E-41080 Sevilla, Apdo. 1095, Spain"
"f51e3095-d5d2-4d93-9d6a-2dc6f539aff6","DEPARTMENT OF WILDLAND RESOURCES","SEM SIGLA","Ecology Center, Utah State University, Logan, UT 84322-5230, United States","Department of Wildland Resources, Ecology Center, Utah State University, Logan, UT 84322-5230, United States"
"7877b700-2692-4f59-ba93-813796c512e1","INSTITUT NATIONAL DE LA RECHERCHE AGRONOMIQUE INRA","INRA","UMR Biodiversité, Gènes and Communautés, F-33612 Cestas Cedex, 69 Route d'Arcachon, France","Institut National de la Recherche Agronomique (INRA), UMR Biodiversité, Gènes and Communautés, F-33612 Cestas Cedex, 69 Route d'Arcachon, France"
"5df9b7e7-6c01-4b62-9941-a6c6e48295c6","DEPARTMENT OF NATURAL RESOURCES","SEM SIGLA","Cornell University, Ithaca, NY 14853-3001, United States","Department of Natural Resources, Cornell University, Ithaca, NY 14853-3001, United States"
"fe0480af-bc58-42bc-8c94-17edb967ec94","FACULDADE DE CIENCIAS FARMACEUTICAS DE RIBEIRAO PRETO-USP","USP","14040-903 Ribeirão Preto-SP, Brazil","Faculdade de Ciências Farmacêuticas de Ribeirão Preto-USP, 14040-903 Ribeirão Preto-SP, Brazil"
"04f8e41a-53c6-4bf5-94a5-f659e1fbc8fa","CENTRO NORDESTINO DE APLICACAO E USO DA RESSONANCIA","SEM SIGLA","Magnética Nuclear, Dept. de Química Orgânica e Inorgânica, Universidade Federal do Ceará, 60021-97 Fortaleza-CE, Brazil","Centro Nordestino de Aplicação e Uso da Ressonância, Magnética Nuclear, Dept. de Química Orgânica e Inorgânica, Universidade Federal do Ceará, 60021-97 Fortaleza-CE, Brazil"
"7f5147e6-5910-4467-999d-5bd14c9ee935","CENTRE D'ECOLOGIE FONCTIONNELLE ET EVOLUTIVE","SEM SIGLA","CNRS - UMR 5175, 34293 Montpellier Cedex 5, 1919, route de Mende, France","Centre d'Écologie Fonctionnelle et Évolutive, CNRS - UMR 5175, 34293 Montpellier Cedex 5, 1919, route de Mende, France"
"a0d5216f-87e3-4eae-8018-6ad0a6976b92","CIRAD - UPR GENETIQUE FORESTIERE","UPR","34398 Montpellier Cedex 5, TA 10/C, Campus international Baillarguet, France","CIRAD - UPR Génétique forestière, 34398 Montpellier Cedex 5, TA 10/C, Campus international Baillarguet, France"
"9ce1c161-4128-452d-a3ef-33c1f5530757","CIRAD - UPR DYNAMIQUE DES FORETS NATURELLES","UPR","34398 Montpellier Cedex 5, TA 10/D, Campus international Baillarguet, France","CIRAD - UPR Dynamique des forêts naturelles, 34398 Montpellier Cedex 5, TA 10/D, Campus international Baillarguet, France"
"ba183d6b-b6f5-4a03-b502-ec8ac84962c1","EMBRAPA GENETIC RESOURCES AND BIOTECHNOLOGY","SEM SIGLA","Embrapa/Cenargen, Parque Estação Ecológica, CEP 70.770-900, Brasília, D.F., Final W5 Norte, CP 02372, Brazil","Embrapa Genetic Resources and Biotechnology, Embrapa/Cenargen, Parque Estação Ecológica, CEP 70.770-900, Brasília, D.F., Final W5 Norte, CP 02372, Brazil"
"b2786359-5744-49b1-9a95-83bca4dd717a","LABORATORIO DE BOTANICA","SEM SIGLA","Embrapa Amazônia Oriental, Belém, 66095-100, CP 48, CEP,PA, Brazil","Laboratório de Botânica, Embrapa Amazônia Oriental, Belém, 66095-100, CP 48, CEP,PA, Brazil"
"db58e2a9-b161-4566-8660-7a0c7e41bbdc","DEPARTAMENTO DE MICROBIOLOGIA E IMUNOLOGIA VETERINARIA","SEM SIGLA","Universidade Federal Rural do Rio de Janeiro, RJ 23890-000, Brazil","Departamento de Microbiologia e Imunologia Veterinária, Universidade Federal Rural do Rio de Janeiro, RJ 23890-000, Brazil"
"b872257f-1b8f-480c-932b-a0688f8b81ec","DEPARTMENT OF ENTOMOLOGY","SEM SIGLA","Oregon State University, Corvallis, OR 97331, United States","Department of Entomology, Oregon State University, Corvallis, OR 97331, United States"
"07959aec-05ef-4204-b7b5-4c6789ae8064","DEPARTMENT OF PLANT SCIENCES","SEM SIGLA","University of California, Davis, CA 95616, United States","Department of Plant Sciences, University of California, Davis, CA 95616, United States"
"9a8cac40-338d-43ed-8a62-480e5977d3fa","DEPARTMENT OF GEOGRAPHY","SEM SIGLA","EH3611, University of California, Santa Barbara, CA 93106, United States","Department of Geography, EH3611, University of California, Santa Barbara, CA 93106, United States"
"0c3eff23-bde2-43ac-85a2-f0fa1daa9762","DEPARTMENT OF GEOLOGICAL SCIENCES","SEM SIGLA","University of Washington, Seattle, WA, United States","Department of Geological Sciences, University of Washington, Seattle, WA, United States"
"2ea8a227-4d2c-48ef-ae61-fc008b58cf4f","BOTANIK/PALAOBOTANIK","SEM SIGLA","Forschungsinstitut Senckenberg, Johann Wolfgang Goethe-Universitat, D-60325 Frankfurt am Main, Senckenberganlage 25, Germany","Botanik/Paläobotanik, Forschungsinstitut Senckenberg, Johann Wolfgang Goethe-Universitat, D-60325 Frankfurt am Main, Senckenberganlage 25, Germany"
"c0da74e4-bde1-41ce-9dd6-0e02242ac949","DEPT OF BIOL AND MOLEC SCIENCES","SEM SIGLA","University of Stirling, Stirling, FK9 4LA, United Kingdom","Dept. of Biol. and Molec. Sciences, University of Stirling, Stirling, FK9 4LA, United Kingdom"
"51983bc8-817d-450c-aa2e-15e768406421","LAB DE CIENCIAS AMBIENTAIS","SEM SIGLA","Setor de Ecologia Aplicada, Univ. Estadual do Norte Fluminense, Campos dos Goytacazes-RJ, 28015-620, Av. Alberto Lamego 2000, Brazil","Lab. de Ciências Ambientais, Setor de Ecologia Aplicada, Univ. Estadual do Norte Fluminense, Campos dos Goytacazes-RJ, 28015-620, Av. Alberto Lamego 2000, Brazil"
"6662dcb8-64a0-44c8-b7c7-5a7bf3cbad02","SCH OF FOREST RSRC AND CONSRV","SEM SIGLA","University of Florida, Gainesville, FL 32611, United States","Sch. of Forest Rsrc. and Consrv., University of Florida, Gainesville, FL 32611, United States"
"37be45c9-9bb7-45d8-b09a-f84822b2c5c1","UNIVERSITY OF AGRARIAN SCIENCES","SEM SIGLA","Belem, Pará, 66077-530, Brazil","University of Agrarian Sciences, Belem, Pará, 66077-530, Brazil"
"16d566c0-acf9-4f09-9b3e-7e9f8ebc1952","FORESTRY AND GEOLOGY DEPARTMENT","SEM SIGLA","University of the South, Sewanee, TN 37383, 735 University Avenue, United States","Forestry and Geology Department, University of the South, Sewanee, TN 37383, 735 University Avenue, United States"
"4c1ce860-c449-4968-9457-175288c1f01a","DEPARTMENT OF SOIL SCIENCE","SEM SIGLA","University of Agrarian Sciences (FCAP), Belém 66077-530, P.O. Box 917, Brazil","Department of Soil Science, University of Agrarian Sciences (FCAP), Belém 66077-530, P.O. Box 917, Brazil"
"e056a846-4d49-42c2-be57-310d8163a166","DEPARTMENT OF FORESTRY","SEM SIGLA","University of Agrarian Sciences (FCAP), Belém 66077-530, P.O. Box 917, Brazil","Department of Forestry, University of Agrarian Sciences (FCAP), Belém 66077-530, P.O. Box 917, Brazil"
"f6a49aa6-fc34-4e33-b0e1-dc95cd3c4e1b","INSTITUTO DE FISICA","SEM SIGLA","Univ. S. Paulo, C.P. 66318, C., São Paulo - SP, Brazil","Instituto de Física, Univ. S. Paulo, C.P. 66318, C., São Paulo - SP, Brazil"
"1f964453-6446-4430-bcee-bdbedcf8d72e","CTRO DE ENER NUCL NA AGRICULTURA","SEM SIGLA","Universidade de São Paulo, Piracicaba - SP, Brazil","Ctro. de Ener. Nucl. na Agricultura, Universidade de São Paulo, Piracicaba - SP, Brazil"
"d58e25a9-c432-4355-8f56-6a365ea93e1f","DEPTO DE CIE BIOLOGICAS","SEM SIGLA","UNEMAT, Nova Xavantina MT, Brazil","Depto. de Cie. Biológicas, UNEMAT, Nova Xavantina MT, Brazil"
"3a77cee6-853e-45e4-8868-41d3a0511620","DEPARTAMENTO DE ECOLOGIA","SEM SIGLA","Universidade de Brasília, 70919-970 Brasília DF, Brazil","Departamento de Ecologia, Universidade de Brasília, 70919-970 Brasília DF, Brazil"
"4718a98b-d246-4226-9e5c-2db8c6fe207c","VENEZUELA","SEM SIGLA","NAO_INFORMADO","Venezuela"
"d239af17-e111-442c-8333-68ed3055c319","ECOLOGY PROGRAM","SEM SIGLA","Department of Biological Sciences, Texas Tech. University, Lubbock, TX 79409-3131, United States","Ecology Program, Department of Biological Sciences, Texas Tech. University, Lubbock, TX 79409-3131, United States"
"533bc5a6-29bb-44c5-a774-1b54210dac4a","DEPT OF ECOL AND EVOL BIOLOGY","SEM SIGLA","University of Arizona, Tucson, AZ 85721, United States","Dept. of Ecol. and Evol. Biology, University of Arizona, Tucson, AZ 85721, United States"
"61008f29-63f4-44d7-92af-ec04170a5b47","SILVOLAB GUYANE","SEM SIGLA","Stn. de Rech. Forestières, INRA, 97387 Kourou Cédex, BP 709, France","SILVOLAB Guyane, Stn. de Rech. Forestières, INRA, 97387 Kourou Cédex, BP 709, France"
"773fc59b-f568-436a-ae1b-ca08c6555fd2","BOT RESEARCH INSTITUTE OF TEXAS","SEM SIGLA","Fort Worth, TX 76102-4060, 509 Pecan Street, United States","Bot. Research Institute of Texas, Fort Worth, TX 76102-4060, 509 Pecan Street, United States"
"bd00f6a6-3465-40c2-b271-21b8d6b0a06c","CPAQ-INPA","INPA","Manaus-AM, CP 478, Brazil","CPAQ-INPA, Manaus-AM, CP 478, Brazil"
"b177a91b-0744-4015-9936-98edcbdec638","INST NACIONAL BIODIVERSIDAD INBIO","SEM SIGLA","Santo Domingo de Heredia, Apto. 22-3100, Costa Rica","Inst. Nacional Biodiversidad (INBio), Santo Domingo de Heredia, Apto. 22-3100, Costa Rica"
"84e60af0-3759-472a-8369-18c3e4b294fd","UNITED STATES","SEM SIGLA","NAO_INFORMADO","United States"
"1a705787-8d27-4dba-94fa-4870706fb807","PHARMACOGNOSY RESEARCH LABORATORIES","SEM SIGLA","Chelsea Department of Pharmacy, King's College London, London, SW3 6LX, Manresa Road, United Kingdom","Pharmacognosy Research Laboratories, Chelsea Department of Pharmacy, King's College London, London, SW3 6LX, Manresa Road, United Kingdom"
"0c4756f7-8491-4ff7-a8e2-c4eb748bd766","ROYAL DRUG RESEARCH LABORATORY","SEM SIGLA","Department of Forestry and Plant Research, Kathmandu, Thapathali, Nepal","Royal Drug Research Laboratory, Department of Forestry and Plant Research, Kathmandu, Thapathali, Nepal"
"24854daf-b0f9-4a97-8b15-d717ce22fd82","CONSELHO NACIONAL DE DESENVOLVIMENTO CIENTIFICO E TECNOLOGICO CNPQ","SEM SIGLA","France","Conselho Nacional de Desenvolvimento Científico e Tecnológico (CNPq), France"
"05aa3378-73e3-40a2-9e04-f2d6e089b913","CENTRA NACIONAL DE PESQUISA DE RECURSOS GENETICOS E BIOTECNOLOGIA","SEM SIGLA","Embrapa/Cenargen, CEP 70.849-970, Brasflia, D.F, CP 02372, Brazil","Centra Nacional de Pesquisa de Recursos Genéticos E Biotecnologia, Embrapa/Cenargen, CEP 70.849-970, Brasflia, D.F, CP 02372, Brazil"
"f59096fb-cdb3-46b1-9c6f-da5fbe11f83b","SMITHSONIAN INSTITUTION","SEM SIGLA","National Zoological Park, Molecular Genetics Laboratory, NW Washington, DC 20008, 3001 Connecticut Avenue, United States","Smithsonian Institution, National Zoological Park, Molecular Genetics Laboratory, NW Washington, DC 20008, 3001 Connecticut Avenue, United States"
"424da025-6334-4a74-b8de-4aebef4cc1ed","HERBARIUM VDB","VDB","Vanderbilt University, Box 1705, Nashville, TN 37235, Sta. B, United States","Herbarium (VDB), Vanderbilt University, Box 1705, Nashville, TN 37235, Sta. B, United States"
"7d8c6061-b902-4d32-aa07-8cd670574b61","LEHRSTUHL FUR LEBENSMITTELWISSENSCHAFT UND LEBENSMITTELCHEMIE","SEM SIGLA","Rheinische Friedrich-Wilhelms-Universität, Bonn 1, D-5300, Endenicher Allee 11-13, Germany","Lehrstuhl für Lebensmittelwissenschaft und Lebensmittelchemie, Rheinische Friedrich-Wilhelms-Universität, Bonn 1, D-5300, Endenicher Allee 11-13, Germany"
"dc659efb-e562-4318-8777-30f6915cdb77","MUSEU PARENSE EMILIO GOELDI","SEM SIGLA","Belém, Brazil","Museu Parense Emilio Goeldi, Belém, Brazil"
"9ad52b59-f2df-47af-8cbe-c2f2d52ae884","EMHRAPA AMAZONIA OCIDENTAL","SEM SIGLA","Manaus, AM, 69048-660, Am 010 km 29, Brazil","Emhrapa Amazônia Ocidental, Manaus, AM, 69048-660, Am 010 km 29, Brazil"
"a4f908e5-fef0-41c6-bfa6-5117228fdc34","INSTITUTE DE QUIMICA","SEM SIGLA","Universidade Federal do Rio de Janeiro, Rio de Janeiro, RJ, 21945-900, CT bloco A, Cidade Universitária, Brazil","Institute de Química, Universidade Federal do Rio de Janeiro, Rio de Janeiro, RJ, 21945-900, CT bloco A, Cidade Universitária, Brazil"
"647871f1-da2b-4880-afec-83967ccc99cc","UNIVERSIDADE DO AMAZONAS","SEM SIGLA","69000 Manaus, AM, Brazil","Universidade do Amazonas, 69000 Manaus, AM, Brazil"
"01b2d890-741f-41d9-b780-9af1a77f5c9e","INSTITUT DE RECHERCHE EN BIOLOGIE VEGETALE","SEM SIGLA","Jardin Botanique de Montréal, Montréal, Que. H1X 2B2, 4101 Sherbrooke Est, Canada","Institut de Recherche en Biologie Végétale, Jardin Botanique de Montréal, Montréal, Que. H1X 2B2, 4101 Sherbrooke Est, Canada"
"309382ac-ff2a-4ab7-ad00-a7a9a9ad5270","LABORATOIRE DE CYTOLOGIE EXPERIMENTALE ET MORPHOGENESE VEGETALE","SEM SIGLA","Université Pierre et Marie Curie, Bât. N2, 75 252 Paris Cedex 05, 4 place Jussieu, France","Laboratoire de Cytologie Expérimentale et Morphogenèse Végétale, Université Pierre et Marie Curie, Bât. N2, 75 252 Paris Cedex 05, 4 place Jussieu, France"
"d0545b68-0d29-47e7-91f5-43f2bf2bd891","LAB DE CINCIAS AMBIENTAIS","SEM SIGLA","CBB, Univ. Estadual do Notte Fluminense, RJ, 28.015.620, Brazil","Lab. de Cincias Ambientais, CBB, Univ. Estadual do Notte Fluminense, RJ, 28.015.620, Brazil"
"37143456-29d2-4801-86ca-e3b303715ac1","COORDENADORIA DE PESQ EM ECOLOGIA","SEM SIGLA","Inst. Nac. de Pesquisas da Amazonia, 69011-970 Manaus, AM, Cx. Postal 478, Brazil","Coordenadoria de Pesq. em Ecologia, Inst. Nac. de Pesquisas da Amazonia, 69011-970 Manaus, AM, Cx. Postal 478, Brazil"
"a305a188-e8b0-46d2-982b-3c4292e04d01","INSTITUTE OF PHARMACOGNOSY","SEM SIGLA","University of Vienna, A-1090 Vienna, Währingerstraße 25, Austria","Institute of Pharmacognosy, University of Vienna, A-1090 Vienna, Währingerstraße 25, Austria"
"5690a5a9-5b5a-4093-85e4-693d5766686d","GREENPHARMA SA","SEM SIGLA","45100 Orleans, 3 allée du Titane, France","GREENPHARMA S.A., 45100 Orleans, 3 allée du Titane, France"
"af620895-92d4-4a91-bae9-a18f6a690c30","DEPT OF BIOL/MOLECULAR SCIENCES","SEM SIGLA","University of Stirling, FK9 4LA, Stirling, United Kingdom","Dept. of Biol./Molecular Sciences, University of Stirling, FK9 4LA, Stirling, United Kingdom"
"01fa0410-6b8e-401b-9dfd-d6cab58fd519","DEPT OF ECOL","SEM SIGLA","Evol. and Mar. Bio., University of California, Santa Barbara, CA 93106, United States","Dept. of Ecol., Evol. and Mar. Bio., University of California, Santa Barbara, CA 93106, United States"
"4cf26ac3-9724-4c3c-8c0e-297b4e4ba86e","SMITHSONIAN TROP RESEARCH INSTITUTE","SEM SIGLA","Balboa, P.O. Box 2072, Panama","Smithsonian Trop. Research Institute, Balboa, P.O. Box 2072, Panama"
"b62fadb8-c5e4-48b1-80e4-e7449d0bea1f","DEPT ENVIRON SCI","SEM SIGLA","Plcy. and Mgmt., 151 Hilgard Hall #3110, University of California, Berkeley, CA 94720, United States","Dept. Environ. Sci., Plcy. and Mgmt., 151 Hilgard Hall #3110, University of California, Berkeley, CA 94720, United States"
"fc707a6b-aab9-4052-ae96-a50b57ff72e5","DEPT OF ECOLOGY AND SYSTEMATICS","SEM SIGLA","Corson Hall, Cornell University, Ithaca, NY 14853, United States","Dept. of Ecology and Systematics, Corson Hall, Cornell University, Ithaca, NY 14853, United States"
"ee67eb36-232a-4f79-8ed3-9bab0e95f854","DEPARTMENT OF BIOLOGICAL AND MOLECULAR SCIENCES","SEM SIGLA","University of Stirling, Stirling FK9 4LA, United Kingdom","Department of Biological and Molecular Sciences, University of Stirling, Stirling FK9 4LA, United Kingdom"
"ff40ea40-2562-4a88-848a-5b78d6aecf5e","BOTANICAL MUSEUM","SEM SIGLA","University of Copenhagen, DK-1123 Copenhagen K, 130 Gothersgade, Denmark","Botanical Museum, University of Copenhagen, DK-1123 Copenhagen K, 130 Gothersgade, Denmark"
"43c8fa55-5e8b-4bce-a30c-05de7ce65650","DEPT OF PHARMACOL AND PATHOBIOLOGY","SEM SIGLA","Sect. of Pharmacology and Toxicology, Roy. Vet. and Agric. University, DK-1870 Frederiksberg C. Copenhagen, 13 Bülowsvej, Denmark","Dept. of Pharmacol. and Pathobiology, Sect. of Pharmacology and Toxicology, Roy. Vet. and Agric. University, DK-1870 Frederiksberg C. Copenhagen, 13 Bülowsvej, Denmark"
"79523940-68ca-4cc0-9527-85f1e3dab046","CIIDIR Y COFAA-IPN","SEM SIGLA","Durango, Dgo., 34000, Apdo. 738, Mexico","Ciidir Y Cofaa-Ipn, Durango, Dgo., 34000, Apdo. 738, Mexico"
"99628c71-b75b-4680-a1e3-2eb42bb44455","THE HERBARIUM","SEM SIGLA","Royal Botanic Cardens, Richmond, Surrey, TW9 3AE, United Kingdom","The Herbarium, Royal Botanic Cardens, Richmond, Surrey, TW9 3AE, United Kingdom"
"a836dd0b-f97e-4e4d-9c42-c52e7ed60c4c","INST NAC DE PESQUISA DA AMAZONIA","SEM SIGLA","CEP 6901I-970, Manaus, AM, C.P. 478, Brazil","Inst. Nac. de Pesquisa da Amazonia, CEP 6901I-970, Manaus, AM, C.P. 478, Brazil"
"4dc7775c-6345-44a0-b6d9-922405b59155","MUSEU BIOL PROF MELLO LEITAO","SEM SIGLA","29650-000 Santa Teresa, Av. José Ruschi 04, Brazil","Museu Biol. Prof. Mello Leitão, 29650-000 Santa Teresa, Av. José Ruschi 04, Brazil"
"83381717-3c5f-4e2a-bea1-6240b1e2a9eb","CONSERVATION INTERNATIONAL DO BRASIL","SEM SIGLA","31275-000 Belo Horizonte, Av. Antonio Abrahao Caram 820/302, Brazil","Conservation International do Brasil, 31275-000 Belo Horizonte, Av. Antonio Abrahao Caram 820/302, Brazil"
"e25291f9-1697-4d86-9cb2-76eb44f47a38","CENTRE FOR NATURAL PRODUCTS CHEMISTRY","SEM SIGLA","University of Guyana, Georgetown, Guyana","Centre for Natural Products Chemistry, University of Guyana, Georgetown, Guyana"
"65194d1a-4824-40b5-b628-db2ecdb9a32a","DEPARTAMENTO DE MORFOLOGIA E SISTEMDTICA VEGETAIS","SEM SIGLA","Universidade Estadual de Campinas, Campinas, SP, Brazil","Departamento de Morfologia E Sistemdtica Végétais, Universidade Estadual de Campinas, Campinas, SP, Brazil"
"f78a7eec-79fe-49dd-81d2-cb576761ff30","DEPARTMENT OF MATHEMATICS","SEM SIGLA","Georgetown University, Washington, DC 20057, United States","Department of Mathematics, Georgetown University, Washington, DC 20057, United States"
"0e649568-c441-4c5c-8107-a22b62ae5db1","PDBFF","PDBFF","Inst. Nac. de Pesq. da Amazonia, Manaus, Amazonas, C.P. 478, Brazil","PDBFF, Inst. Nac. de Pesq. da Amazonia, Manaus, Amazonas, C.P. 478, Brazil"
"5596f663-cd83-4f0f-b47c-3b4041c12347","ROYAL BOTANIC GARDENS KEW","SEM SIGLA","Richmond, Surrey TW9 3AB, United Kingdom","Royal Botanic Gardens Kew, Richmond, Surrey TW9 3AB, United Kingdom"
"5fe614a1-4b4b-423d-b47f-959cdeaab13d","UNFLLEZ-GUANARE","SEM SIGLA","Programa de R. N. R., Herbario Universitario (PORT), Edo. Portuguesa 2333, Venezuela","UNFLLEZ-Guanare, Programa de R. N. R., Herbario Universitario (PORT), Edo. Portuguesa 2333, Venezuela"
"3cd960ea-2ad1-41b6-a47f-6575c0c779dc","SCH OF FOREST RSRC AND CONSERV","SEM SIGLA","University of Florida","Sch. of Forest Rsrc. and Conserv., University of Florida"
"1346a855-02f8-4a26-a37e-d453cb655421","UNIV OF AGRARIAN SCIENCES OF PARA","SEM SIGLA","Brazil","Univ. of Agrarian Sciences of Para, Brazil"
"9faa52da-b660-4082-aa07-40fd7764ca3f","CTR DE RECH EN BIOL FORESTIERE","SEM SIGLA","Université Laval, Sainte-Foy, Que. GIK 7P4, Canada","Ctr. de Rech. en Biol. Forestiere, Université Laval, Sainte-Foy, Que. GIK 7P4, Canada"
"5df0571f-c728-49de-a684-4463d2167dbc","I VALLECAUCANO INVEST CIE-INCIVA","INCIVA","Cali, Apartado Aéeo 5660, Colombia","I. Vallecaucano Invest. Cie.-INCIVA, Cali, Apartado Aéeo 5660, Colombia"
"89279e15-a607-4961-b947-4afc0ae1afb6","INST OF TROPICAL ECOSYSTEM STUDIES","SEM SIGLA","University of Puerto Rico, San Juan, PR 00936, P.O. Box 363682, Puerto Rico","Inst. of Tropical Ecosystem Studies, University of Puerto Rico, San Juan, PR 00936, P.O. Box 363682, Puerto Rico"
"9d4b36a9-e32d-457b-a7a2-192f8994adac","FORSCHUNGSINSTITUT SENCKENBERG","SEM SIGLA","D-60325 Frankfurt/M., Senckenberganlage 25, Germany","Forschungsinstitut Senckenberg, D-60325 Frankfurt/M., Senckenberganlage 25, Germany"
"66696905-287a-4d22-bc55-c3f4c9581933","CPPF/INPA","INPA","Manaus, AM - 69011-970, Caixa Postal 478, Brazil","CPPF/INPA, Manaus, AM - 69011-970, Caixa Postal 478, Brazil"
"b8cece41-68fc-4131-acb3-e9e610391792","ILLINOIS NATURAL HISTORY SURVEY","SEM SIGLA","Champaign, 61820, IL, 607 E. Peabody Drive, United States","Illinois Natural History Survey, Champaign, 61820, IL, 607 E. Peabody Drive, United States"
"01c8e4c8-0391-4f96-af54-9acde1bf654b","BROOKLYN BOTANIC GARDEN","SEM SIGLA","Brooklyn, 11225, NY, 1000 Washington Avenue, United States","Brooklyn Botanic Garden, Brooklyn, 11225, NY, 1000 Washington Avenue, United States"
"91301be0-db5f-494a-92c7-bbf92a8cc99e","CEH OXFORD","CEH","Oxford, United Kingdom","CEH Oxford, Oxford, United Kingdom"
"d3c2b4ba-6df3-4087-8a4c-b6ad93d28100","FORESTRY DEPARTMENT","SEM SIGLA","Univ. Agrarian Sci. Para (FCAP), B., Pará, C.P. 66077-530, Brazil","Forestry Department, Univ. Agrarian Sci. Para (FCAP), B., Pará, C.P. 66077-530, Brazil"
"0c2da931-c6da-4bcd-ae7d-948f5a1ffe57","CAMBRIDGE","SEM SIGLA","Massachusetts, 02138, 22 Divinity Ave., United States","Cambridge, Massachusetts, 02138, 22 Divinity Ave., United States"
"3d45526e-1d60-4d01-8dca-ecca7b6f4392","BRUNEI DARUSSALAM","SEM SIGLA","NAO_INFORMADO","Brunei Darussalam"
"4f57fb6c-ac77-4597-bc18-5785699f3429","LAB D'ECOLOGIE TERRESTRE UMR5552","SEM SIGLA","Université Paul Sabatier, 31062 Toulouse Cedex 4, 118 Route de Narbonne, France","Lab. d'Ecologie Terrestre (UMR5552), Université Paul Sabatier, 31062 Toulouse Cedex 4, 118 Route de Narbonne, France"
"f58ba879-cd0d-453a-80e0-f85b3b45a09e","DEPTO DE PRODUTOS FLORESTAIS","SEM SIGLA","Instituto de Florestas, Univ. Fed. Rural do Rio de Janeiro, Brazil","Depto. de Produtos Florestais, Instituto de Florestas, Univ. Fed. Rural do Rio de Janeiro, Brazil"
"586df2c3-9bc9-4d3f-8090-a54a3216a74f","INST NAC DE PESQUISAS DA AMAZONIA","SEM SIGLA","CPBO, Manaus, AM CEP 69011-970, Caixa Postal 478, Brazil","Inst. Nac. de Pesquisas da Amazonia, CPBO, Manaus, AM CEP 69011-970, Caixa Postal 478, Brazil"
"d9e796be-6aee-4dfb-9cf8-8277c0a7293a","LAB DE ENTOMOLOGIA MEDICA","SEM SIGLA","Inst. Nac. Pesq. da Amazônia, 69083-000 Manaus, AM, Caixa Postal 478, Brazil","Lab. de Entomologia Medica, Inst. Nac. Pesq. da Amazônia, 69083-000 Manaus, AM, Caixa Postal 478, Brazil"
"66f9f902-4482-4866-a7b3-2f5ac948b4f8","DEPARTMENT DE CHIMIE ORGANIQUE","SEM SIGLA","Faculté des Sciences B.P. 812, Yaoundé, Cameroon","Department de Chimie Organique, Faculté des Sciences B.P. 812, Yaoundé, Cameroon"
"2e989ae7-54e1-44c2-9ffc-71aec34d57b8","DEPARTEMENT DE PHARMACOGNOSIE","SEM SIGLA","l'Université René Descartes, UA au CNRS No. 484, Faculté des Sciences, Pharmaceutiques et Biologiques, F-75006 Paris, 4 Avenue de l'Observatoire, France","Departement de Pharmacognosie, l'Université René Descartes, UA au CNRS No. 484, Faculté des Sciences, Pharmaceutiques et Biologiques, F-75006 Paris, 4 Avenue de l'Observatoire, France"
"6c44be99-c276-4d08-a959-8ecafcc01720","WARMINSTER","SEM SIGLA","BA12 0AY, 17 Elm Hill, United Kingdom","Warminster, BA12 0AY, 17 Elm Hill, United Kingdom"
"3308d40b-4045-4ea8-a6ac-71bb461de25d","SCHOOL OF PLANT SCIENCE","SEM SIGLA","University of Reading, Whiteknights, RG6 6AS, United Kingdom","School of Plant Science, University of Reading, Whiteknights, RG6 6AS, United Kingdom"
"cb5fc1e1-6941-4a59-b7d2-8326bbe82c54","LABORATOIRE DE PHANEROGAMIE","SEM SIGLA","Museum National d'Histoire Naturelle, 75005 Paris, 16 rue Buffon, France","Laboratoire de Phanérogamie, Museum National d'Histoire Naturelle, 75005 Paris, 16 rue Buffon, France"
"544f3f69-1357-4922-b6c9-d3f85a1f310e","CRYSTALLOGRAPHY LABORATORY","SEM SIGLA","Oxford University, Oxford, OX1 3QY, 9, Parks Road, United Kingdom","Crystallography Laboratory, Oxford University, Oxford, OX1 3QY, 9, Parks Road, United Kingdom"
"afc2313b-b481-4ec9-9787-29ae5a5b635e","DEPARTMENT OF BIOCHEMISTRY AND BIOLOGICAL SCIENCES","SEM SIGLA","University of London, Wye College, Ashford, Kent TN25 5AH, United Kingdom","Department of Biochemistry and Biological Sciences, University of London, Wye College, Ashford, Kent TN25 5AH, United Kingdom"
"94af1b45-bf86-4e3b-8fad-afd864a83035","INSTITUT FUR LEBENSMITTELWISSENSCHAFT UND LEBENSMITTELCHEMIE","SEM SIGLA","Rheinischen Friedrich-Wilhelms-Universität Bonn, 53115 Bonn, Endenicher Allee 11-13, Germany","Institut für Lebensmittelwissenschaft und Lebensmittelchemie, Rheinischen Friedrich-Wilhelms-Universität Bonn, 53115 Bonn, Endenicher Allee 11-13, Germany"
"a7afa06e-96aa-4eae-9208-3bcfe7840501","DEPT OF BOTANY","SEM SIGLA","Univ. of Washington, Seattle, WA 98195, United States","Dept of Botany, Univ. of Washington, Seattle, WA 98195, United States"
"6e262e4f-240d-4c88-b36c-e5e8a39a6ac9","GIVAUDAN DUBENDORF AG","AG","Riechstoff-Forschung, Überlandstrasse 138, CH-8600 Dübendorf, Switzerland","Givaudan Dübendorf AG, Riechstoff-Forschung, Überlandstrasse 138, CH-8600 Dübendorf, Switzerland"
"267ce0b1-3214-45ee-9413-58c73b9e7333","DEPARTAMENT OF CHEMISTRY","SEM SIGLA","Bar-Illan University, Ramat-Gan, 52100, Israel","Departament of Chemistry, Bar-Illan University, Ramat-Gan, 52100, Israel"
"c76aea9c-1bad-4bb9-aa25-c4274c6055ce","NMR APPLICATIONS LABORATORY VARIAN ASSOCIATES","NMR","Palo Alto, CA 94303, P.O. Box 10800, United States","NMR Applications Laboratory Varian Associates, Palo Alto, CA 94303, P.O. Box 10800, United States"
"7f4fc28c-b133-46e7-913f-4eacbb61abf0","DEPARTAMENTO DE PSICOBIOLOGIA","SEM SIGLA","Escola Paulista de Medicina, 04023 São Paulo SPBrasil, Rua Botucatu, 862, -10 andar, Brazil","Departamento de Psicobiologia, Escola Paulista de Medicina, 04023 São Paulo SPBrasil, Rua Botucatu, 862, -10 andar, Brazil"
"a35dc9f3-30cf-49eb-8a65-ea284a3e82e9","INSTITUTO DE CIENCIAS EXATAS","SEM SIGLA","Universidade Federal de Minas Gerais, 30000 Belo Horizonte, MG, Brazil","Instituto de Ciências Exatas, Universidade Federal de Minas Gerais, 30000 Belo Horizonte, MG, Brazil"
"22731fc4-e479-476c-9e9b-b23d0da1b045","LABORATORIO DE PRODUTOS NATURAIS DA FUNDACAO DE AMPARO A PESQUISA DO ESTADO DE SAO PAULO","SEM SIGLA","Instituto de Química, Universidade de São PauloArgentina","Laboratório de Produtos Naturais da Fundaçäo de Amparo á Pesquisa do Estado de São Paulo, Instituto de Química, Universidade de São PauloArgentina"
"a2a4006b-c167-4fca-b855-66d796f403ec","PROGRAM IN EVOLUTIONARY ECOLOGY AND BEHAVIOR","SEM SIGLA","Department of Biology, University of Iowa, Iowa City, 52242, IA, United States","Program in Evolutionary Ecology and Behavior, Department of Biology, University of Iowa, Iowa City, 52242, IA, United States"
"90f8346f-2fca-4200-b8d3-075e2286791b","COLOMBIA","SEM SIGLA","NAO_INFORMADO","Colombia"
"9c11e774-5205-4f7a-b729-1e3db7f97919","PHARMAZEUTISCHEN INSTITUT","SEM SIGLA","Universität Tübingen, Germany","Pharmazeutischen Institut, Universität Tübingen, Germany"
"1739acc5-b182-4e9f-b50d-7dfb29e5e36d","ISTITUTO DI CHIMICA ORGANICA DELLA FACOLTA DI SCIENZE","SEM SIGLA","Università degli Studi di Milano, 20133 Milano, via C. Saldini 50, Italy","Istituto di Chimica Organica della Facoltà di Scienze, Università degli Studi di Milano, 20133 Milano, via C. Saldini 50, Italy"
"7033efe2-6999-44ce-b8bd-396b99b111b4","CENTRO DE TECNOLOGIA AGRICOLA E ALIMENTAR","SEM SIGLA","Empreza Brasileira de Pesquisa Agropecuária, Rio de Janeiro, Brazil","Centro de Tecnologia Agrícola e Alimentar, Empreza Brasileira de Pesquisa Agropecuária, Rio de Janeiro, Brazil"
"7f46e6c6-642b-48c2-8fad-84157963ce50","SOCIETA 'SIMES'-MILANO","SEM SIGLA","Italy","Società 'Simes'-Milano, Italy"
"8d406016-1909-4d56-9d5d-0f0fee75aadb","CPEM","SEM SIGLA","U.E.R. de Pharmacie, I.B.B.A., 16 bd Daviers, 49000 Angers, France","C.P.E.M., U.E.R. de Pharmacie, I.B.B.A., 16 bd Daviers, 49000 Angers, France"
"e3e9d190-0057-4e10-8b23-60c73cf03482","AMBASSADA DE FRANCE","SEM SIGLA","B.P. 824, La Paz, France","Ambassada de France, B.P. 824, La Paz, France"
"1c650a6b-cfa3-419f-8d60-5a2f5dc59fdf","BOLIVIE FACULTE DE MEDECINE PHARMACIE","SEM SIGLA","87025 Limoges Cedex, France","Bolivie Faculte de Medecine Pharmacie, 87025 Limoges Cedex, France"
"b50a2821-c74e-4760-abce-74acdbcb88fa","ISTITUTO DI CHIMICA ORGANICA DELL'UNIVERSITA CENTRO NAZ CHIM SOST ORG NAT","SEM SIGLA","CNR - Milano, Italy","Istituto di Chimica Organica dell'Universitá Centro Naz. Chim. Sost. Org. Nat., CNR - Milano, Italy"
"95bfee53-45c9-460e-b05a-c9961fa6fcc1","SIMES SPA","SEM SIGLA","Lab. Ricerche Chimiche - Milano, Italy","Simes S.p.A., Lab. Ricerche Chimiche - Milano, Italy"
"4fa2a1a6-5c5b-43a8-9bf1-82e9498ea9f8","LEHRSTUHL FUR ZELLENLEHRE","SEM SIGLA","Universität Heidelberg, Heidelberg, D-6900, Im Neuenheimer Feld 230, Germany","Lehrstuhl für Zellenlehre, Universität Heidelberg, Heidelberg, D-6900, Im Neuenheimer Feld 230, Germany"
"7ade6b65-d377-4953-9625-b1f9b9919904","INSTITUTO DE TECNOLOGICA AGRICOLA E ALIMENTAR","SEM SIGLA","Ministério da Agricultura, Rio de Janeiro, Brazil","Instituto de Tecnologica Agricola e Alimentar, Ministério da Agricultura, Rio de Janeiro, Brazil"
"f7cd59fc-39d5-421d-b045-6d2d10bdd888","DEPARTMENT OF PHARMACOLOGY","SEM SIGLA","St. Bartholomew's Hospital Medical College, London, England, E.C.1, United Kingdom","Department of Pharmacology, St. Bartholomew's Hospital Medical College, London, England, E.C.1, United Kingdom"
"d0cc8a0c-7382-49b5-ab89-95d057ea1b53","SYSTEMS ECOLOGY RESEARCH GROUP","SEM SIGLA","San Diego State University, San Diego, 92182, California, United States","Systems Ecology Research Group, San Diego State University, San Diego, 92182, California, United States"
"ee5bb629-e80a-4697-b463-efe8f0c04053","BIOCHEMISTRY DEPARTMENT ST BARTHOLOMEW'S HOSPITAL MEDICAL COLLEGE","SEM SIGLA","LondonEngland","Biochemistry Department. St. Bartholomew's Hospital Medical College, LondonEngland"
"6ea380da-7f73-48bf-b0ed-b235c0180706","WESTERN REGIONAL RESEARCH CENTER","SEM SIGLA","Agricultural Research Service, U.S. Department of Agriculture, Albany, CA 94710, 800 Buchanan St., United States","Western Regional Research Center, Agricultural Research Service, U.S. Department of Agriculture, Albany, CA 94710, 800 Buchanan St., United States"
"bf02c704-97e0-4a1f-87fb-69eb4fe69914","CENTRO DI STUDIO PER LE SOSTANZE ORGANICHE NATURALI","SEM SIGLA","CNR, Italy","Centro di studio per le Sostanze Organiche Naturali, CNR, Italy"
"1dcd4f06-d25d-48f3-9fb3-ba9cbf46ea14","PROG IN EVOLUTIONARY ECOLOGY & BEHAVIOUR","SEM SIGLA","Dept of Biology, Univ of Iowa, Iowa City, IA 52242, USA.","Prog in Evolutionary Ecology & Behaviour, Dept of Biology, Univ of Iowa, Iowa City, IA 52242, USA."
"7848719c-8a7a-4621-a338-7f9aed55d16a","BOTANISCHES INSTITUT","SEM SIGLA","Universität Wien, Wien, A-1030, Rennweg 14, Austria","Botanisches Institut, Universität Wien, Wien, A-1030, Rennweg 14, Austria"
"2ca96f31-afdb-4b5a-99a0-ba33557873a4","INSTITUTO DE TECNOLOGIA ALIMENTAR","SEM SIGLA","Ministério da Agricultura, Rio de Janeiro, Brazil","Instituto de Tecnologia Alimentar, Ministério da Agricultura, Rio de Janeiro, Brazil"
"42a1e39d-7281-48f3-9bb5-0ed6f908179f","LABORATORI RICERCHE SIMES","SEM SIGLA","Milano, Italy","Laboratori Ricerche Simes, Milano, Italy"
"92bdf9a5-fd71-41d4-bd6f-0711f073f1b1","ESCOLA DE POS-GRADUACAO","SEM SIGLA","Universidade Federal Rural do Rio de Janeiro, Caixa Postal 25, ZC-00, Rio de Janeiro, Brasil","Escola de Pós-Graduação, Universidade Federal Rural do Rio de Janeiro, Caixa Postal 25, ZC-00, Rio de Janeiro, Brasil"
"0eaba75c-5c83-4d67-9f25-69d2da15a603","ISTITUTO DI CHIMICA ORGANICA DELLA FACOLTA DI SCIENCE","SEM SIGLA","Università degli Studi di Milano, Milano, I-20133, Via C. Saldini 50, Italy","Istituto di Chimica Organica della Facoltà di Science, Università degli Studi di Milano, Milano, I-20133, Via C. Saldini 50, Italy"
"e2df5aae-27a1-4d41-a5c5-8927733edbe0","SOCIETA SIMES","SEM SIGLA","Milano, Italy","Società Simes, Milano, Italy"
"6e0163d8-fa28-4ac3-9dc1-e75be208d253","DEPARTMENT OF PLANT PATHOLOGY AND CROP PHYSIOLOGY","SEM SIGLA","Louisiana State University Agricultural Center, Baton Rouge, LA 70803, 302 Life Sciences Building, United States","Department of Plant Pathology and Crop Physiology, Louisiana State University Agricultural Center, Baton Rouge, LA 70803, 302 Life Sciences Building, United States"
"4818398a-c1f6-46ce-901b-2d8d84bb3dff","INSTITUTE OF BIODIVERSITY AND SUSTAINABILITY","SEM SIGLA","Federal University of Rio de Janeiro, Rio de Janeiro, Macaé, Brazil","Institute of Biodiversity and Sustainability, Federal University of Rio de Janeiro, Rio de Janeiro, Macaé, Brazil"
"1e5e1b59-b703-4c7d-b144-1a8f18b29cbb","VALE TECHNOLOGICAL INSTITUTE","SEM SIGLA","Pará, Belém, Brazil","Vale Technological Institute, Pará, Belém, Brazil"
"ce3e86f7-71ec-40ce-ac30-c4e78c17aac1","ENVIRONMENTAL STUDIES OFFICE","SEM SIGLA","Vale, Minas Gerais, Belo Horizonte, Brazil","Environmental Studies Office, Vale, Minas Gerais, Belo Horizonte, Brazil"
"187a0284-9989-4e8a-a840-7447fe2b4ef7","INSTITUTO DE BIODIVERSIDADE E SUSTENTABILIDADE NUPEM","NUPEM","Universidade Federal do Rio de Janeiro—UFRJ, Rio de Janeiro, Macaé, Brazil","Instituto de Biodiversidade e Sustentabilidade (NUPEM), Universidade Federal do Rio de Janeiro—UFRJ, Rio de Janeiro, Macaé, Brazil"
"f8710673-2c65-4c1c-982e-655f16d4d7c8","INSTITUTO DE BIODIVERSIDADE E SUSTENTABILIDADE NUPEM/UFRJ","UFRJ","RJ, Macaé, Brazil","Instituto de Biodiversidade e Sustentabilidade NUPEM/UFRJ, RJ, Macaé, Brazil"
"1765fb70-756a-4521-a079-b5e078b694be","UNIVERSIDADE ESTADUAL DO NORTE-FLUMINENSE DARCY RIBEIRO","SEM SIGLA","RJ, Campos dos Goytacazes, Brazil","Universidade Estadual do Norte-Fluminense Darcy Ribeiro, RJ, Campos dos Goytacazes, Brazil"
"65f7e277-ed7b-466c-aa69-5a02aed79d95","FEDERAL UNIVERSITY OF RIO DE JANEIRO","SEM SIGLA","Instituto de Biodiversidade e Sustentabilidade, Macaé, 27965-045, Brazil","Federal University of Rio de Janeiro, Instituto de Biodiversidade e Sustentabilidade, Macaé, 27965-045, Brazil"
"7d25e552-79fd-4c9a-b980-2a388190f613","FLUMINENSE FEDERAL UNIVERSITY","SEM SIGLA","Marine Biology Department, Niterói, 24001-970, Brazil","Fluminense Federal University, Marine Biology Department, Niterói, 24001-970, Brazil"
"499fc17a-2a07-48c7-b9b5-ad84cdc99509","INSTITUTO TECNOLOGICO VALE - ITV","ITV","Pará, Belém, Brazil","Instituto Tecnológico Vale - ITV, Pará, Belém, Brazil"
"1242f41d-e313-42a1-9415-3718361bc086","VALE SA GERENCIA DE ESTUDOS AMBIENTAIS","SEM SIGLA","Nova Lima Minas Gerais, 34006-200, Brazil","Vale S.A. Gerência de Estudos Ambientais, Nova Lima Minas Gerais, 34006-200, Brazil"
"9ef9a095-fb51-4651-8bc3-1119029637d2","EXPONENT","SEM SIGLA","Bellevue, WA, United States","Exponent, Bellevue, WA, United States"
"568053a3-084f-47ee-b860-7f0326676cdc","PROGRAMA INTERUNIDADES DE POS-GRADUACAO EM BIOINFORMATICA","SEM SIGLA","Universidade Federal de Minas Gerais, Belo Horizonte, Brazil","Programa Interunidades de Pós-Graduação em Bioinformática, Universidade Federal de Minas Gerais, Belo Horizonte, Brazil"
"be1154d2-8777-4d45-b01c-e32c309b9409","VALE S/A","VALE","Gerência de Estudos Ambientais, Licenciamento e Espeleologia, Nova Lima, Brazil","VALE S/A, Gerência de Estudos Ambientais, Licenciamento e Espeleologia, Nova Lima, Brazil"
"0c5a379b-da9e-4435-a4a2-bab6902b0e7b","GERENCIA DE MEIO AMBIENTE CORREDOR NORTE","SEM SIGLA","Vale, Belo Horizonte, Minas Gerais, Brazil","Gerência de Meio Ambiente Corredor Norte, Vale, Belo Horizonte, Minas Gerais, Brazil"
"9447045e-f610-4a9b-8f57-2025d429d9a7","INSTITUTO DE BIODIVERSIDADE E SUSTENTABILIDADE","SEM SIGLA","Universidade Federal do Rio de Janeiro (UFRJ), Macaé, Rio de Janeiro, Brazil","Instituto de Biodiversidade e Sustentabilidade, Universidade Federal do Rio de Janeiro (UFRJ), Macaé, Rio de Janeiro, Brazil"
"078bca66-dc2e-4053-862a-6398649a09db","INSTITUTO DE SUSTENTABILIDADE E BIODIVERSIDADE","SEM SIGLA","Universidade Federal do Rio de Janeiro, Macaé, Rio de Janeiro, Brazil","Instituto de Sustentabilidade e Biodiversidade, Universidade Federal do Rio de Janeiro, Macaé, Rio de Janeiro, Brazil"
"bb2af7a7-11a7-42b3-bacb-dcbd2b22b17d","LABORATORIO DE MELHORAMENTO GENETICO VEGETAL","SEM SIGLA","Universidade Estadual do Norte Fluminense, Campos dos Goytacazes, Rio de Janeiro, Brazil","Laboratório de Melhoramento Genético Vegetal, Universidade Estadual do Norte Fluminense, Campos dos Goytacazes, Rio de Janeiro, Brazil"
"7d5ab7c8-e4f2-4cc4-b9f8-884a5866564c","SISTEMA NACIONAL DE INVESTIGACION SNI","SNI","SENACYT, Panama","Sistema Nacional de Investigación (SNI), SENACYT, Panama"
"0090da84-2c60-4821-892e-54f8fe4bda9e","DOCTORADO EN CIENCIAS BIOLOGICAS Y DE LA SALUD","SEM SIGLA","Universidad Autónoma Metropolitana-Iztapalapa, Av. San Rafael Atlixco 186, Col. Vicentina, Ciudad de México, 09340, Mexico","Doctorado en Ciencias Biológicas y de la Salud, Universidad Autónoma Metropolitana-Iztapalapa, Av. San Rafael Atlixco 186, Col. Vicentina, Ciudad de México, 09340, Mexico"
"96feaad6-3ac5-44f7-a828-f9a08320c1ad","AREA DE BOTANICA ESTRUCTURAL Y SISTEMATICA VEGETAL","SEM SIGLA","Depto. de Biología, Universidad Autónoma Metropolitana-Iztapalapa, Av. San Rafael Atlixco 186, Col. Vicentina, Ciudad de México, 09340, Mexico","Área de Botánica Estructural y Sistemática Vegetal, Depto. de Biología, Universidad Autónoma Metropolitana-Iztapalapa, Av. San Rafael Atlixco 186, Col. Vicentina, Ciudad de México, 09340, Mexico"
"2b10af6b-9d66-473d-9025-882ab8784952","RED DE ESTUDIOS MOLECULARES AVANZADOS","SEM SIGLA","Clúster BioMimic®, Instituto de Ecología, A.C., Carretera antigua a Coatepec 351, El Haya, Xalapa, Veracruz, 91070, Mexico","Red de Estudios Moleculares Avanzados, Clúster BioMimic®, Instituto de Ecología, A.C., Carretera antigua a Coatepec 351, El Haya, Xalapa, Veracruz, 91070, Mexico"
"0f6be26d-915e-4183-ad48-5f83dabfbe0c","LABORATORIO DE MICROSCOPIA DE BARRIDO","SEM SIGLA","Facultad de Ciencias, Depto. de Biología, Universidad Nacional Autónoma de México, Av. Universidad 3000, Ciudad de México, 04510, Mexico","Laboratorio de Microscopía de Barrido, Facultad de Ciencias, Depto. de Biología, Universidad Nacional Autónoma de México, Av. Universidad 3000, Ciudad de México, 04510, Mexico"
"39e00656-bff5-499c-8e7f-52fd52582c65","RED DE ECOLOGIA FUNCIONAL","SEM SIGLA","Instituto de Ecología, A.C., Carretera antigua a Coatepec 351, El Haya, Xalapa, Veracruz, 91070, Mexico","Red de Ecología Funcional, Instituto de Ecología, A.C., Carretera antigua a Coatepec 351, El Haya, Xalapa, Veracruz, 91070, Mexico"
"35f37a9d-9f9a-446c-a193-6540812ef578","DEPTO","SEM SIGLA","Botânica da Universidade Estadual de Feira de Santana, Feira de Santana-BA, Brazil","Depto, Botânica da Universidade Estadual de Feira de Santana, Feira de Santana-BA, Brazil"
"2111c1b7-bd5c-4900-941b-98da5f9744a2","UNIVERSIDADE FEDERAL DE MATO GROSSO DO SUL","SEM SIGLA","Campo Grande-MS, Brazil","Universidade Federal de Mato Grosso do Sul, Campo Grande-MS, Brazil"
"5c521d87-e2b0-4d69-8e43-9c0dd229ada1","ENVIRONMENTAL GENOMICS GROUP","SEM SIGLA","Instituto Tecnológico Vale, Belém, PA, Brazil","Environmental Genomics Group, Instituto Tecnológico Vale, Belém, PA, Brazil"
"7e7fb058-0f03-47d1-9d27-5bbb7cb09674","ENVIRONMENTAL GEOLOGY AND WATER RESOURCES GROUP","SEM SIGLA","Instituto Tecnológico Vale, Belém, PA, Brazil","Environmental Geology and Water Resources Group, Instituto Tecnológico Vale, Belém, PA, Brazil"
"601637c6-fc81-4b99-8da4-1324e3b771f6","BIODIVERSITY AND ECOSYSTEMS SERVICES GROUP","SEM SIGLA","Instituto Tecnológico Vale, Belém, PA, Brazil","Biodiversity and Ecosystems Services Group, Instituto Tecnológico Vale, Belém, PA, Brazil"
"fbc1870c-9065-49d7-8f09-a9685c4870a4","ENVIRONMENTAL TECHNOLOGY GROUP","SEM SIGLA","Instituto Tecnológico Vale, Belém, PA, Brazil","Environmental Technology Group, Instituto Tecnológico Vale, Belém, PA, Brazil"
"24563cd9-e0ab-4b7a-9284-987e944783e9","BOTANY COORDINATION","SEM SIGLA","Museu Paraense Emílio Goeldi, Belém, PA, Brazil","Botany Coordination, Museu Paraense Emílio Goeldi, Belém, PA, Brazil"
"05a2e731-1b81-4dd1-a7c7-82714b6bfff3","ZOOBOTANICAL PARK","SEM SIGLA","Vale, PA, Brazil","Zoobotanical Park, Vale, PA, Brazil"
"4839efcb-c88c-4f01-a4c5-cacb602d738d","ENVIRONMENTAL STUDIES","SEM SIGLA","Amplo Engenharia, MG, Brazil","Environmental Studies, Amplo Engenharia, MG, Brazil"
"312474d4-5559-4538-9ec1-6a67a7556eac","NORTH FERROUS ENVIRONMENTAL OFFICE","SEM SIGLA","Vale,, PA, Brazil","North Ferrous Environmental Office, Vale,, PA, Brazil"
"a622c3e7-19ae-41d7-8b9e-d48e63834c1b","UNIVERSITE D'AVIGNON ET DES PAYS DE VAUCLUSE","SEM SIGLA","IMBE - Institut Méditerranéen de Biodiversité et d'Ecologie, CNRS, IRD, Aix Marseille Université, IUT d'Avignon, Agroparc BP 61207, Avignon, 84911, France","Université d'Avignon et des Pays de Vaucluse, IMBE - Institut Méditerranéen de Biodiversité et d'Ecologie, CNRS, IRD, Aix Marseille Université, IUT d'Avignon, Agroparc BP 61207, Avignon, 84911, France"
"4f715500-3387-40ca-8209-1c3d4539e9da","DEPARTAMENTO DE BIODIVERSIDADE","SEM SIGLA","Instituto Nacional de Pesquisas da Amazônia, Manaus, Brazil","Departamento de Biodiversidade, Instituto Nacional de Pesquisas da Amazônia, Manaus, Brazil"
"63097ac2-3272-402b-8d40-89d8eb67deb7","JURIS AMBIENTIS CONSULTORES S/S LTDA","SEM SIGLA","Rua Estados Unidos, 2160, Boa Vista, Curitiba, Paraná  82540-030, Brazil","Juris Ambientis Consultores S/S Ltda., Rua Estados Unidos, 2160, Boa Vista, Curitiba, Paraná  82540-030, Brazil"
"61f9c855-57bb-4820-9660-e38175b34a5b","UNIVERSIDADE FEDERAL DE JUIZ DE FORA","SEM SIGLA","Inst. Ciências Biológicas, Depto. Botânica, Campus Universitário, R. José Lourenço Kelmer s/n, Bairro São-Pedro, Juiz de Fora, MG, 36036-900, Brazil","Universidade Federal de Juiz de Fora, Inst. Ciências Biológicas, Depto. Botânica, Campus Universitário, R. José Lourenço Kelmer s/n, Bairro São-Pedro, Juiz de Fora, MG, 36036-900, Brazil"
"aab22ba4-7ff0-4f67-99c7-11ca70feef3f","RUHR-UNIVERSITAT BOCHUM","SEM SIGLA","Lehrstuhl für Evolution und Biodiversität der Pflanzen, Universitätsstraße 150, Bochum, D-44780, Germany","Ruhr-Universität Bochum, Lehrstuhl für Evolution und Biodiversität der Pflanzen, Universitätsstraße 150, Bochum, D-44780, Germany"
"ac78d7c9-8ed5-44bd-b3c1-1b67ad088abe","EL COLEGIO DE LA FRONTERA SUR","SEM SIGLA","Unidad Chetumal, Av. del Centenario km 5.5, 77000 Chetumal, Quintana Roo, Mexico","El Colegio de la Frontera Sur, Unidad Chetumal, Av. del Centenario km 5.5, 77000 Chetumal, Quintana Roo, Mexico"
"6955ac34-92f3-4815-9f30-f9c549c8b9a1","UNIVERSITY HERBARIUM","SEM SIGLA","1001 Valley Life Sciences Building #2465, University of California, Berkeley, CA 94720-2465, United States","University Herbarium, 1001 Valley Life Sciences Building #2465, University of California, Berkeley, CA 94720-2465, United States"
"e55e558b-58f3-4707-bf1d-85da6b28dcce","UNIVERSIDADE ESTADUAL DO MARANHAO/UEMA","UEMA","Centro de Estudos Superiores de Caxias, Praça Duque de Caxias, Morro do Alecrim s/n, Maranhão, Caxias, 65.604-380, Brazil","Universidade Estadual do Maranhão/UEMA, Centro de Estudos Superiores de Caxias, Praça Duque de Caxias, Morro do Alecrim s/n, Maranhão, Caxias, 65.604-380, Brazil"
"bae805d7-f786-4442-b258-ffc67a55077e","DEPARTEMENT DE BIOLOGIE","SEM SIGLA","Université Laval, Québec, QC  G1V 0A6, Canada","Département de Biologie, Université Laval, Québec, QC  G1V 0A6, Canada"
"8f55d865-da5e-4d8a-893c-c6c9740431a9","INSTITUT DE BIOLOGIE INTEGRATIVE ET DES SYSTEMES IBIS","IBIS","Université Laval, Québec, QC  G1V 0A, Canada","Institut de Biologie Intégrative et des Systèmes (IBIS), Université Laval, Québec, QC  G1V 0A, Canada"
"415c9591-89dc-4c3f-93ba-4c0df6b2ffa1","DESENVOLVIMENTO E MEIO AMBIENTE","SEM SIGLA","Universidade Federal do Piauí (UFPI), Brazil","Desenvolvimento e Meio Ambiente, Universidade Federal do Piauí (UFPI), Brazil"
"196ede08-c312-4362-a5e8-0542fe4b8cbc","CENTRO INTEGRADO DE ENSINO SUPERIOR HEROIS DO JENIPAPO","SEM SIGLA","Universidade Estadual do Piauí (UESPI), Brazil","Centro Integrado de Ensino Superior “Heróis do Jenipapo, Universidade Estadual do Piauí (UESPI), Brazil"
"97aba495-3899-4a01-bd47-480ec4dff476","CENTRO DE CIENCIAS DA NATUREZA","SEM SIGLA","Universidade Estadual do Piauí (UESPI), Programa de Pós-Graduação em Desenvolvimento e Meio Ambiente, Universidade Federal do Piauí (UFPI), Brazil","Centro de Ciências da Natureza, Universidade Estadual do Piauí (UESPI), Programa de Pós-Graduação em Desenvolvimento e Meio Ambiente, Universidade Federal do Piauí (UFPI), Brazil"
"f99de866-6c72-4edb-8485-9c347bc03296","BRYOLOGY LABORATORY","SEM SIGLA","School of Life Sciences, East China Normal University, 500 Dongchuan Road, Shanghai, 200241, China","Bryology Laboratory, School of Life Sciences, East China Normal University, 500 Dongchuan Road, Shanghai, 200241, China"
"a42c9a1e-74d1-4833-9415-0d47b0bca33b","MUSEUM NATIONAL DHISTOIRE NATURELLE - SORBONNE UNIVERSITES","SEM SIGLA","Institut de Systématique Évolution, Biodiversité (UMR 7205 - CNRS MNHN UPMC EPHE), CP 39,12 Rue Buffon, Paris, 75005, France","Muséum National d’Histoire Naturelle - Sorbonne Universités, Institut de Systématique Évolution, Biodiversité (UMR 7205 - CNRS MNHN UPMC EPHE), CP 39,12 Rue Buffon, Paris, 75005, France"
"02cf1e5b-5ec6-465e-810f-7601da51df84","UNIVERSIDAD TECNICA PARTICULAR DE LOJA","SEM SIGLA","Departamento de Ciencias Biológicas, Herbario HUTPL, San Cayetano s/n, Loja, Ecuador","Universidad Técnica Particular de Loja, Departamento de Ciencias Biológicas, Herbario HUTPL, San Cayetano s/n, Loja, Ecuador"
"c13b54f2-2bb9-4f8e-ba92-a676a6ee713b","GEORG-AUGUST-UNIVERSITAT GOTTINGEN","SEM SIGLA","Albrecht-von-Haller-Institut für Pflanzenwissenschaften, Systematische Botanik, Untere Karspüle 2, 37073 Göttingen, Germany","Georg-August-Universität Göttingen, Albrecht-von-Haller-Institut für Pflanzenwissenschaften, Systematische Botanik, Untere Karspüle 2, 37073 Göttingen, Germany"
"1712ea09-341c-4567-bc47-6af026538c0c","GEORG-AUGUST- UNIVERSITAT GOTTINGEN","SEM SIGLA","Albrecht-von-Haller-Institut für Pflanzenwissenschaften, Systematische Botanik, Untere Karspüle 2, D - 37073 Göttingen, Germany","Georg-August- Universität Göttingen, Albrecht-von-Haller-Institut für Pflanzenwissenschaften, Systematische Botanik, Untere Karspüle 2, D - 37073 Göttingen, Germany"
"601460ca-587c-43e0-8be4-ac70ef092730","RESEARCH GROUP FOR BRYOLOGY","SEM SIGLA","Hungarian Academy of Sciences, Department of Botany, P. O. Box 222, H-3301, Eger, Hungary","Research Group for Bryology, Hungarian Academy of Sciences, Department of Botany, P. O. Box 222, H-3301, Eger, Hungary"
"12538719-3c09-4120-b124-e11923699d2c","DEPARTMENT OF SYSTEMATIC BOTANY","SEM SIGLA","Albrecht von Haller Inst. Plant Sci., University of Göttingen, Untere Karspüle 2, 37073 Göttingen, Germany","Department of Systematic Botany, Albrecht von Haller Inst. Plant Sci., University of Göttingen, Untere Karspüle 2, 37073 Göttingen, Germany"
"3af693a0-3331-4fac-b236-0b259f8f4b77","INSTITUT FUR SPEZIELLE BOTANIK","SEM SIGLA","Friedrich-Schiller-Universität, Philosophenweg 16, 07743 Jena, Germany","Institut für Spezielle Botanik, Friedrich-Schiller-Universität, Philosophenweg 16, 07743 Jena, Germany"
