"article_id","keyword_id"
"2-s2.0-85162981044","10783368-3747-4824-a1af-6ce66f73c7df"
"2-s2.0-85162981044","5589352f-13b0-4dac-8a96-7c3c4b4974e3"
"2-s2.0-85162981044","2c575f0a-56a1-4c2f-89b5-474461142a44"
"2-s2.0-85162981044","14c52bf8-a850-4d87-81cd-742d5c64973a"
"2-s2.0-85162981044","f649e9ea-3c31-49d3-82a9-0904feb07d9d"
"2-s2.0-85149013333","345656d9-fe98-47cf-9fe5-3a5e33db8727"
"2-s2.0-85149013333","d4a5158a-4b69-484f-866f-04bc9802c897"
"2-s2.0-85149013333","6e426492-d56c-4750-900d-1ed09d85625d"
"2-s2.0-85160833451","ef3fab5b-1b1b-44c9-a74a-1a37b89a649e"
"2-s2.0-85160833451","6f0f6cd6-ef89-4087-8e24-4dc459e5142a"
"2-s2.0-85160833451","c5303c16-1f00-4578-98c7-a387bd77727d"
"2-s2.0-85160833451","4a2da75e-d6dd-4142-ba5a-61607099b56f"
"2-s2.0-85167577291","ccc3d5cf-dfd2-49b3-b5ce-127fccec0fe5"
"2-s2.0-85167577291","ae3146fa-7294-4b1e-be15-8f6f883c6791"
"2-s2.0-85167577291","e58c6f7e-22fd-462a-8092-7f04fcc4df8e"
"2-s2.0-85167577291","4a2da75e-d6dd-4142-ba5a-61607099b56f"
"2-s2.0-85167577291","cc1d2acc-160a-43d6-ba0b-c32f3a839fa5"
"2-s2.0-85143804200","2958be96-0884-471a-9929-fe002b6beca3"
"2-s2.0-85143804200","ab64872c-9d18-42ae-bc32-c7a2a2a337e0"
"2-s2.0-85143804200","7d75a92b-3163-44c1-85be-950c43090cfb"
"2-s2.0-85143804200","23692fad-ba0d-40e9-957f-b61ab517dbcf"
"2-s2.0-85143804200","d5b8b65e-e043-44df-bc5c-051ae8fe6c1b"
"2-s2.0-85143804200","d0b70ca3-e8d3-4924-9cf5-37c5869ee8d5"
"2-s2.0-85164330112","5b68c8e8-0c17-476b-a2f8-683bde6eb8e2"
"2-s2.0-85164330112","8ea4629d-476a-47ec-96e0-f6fd0efc6ede"
"2-s2.0-85164330112","c5303c16-1f00-4578-98c7-a387bd77727d"
"2-s2.0-85164330112","4a2da75e-d6dd-4142-ba5a-61607099b56f"
"2-s2.0-85104643201","713c130e-ba9a-48d6-9e1b-12110cbe8169"
"2-s2.0-85104643201","8b3e1ad7-b522-4038-ab2e-f8c6a8882df4"
"2-s2.0-85104643201","1a9858ec-759c-4c8d-8f1f-302d67c63dac"
"2-s2.0-85104643201","ba412158-f1db-4e2e-b87e-ed6bdbba1a98"
"2-s2.0-85104643201","a5424eeb-0abc-466b-a4e0-239dec945b15"
"2-s2.0-85104643201","4d3b7c0f-25b5-4455-bea0-771e08153fc3"
"2-s2.0-85104643201","73cde766-62e5-4e6c-b25b-7c170b3616a8"
"2-s2.0-85104643201","5429b6d5-7328-4494-88c0-3d3fcab1d451"
"2-s2.0-85104643201","22afe40d-da56-4d25-95ae-cfc21b21bf9e"
"2-s2.0-85104643201","91bdd9d7-9da9-4a68-a129-a54c8e7b18d2"
"2-s2.0-85189165101","30fc0488-939e-48ce-bc57-a6eb04df8c1f"
"2-s2.0-85189165101","86a6139c-c163-40e2-9693-c01d35efcd49"
"2-s2.0-85189165101","df220d78-ccd7-4eec-902d-393cb105158e"
"2-s2.0-85180253143","345656d9-fe98-47cf-9fe5-3a5e33db8727"
"2-s2.0-85180253143","e9480d1c-ff67-40ce-bb02-a3755adf08d7"
"2-s2.0-85180253143","ca510720-ff49-4c29-a307-bc97dad5b88f"
"2-s2.0-85180253143","b640142f-5e8e-4c4d-b181-34c929286fdb"
"2-s2.0-85177492685","a6302807-462f-471f-a6ef-84d1a83fc637"
"2-s2.0-85177492685","fd4824f3-55aa-4367-a882-3523df75436e"
"2-s2.0-85177492685","45bdf08e-f88f-4aa9-972a-065733bb05ce"
"2-s2.0-85177492685","7ae57405-9ef7-4fe9-a62c-7c27a0d0cd94"
"2-s2.0-85177492685","2b8b99cd-9e85-41c6-84c5-6ef03059e8e6"
"2-s2.0-85142458747","531fbc2a-dbd9-4eab-963f-39e7db15578b"
"2-s2.0-85142458747","50766689-088d-4b4e-9a02-cff803c258aa"
"2-s2.0-85142458747","100b77d8-41c5-461f-bbbe-1e9572318164"
"2-s2.0-85142458747","d57b6b77-c713-4e8a-b5bd-9ce9b03bc103"
"2-s2.0-85164014254","345656d9-fe98-47cf-9fe5-3a5e33db8727"
"2-s2.0-85164014254","babddc5c-c943-4482-aebf-9984f697e9a4"
"2-s2.0-85164014254","4a2da75e-d6dd-4142-ba5a-61607099b56f"
"2-s2.0-85164014254","7c45cf92-3e00-45b2-aa02-799d389bab66"
"2-s2.0-85127555538","8a11a173-41be-4f9c-ab87-779a227b13a5"
"2-s2.0-85127555538","9d04460e-ede8-4f2a-a410-f97607146317"
"2-s2.0-85127555538","c1dec390-10c9-4277-bdf3-c849b304086d"
"2-s2.0-85188150277","301286f9-5759-4fe3-b729-fbeafaea7640"
"2-s2.0-85188150277","e2219329-7d90-4313-b75f-901f3af691c8"
"2-s2.0-85188150277","aec1d8b6-7b14-4592-b40d-4fb40a4b6817"
"2-s2.0-85188150277","d25e052f-1a1a-4ea6-abaa-b82e364dc96e"
"2-s2.0-85188150277","50e33caf-78ae-459d-8d77-65275b8f21c5"
"2-s2.0-85188150277","7fd9bb12-0182-497d-a2e6-31d97de46af6"
"2-s2.0-85124005642","345656d9-fe98-47cf-9fe5-3a5e33db8727"
"2-s2.0-85124005642","ca30d967-08c1-42ad-8be0-8002a65c0bca"
"2-s2.0-85124005642","2509eb30-4530-4f9d-8d80-89798fb52e92"
"2-s2.0-85124005642","96768740-121a-4f44-9ee4-e53c1e2ca0a5"
"2-s2.0-85124005642","fef201bc-833a-4680-83d7-ccd96b4cf127"
"2-s2.0-85132537421","301286f9-5759-4fe3-b729-fbeafaea7640"
"2-s2.0-85132537421","341aa739-ea5f-4f8a-80ac-79409992d1c6"
"2-s2.0-85132537421","7a2b7e8f-f567-433f-a238-2c10ab4edf29"
"2-s2.0-85132537421","3e81a634-c4ec-4f23-a499-3e220038e846"
"2-s2.0-85135730861","0e3d20c8-326e-4ec3-8aa1-57c94334a53c"
"2-s2.0-85135730861","209e64ab-3727-4160-b1e1-b4f86e78071d"
"2-s2.0-85135730861","e7be7355-0f20-4e01-b056-c081f3eca536"
"2-s2.0-85135730861","e3787ece-f9a2-4d65-ab8e-85f9c8dc48a4"
"2-s2.0-85135730861","3ffda55c-1c9f-4c1d-90dc-e93227feeddd"
"2-s2.0-85135730861","aa4d17e6-4e28-4ee8-beb4-d4d5caa1c093"
"2-s2.0-85178385301","6e06fde8-8404-4ede-85dc-b5e83474df25"
"2-s2.0-85178385301","c36d022a-3142-4cd1-b752-d0cf57f187f2"
"2-s2.0-85178385301","0f835d60-7132-40ee-a226-e204968fa555"
"2-s2.0-85178385301","c4e5d80f-a2b7-4a1d-bfc3-d97366b48866"
"2-s2.0-85178385301","fcb8ee7e-df47-4e99-b43b-b4a2219ef574"
"2-s2.0-85126999621","71f14582-2e22-44c0-9394-1e6b04f2515b"
"2-s2.0-85126999621","b6932fe1-5af4-48cd-8e93-063a78bc055e"
"2-s2.0-85126999621","0b260475-9e2c-4e5f-a974-20a9dcb527f7"
"2-s2.0-85126999621","bf639d0e-1307-4fa3-a60c-d7e2831d7f7b"
"2-s2.0-85126999621","4a2da75e-d6dd-4142-ba5a-61607099b56f"
"2-s2.0-85129068950","4d3b7c0f-25b5-4455-bea0-771e08153fc3"
"2-s2.0-85129068950","457bacf4-cf9f-4e6b-9b90-2102f9039e07"
"2-s2.0-85129068950","d2bb7139-99bf-4633-a4b5-ea747ce1c1c3"
"2-s2.0-85129068950","8dd01ce4-2f56-4ba3-b594-181a52c367ea"
"2-s2.0-85129068950","f2299043-17fb-4de3-91dd-49197893e863"
"2-s2.0-85118181962","c9e47ca3-ea2d-470b-9d67-5570a5742ea1"
"2-s2.0-85118181962","61f9e294-b864-4420-a8e1-4b8f947f77a9"
"2-s2.0-85118181962","af4381d7-c666-43dc-8906-695f273bef7d"
"2-s2.0-85118181962","6b153c56-e9e2-426a-9161-d883d5680c04"
"2-s2.0-85154576999","d0e9f599-1f92-4160-b732-120ff112e048"
"2-s2.0-85154576999","0db4659c-a307-4ad8-b2e2-8e2a355aa163"
"2-s2.0-85154576999","90e54ff9-992d-445c-ad6d-e880507bd08f"
"2-s2.0-85154576999","b08ce641-01f4-46da-bc72-a52c45a9da9e"
"2-s2.0-85154576999","9dc84c6f-5426-42ce-a8cd-f4ce0ecb0a28"
"2-s2.0-85154576999","5f0214b4-f8ed-4adf-b0c9-189d1ae5d723"
"2-s2.0-85117324730","03fceec4-c20d-4a89-b42d-d728bdcdb023"
"2-s2.0-85117324730","5f6431b7-0351-4cf2-b53f-3658c65ef7a3"
"2-s2.0-85117324730","d6ec2b6c-b9fe-4212-90b5-617e9824d3d3"
"2-s2.0-85117324730","c5303c16-1f00-4578-98c7-a387bd77727d"
"2-s2.0-85117324730","4a2da75e-d6dd-4142-ba5a-61607099b56f"
"2-s2.0-85184823294","13d5e096-68a2-46dc-836f-044ec1860c6c"
"2-s2.0-85184823294","76d030b6-c085-4c05-b608-cef203a35406"
"2-s2.0-85184823294","66c95c69-cd60-4807-8a17-d3a918eb04ab"
"2-s2.0-85184823294","71fb15e8-6c31-475e-9a6c-7fc682f4303d"
"2-s2.0-85120745143","6cc4fb78-0e81-4e44-8b26-b40e964a351e"
"2-s2.0-85120745143","adb4f794-5cd9-48bb-a2eb-3a61f68937f1"
"2-s2.0-85120745143","eace1976-cd1b-46cb-961a-c4aee707c913"
"2-s2.0-85120745143","baf52d52-f919-43a4-be63-b80b5babc851"
"2-s2.0-85120745143","2f40b94d-39eb-4810-95f0-543468284b61"
"2-s2.0-85120745143","b52c9ab1-1821-4b8c-88f9-955f5a7a4c97"
"2-s2.0-85120745143","cfd9d426-5061-4ca0-afc6-9c7d990a01b6"
"2-s2.0-85120745143","bf639d0e-1307-4fa3-a60c-d7e2831d7f7b"
"2-s2.0-85101250241","9a8929c6-b2f0-4b5f-bb67-fb7142f9677a"
"2-s2.0-85101250241","57f49caf-aba6-4a4a-8767-dbbe9bfb762e"
"2-s2.0-85101250241","f5ffd37b-e69e-48cc-9550-deb1699dbcdc"
"2-s2.0-85101250241","87266131-27c4-429b-9007-01efb2cd3892"
"2-s2.0-85101250241","df92559b-7559-4de0-b9e7-ad902d46364a"
"2-s2.0-85101250241","3162ba93-df06-4b9c-9f5e-ef1103df9947"
"2-s2.0-85179043779","421ae13a-f183-4f57-a19d-eba4ab95fa06"
"2-s2.0-85179043779","afd1ba10-a8b5-4541-a70e-b46763fd03b4"
"2-s2.0-85179043779","8970fbea-0140-4b45-ae33-57d4d7e0641b"
"2-s2.0-85179043779","0edfe1f7-71c3-40ef-9f1f-b3ab43d0e523"
"2-s2.0-85179043779","9d204ebc-9bfb-45ae-8ff1-3e6a691b3dbc"
"2-s2.0-85125060481","3b07ea57-dd29-404b-9548-04303ddcf21e"
"2-s2.0-85125060481","fe2f1f82-179f-487d-a6f9-3300899d3dc5"
"2-s2.0-85125060481","5464a889-52c4-43ad-b945-a8de7d36f671"
"2-s2.0-85125060481","c5398bbc-337e-42d2-a9e5-ba03b9c8ac7b"
"2-s2.0-85125060481","47da86fd-d834-43d9-903b-4c274d039dc2"
"2-s2.0-85125060481","4dedaf95-6f82-4f86-a56e-e016465731b4"
"2-s2.0-85125060481","c3f25be1-ddf3-4168-bb91-9ef15a71dfd6"
"2-s2.0-85125060481","61c8ace3-b66d-4e59-893d-c3dffff8cc2a"
"2-s2.0-85103397524","95e43dae-27b6-4b18-ab74-75a93bb9eb57"
"2-s2.0-85103397524","4d3b7c0f-25b5-4455-bea0-771e08153fc3"
"2-s2.0-85103397524","45723d21-4757-4004-a80e-fe1a680bf847"
"2-s2.0-85182146882","3e2ddddc-1317-485b-80e8-642ac8337213"
"2-s2.0-85182146882","34b610b4-0d06-4a35-a83d-3db278111fee"
"2-s2.0-85182146882","8f891ba9-82fb-4467-a389-5d245b3d3940"
"2-s2.0-85185267229","729a8f05-4419-425a-9a91-9e0fa6d658f2"
"2-s2.0-85185267229","f4b98d4a-c87b-4d7d-826d-e3e37210130f"
"2-s2.0-85185267229","6ff010c0-0d14-4d01-8347-8e5cbfc82d1a"
"2-s2.0-85185267229","2a297dea-875b-4a16-af2a-d64dceb35e0f"
"2-s2.0-85185267229","9d204ebc-9bfb-45ae-8ff1-3e6a691b3dbc"
"2-s2.0-85130950378","ac9db575-de78-42f6-a639-96e0d6ddbe63"
"2-s2.0-85130950378","74e36e06-9ddf-4464-8c79-e53674a98ba1"
"2-s2.0-85130950378","9d15a3d7-1b8a-4f76-8e3c-d00befc61ae5"
"2-s2.0-85142443390","b4fdc407-3e4c-4b1e-8498-20a6076d1fd6"
"2-s2.0-85142443390","58548850-6ec5-4a20-973e-83351433dd08"
"2-s2.0-85142443390","7a26adc4-ac1a-49df-95f4-7dfd0a890e22"
"2-s2.0-85142443390","a303c3a6-9e59-4d0e-b5c5-5ca6481245ae"
"2-s2.0-85127431422","e8e60fb7-48c5-45da-bae1-5161c3e51c29"
"2-s2.0-85127431422","03bcc485-ae25-4cb0-a2fa-6a5fa5843d96"
"2-s2.0-85127431422","347a8b9b-d1ea-4092-9e94-cd6d6f55b052"
"2-s2.0-85127431422","d86d5ba8-00f5-41da-990e-3155f26cf18f"
"2-s2.0-85127431422","fba13514-749c-4998-be03-c9dc7d1b6384"
"2-s2.0-85127431422","7a0e2b73-ac2a-4f99-a6f4-2aa2cf4c2530"
"2-s2.0-85167693202","fe2f1f82-179f-487d-a6f9-3300899d3dc5"
"2-s2.0-85167693202","a8870441-ada2-4353-b98d-63c713d25a48"
"2-s2.0-85167693202","127f751b-c349-47fe-b266-a6ebdd9ce731"
"2-s2.0-85167693202","36a3d0e2-8a28-4957-a878-dfbd3f0dcc02"
"2-s2.0-85167693202","221bd1ea-1a27-4668-ae2a-3e173bb78667"
"2-s2.0-85167693202","88927b8a-b7c4-45a7-97f3-9ec7d8e53f26"
"2-s2.0-85167693202","4a2da75e-d6dd-4142-ba5a-61607099b56f"
"2-s2.0-85146179730","54dc6e9e-ce78-4f83-8844-a7b08dad7273"
"2-s2.0-85146179730","97f311f8-b624-4b9e-9131-954d24fbb074"
"2-s2.0-85146179730","235dc854-5f13-4f39-af1f-293e0f8c76f4"
"2-s2.0-85146179730","4d3b7c0f-25b5-4455-bea0-771e08153fc3"
"2-s2.0-85146179730","c3c384f5-bb7f-4f6b-9bc6-35e60502c785"
"2-s2.0-85159940910","301286f9-5759-4fe3-b729-fbeafaea7640"
"2-s2.0-85159940910","06b0a2db-7f4b-4643-95cd-b077f332e828"
"2-s2.0-85159940910","cc50b805-f4b7-488d-920e-9fd532df934e"
"2-s2.0-85159940910","11019330-0748-47a2-8fe1-9c086db1d30f"
"2-s2.0-85159940910","9e24f7ff-f712-439c-80ee-49a55bdee42c"
"2-s2.0-85159940910","db863e75-6d4b-41ad-b080-bc3a141894d3"
"2-s2.0-85182739878","962bb586-501a-42e0-8294-e419331a20b2"
"2-s2.0-85182739878","dc123ed9-b249-4ec7-a2eb-0d5f3d9d9b2c"
"2-s2.0-85182739878","fb63fc12-7212-42b3-98b8-e5f3ddf134e4"
"2-s2.0-85182739878","768b37c2-e56c-4d5c-a1e1-c9979748ca78"
"2-s2.0-85182739878","7228b781-2115-4053-9454-a0c851df2629"
"2-s2.0-85182739878","df930d19-094c-45ba-b6a1-a62c3b8b8c64"
"2-s2.0-85158094907","a04a09cd-6ea0-4de5-8def-c6123cdf8f55"
"2-s2.0-85158094907","d794d628-cc38-42e0-a2a7-d8cea5fe2444"
"2-s2.0-85158094907","a604e306-154a-4a68-8732-a3c4e70c27d8"
"2-s2.0-85158094907","cbf9410c-2160-414c-a6ca-3f35576db0f7"
"2-s2.0-85180594890","4d3b7c0f-25b5-4455-bea0-771e08153fc3"
"2-s2.0-85180594890","50e33caf-78ae-459d-8d77-65275b8f21c5"
"2-s2.0-85180594890","43cebc5d-b9e4-4297-a323-33f6362e0e97"
"2-s2.0-85180594890","4f86046d-c7bc-4de8-89b8-1e0bb33215a1"
"2-s2.0-85180488167","618a69d4-9f14-4d52-97bb-039af6dc5fef"
"2-s2.0-85180488167","4182bb12-cfd8-4032-957d-adbe3561ff49"
"2-s2.0-85180488167","9f4923dd-483e-4877-8285-87045563faf8"
"2-s2.0-85180488167","7f68811c-5774-4a4d-b877-ca30a44065c6"
"2-s2.0-85180488167","1cc43e37-35f4-48e2-9635-a6061fc2db1c"
"2-s2.0-85180488167","83ecf894-53dd-496e-a9c0-5def69746bfe"
"2-s2.0-85180488167","beceae98-a662-48ff-ba74-87090d7dac84"
"2-s2.0-85180488167","aaa29943-ac9e-4bb9-9871-34e49053c48f"
"2-s2.0-85180488167","da44a22f-4b82-41f0-a830-3ffe6095074f"
"2-s2.0-85180488167","a81b3148-aa8b-40eb-94e9-77db4aa445a3"
"2-s2.0-85180488167","e13a7bcb-7544-498e-9bf7-877fb588c046"
"2-s2.0-85180488167","476fe36b-5b86-488c-970c-df9401df2680"
"2-s2.0-85180488167","450377db-404c-409c-be89-3fce1ca6a01d"
"2-s2.0-85180488167","67f23eec-c027-43f6-8712-e6a4a30707ca"
"2-s2.0-85180488167","bec403c6-fb57-4a62-894e-ca90560806d8"
"2-s2.0-85180488167","7572190b-58a2-4990-be78-a6f53ff95848"
"2-s2.0-85180488167","b6f92ae1-04d5-4002-8901-259f711c6d11"
"2-s2.0-85180488167","c987c318-42b0-40a6-9787-8014c9f00d30"
"2-s2.0-85180488167","57e6ea81-0418-4e39-8dde-88806fa1a7b5"
"2-s2.0-85099005983","8d8819e9-32e5-4d43-8b7f-9c223f108a5e"
"2-s2.0-85099005983","5e9688a1-780b-4fed-8287-afb5e2ae17f5"
"2-s2.0-85099005983","f5ffd37b-e69e-48cc-9550-deb1699dbcdc"
"2-s2.0-85099005983","1af12143-af6a-42fc-871c-29ffed600d2a"
"2-s2.0-85099005983","1ddc5053-ce50-43c0-b998-dbbb3ab293dc"
"2-s2.0-85099005983","df92559b-7559-4de0-b9e7-ad902d46364a"
"2-s2.0-85175699890","f5ffd37b-e69e-48cc-9550-deb1699dbcdc"
"2-s2.0-85175699890","69a30183-8bfc-4834-b0c8-35d5d2793535"
"2-s2.0-85175699890","87266131-27c4-429b-9007-01efb2cd3892"
"2-s2.0-85175699890","df92559b-7559-4de0-b9e7-ad902d46364a"
"2-s2.0-85175699890","4b9eaaac-e76f-4ef9-9e05-5b03b6a3c6b7"
"2-s2.0-85143637863","95c14cb1-25bb-4d91-a1eb-30dbb3e18861"
"2-s2.0-85143637863","83ecf894-53dd-496e-a9c0-5def69746bfe"
"2-s2.0-85143637863","c9522945-4bb5-4450-9f84-0f56bb60ffdc"
"2-s2.0-85143637863","917abbc7-373c-4149-babf-14e515532913"
"2-s2.0-85143637863","bdd36e49-275b-41ab-b71e-ceed5d5b0993"
"2-s2.0-85143637863","e696ad48-604e-4677-92f2-2bc123e46852"
"2-s2.0-85143637863","79fb96d0-d63d-41dd-9c95-855cbf48104c"
"2-s2.0-85143637863","894745e3-f4c4-4c0d-912b-9559875b5fa7"
"2-s2.0-85143637863","2055abd8-9ed1-4a18-b68d-065272a62544"
"2-s2.0-85142315500","301286f9-5759-4fe3-b729-fbeafaea7640"
"2-s2.0-85142315500","0d830de8-04e5-49f4-99f9-f72203bcb1b6"
"2-s2.0-85142315500","ff60a88e-3b5d-477c-8838-bf4f3c6a6cde"
"2-s2.0-85184514492","ef3fab5b-1b1b-44c9-a74a-1a37b89a649e"
"2-s2.0-85184514492","1fe0f4dd-a00c-40a3-a666-5730c97af722"
"2-s2.0-85184514492","003b18c6-8038-4b75-b407-7661818ada60"
"2-s2.0-85184514492","00609c35-7ab2-4d55-8f91-54182f628986"
"2-s2.0-85184514492","39b2ed29-2ffc-4602-99a1-2411b3193daf"
"2-s2.0-85184514492","8f3900b9-ad52-468f-8808-fc6d6c98f480"
"2-s2.0-85138517489","d9dc1d6e-49c6-4e9a-a544-a6afd609c722"
"2-s2.0-85138517489","0fc95e5d-b98f-4ece-8993-840ec1034698"
"2-s2.0-85138517489","ae3146fa-7294-4b1e-be15-8f6f883c6791"
"2-s2.0-85138517489","9983f7c7-4061-4824-905b-d30117b1d9c3"
"2-s2.0-85138517489","424a24ea-1978-4d0f-a3d0-189a55069b02"
"2-s2.0-85130703864","2c540732-4a5f-4160-982a-03446a09b788"
"2-s2.0-85130703864","aef25576-f1f5-4809-8600-6ac364a991f3"
"2-s2.0-85130703864","d4440a01-69eb-4a31-ba14-12df7dcf0275"
"2-s2.0-85130703864","22ad06b2-e196-4938-84a2-5d22df782fcb"
"2-s2.0-85144986923","301286f9-5759-4fe3-b729-fbeafaea7640"
"2-s2.0-85144986923","1cd6ae14-c4a8-4d70-bcd1-e4dd35a23b80"
"2-s2.0-85144986923","2e0c1b75-fdf1-4da3-ad76-b7370b623084"
"2-s2.0-85144986923","4b809575-4644-4e68-86fc-b69206138902"
"2-s2.0-85144986923","c5398bbc-337e-42d2-a9e5-ba03b9c8ac7b"
"2-s2.0-85104492172","4f703934-c21d-425a-b6c2-e011ec61632b"
"2-s2.0-85104492172","8116da5d-4b4f-4378-8a89-3ff06a3afb30"
"2-s2.0-85104492172","63eaf7b9-b668-4b46-ac9f-76916354badc"
"2-s2.0-85104492172","83f38393-2bdb-4ea0-849f-5e95cc19100b"
"2-s2.0-85104492172","a51e73e0-047c-4305-bce2-227eeadf4806"
"2-s2.0-85127319916","3e345e20-1d5f-4c3e-b775-2909f1a90f46"
"2-s2.0-85127319916","3a081d6c-7282-4949-834e-6e36d52f16ce"
"2-s2.0-85127319916","4bc728cd-52e0-48ab-8098-275fb87e4933"
"2-s2.0-85127319916","4abfbc54-0213-41c7-85b7-62083aa5f95c"
"2-s2.0-85127319916","c5303c16-1f00-4578-98c7-a387bd77727d"
"2-s2.0-85127319916","c954aee6-7465-4010-8d77-62fd6799eb5d"
"2-s2.0-85127319916","322678af-8998-40bb-a6d2-2bc8df39ed79"
"2-s2.0-85127319916","732615a1-7080-4802-a32a-c0895bf0bec9"
"2-s2.0-85161323162","2e4e74be-b996-4855-b6cf-4a8d0f2b76e6"
"2-s2.0-85161323162","2828ff21-cd87-48c0-bf62-431f40c6fa7c"
"2-s2.0-85161323162","23eca307-0684-4ec5-9ca6-24a6afbd4fa4"
"2-s2.0-85161323162","c5303c16-1f00-4578-98c7-a387bd77727d"
"2-s2.0-85161323162","c5398bbc-337e-42d2-a9e5-ba03b9c8ac7b"
"2-s2.0-85161323162","bf639d0e-1307-4fa3-a60c-d7e2831d7f7b"
"2-s2.0-85118877429","46d6434d-e1aa-4f7e-b626-c16a74e84b9f"
"2-s2.0-85118877429","2e4e74be-b996-4855-b6cf-4a8d0f2b76e6"
"2-s2.0-85118877429","2327944c-459a-4f08-b1a8-c7113d3746b6"
"2-s2.0-85118877429","4a2da75e-d6dd-4142-ba5a-61607099b56f"
"2-s2.0-85190590083","e6fae440-12bc-48f7-925a-32638c7d1e76"
"2-s2.0-85190590083","e1183bca-470a-4567-a934-505f346e07c1"
"2-s2.0-85190590083","13d5e096-68a2-46dc-836f-044ec1860c6c"
"2-s2.0-85190590083","8289678c-2e4b-488b-8551-f5c69a28b9ed"
"2-s2.0-85190590083","8eb952a1-a3dd-451e-a6b5-2d1c15e51470"
"2-s2.0-85190590083","9b935714-16d1-41a5-a876-78f7bf302f8b"
"2-s2.0-85170659126","1defa008-f0d1-4a61-922e-e8a0e26bd466"
"2-s2.0-85170659126","10fe957d-b153-441b-9d14-b642ec98ae3d"
"2-s2.0-85170659126","ce47d575-eede-4522-ad08-480d0a1d6127"
"2-s2.0-85170659126","26122483-b415-4cdb-897e-1b8252b64f2e"
"2-s2.0-85167798644","f21f90a9-61bc-406c-bd01-9fbdc353b444"
"2-s2.0-85167798644","fe2f1f82-179f-487d-a6f9-3300899d3dc5"
"2-s2.0-85167798644","4a2da75e-d6dd-4142-ba5a-61607099b56f"
"2-s2.0-85167798644","770de5c7-161f-479e-9c18-c56b1783fa24"
"2-s2.0-85138075409","324fe923-bc59-4884-9a87-7d4096f80bc5"
"2-s2.0-85138075409","db3c6296-31d8-4a2a-8fa7-d68d0d6bee72"
"2-s2.0-85138075409","127f751b-c349-47fe-b266-a6ebdd9ce731"
"2-s2.0-85138075409","f7698f26-c63d-47ef-a0e7-8730a593b299"
"2-s2.0-85138075409","ad494660-40e1-4b05-b29d-7e3a893d7dd1"
"2-s2.0-85138075409","e0e2fd6d-3d32-4581-9c56-765751d51b65"
"2-s2.0-85138075409","f09f0815-54df-4028-a09a-43d5a4ef86df"
"2-s2.0-85138075409","6881aa14-aa93-4e8e-8e34-66c6e25fcb5e"
"2-s2.0-85138075409","ba0fcd30-5dd9-461e-bdd8-8f7a00379734"
"2-s2.0-85138075409","7e3247f6-8ea9-44de-8932-eb7cf386200d"
"2-s2.0-85138075409","1f243575-ec8b-42dd-8a2b-f65f2abf1cbd"
"2-s2.0-85138075409","e843295d-c9a3-497c-8209-14a0ad882e22"
"2-s2.0-85111971188","885b6016-90eb-44a4-a5a6-b7918f33c9f4"
"2-s2.0-85111971188","c20c5977-e59d-4381-a77b-57e7104a8164"
"2-s2.0-85111971188","e0fdd4ca-c1e3-4283-82bb-2fba428520ea"
"2-s2.0-85177439490","e337d69f-ac1e-4da6-be09-eef466f3dfa5"
"2-s2.0-85177439490","36463775-0dc7-4ae6-9a5f-c7609d453337"
"2-s2.0-85177439490","c5303c16-1f00-4578-98c7-a387bd77727d"
"2-s2.0-85177439490","270ea0d9-cd8f-4517-ad9e-55785643224a"
"2-s2.0-85177439490","beb8ecab-41e0-4d22-a840-1942ef38e4dd"
"2-s2.0-85186930141","29691769-7307-4e35-9d0a-a4ff22b99d3a"
"2-s2.0-85186930141","149c306c-2be4-4fe5-912d-0bc851b194e2"
"2-s2.0-85186930141","b8a30e25-37d4-4a80-b1ba-32eb1393834b"
"2-s2.0-85186930141","003579e8-906f-46d4-bd82-5d87dc328e6b"
"2-s2.0-85186930141","7572190b-58a2-4990-be78-a6f53ff95848"
"2-s2.0-85186930141","0c6fce94-4698-4516-bd08-fdc0745609e9"
"2-s2.0-85186930141","2ea22b2e-e2fc-40bc-b49d-feafcd0fd497"
"2-s2.0-85172475721","8dbf3523-a682-405b-9b36-b21ea3f128af"
"2-s2.0-85172475721","a7e42c8a-a391-4ce6-bf9b-7d0ebcc93433"
"2-s2.0-85172475721","b3bcccda-9b75-4550-9bcd-85aaceb0b4af"
"2-s2.0-85172475721","d9a58fa6-695f-49dc-9b7d-da0987e7c176"
"2-s2.0-85106037341","cb6b286c-8452-49ab-9cb5-4886b50396ee"
"2-s2.0-85106037341","444d6e4b-8e57-4649-b195-2dd2d6db6b03"
"2-s2.0-85106037341","5607ad3e-e710-47e2-950c-28c63f916a3b"
"2-s2.0-85106037341","92f59a1f-6b3c-4fdc-8751-30c68f5b882d"
"2-s2.0-85156262842","41365252-227f-4392-ab4b-27271dd5a5e1"
"2-s2.0-85156262842","3150b5f6-5071-4166-8101-1d3cd7e26467"
"2-s2.0-85156262842","abd25d59-2856-4249-a5d6-5e8f119f7907"
"2-s2.0-85156262842","c5303c16-1f00-4578-98c7-a387bd77727d"
"2-s2.0-85156262842","2a88eef3-433a-432d-8be0-832c14acaa00"
"2-s2.0-85156262842","52a77543-0495-48c5-9e27-bf6f2438952e"
"2-s2.0-85173751983","713c130e-ba9a-48d6-9e1b-12110cbe8169"
"2-s2.0-85173751983","f21f90a9-61bc-406c-bd01-9fbdc353b444"
"2-s2.0-85173751983","dd67ac9c-668a-42a2-b920-1daa90c73383"
"2-s2.0-85173751983","80d0d880-8d08-448c-af1c-528d1ee00e14"
"2-s2.0-85173751983","4a2da75e-d6dd-4142-ba5a-61607099b56f"
"2-s2.0-85179075902","8b289b67-1bd7-4808-b738-65ce03d409b1"
"2-s2.0-85179075902","d88736a7-0c34-4892-ad80-8229bd3850ff"
"2-s2.0-85179075902","fbb4e1d4-82bf-4695-8fa5-728e0d4c4d82"
"2-s2.0-85123542732","c732809c-9b44-463f-afb7-61cdabb155e2"
"2-s2.0-85123542732","ec871416-be42-4702-9ce6-9e7184b71095"
"2-s2.0-85123542732","0132f42f-87e5-4193-8ea1-56efc693d4ea"
"2-s2.0-85123542732","b4776010-f940-46b5-a124-878b98919221"
"2-s2.0-85123542732","6af57410-7dad-4f58-af95-986c12bcabd2"
"2-s2.0-85188731518","c732809c-9b44-463f-afb7-61cdabb155e2"
"2-s2.0-85188731518","23580f58-d6c1-4d2f-b7aa-bcef0d1fa096"
"2-s2.0-85188731518","2b6846ee-5ce2-4799-ab79-e76a2c1f5c88"
"2-s2.0-85188731518","daa963b4-d535-4804-b0a3-5751c8bfe45b"
"2-s2.0-85188731518","7801304a-a4bb-40c6-b569-07179742bbf3"
"2-s2.0-85188731518","71da4e84-ad9a-4ff9-9374-010bf6008955"
"2-s2.0-85127869936","c0293a17-b251-4bf1-906f-50f95b09744e"
"2-s2.0-85127869936","d1d325e1-93bd-49b3-be5d-b30bf0da78da"
"2-s2.0-85127869936","b7ec284c-8e2f-4512-b616-9b70ede544d7"
"2-s2.0-85127869936","950b403e-3904-4636-8c0d-c01818e4ebe9"
"2-s2.0-85127869936","69c55019-e60a-4fbd-889a-6f6381e23d4a"
"2-s2.0-85151536783","301286f9-5759-4fe3-b729-fbeafaea7640"
"2-s2.0-85151536783","06b0a2db-7f4b-4643-95cd-b077f332e828"
"2-s2.0-85151536783","0192e473-9b57-482e-be2c-d950310aacfa"
"2-s2.0-85151536783","19d948c9-b7de-4975-9cbd-db57842a648a"
"2-s2.0-85151536783","9e24f7ff-f712-439c-80ee-49a55bdee42c"
"2-s2.0-85151536783","db863e75-6d4b-41ad-b080-bc3a141894d3"
"2-s2.0-85133506373","939a96ba-bc70-4c32-86a7-efd81466a2a8"
"2-s2.0-85133506373","416e84af-2bbe-4571-8094-acf5ce7d6837"
"2-s2.0-85133506373","0655c3c8-2f71-434a-a351-7bbe88b3215a"
"2-s2.0-85133506373","b03d2cce-7c91-4af0-af3d-a9c8ab506b40"
"2-s2.0-85133506373","29da59ce-1746-4682-8b7e-9c20d1966d74"
"2-s2.0-85125892630","ed4268a5-2e06-4dcc-888d-4599cc3b6902"
"2-s2.0-85125892630","a41ca836-124c-4007-be15-01cca817e68a"
"2-s2.0-85125892630","35c260e9-8509-427c-9987-bafc7e6784fb"
"2-s2.0-85125892630","ceb27848-cea8-407b-8c15-f47f9ad8b239"
"2-s2.0-85129314895","6f9a94c5-ffca-41c7-81da-02f63d0d1b86"
"2-s2.0-85129314895","e06c7c23-6256-40d4-a760-ec2f71cd1889"
"2-s2.0-85129314895","5703880e-0071-4233-951d-8f273fb48962"
"2-s2.0-85129314895","b3bafd61-e4ba-44cf-9647-33fce563ff90"
"2-s2.0-85129314895","6e603ef4-4927-413c-9004-ae15b655d14b"
"2-s2.0-85139093557","12180c9b-2ef4-4756-a03e-b825bf65d903"
"2-s2.0-85139093557","b888f433-2081-457a-96d6-f19757e403ac"
"2-s2.0-85139093557","ab26880e-df6c-446e-bd39-aa1b8cc9847d"
"2-s2.0-85139093557","69fdef68-561e-4aae-b0bf-a032dee1a4cb"
"2-s2.0-85174273200","884f02d1-26b6-4a11-bd03-76f0bc59bf8a"
"2-s2.0-85174273200","ad617f66-9792-46a2-bddb-1fa82317b264"
"2-s2.0-85174273200","d59d362d-2b8e-406f-bcd6-d73993494434"
"2-s2.0-85174273200","2b578d12-d6cf-49f2-95ec-247f0e4b3ff7"
"2-s2.0-85163943874","d50e2ec5-bf58-4f4e-afdd-3caecb177310"
"2-s2.0-85163943874","c061cbc2-d979-42cc-a8e3-b04df8968e11"
"2-s2.0-85163943874","32c21b73-fbe0-4e6a-a083-b66aeea3b496"
"2-s2.0-85163943874","7ac1362a-3d46-421a-88fc-a47f185b122d"
"2-s2.0-85163943874","2327944c-459a-4f08-b1a8-c7113d3746b6"
"2-s2.0-85189015272","3b0bfa89-1db4-42e1-8a9a-f68714027d9e"
"2-s2.0-85189015272","f61c6c70-b226-4447-9021-b5b93cd72dc8"
"2-s2.0-85189015272","63eaf7b9-b668-4b46-ac9f-76916354badc"
"2-s2.0-85189015272","35743505-069b-4f74-9030-6dfe552d13cf"
"2-s2.0-85189015272","e3834457-4be3-4984-b2e7-a19304ad162b"
"2-s2.0-85189015272","c5c84bbc-791b-4be6-a55e-5785d44fc0cc"
"2-s2.0-85103550502","9d919ee0-b92b-453a-8d82-f88b81af68ba"
"2-s2.0-85103550502","76ba17bd-cc7f-4b21-a729-d35e0df9d338"
"2-s2.0-85103550502","8400d59d-5fc2-4e9b-93b5-2d3af8840013"
"2-s2.0-85103550502","079e6a71-a77e-40a8-bb1c-05c0cbcdac93"
"2-s2.0-85103550502","bc407ea7-5b45-40f5-8cc5-fe4052245590"
"2-s2.0-85127413836","baef9ba4-359a-4c64-aeea-c3eab8d89adb"
"2-s2.0-85127413836","4416f23e-f491-4629-9ae4-bb39e9cbeeae"
"2-s2.0-85127413836","a2b99e1a-99f4-4b3a-9a60-7be9775b9d91"
"2-s2.0-85127413836","04d00c62-5424-4cac-9707-c96f72d33f45"
"2-s2.0-85127413836","58695217-2773-4390-8011-206df5a6cd92"
"2-s2.0-85127413836","5d84176a-b38e-429f-aa11-e057aad56c34"
"2-s2.0-85118758577","ce8e851e-6bb5-4ef9-bc75-cc64efe0a2dc"
"2-s2.0-85118758577","9fc9a276-d27c-4a86-aeeb-737a1f937488"
"2-s2.0-85118758577","9a63f7e7-db56-445f-b805-044446c2ef16"
"2-s2.0-85118758577","f61c6c70-b226-4447-9021-b5b93cd72dc8"
"2-s2.0-85118758577","f996a036-180d-48ab-af10-aa01f8ccbbea"
"2-s2.0-85146764078","3e2ddddc-1317-485b-80e8-642ac8337213"
"2-s2.0-85146764078","04d8f223-d3f2-4ed6-9b2a-5f2dee95dc62"
"2-s2.0-85146764078","82951421-3bd5-4acb-b831-cba1832587d4"
"2-s2.0-85174258737","fbcfd083-350f-42f6-a165-1166ccb9d720"
"2-s2.0-85174258737","801e1d66-1388-4594-bfa1-7051494347b9"
"2-s2.0-85174258737","5727fbe0-270b-4a52-ae58-c67d52e3ce1f"
"2-s2.0-85174258737","14cd6238-ff41-44da-bcb0-efb03a775b51"
"2-s2.0-85174258737","4a2da75e-d6dd-4142-ba5a-61607099b56f"
"2-s2.0-85144640872","5169e736-209f-4c08-bf90-adbad148e342"
"2-s2.0-85144640872","c3ef784a-f274-4a9d-8580-e5fa6d64ae0d"
"2-s2.0-85144640872","55065e26-e859-4e24-a4ee-809628b4a6f2"
"2-s2.0-85144640872","4dbaaebd-60a2-4563-b777-587dcc4d5eb5"
"2-s2.0-85144640872","cb90a70f-049e-436b-8686-00c4b9f8c8ba"
"2-s2.0-85144640872","dfe64dcd-152b-4a8c-b4cd-56caf634f0cc"
"2-s2.0-85186541194","713c130e-ba9a-48d6-9e1b-12110cbe8169"
"2-s2.0-85186541194","6038d1a2-7ac2-49a7-b5a5-747b2c805e41"
"2-s2.0-85186541194","6bc6320c-c3dd-493a-9a3a-4bffe1500f2a"
"2-s2.0-85186541194","59529995-d11f-478a-8a34-7bd7d695521a"
"2-s2.0-85186541194","c5303c16-1f00-4578-98c7-a387bd77727d"
"2-s2.0-85186541194","86f71097-5d76-4942-9fc8-0f4d4fb71c5c"
"2-s2.0-85186541194","8579cfb2-12d0-4787-8575-da0c33afe836"
"2-s2.0-85143206570","eab714ed-ca8f-4af1-9380-3b64c8cf8d1c"
"2-s2.0-85143206570","1b8f02e3-01fa-4cf2-a8d0-ec1a1513b96c"
"2-s2.0-85143206570","9fe476c0-03ea-40d2-8c20-3352e108cecd"
"2-s2.0-85143206570","d1292d91-c5ae-45ab-964b-046f30b1d514"
"2-s2.0-85147115879","3a392e47-8b09-419c-8d5a-29ea28e60cec"
"2-s2.0-85147115879","acbf1f47-b3af-404d-b399-d84b553e1486"
"2-s2.0-85147115879","3cfcd36f-3d7b-42bd-a9c9-9e42e5a8a9a4"
"2-s2.0-85147115879","80d0d880-8d08-448c-af1c-528d1ee00e14"
"2-s2.0-85147115879","4a2da75e-d6dd-4142-ba5a-61607099b56f"
"2-s2.0-85144287213","e1131949-eaf8-47fb-a833-c399c70812d5"
"2-s2.0-85144287213","2f688522-615e-4124-b44a-d12f5f3a31b4"
"2-s2.0-85144287213","725836af-0c27-46c5-9895-8deae7b0abe8"
"2-s2.0-85144287213","0fc95e5d-b98f-4ece-8993-840ec1034698"
"2-s2.0-85144287213","1e2a9e71-34dd-4f4c-acf3-68984d6b96fc"
"2-s2.0-85144287213","984dfccf-c4bf-4703-a830-4347c79761f1"
"2-s2.0-85144287213","e22a5b2a-8808-4937-9c67-cee1f288947d"
"2-s2.0-85144287213","e3c8d261-255f-4599-9845-5518229702d3"
"2-s2.0-85129748392","ef3fab5b-1b1b-44c9-a74a-1a37b89a649e"
"2-s2.0-85129748392","2fe98140-91f3-4c13-ab5b-08c65a3e3b3f"
"2-s2.0-85129748392","1cd6ae14-c4a8-4d70-bcd1-e4dd35a23b80"
"2-s2.0-85129748392","859f62ff-1713-4133-a584-f04e57aec409"
"2-s2.0-85178366865","c4f1e6df-e5e7-41e8-b51e-c0f862365954"
"2-s2.0-85178366865","473def90-91e1-4163-8e65-35a66a7edecd"
"2-s2.0-85178366865","f2b3bcbf-65bb-4099-9404-05ec35a426e2"
"2-s2.0-85178366865","afa52d8c-b4e4-47af-8ff8-7c37532a0ee3"
"2-s2.0-85162914415","69c9f381-6bc9-4a00-9097-6e5b5eba542a"
"2-s2.0-85162914415","fe2f1f82-179f-487d-a6f9-3300899d3dc5"
"2-s2.0-85162914415","150ac217-b65c-432d-8fad-979fa5afa951"
"2-s2.0-85162914415","ba97cab7-dc4a-4ed0-8858-6fd89a88cccd"
"2-s2.0-85162914415","346d7f04-19e3-43ee-82ee-056ea09e89b5"
"2-s2.0-85162914415","6c4415cb-f140-4773-9568-8c864b9bf106"
"2-s2.0-85162914415","2fa15779-7502-4823-922b-173cb8aa8cd9"
"2-s2.0-85141945065","378deb38-3fd0-4710-9302-a6b0c8efc5d6"
"2-s2.0-85141945065","9d919ee0-b92b-453a-8d82-f88b81af68ba"
"2-s2.0-85141945065","5b68c8e8-0c17-476b-a2f8-683bde6eb8e2"
"2-s2.0-85141945065","5a2a521c-ca9a-4d57-a0e9-1a9af6cf4850"
"2-s2.0-85141945065","c5303c16-1f00-4578-98c7-a387bd77727d"
"2-s2.0-85182883827","c732809c-9b44-463f-afb7-61cdabb155e2"
"2-s2.0-85182883827","87a05704-9171-4bf1-aa8e-e189996bb403"
"2-s2.0-85182883827","41352ec7-f77a-4b6b-9447-801cdf7135e4"
"2-s2.0-85182883827","700d76f9-3d03-4fc4-96eb-42a68c1f024b"
"2-s2.0-85179317489","415bf02a-c077-4905-b954-8ed728c27799"
"2-s2.0-85179317489","3f0ac43b-be19-42dd-b78b-b24644dfa6f1"
"2-s2.0-85179317489","95bb38e7-16fd-4add-8e3c-615b9a6c29ee"
"2-s2.0-85179317489","676b5ed8-e80b-4966-a1fe-9441025a47dd"
"2-s2.0-85179317489","68a09c3d-4037-4118-b0f4-730deb6b651b"
"2-s2.0-85128864690","93dfb6fa-310f-4d3e-99af-b1d5c046bd2c"
"2-s2.0-85128864690","6ac08895-de6c-4dd8-b4a8-56f77e43e90c"
"2-s2.0-85128864690","3103a516-79d1-421d-b854-df815ff5c231"
"2-s2.0-85128864690","888504b2-7f57-4031-8387-49d3a4bbc4c1"
"2-s2.0-85128864690","4a2da75e-d6dd-4142-ba5a-61607099b56f"
"2-s2.0-85142502815","45e711ab-8686-4d17-a3df-0c5660a45d5b"
"2-s2.0-85142502815","85533980-d7a9-4173-9bdf-2a890cf225b2"
"2-s2.0-85142502815","73b47a37-5af8-42d5-89db-4daabb7c8320"
"2-s2.0-85142502815","8f8564bc-08f6-4db0-8013-edc7d84b20a2"
"2-s2.0-85142502815","201fde00-738a-4a21-8085-1b706e7f7bfc"
"2-s2.0-85142502815","4a2da75e-d6dd-4142-ba5a-61607099b56f"
"2-s2.0-85142757634","301286f9-5759-4fe3-b729-fbeafaea7640"
"2-s2.0-85142757634","e17f74c2-235a-47c6-9ece-0431072cf35a"
"2-s2.0-85142757634","d1b70752-9b69-4f4e-b30e-6e3d07aed468"
"2-s2.0-85142757634","e2050b29-bda4-440c-807d-e447d9a14a3c"
"2-s2.0-85142757634","4ed0bbda-84d8-4eaf-9502-17f0e54460dc"
"2-s2.0-85156100756","9090533b-c73d-4443-b497-29998459a4c8"
"2-s2.0-85156100756","62410cf4-59c1-458f-9b16-61286f66ea28"
"2-s2.0-85156100756","ee00cca9-c476-436c-b63f-980bb0aed75b"
"2-s2.0-85156100756","3f0ac43b-be19-42dd-b78b-b24644dfa6f1"
"2-s2.0-85156100756","f7fa9d52-303d-47bf-a140-41fa75fce32a"
"2-s2.0-85105243252","301286f9-5759-4fe3-b729-fbeafaea7640"
"2-s2.0-85105243252","c3b00460-f607-4785-8b3f-450868829790"
"2-s2.0-85105243252","639f5929-cef2-43c0-a789-99ae40d781f5"
"2-s2.0-85105243252","f189a163-70c3-4870-82fc-fd89f922ea2b"
"2-s2.0-85105243252","6c2763c9-333a-4f35-b702-3f44c7590a8d"
"2-s2.0-85153780111","c1371166-d3ab-4946-8b18-741a40c209e0"
"2-s2.0-85153780111","b8d8f110-1296-4d79-9211-fb9a5938a753"
"2-s2.0-85153780111","36a3d0e2-8a28-4957-a878-dfbd3f0dcc02"
"2-s2.0-85153780111","4a2da75e-d6dd-4142-ba5a-61607099b56f"
"2-s2.0-85178366909","c091ce40-21b8-43b4-8d91-6ca5ea11c81f"
"2-s2.0-85178366909","416e84af-2bbe-4571-8094-acf5ce7d6837"
"2-s2.0-85178366909","61a65ee1-a67b-4d70-99b1-46d4c07356e6"
"2-s2.0-85178366909","218a6b60-0ba4-41fc-adc2-e28dbe388578"
"2-s2.0-85113286336","572c036e-d440-484e-ac47-39587e968201"
"2-s2.0-85113286336","32042ebe-ff33-4eb4-8df7-ba945f48f3b0"
"2-s2.0-85113286336","f422ecb6-235d-4f7c-bb4a-69ed8faaa441"
"2-s2.0-85096399876","b536ee87-b6c2-417d-b9f5-a7468ed40d55"
"2-s2.0-85096399876","db65914a-a28a-4dbc-a4e8-9c0d5b965dfe"
"2-s2.0-85096399876","f3520f48-f544-442c-b9fa-7ce75d81ab53"
"2-s2.0-85096399876","c5303c16-1f00-4578-98c7-a387bd77727d"
"2-s2.0-85096399876","3b5ab5d0-f029-400c-8a1b-a104c623a81e"
"2-s2.0-85089755438","f3520f48-f544-442c-b9fa-7ce75d81ab53"
"2-s2.0-85089755438","ac9db575-de78-42f6-a639-96e0d6ddbe63"
"2-s2.0-85089755438","acbf1f47-b3af-404d-b399-d84b553e1486"
"2-s2.0-85089755438","003579e8-906f-46d4-bd82-5d87dc328e6b"
"2-s2.0-85089755438","8dfe8473-8dce-41f6-a631-83eca5739e31"
"2-s2.0-85089755438","4e5c47a1-f591-414f-bc49-cff857a5732f"
"2-s2.0-85073074277","ebb17d41-876d-46d2-b838-14526c06db09"
"2-s2.0-85073074277","6bc6320c-c3dd-493a-9a3a-4bffe1500f2a"
"2-s2.0-85073074277","5948f451-32ed-4dba-ab57-47f5373f81d3"
"2-s2.0-85091881694","cb0e03eb-f48e-4230-8568-71777ae8e966"
"2-s2.0-85091881694","cff6a184-617b-4a7b-b41f-b5d1310aebd6"
"2-s2.0-85091881694","a44d813b-ab21-4bf8-a0a2-97bac3353dd1"
"2-s2.0-85091881694","62081ea7-08d7-4240-9e1d-1f521e81ea78"
"2-s2.0-85091881694","4b809575-4644-4e68-86fc-b69206138902"
"2-s2.0-85087164686","301286f9-5759-4fe3-b729-fbeafaea7640"
"2-s2.0-85087164686","1cd6ae14-c4a8-4d70-bcd1-e4dd35a23b80"
"2-s2.0-85087164686","ad617f66-9792-46a2-bddb-1fa82317b264"
"2-s2.0-85087164686","badd7f2f-8786-466d-9099-b713bbf4cff9"
"2-s2.0-85087164686","1ae9610a-7c6b-427b-b029-e9146ad6a167"
"2-s2.0-85092596322","10702790-a673-4e06-8f8d-045473fa17e6"
"2-s2.0-85092596322","aaf289ad-38fd-4f79-9254-5e509e3167d0"
"2-s2.0-85092596322","e39adfcd-c417-4237-86e0-6b3ae55852d3"
"2-s2.0-85092596322","4a2da75e-d6dd-4142-ba5a-61607099b56f"
"2-s2.0-85074511166","0708a5bf-fd38-465e-aa4a-045868390583"
"2-s2.0-85074511166","7dea48f3-5285-4618-8b9c-4763ef632b6c"
"2-s2.0-85074511166","59b37f7a-e69c-49a1-9201-ca223d828f40"
"2-s2.0-85074511166","99d12249-4098-4195-9ca4-e116d12c69c1"
"2-s2.0-85074511166","41e8909f-ee00-4baf-a148-ba991ba1a0e6"
"2-s2.0-85062332189","e06c7c23-6256-40d4-a760-ec2f71cd1889"
"2-s2.0-85062332189","3bf83530-0103-455a-be78-e5e70de66be2"
"2-s2.0-85062332189","adf45f4a-1109-4869-8533-f7f33cd37a04"
"2-s2.0-85062332189","374eae50-21a2-45dc-b3d1-c449684ac131"
"2-s2.0-85062332189","6375771a-d9ad-4c35-9471-80ed21924d70"
"2-s2.0-85062332189","41873ee3-1fb8-49aa-9ad3-5c29f03375dd"
"2-s2.0-85095876854","46f929b1-e4f9-49d5-9fcc-e11a764640fe"
"2-s2.0-85095876854","c9150e7e-d221-40f4-84f4-72306d3dcf07"
"2-s2.0-85095876854","aeec7aac-0496-40a1-97fb-cd51f876bb70"
"2-s2.0-85095876854","7d6cfcfd-1b48-4cf5-9dc8-ee610bcf0ee5"
"2-s2.0-85095876854","322678af-8998-40bb-a6d2-2bc8df39ed79"
"2-s2.0-85088432675","301286f9-5759-4fe3-b729-fbeafaea7640"
"2-s2.0-85088432675","5798d7fb-af82-43cc-8b7e-dc3a4e24ca6c"
"2-s2.0-85088432675","b4cb8f45-0e65-40c2-8150-05970f340c28"
"2-s2.0-85088432675","c091ce40-21b8-43b4-8d91-6ca5ea11c81f"
"2-s2.0-85065967738","301286f9-5759-4fe3-b729-fbeafaea7640"
"2-s2.0-85065967738","06b0a2db-7f4b-4643-95cd-b077f332e828"
"2-s2.0-85065967738","8889e6ae-f63d-4ef8-9ffc-465a55e0c07f"
"2-s2.0-85065967738","9e24f7ff-f712-439c-80ee-49a55bdee42c"
"2-s2.0-85065967738","4a2da75e-d6dd-4142-ba5a-61607099b56f"
"2-s2.0-85091248416","8bf36227-0565-44f4-92e9-ef931c857232"
"2-s2.0-85091248416","d3b33edc-8e69-4ec6-8549-ae48b9de9a74"
"2-s2.0-85091248416","6d856e65-6f8b-40dc-9896-0d37081b788b"
"2-s2.0-85091248416","baf52d52-f919-43a4-be63-b80b5babc851"
"2-s2.0-85091248416","42abd09e-77d8-4472-9d48-9458dd7d4c31"
"2-s2.0-85108850760","fbd07866-6075-4c18-9fe2-76b665d19d5c"
"2-s2.0-85108850760","5a039f7d-b6f0-4f24-a051-2f3191b1f2ab"
"2-s2.0-85108850760","21224102-bd47-44e6-b09c-94a2358b0395"
"2-s2.0-85108850760","cb55b07e-5d92-46d8-879b-ef751949311b"
"2-s2.0-85108850760","7f2f9531-5aab-4aaf-9f2d-541ece09db2e"
"2-s2.0-85108850760","13e57f97-12be-4a02-9486-9799d118192f"
"2-s2.0-85081551954","301286f9-5759-4fe3-b729-fbeafaea7640"
"2-s2.0-85081551954","6fc2c78e-bdf0-460f-bf85-bcbc5f5d5436"
"2-s2.0-85081551954","ed715b0b-e340-4fe9-837b-350c2ddbfa60"
"2-s2.0-85081551954","65e7a01c-be7f-4e78-8e34-5f449fa73075"
"2-s2.0-85081551954","4a2da75e-d6dd-4142-ba5a-61607099b56f"
"2-s2.0-85078052315","74c1c410-1f4a-4491-bf76-73d626040b66"
"2-s2.0-85078052315","51790e47-1fe5-419e-bc83-4a2cb0f80828"
"2-s2.0-85078052315","c50fe5f4-ab5f-4459-88e7-1171dfd62f75"
"2-s2.0-85078052315","4a2da75e-d6dd-4142-ba5a-61607099b56f"
"2-s2.0-85111303098","301286f9-5759-4fe3-b729-fbeafaea7640"
"2-s2.0-85111303098","5a628c28-6520-4858-99d6-06aea59ad2b6"
"2-s2.0-85111303098","57cdd66c-5e0e-471f-acaa-cc5687b60b0b"
"2-s2.0-85111303098","2456a4e3-308f-40a1-9035-9e259d6d9a48"
"2-s2.0-85111303098","4a2da75e-d6dd-4142-ba5a-61607099b56f"
"2-s2.0-85102883991","ef3fab5b-1b1b-44c9-a74a-1a37b89a649e"
"2-s2.0-85102883991","e3dc756b-351a-4972-b621-bc10b6979812"
"2-s2.0-85102883991","46e0b45a-6485-47e7-b5f0-ee0104f35889"
"2-s2.0-85102883991","8dfe8473-8dce-41f6-a631-83eca5739e31"
"2-s2.0-85102883991","38e6adf5-4907-4246-9f4c-9112e56cc0e2"
"2-s2.0-85076162915","ce8e851e-6bb5-4ef9-bc75-cc64efe0a2dc"
"2-s2.0-85076162915","8e013229-6922-43b4-8ddd-851ce2425dc8"
"2-s2.0-85076162915","235dc854-5f13-4f39-af1f-293e0f8c76f4"
"2-s2.0-85076162915","b0b700a1-3e6d-4e87-acf5-5554d5bb2b4c"
"2-s2.0-85076162915","2a88eef3-433a-432d-8be0-832c14acaa00"
"2-s2.0-85065975354","0b4e0fd0-9879-459e-8aef-6a6a43dd9cec"
"2-s2.0-85065975354","f21f90a9-61bc-406c-bd01-9fbdc353b444"
"2-s2.0-85065975354","78595446-c7aa-4db2-aed2-49efd81fa2ae"
"2-s2.0-85065975354","653374cf-5214-46f8-91b6-62cd359b9324"
"2-s2.0-85065975354","4a2da75e-d6dd-4142-ba5a-61607099b56f"
"2-s2.0-85091464344","5aa8e2ed-c7ea-4857-80b9-15a909639f2d"
"2-s2.0-85091464344","6c55e963-ab6d-4a5a-a76c-31e69b56df3d"
"2-s2.0-85091464344","c5303c16-1f00-4578-98c7-a387bd77727d"
"2-s2.0-85091464344","64c0ef86-4f15-49b7-bef2-6d0abe1823ae"
"2-s2.0-85064530368","301286f9-5759-4fe3-b729-fbeafaea7640"
"2-s2.0-85064530368","91e5635e-991a-49e9-bca6-d2ac136a30e8"
"2-s2.0-85064530368","c6da1dc8-28a6-480f-9c71-c71f64cda68a"
"2-s2.0-85064530368","264d7a07-6824-46e8-acda-37b52986659c"
"2-s2.0-85064530368","6c962894-27be-4a59-8247-14011146c0b3"
"2-s2.0-85064530368","eaaf626c-0e3b-466c-9482-062c22e968b6"
"2-s2.0-85064530368","c9925da6-4a2f-4351-9222-f38f63b3db2b"
"2-s2.0-85095720110","5cbaac3a-0b87-405a-b4f4-1a093eb73aea"
"2-s2.0-85095720110","9d865e60-8076-4603-a98c-c43beef699df"
"2-s2.0-85095720110","f3520f48-f544-442c-b9fa-7ce75d81ab53"
"2-s2.0-85095720110","b0cdb973-8c38-48c6-bc02-5433f1750e14"
"2-s2.0-85095720110","8e197989-70c8-4d68-9ccd-9fedc93bc244"
"2-s2.0-85095720110","f58a726e-f78d-461f-949e-cb3a42dec9a8"
"2-s2.0-85095720110","b9c1d78b-9d6c-4915-931f-b39a5241e435"
"2-s2.0-85122739825","d89e769c-c5b5-4017-8cee-95e38c2667f7"
"2-s2.0-85122739825","d78faa9f-54e1-4da0-a60d-270ac7ec0fa1"
"2-s2.0-85122739825","ef53f20d-409f-442c-9095-c91d4f965078"
"2-s2.0-85122739825","1364dcfb-c633-4f43-abdf-2750832e5310"
"2-s2.0-85105123193","97f311f8-b624-4b9e-9131-954d24fbb074"
"2-s2.0-85105123193","1ba390a2-f2a5-435a-9ca1-dff029452deb"
"2-s2.0-85105123193","3be82635-8918-4acb-911c-83a392a79b99"
"2-s2.0-85098096022","301286f9-5759-4fe3-b729-fbeafaea7640"
"2-s2.0-85098096022","dcca0ce8-3d88-410f-b2f1-be2de1f26b27"
"2-s2.0-85098096022","4f6677a4-af0d-47ea-9a6d-e94e8543e863"
"2-s2.0-85098096022","4ae2f9ec-899c-4edb-a1e9-f1cd9d3cb748"
"2-s2.0-85073105693","2224f25b-001f-4c8c-a57b-fcd6585e103a"
"2-s2.0-85073105693","5e6bc798-2662-4beb-818d-36a218df5026"
"2-s2.0-85073105693","36a3d0e2-8a28-4957-a878-dfbd3f0dcc02"
"2-s2.0-85073105693","4a2da75e-d6dd-4142-ba5a-61607099b56f"
"2-s2.0-85073105693","f4ea78a0-0ebc-4ce4-9516-11ee34c5aa57"
"2-s2.0-85058112114","502b3c12-b410-4b85-96b0-c204185ea43d"
"2-s2.0-85058112114","3ad61cdc-e1a6-4c3c-89d1-7704cdf3f666"
"2-s2.0-85058112114","5e9688a1-780b-4fed-8287-afb5e2ae17f5"
"2-s2.0-85058112114","5d95190c-ea86-438d-ab02-2b597ddbd0ad"
"2-s2.0-85094932101","6bdeb9a6-5a33-479d-922c-b0ffb49e46c0"
"2-s2.0-85094932101","26632c8a-37f7-4859-bc28-a7f523b7da30"
"2-s2.0-85094932101","f572b79b-3957-4f6d-88da-68b12a4742e3"
"2-s2.0-85094932101","f97d5989-ab04-497c-9473-e8d5e885d4cb"
"2-s2.0-85077657408","5ca46116-25da-4b36-8bc3-d3501f7e10be"
"2-s2.0-85077657408","a6302807-462f-471f-a6ef-84d1a83fc637"
"2-s2.0-85077657408","5fd95d87-6476-4282-998d-bb22a7de3fa9"
"2-s2.0-85077657408","4a2da75e-d6dd-4142-ba5a-61607099b56f"
"2-s2.0-85114431868","301286f9-5759-4fe3-b729-fbeafaea7640"
"2-s2.0-85114431868","b4ef7f4a-0795-41e1-8456-64d6edc16008"
"2-s2.0-85114431868","4278efed-94de-4294-a514-e58e0b8d0f63"
"2-s2.0-85114431868","127f751b-c349-47fe-b266-a6ebdd9ce731"
"2-s2.0-85067993095","301286f9-5759-4fe3-b729-fbeafaea7640"
"2-s2.0-85067993095","962bb586-501a-42e0-8294-e419331a20b2"
"2-s2.0-85067993095","2809c699-58a3-4ee7-bbcf-99d0e5bb0815"
"2-s2.0-85067993095","c5303c16-1f00-4578-98c7-a387bd77727d"
"2-s2.0-85067993095","c5398bbc-337e-42d2-a9e5-ba03b9c8ac7b"
"2-s2.0-85060153362","91965177-817e-473e-91d1-ab64fc13eb1f"
"2-s2.0-85060153362","c7124128-857e-4cb1-95ec-545f908554f2"
"2-s2.0-85060153362","3a3eb60e-1c91-47b8-b68a-5f2b800bb830"
"2-s2.0-85060153362","a9462ff7-f1e9-45c4-953a-24383b8a638b"
"2-s2.0-85060153362","7679a5ac-eb8f-4aa8-b44f-d23ddbf3e973"
"2-s2.0-85060153362","c31ddbda-1e4b-4414-95fb-e439050c1e6f"
"2-s2.0-85060153362","9d13a79f-ffe9-470c-99c5-943c074c801b"
"2-s2.0-85147778405","301286f9-5759-4fe3-b729-fbeafaea7640"
"2-s2.0-85147778405","b9bf4be4-b782-4caf-abb1-4be4e98772bd"
"2-s2.0-85147778405","1fc1d5d9-74aa-4980-aa7c-e555e5322e03"
"2-s2.0-85092598485","36463775-0dc7-4ae6-9a5f-c7609d453337"
"2-s2.0-85092598485","9f4a17d3-9cc9-43d3-8430-5b9b2ba21958"
"2-s2.0-85092598485","618ab2c9-850b-47c5-94a0-46f403bf735d"
"2-s2.0-85092598485","4a2da75e-d6dd-4142-ba5a-61607099b56f"
"2-s2.0-85092598485","8dd01ce4-2f56-4ba3-b594-181a52c367ea"
"2-s2.0-85101454060","c0293a17-b251-4bf1-906f-50f95b09744e"
"2-s2.0-85101454060","eebf7aa5-88ac-4e05-be91-c831b4df74f6"
"2-s2.0-85101454060","5e9688a1-780b-4fed-8287-afb5e2ae17f5"
"2-s2.0-85101454060","1ddc5053-ce50-43c0-b998-dbbb3ab293dc"
"2-s2.0-85101454060","baf52d52-f919-43a4-be63-b80b5babc851"
"2-s2.0-85053693704","e8716d91-34e8-4b8e-9453-6e1c433671c4"
"2-s2.0-85053693704","0fd5c73c-9613-48e3-a90d-1747397d0d8e"
"2-s2.0-85053693704","304f0c9e-bc70-40bb-85d8-53ce0363c500"
"2-s2.0-85053693704","fa058f7e-15ac-4e15-b88c-d4f4bb51bed4"
"2-s2.0-85053693704","fc91fa42-4129-4152-a0e6-2a464520506f"
"2-s2.0-85053693704","78716a99-f03e-4ed1-aac8-06f23261813b"
"2-s2.0-85053693704","d0b70ca3-e8d3-4924-9cf5-37c5869ee8d5"
"2-s2.0-85104342983","9d919ee0-b92b-453a-8d82-f88b81af68ba"
"2-s2.0-85104342983","e4615d9b-c0fb-4e74-ab55-eaefddbd44e2"
"2-s2.0-85104342983","b1b76765-e213-4304-bb70-319d62cbc406"
"2-s2.0-85104342983","801e1d66-1388-4594-bfa1-7051494347b9"
"2-s2.0-85104342983","15cfc8fc-69ba-4a7c-9c6e-ec19d6e2d7fa"
"2-s2.0-85104342983","b0efa1d3-4f24-4000-8ea6-9a3a85aac046"
"2-s2.0-85104342983","2216159b-a711-42e6-85a7-c83e91fe244e"
"2-s2.0-85104342983","4494fb26-beca-4f2f-81b3-416c220af78c"
"2-s2.0-85104342983","fac9cca4-6bf6-4757-8ad4-8c1354e664bf"
"2-s2.0-85104342983","4a2da75e-d6dd-4142-ba5a-61607099b56f"
"2-s2.0-85099114927","cc62fb71-1813-49a9-b2dc-d8c44e48ce83"
"2-s2.0-85099114927","56a5a8eb-85f6-473f-88cf-ef521386036e"
"2-s2.0-85099114927","e8be654a-3927-4702-9f93-779643dd15ad"
"2-s2.0-85099114927","9eabdfde-c703-4b5d-ab7d-ffc7df168ed0"
"2-s2.0-85099114927","8b638dcf-cdc4-465e-bca8-742996104030"
"2-s2.0-85099114927","966842b2-eeae-46d7-b30a-8bbe4b10ca40"
"2-s2.0-85090671054","2828ff21-cd87-48c0-bf62-431f40c6fa7c"
"2-s2.0-85090671054","7b42453f-afad-4643-bbe6-c57af60b28a5"
"2-s2.0-85090671054","36463775-0dc7-4ae6-9a5f-c7609d453337"
"2-s2.0-85090671054","e223ff01-ee56-4c00-978f-3842fd5c294e"
"2-s2.0-85067686831","4449d679-f381-4969-89a0-c65c94cf4c34"
"2-s2.0-85067686831","a85bfb40-9dd0-478c-9260-3f188ebcec34"
"2-s2.0-85067686831","056f7de2-8c6d-4b7d-b08e-20ee87c41c74"
"2-s2.0-85067686831","4b809575-4644-4e68-86fc-b69206138902"
"2-s2.0-85067686831","cb532dc3-cc66-432d-ac7b-74db571a3bd9"
"2-s2.0-85113806664","601c7a3a-6f97-4816-84a3-2d7cf9da7104"
"2-s2.0-85113806664","5589352f-13b0-4dac-8a96-7c3c4b4974e3"
"2-s2.0-85113806664","4ef1cabd-b338-4174-95e8-4c98b7e1c293"
"2-s2.0-85113806664","7da5035c-4f20-4494-a9da-eb5596003555"
"2-s2.0-85113806664","eb2aead3-c35d-42bf-9336-28320534082f"
"2-s2.0-85087213747","9e73898d-5dda-4f39-8d9c-6274d2ed53b2"
"2-s2.0-85087213747","6c2ab0d3-f1a0-4dad-95eb-a636fc5b3e61"
"2-s2.0-85087213747","c29363fd-2920-4347-aab2-b14ab5d0bdb5"
"2-s2.0-85087213747","9d582241-a29d-499b-9e1c-6bb3f9d34624"
"2-s2.0-85087213747","9abf3018-a9ae-481f-88bc-02c23b31a9bb"
"2-s2.0-85087213747","2a77ffa7-2045-4aaf-9e49-51f5a61acaf2"
"2-s2.0-85113812785","22f69ba6-033a-4612-aa1b-3a3fc225e917"
"2-s2.0-85113812785","a7473232-98ec-453d-8b6f-6ac55e3e4a16"
"2-s2.0-85113812785","68158759-b1a5-453f-9fb4-e7d580ec318a"
"2-s2.0-85151551430","fbcfd083-350f-42f6-a165-1166ccb9d720"
"2-s2.0-85151551430","ef2b2461-80a6-4645-876b-53853eacb2ec"
"2-s2.0-85151551430","c5303c16-1f00-4578-98c7-a387bd77727d"
"2-s2.0-85151551430","653b0764-7dd8-48f0-b261-41cb79fac46d"
"2-s2.0-85151551430","19cc792b-8c17-4843-add6-93d93ea7419c"
"2-s2.0-85064556416","ef3fab5b-1b1b-44c9-a74a-1a37b89a649e"
"2-s2.0-85064556416","1eab3894-7f1a-45da-9f68-965fe460d07d"
"2-s2.0-85064556416","efd247f8-a31d-4ee5-b514-f4f5da8d40be"
"2-s2.0-85064556416","baf52d52-f919-43a4-be63-b80b5babc851"
"2-s2.0-85064556416","d595bcde-074b-410b-923d-0fd6fcba667e"
"2-s2.0-85064556416","0783b0a5-a8bf-4f1c-ba41-389155564ce5"
"2-s2.0-85107156642","f1bce737-1525-4812-aac2-7fbf9e37223f"
"2-s2.0-85107156642","e37705f4-3234-49ef-ba5c-e0be2488b033"
"2-s2.0-85107156642","4d3b7c0f-25b5-4455-bea0-771e08153fc3"
"2-s2.0-85107156642","3a2105de-cb23-464f-8242-05de8a82f082"
"2-s2.0-85085896549","a5e93814-7bde-452c-82a8-1c83941c54e7"
"2-s2.0-85085896549","9e166820-70d1-4de2-9fe2-6ac4846c1af6"
"2-s2.0-85085896549","e8d41de7-6ea4-4510-8177-e276100e6555"
"2-s2.0-85085896549","c0d30eee-d0b8-4e44-afd9-7c4dfe555060"
"2-s2.0-85085896549","27301a1e-6f4e-4602-acdd-29069ee10254"
"2-s2.0-85077996219","fce7d88d-a294-4a70-b64a-f9ee41736be7"
"2-s2.0-85077996219","87a05704-9171-4bf1-aa8e-e189996bb403"
"2-s2.0-85077996219","1cd6ae14-c4a8-4d70-bcd1-e4dd35a23b80"
"2-s2.0-85077996219","d5b8b65e-e043-44df-bc5c-051ae8fe6c1b"
"2-s2.0-85077996219","2c7bc887-b8ca-4ce8-8d3e-b5c40b065c92"
"2-s2.0-85064147880","301286f9-5759-4fe3-b729-fbeafaea7640"
"2-s2.0-85064147880","36745b9a-6a66-4c55-9a2f-46a0ff686539"
"2-s2.0-85064147880","bf639d0e-1307-4fa3-a60c-d7e2831d7f7b"
"2-s2.0-85064147880","c1e5540e-ad8b-4ccc-9f5c-30fc2ea4df8e"
"2-s2.0-85070437136","7919713b-36a1-4892-92bb-e5044e82289a"
"2-s2.0-85070437136","d794d628-cc38-42e0-a2a7-d8cea5fe2444"
"2-s2.0-85070437136","f7fa9d52-303d-47bf-a140-41fa75fce32a"
"2-s2.0-85070437136","13df5a52-cceb-44fb-91d3-f52b1d5ce201"
"2-s2.0-85070437136","29da59ce-1746-4682-8b7e-9c20d1966d74"
"2-s2.0-85088022895","ef3fab5b-1b1b-44c9-a74a-1a37b89a649e"
"2-s2.0-85088022895","d9ffe832-bdb4-4ca3-8a30-264d4717838b"
"2-s2.0-85077147501","cff6a184-617b-4a7b-b41f-b5d1310aebd6"
"2-s2.0-85077147501","6db58cff-4f36-46ef-b395-57f1398a4eda"
"2-s2.0-85077147501","c2c7144a-60c2-4ae8-8814-f8880188aa7a"
"2-s2.0-85077147501","ab65ccff-68fe-4fef-aeb8-cfae5b5cac7d"
"2-s2.0-85077147501","4a52a7c0-eb6c-4401-9601-9290d6a80991"
"2-s2.0-85071956296","974a6928-37ba-470e-84e0-3627746cbfda"
"2-s2.0-85071956296","ec7990db-6a19-4d51-a738-cfea5528d788"
"2-s2.0-85071956296","048673e4-aed5-4792-b0c4-e83eca53b301"
"2-s2.0-85071956296","324f82f0-0946-4dbf-960e-cb1d0f62202f"
"2-s2.0-85071956296","64c0ef86-4f15-49b7-bef2-6d0abe1823ae"
"2-s2.0-85116503808","afd3b982-bd4a-49e5-850e-768942bc46ea"
"2-s2.0-85116503808","b35ae50b-c4f8-43c1-be9a-f516559fada3"
"2-s2.0-85116503808","3ad2529a-87a1-4681-8e6c-dc21a66ba1e3"
"2-s2.0-85116503808","c44997ac-67fd-47a3-92f0-51230e876bab"
"2-s2.0-85116503808","4a2da75e-d6dd-4142-ba5a-61607099b56f"
"2-s2.0-85108584959","ef3fab5b-1b1b-44c9-a74a-1a37b89a649e"
"2-s2.0-85108584959","9f4923dd-483e-4877-8285-87045563faf8"
"2-s2.0-85108584959","9d919ee0-b92b-453a-8d82-f88b81af68ba"
"2-s2.0-85108584959","c5303c16-1f00-4578-98c7-a387bd77727d"
"2-s2.0-85108584959","ced33d9e-f7d5-42f9-ae34-d3353dbdd72d"
"2-s2.0-85108584959","4a2da75e-d6dd-4142-ba5a-61607099b56f"
"2-s2.0-85108584959","eb419f47-71d5-421e-a645-a8251265ffa0"
"2-s2.0-85089731945","3d80dddc-bb93-4007-8abe-bcc1dc207d47"
"2-s2.0-85089731945","b6d66b85-5d0c-4a5c-99b8-55a20dbb24ce"
"2-s2.0-85089731945","acbf1f47-b3af-404d-b399-d84b553e1486"
"2-s2.0-85089731945","80d0d880-8d08-448c-af1c-528d1ee00e14"
"2-s2.0-85089731945","4a2da75e-d6dd-4142-ba5a-61607099b56f"
"2-s2.0-85054395326","ef3fab5b-1b1b-44c9-a74a-1a37b89a649e"
"2-s2.0-85054395326","6c3c8a91-e966-451f-8597-23dc06335a75"
"2-s2.0-85054395326","ae422e46-f23b-40cf-ad88-1df1edf70a85"
"2-s2.0-85054395326","8fa8fe5d-f055-4ca2-a8e9-4e3a25356c05"
"2-s2.0-85103282980","c4b57741-d417-4062-b13d-eabd1abfb4bc"
"2-s2.0-85103282980","6f58a7c8-41d0-4ad3-9926-9fc96d17daed"
"2-s2.0-85103282980","e0e83993-2245-4c2a-b768-f6f7b29926ad"
"2-s2.0-85066866777","0cdf9492-bf7f-47e0-9e3e-f45de26811d8"
"2-s2.0-85066866777","c5303c16-1f00-4578-98c7-a387bd77727d"
"2-s2.0-85066866777","78d15aed-e958-44de-9f14-ee4da82217e6"
"2-s2.0-85066866777","4a2da75e-d6dd-4142-ba5a-61607099b56f"
"2-s2.0-85076836502","9a8929c6-b2f0-4b5f-bb67-fb7142f9677a"
"2-s2.0-85076836502","13d5e096-68a2-46dc-836f-044ec1860c6c"
"2-s2.0-85076836502","208edcba-8bc7-4583-9ac9-b6711a1007e7"
"2-s2.0-85076836502","2cd2da3d-f786-46f7-9302-a6be4e474eee"
"2-s2.0-85078486162","9a8929c6-b2f0-4b5f-bb67-fb7142f9677a"
"2-s2.0-85078486162","a161d414-ff8d-4d3b-b742-92828ae8efd0"
"2-s2.0-85078486162","13d5e096-68a2-46dc-836f-044ec1860c6c"
"2-s2.0-85078486162","ead469fa-b6cf-4a9c-952e-5ed830b6f9a1"
"2-s2.0-85078486162","a4eeb77f-d526-438e-9320-636842822f84"
"2-s2.0-85078486162","13c9717c-9fbe-4cda-9089-0b9a13790100"
"2-s2.0-85090624696","a9da4083-2531-439f-8b28-5dec6d675efb"
"2-s2.0-85090624696","f996a036-180d-48ab-af10-aa01f8ccbbea"
"2-s2.0-85090624696","2a88eef3-433a-432d-8be0-832c14acaa00"
"2-s2.0-85108295039","301286f9-5759-4fe3-b729-fbeafaea7640"
"2-s2.0-85108295039","9bb0a4f1-78df-4582-a4a9-581bad52b176"
"2-s2.0-85108295039","9e24f7ff-f712-439c-80ee-49a55bdee42c"
"2-s2.0-85108295039","a6302807-462f-471f-a6ef-84d1a83fc637"
"2-s2.0-85108295039","d9c42be6-c0a7-46cf-8041-1cd5e3718384"
"2-s2.0-85108295039","5948f451-32ed-4dba-ab57-47f5373f81d3"
"2-s2.0-85054190130","8d8819e9-32e5-4d43-8b7f-9c223f108a5e"
"2-s2.0-85054190130","22e515af-8cab-4f13-a7cd-d6cdfaf3658e"
"2-s2.0-85054190130","f5ffd37b-e69e-48cc-9550-deb1699dbcdc"
"2-s2.0-85054190130","25f1e582-bc22-44e8-9548-609812c4b7e1"
"2-s2.0-85054190130","87266131-27c4-429b-9007-01efb2cd3892"
"2-s2.0-85054190130","54e5e14f-40af-4219-af85-b2770a771904"
"2-s2.0-85100887042","60ea0e72-5e7d-45d6-a796-b7632a9320ac"
"2-s2.0-85100887042","32042ebe-ff33-4eb4-8df7-ba945f48f3b0"
"2-s2.0-85100887042","3cc76be8-c8fe-483a-8645-07890f116bef"
"2-s2.0-85080966834","713c130e-ba9a-48d6-9e1b-12110cbe8169"
"2-s2.0-85080966834","4d3b7c0f-25b5-4455-bea0-771e08153fc3"
"2-s2.0-85080966834","0b7dc9f1-c0ca-42ae-8b8b-8d4dcefff4fd"
"2-s2.0-85080966834","4f4dd0b2-e31c-445a-bdde-ad73f47a1dc4"
"2-s2.0-85080966834","4a2da75e-d6dd-4142-ba5a-61607099b56f"
"2-s2.0-85101466130","bd3a6df7-d749-44a8-8f20-a8af7322ca04"
"2-s2.0-85101466130","d5120771-4040-4004-88f7-af2314d6cfd3"
"2-s2.0-85101466130","d1bd5eab-7b41-48aa-9341-dbd54f848313"
"2-s2.0-85101466130","b3dc5e4a-61ad-4d9a-b072-241dabe48bc9"
"2-s2.0-85073113658","301286f9-5759-4fe3-b729-fbeafaea7640"
"2-s2.0-85073113658","3d80dddc-bb93-4007-8abe-bcc1dc207d47"
"2-s2.0-85073113658","998905c7-e80e-41ff-bc05-c0ba515e3183"
"2-s2.0-85073113658","80ddffc6-cf16-4bcd-8c6b-a87d8bd0e2ed"
"2-s2.0-85073113658","4a2da75e-d6dd-4142-ba5a-61607099b56f"
"2-s2.0-85098183763","ed2306a0-9a44-4a57-b59b-e51ccba897a3"
"2-s2.0-85098183763","221e7ec9-4e5c-4cde-ac63-71727588374f"
"2-s2.0-85098183763","be87c05d-990e-40e1-b443-ee8bc4c53526"
"2-s2.0-85098183763","d5febe9a-11b0-4fe5-ba55-508944011257"
"2-s2.0-85097776852","e2e77e64-2e39-4fa4-99fc-29d01605cf61"
"2-s2.0-85097776852","18350fa9-91a9-47e0-b2c8-e34beff7c6b2"
"2-s2.0-85097776852","f8f962fd-cf91-4e58-b3fc-251b0c6e27f7"
"2-s2.0-85097776852","1f15d53d-2f46-4103-a94f-956fd2abe795"
"2-s2.0-85097776852","32ffa102-723f-40a8-8a25-e460ce4a9a32"
"2-s2.0-85097776852","837492b8-b2cd-4204-ba3c-26a95f6ae476"
"2-s2.0-85097776852","43d42d5b-de5b-477d-83a4-944d6823c362"
"2-s2.0-85088123413","d73128a4-f58d-4a8f-85b3-f7f0b4ff695b"
"2-s2.0-85088123413","eab714ed-ca8f-4af1-9380-3b64c8cf8d1c"
"2-s2.0-85088123413","2e7305da-646f-410f-bf9e-82cdc4de846b"
"2-s2.0-85088123413","c5303c16-1f00-4578-98c7-a387bd77727d"
"2-s2.0-85088123413","3b5ab5d0-f029-400c-8a1b-a104c623a81e"
"2-s2.0-85074848958","f21f90a9-61bc-406c-bd01-9fbdc353b444"
"2-s2.0-85074848958","99681052-d6a0-4e47-be09-70014c0d07c3"
"2-s2.0-85074848958","9d919ee0-b92b-453a-8d82-f88b81af68ba"
"2-s2.0-85074848958","c5303c16-1f00-4578-98c7-a387bd77727d"
"2-s2.0-85074848958","b6a129a6-e552-494c-b15c-ed489d199a87"
"2-s2.0-85097827097","81c12365-c016-4f60-90a6-2f6efa7521f4"
"2-s2.0-85097827097","cd827d38-2c86-4f32-a718-ee6d6880e9c8"
"2-s2.0-85097827097","e2f64d06-0b15-4a4a-933c-e5ebfabe4dfa"
"2-s2.0-85097827097","7c770beb-f25a-42d7-893c-93cfab5f608e"
"2-s2.0-85097827097","ce27108b-180e-4c2d-95ff-00465f2290a9"
"2-s2.0-85097827097","e58c6f7e-22fd-462a-8092-7f04fcc4df8e"
"2-s2.0-85097827097","3b5230f4-ca76-4f46-8603-01303c5de48b"
"2-s2.0-85065974583","a9da4083-2531-439f-8b28-5dec6d675efb"
"2-s2.0-85065974583","405b03f3-8adf-47d1-b9e3-8e95954a1a8a"
"2-s2.0-85065974583","36a3d0e2-8a28-4957-a878-dfbd3f0dcc02"
"2-s2.0-85065974583","4a2da75e-d6dd-4142-ba5a-61607099b56f"
"2-s2.0-85079230523","301286f9-5759-4fe3-b729-fbeafaea7640"
"2-s2.0-85079230523","2e7305da-646f-410f-bf9e-82cdc4de846b"
"2-s2.0-85079230523","5a2a521c-ca9a-4d57-a0e9-1a9af6cf4850"
"2-s2.0-85079230523","c5303c16-1f00-4578-98c7-a387bd77727d"
"2-s2.0-85079230523","4a2da75e-d6dd-4142-ba5a-61607099b56f"
"2-s2.0-85097541658","301286f9-5759-4fe3-b729-fbeafaea7640"
"2-s2.0-85097541658","fc0f803f-b6a1-4f27-b871-6c7ae0b9fb5a"
"2-s2.0-85097541658","fe2f1f82-179f-487d-a6f9-3300899d3dc5"
"2-s2.0-85097541658","3d80dddc-bb93-4007-8abe-bcc1dc207d47"
"2-s2.0-85097541658","80d0d880-8d08-448c-af1c-528d1ee00e14"
"2-s2.0-85097541658","618ab2c9-850b-47c5-94a0-46f403bf735d"
"2-s2.0-85097541658","4a2da75e-d6dd-4142-ba5a-61607099b56f"
"2-s2.0-85094813579","d7d2545a-2cce-46d8-acf8-fe15b5f10e32"
"2-s2.0-85094813579","bba481f2-760b-480a-9923-a79f6464c35d"
"2-s2.0-85094813579","2f13561a-01b9-4025-b689-ea7842d555c5"
"2-s2.0-85090662962","b9c2082e-95dd-449a-a67d-33a911fdf513"
"2-s2.0-85090662962","6a22b69f-1ebb-416b-8f65-9e10b3205a1e"
"2-s2.0-85090662962","447ba997-aea3-41a1-a0d0-05555b7a79fc"
"2-s2.0-85090662962","1af12143-af6a-42fc-871c-29ffed600d2a"
"2-s2.0-85090662962","bceb21d6-31e6-420d-98a6-39f05f9584ff"
"2-s2.0-85090662962","7cda5868-3c68-4d11-a917-0a032ab93cca"
"2-s2.0-85090662962","81996f04-4b2b-44e1-9ec9-905ba68b4333"
"2-s2.0-85090662962","16dec4bc-591f-4e79-b688-504ceb14a3f5"
"2-s2.0-85074667818","345656d9-fe98-47cf-9fe5-3a5e33db8727"
"2-s2.0-85074667818","c5f100af-7b3a-4b4b-9583-ef3ad8f3a893"
"2-s2.0-85074667818","e6745af5-2c3f-45ca-8cbe-45eadd8f1d9a"
"2-s2.0-85074667818","8465db4f-663e-45ce-8e59-b943fbafc0e2"
"2-s2.0-85074599806","e7836cc9-5709-4522-a1e7-3c1435a5e128"
"2-s2.0-85074599806","2ad51607-617d-4738-bca3-8ef2443afb04"
"2-s2.0-85074599806","e8be654a-3927-4702-9f93-779643dd15ad"
"2-s2.0-85074599806","433ad298-f12d-4cce-bbbf-57935a5a42de"
"2-s2.0-85074599806","92c53074-ddd9-40ef-8ba0-1e1e36cd38be"
"2-s2.0-85074599806","4cdb6f9e-46dc-4c11-b871-aefb88a8b5ef"
"2-s2.0-85087099287","b5eae8ee-51f8-412d-8119-cb576d772e17"
"2-s2.0-85087099287","87a05704-9171-4bf1-aa8e-e189996bb403"
"2-s2.0-85087099287","93afedf4-4062-42e1-8df0-a48ed180e6dd"
"2-s2.0-85087099287","6c2df2be-faa7-49cb-89f7-10cdce954901"
"2-s2.0-85087099287","18d20121-516c-43be-ba52-02bdcbbad43c"
"2-s2.0-85097138935","61bba64f-9c6d-49dc-9984-fddd61aa739b"
"2-s2.0-85097138935","ef3fab5b-1b1b-44c9-a74a-1a37b89a649e"
"2-s2.0-85097138935","9d919ee0-b92b-453a-8d82-f88b81af68ba"
"2-s2.0-85097138935","90e54ff9-992d-445c-ad6d-e880507bd08f"
"2-s2.0-85097138935","a7136f34-f091-4df8-95f0-8cdabd0f006b"
"2-s2.0-85097138935","5f540771-c0f2-4a72-a32b-234580ae9653"
"2-s2.0-85097138935","3db3ea2b-58d2-4f18-b7e0-2672097bdab6"
"2-s2.0-85097138935","0cee6caf-5cd3-48d5-9215-847c0fba8ee1"
"2-s2.0-85097138935","e58c6f7e-22fd-462a-8092-7f04fcc4df8e"
"2-s2.0-85097138935","4a2da75e-d6dd-4142-ba5a-61607099b56f"
"2-s2.0-85097138935","1938847e-1d03-4118-8550-17977b471c5f"
"2-s2.0-85078610926","5b88e272-5b21-4943-9c2c-0c13d37a21a1"
"2-s2.0-85078610926","f341a91f-6ef0-442d-9b79-df57d1fd2a57"
"2-s2.0-85078610926","b03d2cce-7c91-4af0-af3d-a9c8ab506b40"
"2-s2.0-85094201510","9cf88348-39ab-42fc-b89a-3b4c3ff12f81"
"2-s2.0-85094201510","9d3cec35-ae84-4bad-92e1-e9d5c8fa4152"
"2-s2.0-85094201510","5589352f-13b0-4dac-8a96-7c3c4b4974e3"
"2-s2.0-85094201510","ca510720-ff49-4c29-a307-bc97dad5b88f"
"2-s2.0-85094201510","6cf988aa-5e9f-457d-98f3-92d79649c61c"
"2-s2.0-85094201510","8669cbcc-5d7c-4feb-aa60-24a542af9807"
"2-s2.0-85053032973","24c479c4-e93f-4da8-95d8-4452753f294c"
"2-s2.0-85053032973","9a8929c6-b2f0-4b5f-bb67-fb7142f9677a"
"2-s2.0-85053032973","7d75a92b-3163-44c1-85be-950c43090cfb"
"2-s2.0-85053032973","945e397c-9aee-43aa-8807-a72e53f3a4f9"
"2-s2.0-85053032973","f31cb052-0a5e-4f4b-98a0-aaae0d0f0019"
"2-s2.0-85125010911","0f76e7b6-cae9-4819-9385-390e0586e3e8"
"2-s2.0-85125010911","aaf9fe00-5b1a-4783-bc85-2a5a5ed36cd0"
"2-s2.0-85125010911","d00eff42-174f-4344-a9ed-c8958208341a"
"2-s2.0-85096050609","ef3fab5b-1b1b-44c9-a74a-1a37b89a649e"
"2-s2.0-85096050609","d3647540-fef6-4627-986c-3fad9f3d719b"
"2-s2.0-85096050609","87082f30-f227-415b-b53c-46dd5c852517"
"2-s2.0-85096050609","619779b6-984f-453c-8b67-02bf0a6a36e3"
"2-s2.0-85078231596","ef3fab5b-1b1b-44c9-a74a-1a37b89a649e"
"2-s2.0-85078231596","98dbf435-7f94-4fc2-99b0-797bbd6aad9c"
"2-s2.0-85078231596","7919713b-36a1-4892-92bb-e5044e82289a"
"2-s2.0-85078231596","f1c76508-0a4c-419e-a0ec-1a7aeb0ff24c"
"2-s2.0-85078231596","7388d632-3bf3-42bd-b20c-e1eee367eb5e"
"2-s2.0-85078231596","78d15aed-e958-44de-9f14-ee4da82217e6"
"2-s2.0-85054192575","16397ea1-c469-42e5-bf3a-d4a7873546a2"
"2-s2.0-85054192575","0e31270b-05ee-4786-af19-75ea4733b00f"
"2-s2.0-85054192575","e8e7cd62-1431-4cd7-a7ce-0c16ad8847bf"
"2-s2.0-85054192575","5f7cc0ba-a89b-4331-904e-14059c1427ca"
"2-s2.0-85054192575","8e538aa2-6b10-49fa-ac87-0d8828e4486f"
"2-s2.0-85083049251","301286f9-5759-4fe3-b729-fbeafaea7640"
"2-s2.0-85083049251","10783368-3747-4824-a1af-6ce66f73c7df"
"2-s2.0-85083049251","ec372443-91e9-4251-bc71-a30e3d75dfbd"
"2-s2.0-85083049251","5bda0643-2a75-49cf-a798-a821531ef4b7"
"2-s2.0-85093905419","8f444164-140d-479e-a10a-f6165e655c74"
"2-s2.0-85093905419","301286f9-5759-4fe3-b729-fbeafaea7640"
"2-s2.0-85093905419","75ae7791-12d5-4c2e-918d-46e03daa4d36"
"2-s2.0-85093905419","57e99930-b7ea-4910-921b-c9f22f88d524"
"2-s2.0-85093905419","4a2da75e-d6dd-4142-ba5a-61607099b56f"
"2-s2.0-85068854718","b07146ff-d9f6-486e-b385-80c12694c2a6"
"2-s2.0-85068854718","f476c871-a1fd-4e01-9d58-49d83bc001ae"
"2-s2.0-85068854718","4c7dae48-8218-48ec-a61a-431afc722281"
"2-s2.0-85068854718","4f86046d-c7bc-4de8-89b8-1e0bb33215a1"
"2-s2.0-85114306828","0a7f6675-c74c-4c57-a625-d35f38e47012"
"2-s2.0-85114306828","02bca674-a38e-4d3b-a7d1-a6009e43965c"
"2-s2.0-85114306828","3a620994-96d2-402d-b92c-20068acae766"
"2-s2.0-85091243022","7919713b-36a1-4892-92bb-e5044e82289a"
"2-s2.0-85091243022","a691794f-e5a9-4c88-aeb4-46e103a788e6"
"2-s2.0-85091243022","3d80dddc-bb93-4007-8abe-bcc1dc207d47"
"2-s2.0-85091243022","ee00cca9-c476-436c-b63f-980bb0aed75b"
"2-s2.0-85091243022","3f0ac43b-be19-42dd-b78b-b24644dfa6f1"
"2-s2.0-85091243022","facfaaee-96e4-4f89-973f-e49f7fc332f1"
"2-s2.0-85087055718","2958be96-0884-471a-9929-fe002b6beca3"
"2-s2.0-85087055718","e8be654a-3927-4702-9f93-779643dd15ad"
"2-s2.0-85087055718","439d135b-144f-44a6-93dc-f7ff887d6982"
"2-s2.0-85087055718","a7eaeb83-a7fa-4cc4-8379-2cfdebe2c02c"
"2-s2.0-85087055718","f8e23911-646f-4e4b-ab0a-a0645bb93421"
"2-s2.0-85071738507","89b64045-4474-4884-9a43-71fa6f576bae"
"2-s2.0-85071738507","caddd1cb-c3ee-49ff-ade2-484a401c07eb"
"2-s2.0-85071738507","afab7ada-8d83-4ae0-8120-9e2b3acefc93"
"2-s2.0-85086797947","2bb15197-bde6-46ee-b4bd-16663442073c"
"2-s2.0-85086797947","4efe6d2f-6eec-4952-be90-5e0da4d78706"
"2-s2.0-85086797947","7afaa94f-e251-421b-8c2f-4e4b124ed49f"
"2-s2.0-85086797947","9bc4b698-b527-411a-9ce3-1acb11731c0f"
"2-s2.0-85086797947","f69352a5-12fd-40ca-ad8b-518cbc8cd330"
"2-s2.0-85098167198","301286f9-5759-4fe3-b729-fbeafaea7640"
"2-s2.0-85098167198","dfc1cdd6-2a12-4245-9b4b-08f7a6463e71"
"2-s2.0-85098167198","4a2da75e-d6dd-4142-ba5a-61607099b56f"
"2-s2.0-85021821810","301286f9-5759-4fe3-b729-fbeafaea7640"
"2-s2.0-85021821810","d82d0fd5-702a-45cd-9ff3-6aea4f2da2f0"
"2-s2.0-85021821810","9a18acd9-ec0f-40d4-bb38-1d420a73ba78"
"2-s2.0-85021821810","4a2da75e-d6dd-4142-ba5a-61607099b56f"
"2-s2.0-85025426964","d3edc03f-8cbc-454c-8d08-d5886594e8f3"
"2-s2.0-85025426964","53170a1c-d23b-41e9-aa2d-21f8f8017c97"
"2-s2.0-85025426964","ab7b2a8b-9cf7-4551-90f9-569d4145d560"
"2-s2.0-85025426964","424a24ea-1978-4d0f-a3d0-189a55069b02"
"2-s2.0-85067600018","999f055a-ea98-4df4-9961-79b5a81deb1c"
"2-s2.0-85067600018","ee1096fe-e202-431b-b2ca-80c553133bbc"
"2-s2.0-85067600018","a2ed355b-a0c1-47de-991e-556881730221"
"2-s2.0-85062621183","ed4268a5-2e06-4dcc-888d-4599cc3b6902"
"2-s2.0-85062621183","9a8929c6-b2f0-4b5f-bb67-fb7142f9677a"
"2-s2.0-85062621183","9fa21186-4a04-4aa6-9522-8ad3e8662358"
"2-s2.0-85062621183","13d5e096-68a2-46dc-836f-044ec1860c6c"
"2-s2.0-85062621183","db96210b-1ef4-4503-98bd-737ee166caf7"
"2-s2.0-85062621183","89f570ee-b420-4a11-b507-0481f45aa43a"
"2-s2.0-85062621183","86a03d3e-82ba-4551-9ef7-767633af6b7f"
"2-s2.0-85062621183","1ae9610a-7c6b-427b-b029-e9146ad6a167"
"2-s2.0-85037688609","962bb586-501a-42e0-8294-e419331a20b2"
"2-s2.0-85037688609","afcc280c-59b4-460e-8162-6938cc8c92b0"
"2-s2.0-85037688609","c3924327-1c29-4164-a183-3d852cad864f"
"2-s2.0-85037688609","80c9bf96-675f-4d4f-8c0c-674c2910ffc8"
"2-s2.0-85069891495","80ea276b-1ced-4035-80dd-52c91af1e482"
"2-s2.0-85069891495","2c575f0a-56a1-4c2f-89b5-474461142a44"
"2-s2.0-85069891495","1acd611c-c4e2-400d-9ac9-8504ea0e171a"
"2-s2.0-85054805733","949b6736-44e9-4e8d-a6c7-4d46a6aab3e6"
"2-s2.0-85054805733","e737d804-8fac-4bb2-bc43-e84d32a12e40"
"2-s2.0-85054805733","090f254a-fc1c-42e8-8ce3-95eb199bf083"
"2-s2.0-85043512672","6a14bb33-9b93-43a9-b7e1-557ab43235c6"
"2-s2.0-85043512672","ae8262ec-0387-4dd6-9dd3-6f318c61d000"
"2-s2.0-85043512672","a6db6205-6539-4e92-87bb-cc3f2b301cff"
"2-s2.0-85043512672","d8c68921-d757-4344-bbad-d3b4842fbc15"
"2-s2.0-85032908701","f21f90a9-61bc-406c-bd01-9fbdc353b444"
"2-s2.0-85032908701","91e5635e-991a-49e9-bca6-d2ac136a30e8"
"2-s2.0-85032908701","d82d0fd5-702a-45cd-9ff3-6aea4f2da2f0"
"2-s2.0-85032908701","d9c42be6-c0a7-46cf-8041-1cd5e3718384"
"2-s2.0-85032908701","e474172c-3eab-4e57-9db0-c5cf552b75c2"
"2-s2.0-85046461677","e3840561-66cb-4dcf-bd84-d13433848ae6"
"2-s2.0-85046461677","8b170f0f-5668-43ac-9ef7-8575e6fbea26"
"2-s2.0-85046461677","7ac4c3aa-89a9-4773-9ff7-74d2066af165"
"2-s2.0-85046461677","e7e6b594-6928-4ce6-9545-9e11238f8a50"
"2-s2.0-85046461677","27277948-ede9-4ac6-89ad-effcceb3e65a"
"2-s2.0-85046461677","57736e9f-ef50-4a45-95f1-15664153ac65"
"2-s2.0-85006760581","1c43b257-54d6-485e-a589-7d28c51e0fd0"
"2-s2.0-85006760581","b061963d-1673-46c3-ac46-34f66d870ec1"
"2-s2.0-85006760581","d9a06607-0c9c-4729-9724-9bc441b7e529"
"2-s2.0-85006760581","6ec48da9-95e6-4d4e-9da7-09c146aa530f"
"2-s2.0-85006760581","830c42b3-fecd-4a0d-af92-72f6bb135440"
"2-s2.0-85026677594","301286f9-5759-4fe3-b729-fbeafaea7640"
"2-s2.0-85026677594","b85f13ee-5e82-4893-a0b3-5b0709e92ed3"
"2-s2.0-85026677594","f35a7d2d-e305-49fd-b562-cb78eae7fbcb"
"2-s2.0-85026677594","2641358d-8fd0-4132-bb0c-29c04c796f13"
"2-s2.0-85026677594","2fdf0696-3188-43dd-9eee-d004309938ce"
"2-s2.0-85026677594","fe899b8b-5258-41dd-b41c-1be34952ca63"
"2-s2.0-85026677594","d4bcf90f-beac-4b76-9320-69391b96a134"
"2-s2.0-85014631053","2eeb196a-14ea-41ce-a4ea-e41891c292e5"
"2-s2.0-85014631053","f269ac30-c475-4c71-910a-24154a40e3b3"
"2-s2.0-85014631053","4e5c47a1-f591-414f-bc49-cff857a5732f"
"2-s2.0-85018348296","301286f9-5759-4fe3-b729-fbeafaea7640"
"2-s2.0-85018348296","3d80dddc-bb93-4007-8abe-bcc1dc207d47"
"2-s2.0-85018348296","2809c699-58a3-4ee7-bbcf-99d0e5bb0815"
"2-s2.0-85018348296","32681405-7f6f-48fa-aeb0-638976d8bae2"
"2-s2.0-85034583263","4bce1126-4e5a-49dd-b381-63f2ae743aff"
"2-s2.0-85034583263","3e722b5a-fdb8-4ef7-86ac-14c6dd902846"
"2-s2.0-85034583263","1697e068-4fed-4229-a2c8-61c02123896a"
"2-s2.0-85034583263","845dcf82-bf6f-4df6-9196-f5e126051131"
"2-s2.0-85062033504","fe94991a-4c9c-43b0-ade2-304fcebc785c"
"2-s2.0-85062033504","b9698e73-af8c-459c-9f0e-abb2ceb91448"
"2-s2.0-85062033504","a508c66f-c488-423e-976c-2f91bdf898fc"
"2-s2.0-85062033504","8cc02a1e-8e7a-4db9-bfed-7c393dc1ced1"
"2-s2.0-85062033504","ad300e10-48d0-4720-86b4-183a2dd29057"
"2-s2.0-85070564939","919f24ca-8fb9-4cbe-aecb-fe01c6176572"
"2-s2.0-85070564939","e8be654a-3927-4702-9f93-779643dd15ad"
"2-s2.0-85070564939","92c53074-ddd9-40ef-8ba0-1e1e36cd38be"
"2-s2.0-85070564939","c177aee9-2b59-4af2-894f-4510dc32eff3"
"2-s2.0-85070564939","f5050ebc-335e-4dff-ab1e-0c052fb8e66d"
"2-s2.0-85070564939","8da0d8f4-a0a6-4c81-9222-fc382d859c71"
"2-s2.0-85053709607","301286f9-5759-4fe3-b729-fbeafaea7640"
"2-s2.0-85053709607","d9a06607-0c9c-4729-9724-9bc441b7e529"
"2-s2.0-85053709607","6a94b756-beb7-4826-83c4-edac7b0302a8"
"2-s2.0-85053709607","4a2da75e-d6dd-4142-ba5a-61607099b56f"
"2-s2.0-85053709607","b8d0dc2d-1ee2-4b9f-b912-99ee3bfa7d1c"
"2-s2.0-85003441768","301286f9-5759-4fe3-b729-fbeafaea7640"
"2-s2.0-85003441768","57cdd66c-5e0e-471f-acaa-cc5687b60b0b"
"2-s2.0-85003441768","4a2da75e-d6dd-4142-ba5a-61607099b56f"
"2-s2.0-85059746200","cb1b6487-e36b-4ea6-ac9e-be1f3974ca35"
"2-s2.0-85059746200","517ab7d8-086a-4c43-b672-7ebcdf4b81c7"
"2-s2.0-85059746200","9f42b3e5-9aff-4b91-8baa-ed7e7863fad9"
"2-s2.0-85059746200","fa9e0b2e-8b40-453f-a6eb-390231cfb763"
"2-s2.0-85059746200","c71b51e8-7467-4238-861a-2179218599c7"
"2-s2.0-85041496493","260f3648-c7f8-4f5a-80f7-b11ae6a39235"
"2-s2.0-85041496493","e992c991-6f37-49b2-8dd6-feae662a90de"
"2-s2.0-85041496493","9205b257-c0f3-4905-b6d8-1c181798f00e"
"2-s2.0-85041496493","c6b1f546-a679-4a74-bf0d-fedd51c5de83"
"2-s2.0-85041496493","d97ae8f1-5dcd-4f61-bddf-2f808e4c4805"
"2-s2.0-85041496493","9e0c2414-d1cc-404b-9d89-16f878e906bb"
"2-s2.0-85033679196","a9da4083-2531-439f-8b28-5dec6d675efb"
"2-s2.0-85033679196","c5303c16-1f00-4578-98c7-a387bd77727d"
"2-s2.0-85033679196","b5cab1ff-c0e3-4c0d-862b-1534c3ac757a"
"2-s2.0-85033679196","4a2da75e-d6dd-4142-ba5a-61607099b56f"
"2-s2.0-85045750751","b949aa28-acdd-4b0a-9d92-ffff332e7104"
"2-s2.0-85045750751","ee0b1642-3b5d-478f-a523-b91da2f9d7c3"
"2-s2.0-85045750751","9613f087-2af0-49a5-bc06-b288768eeaa4"
"2-s2.0-85045750751","18e30485-7151-4dda-98b2-e1c20bedd645"
"2-s2.0-85045750751","b08eb94d-d818-4ac5-914f-62dcbc6344d7"
"2-s2.0-85045750751","b117f1b5-eb42-4ddb-97fa-c2b3df2aa91e"
"2-s2.0-85045750751","2c5cf0e3-5d43-4913-a44c-6a51e87d7a4a"
"2-s2.0-85045750751","ad300e10-48d0-4720-86b4-183a2dd29057"
"2-s2.0-85045750751","6025b5a7-d3e7-4af1-bc51-c413903bd14d"
"2-s2.0-85040583722","8476600b-bb41-418c-a4f9-735b64dd9f01"
"2-s2.0-85040583722","c538552d-bcbf-4ceb-b70c-6a44661a2d9f"
"2-s2.0-85040583722","95e7f555-8159-4513-9a41-76dc11c6b0d8"
"2-s2.0-85040583722","c5303c16-1f00-4578-98c7-a387bd77727d"
"2-s2.0-85033463828","8c04c6ac-9ac6-436d-91fb-6a9388a2db22"
"2-s2.0-85033463828","e721b804-f830-43d5-91ab-b78927f621ec"
"2-s2.0-85033463828","565cc511-ad82-4615-a8ac-66399452751c"
"2-s2.0-85033463828","a95357aa-4a5a-4541-b0d7-38d61e902392"
"2-s2.0-85033463828","6f62d62e-6264-47ed-82a6-e20a48d732a5"
"2-s2.0-85033463828","328354b8-2332-4b23-88fc-2c629424c24d"
"2-s2.0-85017552986","ef3fab5b-1b1b-44c9-a74a-1a37b89a649e"
"2-s2.0-85017552986","6fc2c78e-bdf0-460f-bf85-bcbc5f5d5436"
"2-s2.0-85017552986","5ca46116-25da-4b36-8bc3-d3501f7e10be"
"2-s2.0-85017552986","d25e052f-1a1a-4ea6-abaa-b82e364dc96e"
"2-s2.0-85049806601","301286f9-5759-4fe3-b729-fbeafaea7640"
"2-s2.0-85049806601","73b47a37-5af8-42d5-89db-4daabb7c8320"
"2-s2.0-85049806601","2809c699-58a3-4ee7-bbcf-99d0e5bb0815"
"2-s2.0-85049806601","5464a889-52c4-43ad-b945-a8de7d36f671"
"2-s2.0-85037052514","d9a06607-0c9c-4729-9724-9bc441b7e529"
"2-s2.0-85037052514","6fc2c78e-bdf0-460f-bf85-bcbc5f5d5436"
"2-s2.0-85037052514","7cfe37d3-34c3-416c-b47d-870e9355d70c"
"2-s2.0-85037052514","42e30060-0148-49e7-8ac8-27b3d9132e40"
"2-s2.0-85037052514","4a2da75e-d6dd-4142-ba5a-61607099b56f"
"2-s2.0-85053664327","ef3fab5b-1b1b-44c9-a74a-1a37b89a649e"
"2-s2.0-85053664327","962bb586-501a-42e0-8294-e419331a20b2"
"2-s2.0-85053664327","299c7bae-9592-4e77-824d-7d47e7749582"
"2-s2.0-85053664327","74a34a6b-4be4-4844-b13e-535f703476c5"
"2-s2.0-85053664327","a6302807-462f-471f-a6ef-84d1a83fc637"
"2-s2.0-85037374757","301286f9-5759-4fe3-b729-fbeafaea7640"
"2-s2.0-85037374757","57e99930-b7ea-4910-921b-c9f22f88d524"
"2-s2.0-85037374757","97ac887e-8282-47a6-86aa-27d13c5c2cdf"
"2-s2.0-85037374757","c5303c16-1f00-4578-98c7-a387bd77727d"
"2-s2.0-85037374757","3b5ab5d0-f029-400c-8a1b-a104c623a81e"
"2-s2.0-85055171727","5b2df470-37c5-48b1-877a-e842a2316f23"
"2-s2.0-85055171727","aff90f2d-07cb-4776-81c1-197281b9ecf5"
"2-s2.0-85055171727","d794d628-cc38-42e0-a2a7-d8cea5fe2444"
"2-s2.0-85055171727","f7fa9d52-303d-47bf-a140-41fa75fce32a"
"2-s2.0-85032017642","d23cee99-ac1b-45fa-9afb-7d57a4db6255"
"2-s2.0-85032017642","d1acc9c5-8f7d-4698-b62e-b94c2306a108"
"2-s2.0-85032017642","4ad41b5e-c3a9-4802-860d-2d17266c0c57"
"2-s2.0-85019127272","ef3fab5b-1b1b-44c9-a74a-1a37b89a649e"
"2-s2.0-85019127272","83af3c9b-23da-42af-a7e5-598fa473440e"
"2-s2.0-85019127272","4a2da75e-d6dd-4142-ba5a-61607099b56f"
"2-s2.0-85072229800","25f6716f-f45a-4c1f-a91d-826c040b1067"
"2-s2.0-85072229800","2cc9a56a-6587-4757-9d50-5bbc9c279705"
"2-s2.0-85072229800","127f751b-c349-47fe-b266-a6ebdd9ce731"
"2-s2.0-85072229800","bcafb4a5-f367-49db-a86c-a29f02ee8f4d"
"2-s2.0-85072229800","c5398bbc-337e-42d2-a9e5-ba03b9c8ac7b"
"2-s2.0-85072229800","4a2da75e-d6dd-4142-ba5a-61607099b56f"
"2-s2.0-85062004304","ff880ea3-3fa2-4424-95f7-10fb801796c1"
"2-s2.0-85062004304","0376488f-5cb1-4576-8c41-0befceac38f0"
"2-s2.0-85062004304","9f6d1152-0db5-4818-85cb-4cf8e589d517"
"2-s2.0-85062004304","39f5b2b6-ea28-4be7-b080-11fd4796a9cc"
"2-s2.0-85062004304","ad1c7d32-eeb6-4bb5-949c-bed5ca907851"
"2-s2.0-85065929489","40b94c82-9a69-4093-ba73-131cdd9ee854"
"2-s2.0-85065929489","22c83595-3519-45ed-b619-af9124cf463f"
"2-s2.0-85065929489","a31adc14-d06e-4464-a73c-04e9956e3a2e"
"2-s2.0-85065929489","ab380e9d-4c60-4e67-a926-0ffd3649d787"
"2-s2.0-85065929489","8eccc761-7f3f-4f5f-9766-7b784eeda82c"
"2-s2.0-85065929489","bc82021a-c649-4a10-b968-8e96d6740f92"
"2-s2.0-85036670449","0a50cfa7-a84d-48d1-868f-98a17db6d1ac"
"2-s2.0-85036670449","bec4920d-dbaf-4627-9459-14c911c607b8"
"2-s2.0-85036670449","5e1bb3b3-cd91-42db-915e-6793d5a0c585"
"2-s2.0-85036670449","7073d6ad-325e-4705-9a35-5e4677771afe"
"2-s2.0-85036670449","3d80dddc-bb93-4007-8abe-bcc1dc207d47"
"2-s2.0-85036670449","4a2da75e-d6dd-4142-ba5a-61607099b56f"
"2-s2.0-84964614559","61f9e294-b864-4420-a8e1-4b8f947f77a9"
"2-s2.0-84964614559","78d70cef-ec56-4cc8-ba87-ccff667b308b"
"2-s2.0-84964614559","aafc8632-16d9-4537-ad80-45c19dc8b88d"
"2-s2.0-84964614559","a6302807-462f-471f-a6ef-84d1a83fc637"
"2-s2.0-84964614559","b768da88-4c89-4095-bf25-9751efebfd50"
"2-s2.0-85042001880","8476600b-bb41-418c-a4f9-735b64dd9f01"
"2-s2.0-85042001880","59730164-93d8-4dde-b6f4-e0ef2975700e"
"2-s2.0-85042001880","962bb586-501a-42e0-8294-e419331a20b2"
"2-s2.0-85042001880","1273e78a-d64f-4800-a6ff-802cf4595ec3"
"2-s2.0-85042001880","d9a06607-0c9c-4729-9724-9bc441b7e529"
"2-s2.0-85019651270","f21f90a9-61bc-406c-bd01-9fbdc353b444"
"2-s2.0-85019651270","74c1c410-1f4a-4491-bf76-73d626040b66"
"2-s2.0-85019651270","51790e47-1fe5-419e-bc83-4a2cb0f80828"
"2-s2.0-85019651270","c50fe5f4-ab5f-4459-88e7-1171dfd62f75"
"2-s2.0-85019651270","653374cf-5214-46f8-91b6-62cd359b9324"
"2-s2.0-85034069093","ef3fab5b-1b1b-44c9-a74a-1a37b89a649e"
"2-s2.0-85034069093","6ac08895-de6c-4dd8-b4a8-56f77e43e90c"
"2-s2.0-85034069093","bf7c5c50-b9bb-487b-b171-5055558089e8"
"2-s2.0-85034069093","b6cac476-0580-4028-99b3-48c33b253b12"
"2-s2.0-85034069093","4f86046d-c7bc-4de8-89b8-1e0bb33215a1"
"2-s2.0-85049580816","301286f9-5759-4fe3-b729-fbeafaea7640"
"2-s2.0-85049580816","4db184b1-23c5-4425-a01a-c65a488c9b66"
"2-s2.0-85049580816","00a0b25f-3b9c-414e-8244-94d66aa29972"
"2-s2.0-85049580816","7572190b-58a2-4990-be78-a6f53ff95848"
"2-s2.0-85049580816","b6f92ae1-04d5-4002-8901-259f711c6d11"
"2-s2.0-85049580816","c9925da6-4a2f-4351-9222-f38f63b3db2b"
"2-s2.0-85006826184","962bb586-501a-42e0-8294-e419331a20b2"
"2-s2.0-85006826184","3d80dddc-bb93-4007-8abe-bcc1dc207d47"
"2-s2.0-85006826184","d9a06607-0c9c-4729-9724-9bc441b7e529"
"2-s2.0-85074206595","1bff9a7e-7bd9-4b06-a0a6-5889251dca12"
"2-s2.0-85074206595","c072e83b-b272-426d-82b5-aa44946b6dee"
"2-s2.0-85074206595","9a18acd9-ec0f-40d4-bb38-1d420a73ba78"
"2-s2.0-85074206595","6c76826d-a90d-49ef-996c-5dd466a24978"
"2-s2.0-85074206595","ab90f21f-1986-4956-ac5d-c9ed4030b3a5"
"2-s2.0-85050410324","a9da4083-2531-439f-8b28-5dec6d675efb"
"2-s2.0-85050410324","8ed338d7-b04c-43d5-aefb-16ae93c1d812"
"2-s2.0-85050410324","c9925da6-4a2f-4351-9222-f38f63b3db2b"
"2-s2.0-85056630858","23166138-6d00-4852-9fd9-b27b2545d1b6"
"2-s2.0-85056630858","cce882d8-8b86-4ba2-a5cc-f614a994a11c"
"2-s2.0-85056630858","f5990820-f80a-4e68-a744-9a8a65dbb6c8"
"2-s2.0-85056630858","bf94776e-113c-4474-bcd4-f8dbf9b15825"
"2-s2.0-85031812464","bd091099-29ae-4f90-ae80-2a967d5b25e8"
"2-s2.0-85031812464","5169e736-209f-4c08-bf90-adbad148e342"
"2-s2.0-85031812464","59f339fc-5d45-4e02-b6ec-4344959518c4"
"2-s2.0-85031812464","9d73b983-6b9c-4704-a8a2-05855c44ab0e"
"2-s2.0-85031812464","d4440a01-69eb-4a31-ba14-12df7dcf0275"
"2-s2.0-85021297507","8476600b-bb41-418c-a4f9-735b64dd9f01"
"2-s2.0-85021297507","59730164-93d8-4dde-b6f4-e0ef2975700e"
"2-s2.0-85021297507","da3d6d19-974c-4f7a-ac7d-36b1d6788ed5"
"2-s2.0-85021297507","4a2da75e-d6dd-4142-ba5a-61607099b56f"
"2-s2.0-85053270291","57cdd66c-5e0e-471f-acaa-cc5687b60b0b"
"2-s2.0-85053270291","63031e5a-8734-4e52-bfe9-7618043e9c69"
"2-s2.0-85053270291","d9c42be6-c0a7-46cf-8041-1cd5e3718384"
"2-s2.0-85053270291","c5303c16-1f00-4578-98c7-a387bd77727d"
"2-s2.0-85053270291","9309ae25-6e1b-4c0f-96f2-9c0d80a4c223"
"2-s2.0-85053270291","4a2da75e-d6dd-4142-ba5a-61607099b56f"
"2-s2.0-85062102823","345656d9-fe98-47cf-9fe5-3a5e33db8727"
"2-s2.0-85062102823","9d919ee0-b92b-453a-8d82-f88b81af68ba"
"2-s2.0-85062102823","4c9efa61-7dfb-4875-a400-fa332b83f6bc"
"2-s2.0-85062102823","7ee710eb-dcc5-4bb6-9884-9376cb306d10"
"2-s2.0-85062102823","3d80dddc-bb93-4007-8abe-bcc1dc207d47"
"2-s2.0-85062102823","4730467c-1442-4bf5-ad09-b3bc3d17450b"
"2-s2.0-85062102823","c5303c16-1f00-4578-98c7-a387bd77727d"
"2-s2.0-85062102823","618ab2c9-850b-47c5-94a0-46f403bf735d"
"2-s2.0-85062102823","4a2da75e-d6dd-4142-ba5a-61607099b56f"
"2-s2.0-85062102823","85b34502-bba2-4060-8cca-a10031ffb397"
"2-s2.0-85029214215","6bc6320c-c3dd-493a-9a3a-4bffe1500f2a"
"2-s2.0-85029214215","187f9ddb-a878-43ae-9b0a-c73b8d96cc1b"
"2-s2.0-85029214215","4a2da75e-d6dd-4142-ba5a-61607099b56f"
"2-s2.0-85029214215","7de95a91-1b3f-4e09-917a-4d871d38f088"
"2-s2.0-85029214215","7b8c4e2d-60e8-42a1-ba98-4dd76c5c8f46"
"2-s2.0-85006356943","345656d9-fe98-47cf-9fe5-3a5e33db8727"
"2-s2.0-85006356943","f45ee124-b61f-4ba5-853b-f43882acb942"
"2-s2.0-85006356943","57cdd66c-5e0e-471f-acaa-cc5687b60b0b"
"2-s2.0-85006356943","8dfe8473-8dce-41f6-a631-83eca5739e31"
"2-s2.0-85006356943","4a2da75e-d6dd-4142-ba5a-61607099b56f"
"2-s2.0-85019109930","ef3fab5b-1b1b-44c9-a74a-1a37b89a649e"
"2-s2.0-85019109930","9d919ee0-b92b-453a-8d82-f88b81af68ba"
"2-s2.0-85019109930","8a602869-87e6-463d-b41a-ed7720924814"
"2-s2.0-85019109930","4a2da75e-d6dd-4142-ba5a-61607099b56f"
"2-s2.0-85040964417","a05a6742-4a55-42b1-9687-4dcba9d9a03d"
"2-s2.0-85040964417","0933405c-2f79-423a-b51e-827da3e43772"
"2-s2.0-85040964417","8dbf3523-a682-405b-9b36-b21ea3f128af"
"2-s2.0-85040964417","a95357aa-4a5a-4541-b0d7-38d61e902392"
"2-s2.0-85069867743","c5a432f1-a344-43f3-8207-0fd7f4c94b72"
"2-s2.0-85069867743","91a300ce-6002-4eb8-b1c1-db01c650b5c7"
"2-s2.0-85069867743","11b025ee-e255-4f59-8fff-e59bae8ac302"
"2-s2.0-85068444503","ee6fe7e6-cac9-4f7f-bfc9-f8d5707c611d"
"2-s2.0-85068444503","afcd9dda-f3f3-4201-8a60-7e1ec80482e6"
"2-s2.0-85068444503","f58a726e-f78d-461f-949e-cb3a42dec9a8"
"2-s2.0-85028515482","35cb0959-e936-4b8f-8bff-c329091c3498"
"2-s2.0-85028515482","1ffd4959-bc79-493e-8eed-4689d8c68291"
"2-s2.0-85028515482","8dbf3523-a682-405b-9b36-b21ea3f128af"
"2-s2.0-85028515482","c1dec390-10c9-4277-bdf3-c849b304086d"
"2-s2.0-85028515482","c757efa2-cf15-4b68-94ef-40b3bf121e05"
"2-s2.0-85018764259","874c287c-127a-4b93-9280-6173a6dc246b"
"2-s2.0-85018764259","c040e708-f3b1-439e-8dad-1f25ab212312"
"2-s2.0-85018764259","c1073768-dbe6-4dc9-af66-2aad90f5b5aa"
"2-s2.0-85018764259","6b6532f8-3a35-4fc3-b7ea-2fa609d7e5a0"
"2-s2.0-85018764259","1e5d4b92-ca99-434c-99af-533563671f64"
"2-s2.0-85061959843","bb9be759-ce06-4db8-83e2-6aacb05c69ee"
"2-s2.0-85061959843","0dc4bc71-f335-4b58-b6de-0b3be6b66e96"
"2-s2.0-85061959843","f9e4b20e-3112-4f4a-b22f-ebaad4ca457c"
"2-s2.0-85061959843","0f86e66b-2837-4c7e-9b3a-035a09adf00c"
"2-s2.0-85002213830","0d6f64f3-63c2-4fab-afc2-a8752b3d2d1d"
"2-s2.0-85002213830","a02ce054-e0fd-4d29-87c9-f17c41d75699"
"2-s2.0-85002213830","926ca3e3-756c-42c2-9621-982c2be244a6"
"2-s2.0-85002213830","a0dc9ecd-0474-4cbe-956d-55b20817e5da"
"2-s2.0-85002213830","d7d77052-b68a-4831-9f49-7db231da33e0"
"2-s2.0-84979516711","885a53de-5abd-4f15-8ac3-a53b171d001c"
"2-s2.0-84979516711","e8be654a-3927-4702-9f93-779643dd15ad"
"2-s2.0-84979516711","d4440a01-69eb-4a31-ba14-12df7dcf0275"
"2-s2.0-84979516711","9a165ff2-7678-484f-8afa-c7e9b6da63a7"
"2-s2.0-84979516711","7c6cb69b-71d3-44e3-8e2d-a5db2ca8b790"
"2-s2.0-85021065218","5fafd31f-6463-48e4-9d46-a08c633e0697"
"2-s2.0-85021065218","2eadf875-7e82-4eb9-a0b5-c7dd0cd17695"
"2-s2.0-85021065218","920c63de-ff40-4bd5-acff-2488be569c3f"
"2-s2.0-85014589606","9b5b1628-2791-4998-81aa-fbe75d5c2f34"
"2-s2.0-85014589606","371833ef-fb37-4386-823f-21675f56ee9f"
"2-s2.0-85014589606","dea5c3c7-d8a3-4a04-927f-e074c7700001"
"2-s2.0-85014589606","e239e8bf-d513-4e50-98d6-abcb7f07ae89"
"2-s2.0-85014589606","fdb92f5a-1ba5-44a7-be19-6992b17896aa"
"2-s2.0-85014589606","a51a46a4-1088-4dbf-b89c-c48f033c9dfa"
"2-s2.0-85054463852","9dc061a3-5921-48d3-bf74-f308d23463eb"
"2-s2.0-85054463852","cb82edd9-0165-4a86-8cf9-817bbf947249"
"2-s2.0-85054463852","e2b26672-c8e1-40f9-9257-7654b9b4f7b1"
"2-s2.0-85054463852","aa7a60fe-9485-4b42-a63a-d1a57f8d748b"
"2-s2.0-85054463852","93247422-445f-42ef-889d-bd57b3108b36"
"2-s2.0-85054463852","8cab90fb-c10b-457d-b071-ed697a508a92"
"2-s2.0-85014752613","301286f9-5759-4fe3-b729-fbeafaea7640"
"2-s2.0-85014752613","885b6016-90eb-44a4-a5a6-b7918f33c9f4"
"2-s2.0-85014752613","9ecbad88-9e6f-4c03-81a3-efaef71b5acc"
"2-s2.0-85014752613","6fa45de8-4784-415c-a589-4205a4854d1d"
"2-s2.0-84994718341","852baa4d-eb29-4ae9-9ba5-6f1d684936a9"
"2-s2.0-84994718341","5a9bb7d4-33b8-43d8-933d-9b97a34d3296"
"2-s2.0-85037043530","ef3fab5b-1b1b-44c9-a74a-1a37b89a649e"
"2-s2.0-85037043530","299c7bae-9592-4e77-824d-7d47e7749582"
"2-s2.0-85037043530","6fc2c78e-bdf0-460f-bf85-bcbc5f5d5436"
"2-s2.0-85037043530","b26c2e4e-69a0-4169-964d-e8d9c9b956bd"
"2-s2.0-85037043530","4a2da75e-d6dd-4142-ba5a-61607099b56f"
"2-s2.0-85075166353","a56d7629-58fc-42e5-a089-9a96ee159318"
"2-s2.0-85075166353","2c575f0a-56a1-4c2f-89b5-474461142a44"
"2-s2.0-85075166353","1acd611c-c4e2-400d-9ac9-8504ea0e171a"
"2-s2.0-85006789668","301286f9-5759-4fe3-b729-fbeafaea7640"
"2-s2.0-85006789668","d9a06607-0c9c-4729-9724-9bc441b7e529"
"2-s2.0-85006789668","2809c699-58a3-4ee7-bbcf-99d0e5bb0815"
"2-s2.0-85055352826","0a7e5788-1426-498d-a03f-6054b6d7643c"
"2-s2.0-85055352826","16543599-ea0f-4320-bf7e-3d701c7f5217"
"2-s2.0-85055352826","076524d7-cf05-4f67-9dcc-41602b2af62c"
"2-s2.0-85055352826","233a883e-b987-4519-945f-0118b466fc24"
"2-s2.0-85055352826","0726ac00-faf2-4ca4-87f0-23d1109da8f1"
"2-s2.0-85055352826","d75454ba-96dc-4483-9bb0-6d6dbbe4385e"
"2-s2.0-85055352826","bd10b29e-825b-4714-912d-bcf53de35eb6"
"2-s2.0-85065498821","003579e8-906f-46d4-bd82-5d87dc328e6b"
"2-s2.0-85065498821","949e7b2d-c7ab-48e4-a8c3-62768a5ad795"
"2-s2.0-85065498821","ee15a87b-5858-431a-9bb8-abb587b8eff9"
"2-s2.0-85033684988","301286f9-5759-4fe3-b729-fbeafaea7640"
"2-s2.0-85033684988","d9a06607-0c9c-4729-9724-9bc441b7e529"
"2-s2.0-85033684988","4a2da75e-d6dd-4142-ba5a-61607099b56f"
"2-s2.0-85053688341","ef3fab5b-1b1b-44c9-a74a-1a37b89a649e"
"2-s2.0-85053688341","3d80dddc-bb93-4007-8abe-bcc1dc207d47"
"2-s2.0-85053688341","73b47a37-5af8-42d5-89db-4daabb7c8320"
"2-s2.0-85053688341","9aba62b0-a997-4afd-86e3-6f5999d51413"
"2-s2.0-85053688341","1eb907bd-957c-4279-87bc-3f1e11c0eee0"
"2-s2.0-85045903329","ef3fab5b-1b1b-44c9-a74a-1a37b89a649e"
"2-s2.0-85045903329","5169e736-209f-4c08-bf90-adbad148e342"
"2-s2.0-85045903329","93b9db1f-1461-4050-b1a5-d9f25548bf8b"
"2-s2.0-85045903329","3c9a9120-ddea-47c4-b33c-566f38657060"
"2-s2.0-85045903329","a6b30f7c-2c15-4ea1-9d62-9baa1d620edd"
"2-s2.0-85045903329","67f26997-2e24-44bb-900c-21c64bb99734"
"2-s2.0-85045903329","4f450c90-9e2b-4dcb-b295-7a176c7242c3"
"2-s2.0-85045903329","aed669fa-fba0-4a04-8a58-2c9a7ba5b350"
"2-s2.0-85045952219","974a6928-37ba-470e-84e0-3627746cbfda"
"2-s2.0-85045952219","6157403b-4540-49fc-a563-2927b5ef6ca7"
"2-s2.0-85045952219","5589352f-13b0-4dac-8a96-7c3c4b4974e3"
"2-s2.0-85045952219","cda7f583-88a8-425d-986d-27e69291abfa"
"2-s2.0-85045952219","e863e1eb-8916-4f5a-afed-7b5144565210"
"2-s2.0-85045952219","3efda66c-fe91-4d49-87c1-46705ee2bc03"
"2-s2.0-85028248668","b5a8083d-de97-4c20-8d17-9f6f60146d1a"
"2-s2.0-85028248668","6283811e-9761-4dd9-b4b8-548414b1d9cf"
"2-s2.0-85028248668","8524d886-0968-4f5f-a969-55cc1d12f957"
"2-s2.0-85028248668","b84957ab-1a7b-4d2c-8a67-4853e62cd4bc"
"2-s2.0-85028248668","51546f08-172e-4a2c-aa84-5d37da904f75"
"2-s2.0-85053668037","ef3fab5b-1b1b-44c9-a74a-1a37b89a649e"
"2-s2.0-85053668037","a1b8aeb1-9a79-4e15-bf42-7a43247262cf"
"2-s2.0-85053668037","299c7bae-9592-4e77-824d-7d47e7749582"
"2-s2.0-85053668037","4a2da75e-d6dd-4142-ba5a-61607099b56f"
"2-s2.0-85041619190","fce67c4a-772b-4299-90cd-dc2b4a01b5a0"
"2-s2.0-85041619190","cedc46bb-cf04-427b-b5c4-8715548ca58d"
"2-s2.0-85041619190","c4e2630b-0b07-42ec-a558-56132fc81b81"
"2-s2.0-85041619190","ad3b983f-45ac-4ac1-82e4-d8d834c424d9"
"2-s2.0-85041619190","b129fbdb-2443-45ab-8184-38f5b2e40a82"
"2-s2.0-85041619190","e98178ad-6f10-409c-8299-e0648b5475cd"
"2-s2.0-85032023093","2c37ef8b-53e4-4391-8d5a-103560ec74d1"
"2-s2.0-85032023093","802fa47e-66d6-49e1-ae00-b0115b2f36ce"
"2-s2.0-85032023093","82b2c3e0-2874-4a6b-a746-9936734ee506"
"2-s2.0-85032023093","5dc93615-1bad-44cc-a23d-b9ee8b88e146"
"2-s2.0-85032023093","4dbaaebd-60a2-4563-b777-587dcc4d5eb5"
"2-s2.0-85032023093","92c53074-ddd9-40ef-8ba0-1e1e36cd38be"
"2-s2.0-85053856369","3e2ddddc-1317-485b-80e8-642ac8337213"
"2-s2.0-85053856369","ad300e10-48d0-4720-86b4-183a2dd29057"
"2-s2.0-85053856369","d045974e-55a2-4b0c-b0b9-1125b439ab52"
"2-s2.0-85017637514","9f4923dd-483e-4877-8285-87045563faf8"
"2-s2.0-85017637514","9d919ee0-b92b-453a-8d82-f88b81af68ba"
"2-s2.0-85017637514","83ecf894-53dd-496e-a9c0-5def69746bfe"
"2-s2.0-85017637514","a81b3148-aa8b-40eb-94e9-77db4aa445a3"
"2-s2.0-85017637514","8d1b017d-6571-4e71-9a4f-a79feaef105d"
"2-s2.0-85017637514","e4ea3fce-e857-43a5-a739-9c4c2481065c"
"2-s2.0-85017637514","5b762135-f284-4c8a-8292-75fa8f1c642f"
"2-s2.0-85017637514","afd72d53-03b8-473b-80d5-6e92984c5282"
"2-s2.0-85017637514","7572190b-58a2-4990-be78-a6f53ff95848"
"2-s2.0-85017637514","b12583f3-eec8-43f4-88d0-947f341c2552"
"2-s2.0-85017637514","b44b8c91-117a-4f2f-b577-e8e8e0bfbcae"
"2-s2.0-85017637514","b6f92ae1-04d5-4002-8901-259f711c6d11"
"2-s2.0-85017637514","715b1bea-52bc-42ac-8e87-52290d2064b7"
"2-s2.0-85017637514","39b2ed29-2ffc-4602-99a1-2411b3193daf"
"2-s2.0-85017637514","0977a3d1-bf53-4a9f-a5e8-28a0014682c0"
"2-s2.0-85037639863","a962fa93-5d92-4098-b140-be1e087bd9b4"
"2-s2.0-85037639863","73d315bf-1728-41e1-aeac-d9f5d70334aa"
"2-s2.0-85037639863","2a3a483a-6976-44ba-840a-8c4eb315c2b8"
"2-s2.0-85037639863","30c1923e-95f8-4d99-bf4d-f171f60c44a6"
"2-s2.0-85037639863","2a8a681b-c64b-4e3e-96c7-64ed8628f766"
"2-s2.0-85037047527","301286f9-5759-4fe3-b729-fbeafaea7640"
"2-s2.0-85037047527","d9a06607-0c9c-4729-9724-9bc441b7e529"
"2-s2.0-85037047527","74b67d65-7d43-41e8-9837-38ebef4dccdc"
"2-s2.0-85037047527","32681405-7f6f-48fa-aeb0-638976d8bae2"
"2-s2.0-85037047527","4a2da75e-d6dd-4142-ba5a-61607099b56f"
"2-s2.0-85067632025","999f055a-ea98-4df4-9961-79b5a81deb1c"
"2-s2.0-85067632025","ee1096fe-e202-431b-b2ca-80c553133bbc"
"2-s2.0-85067632025","a2ed355b-a0c1-47de-991e-556881730221"
"2-s2.0-85054589315","ef3fab5b-1b1b-44c9-a74a-1a37b89a649e"
"2-s2.0-85054589315","90e54ff9-992d-445c-ad6d-e880507bd08f"
"2-s2.0-85054589315","a7136f34-f091-4df8-95f0-8cdabd0f006b"
"2-s2.0-85054589315","4a2da75e-d6dd-4142-ba5a-61607099b56f"
"2-s2.0-85044768089","94380563-4ba1-47dc-9de5-21759a1c98f6"
"2-s2.0-85044768089","42c4833d-c0ad-434b-b42d-b90dc5533ecf"
"2-s2.0-85044768089","b4b7c90f-450a-438e-bdce-a693035ca3f2"
"2-s2.0-85044768089","5c18346e-5a7e-43b1-9fc3-8eff3bd544e9"
"2-s2.0-85044768089","fbe5f1d2-248f-4907-b807-5539a894a0d6"
"2-s2.0-85021772737","7bb58c63-189e-4e9c-adf6-3b8ab0d5f2ed"
"2-s2.0-85021772737","f21f90a9-61bc-406c-bd01-9fbdc353b444"
"2-s2.0-85021772737","ef3fab5b-1b1b-44c9-a74a-1a37b89a649e"
"2-s2.0-85021772737","618ab2c9-850b-47c5-94a0-46f403bf735d"
"2-s2.0-85021772737","4a2da75e-d6dd-4142-ba5a-61607099b56f"
"2-s2.0-85015692519","301286f9-5759-4fe3-b729-fbeafaea7640"
"2-s2.0-85015692519","962bb586-501a-42e0-8294-e419331a20b2"
"2-s2.0-85015692519","2809c699-58a3-4ee7-bbcf-99d0e5bb0815"
"2-s2.0-85015692519","c5303c16-1f00-4578-98c7-a387bd77727d"
"2-s2.0-85053529119","4d3b7c0f-25b5-4455-bea0-771e08153fc3"
"2-s2.0-85053529119","f793f73b-8eac-4e8f-bff4-216ad778a84f"
"2-s2.0-85053529119","2a39d861-c7c1-451d-94db-d4d65ea0a5d0"
"2-s2.0-85053529119","0f4827d4-639f-4a1f-8d79-4c37805c4db9"
"2-s2.0-85086761538","1f6312a4-d138-4318-b513-a5c06d54a6c4"
"2-s2.0-85086761538","e75a8c32-cfa7-48d4-93db-f34f52530ec4"
"2-s2.0-85086761538","9bf6cee8-e8d1-4149-820a-cf92a434f1b1"
"2-s2.0-85086761538","64ecdf49-b5e7-401f-8cac-2df46d1110c1"
"2-s2.0-85044294782","7774fc4f-064c-4939-8149-affde794bead"
"2-s2.0-85044294782","55f424fb-4f0f-487c-81e1-dc4e1134e70e"
"2-s2.0-85044294782","1ae73b3b-e6fd-46dc-affb-d22507a569cc"
"2-s2.0-85044294782","4a2da75e-d6dd-4142-ba5a-61607099b56f"
"2-s2.0-85044294782","f12542ed-5d40-4eaa-b247-43e885ed5be0"
"2-s2.0-85044309943","a6302807-462f-471f-a6ef-84d1a83fc637"
"2-s2.0-85044309943","4e4e819c-ff23-4c29-9df1-ac7a5af1fa46"
"2-s2.0-85044309943","4a2da75e-d6dd-4142-ba5a-61607099b56f"
"2-s2.0-85030720831","9d919ee0-b92b-453a-8d82-f88b81af68ba"
"2-s2.0-85030720831","cdce1da4-8c32-4e98-b93e-ee1e4d488ff4"
"2-s2.0-85030720831","c5398bbc-337e-42d2-a9e5-ba03b9c8ac7b"
"2-s2.0-85030720831","4a2da75e-d6dd-4142-ba5a-61607099b56f"
"2-s2.0-85053283173","68b29111-f309-45ff-923d-243dbcec0f98"
"2-s2.0-85053283173","9e24f7ff-f712-439c-80ee-49a55bdee42c"
"2-s2.0-85053283173","2c4f94fc-47cf-47e6-a6d8-56ec107676f1"
"2-s2.0-85053283173","509322a2-cdd7-4251-96ce-89dda1f03baa"
"2-s2.0-85053283173","dbc9dc48-ceb2-48a6-87d6-a13c531a401b"
"2-s2.0-85053283173","4a2da75e-d6dd-4142-ba5a-61607099b56f"
"2-s2.0-85078543698","345656d9-fe98-47cf-9fe5-3a5e33db8727"
"2-s2.0-85078543698","f6957975-7753-4136-af6a-9d882fd5f36d"
"2-s2.0-85078543698","c204bdff-eec2-43c1-a6d9-bf695c4761ca"
"2-s2.0-85078543698","ec5781ab-9f01-41d8-ad13-3836e1423ffb"
"2-s2.0-85054344762","bd091099-29ae-4f90-ae80-2a967d5b25e8"
"2-s2.0-85054344762","d9dc1d6e-49c6-4e9a-a544-a6afd609c722"
"2-s2.0-85054344762","2c7b4543-9c39-42e8-9195-2d5020acd74b"
"2-s2.0-85054344762","dd7c0a25-a332-4680-b4b2-e0de92111854"
"2-s2.0-85054344762","0971bb89-eb90-40f9-bb9c-063083c897a3"
"2-s2.0-85029228687","e5d2f72f-8a7c-4107-b8a0-abd102419873"
"2-s2.0-85029228687","eab714ed-ca8f-4af1-9380-3b64c8cf8d1c"
"2-s2.0-85029228687","4a2da75e-d6dd-4142-ba5a-61607099b56f"
"2-s2.0-85029228687","d1292d91-c5ae-45ab-964b-046f30b1d514"
"2-s2.0-84942570634","0beec3d7-09c6-4584-9ebb-3efcfb53b8ee"
"2-s2.0-84942570634","94b2ab7d-ba19-4515-872e-33b9dde1382f"
"2-s2.0-84942570634","9b22240a-6b1f-4ad0-bd4b-8338e27216d2"
"2-s2.0-84942570634","840e1053-7ab8-4622-9878-1d381e33ea40"
"2-s2.0-84942570634","d5b8b65e-e043-44df-bc5c-051ae8fe6c1b"
"2-s2.0-84924133209","38c57104-7662-4b64-a68f-b899f6774730"
"2-s2.0-84924133209","f5df3c88-597d-4060-a1b3-d9979dcd6955"
"2-s2.0-84924133209","0b8c8bb5-7c5c-46f7-8837-7af354f28195"
"2-s2.0-84924133209","74cd95e2-706a-420e-bb73-acef8e13f4c5"
"2-s2.0-84952885235","00bd6348-9c1d-4722-81f4-2ddc3789d7fa"
"2-s2.0-84952885235","6d98f269-2d77-4efb-a3e5-bf2aef94118e"
"2-s2.0-84952885235","5589352f-13b0-4dac-8a96-7c3c4b4974e3"
"2-s2.0-84951336297","a0009b25-55bf-4f30-ab07-ac3fa21577ab"
"2-s2.0-84951336297","8c57dbe9-f3aa-44f4-ab7b-d8c0a03b8504"
"2-s2.0-84951336297","48ea7459-f64a-4e33-aac9-4637184428e7"
"2-s2.0-84951336297","1332b901-90a5-49e6-ac43-96523b23b829"
"2-s2.0-84951336297","e4bfc2f3-5a76-491b-9fec-457417415c5a"
"2-s2.0-84951336297","700d76f9-3d03-4fc4-96eb-42a68c1f024b"
"2-s2.0-84926643180","bd091099-29ae-4f90-ae80-2a967d5b25e8"
"2-s2.0-84926643180","af48f2ca-8fa9-4110-8251-cfa65d32940d"
"2-s2.0-84926643180","94fa3fb7-14eb-4807-bd50-2f5142d1488c"
"2-s2.0-84926643180","54794b84-874e-4295-8b09-20f707285cec"
"2-s2.0-84885602802","0b4e0fd0-9879-459e-8aef-6a6a43dd9cec"
"2-s2.0-84885602802","23fc84b8-7c22-4d64-80b2-83da4e6189cb"
"2-s2.0-84885602802","3ad2529a-87a1-4681-8e6c-dc21a66ba1e3"
"2-s2.0-84885602802","97750ae1-7896-408b-9d3a-bc2c9e583f09"
"2-s2.0-84885602802","c5303c16-1f00-4578-98c7-a387bd77727d"
"2-s2.0-84885602802","bea8413a-2bb5-481c-a965-a22a1ec79924"
"2-s2.0-84888402460","bb63098e-2ad5-4f1b-a300-59de51af6adc"
"2-s2.0-84888402460","d5120771-4040-4004-88f7-af2314d6cfd3"
"2-s2.0-84888402460","1a61f7a1-5d1f-42d5-b99e-fc71ff90b9c2"
"2-s2.0-84929247128","6c384593-1fcd-4dbe-a752-7bcb2fbc0bee"
"2-s2.0-84929247128","c3ef784a-f274-4a9d-8580-e5fa6d64ae0d"
"2-s2.0-84929247128","a318a541-bba7-4b25-af56-86079aaf7188"
"2-s2.0-84929247128","dfe64dcd-152b-4a8c-b4cd-56caf634f0cc"
"2-s2.0-84929247128","6f332fcc-132b-4344-b472-225d4367e30e"
"2-s2.0-84929247128","a68c3117-2d6a-4d75-a493-3f451c3c4c88"
"2-s2.0-84963705379","065decca-0fb3-46a1-ae1d-2cf18f7ddd85"
"2-s2.0-84963705379","2376f441-249d-4f1b-826d-edf7c56751eb"
"2-s2.0-84963705379","4f08a9b1-b966-4f1f-aff8-34aa999f06d0"
"2-s2.0-84963705379","4d3b7c0f-25b5-4455-bea0-771e08153fc3"
"2-s2.0-84963705379","35c260e9-8509-427c-9987-bafc7e6784fb"
"2-s2.0-84886743843","f4fc3dad-dd74-42c8-bad4-2cc5100c652f"
"2-s2.0-84886743843","5e9688a1-780b-4fed-8287-afb5e2ae17f5"
"2-s2.0-84886743843","13d5e096-68a2-46dc-836f-044ec1860c6c"
"2-s2.0-84886743843","f37fdd31-315c-4e3c-aecc-8dfc2070f8d4"
"2-s2.0-84886743843","a44d813b-ab21-4bf8-a0a2-97bac3353dd1"
"2-s2.0-84886743843","ce0dba4c-e277-4c2f-9c4f-e49cc436a4c7"
"2-s2.0-84947087101","4007772a-a505-453d-8b45-0c1954dc0051"
"2-s2.0-84947087101","50b4e7a0-f144-44c6-a1b7-88092203e488"
"2-s2.0-84947087101","e91792be-2abb-4339-bb91-60f84f2db7d8"
"2-s2.0-84947087101","48df23c5-fd04-48f4-ac88-c73df900b4f5"
"2-s2.0-84947087101","127f751b-c349-47fe-b266-a6ebdd9ce731"
"2-s2.0-84947087101","eb82b6f2-dcdb-4fc4-a6fe-6ec3be40ed9f"
"2-s2.0-84947087101","fc5b3e8d-de26-4fab-90b5-22e0aec417be"
"2-s2.0-84932139355","ba674bf6-420e-441a-b0bc-bd074f1f45e1"
"2-s2.0-84932139355","1c9adada-6c5c-410e-a85e-0fcccbe5df84"
"2-s2.0-84932139355","ebf1b04d-14fc-4748-ae69-4e934758e969"
"2-s2.0-84932139355","12413045-51a4-467e-a909-ad4155ddda0b"
"2-s2.0-84932139355","476ac3cf-5b00-44ed-951c-e7697e62a6dc"
"2-s2.0-84932139355","9d919ee0-b92b-453a-8d82-f88b81af68ba"
"2-s2.0-84932139355","3b0bfa89-1db4-42e1-8a9a-f68714027d9e"
"2-s2.0-84932139355","b8470073-e7c1-4cc1-9d1b-55ae2e4ed469"
"2-s2.0-84932139355","59b37f7a-e69c-49a1-9201-ca223d828f40"
"2-s2.0-84932139355","b901b6da-d9db-4960-9ef9-a6c4b7682019"
"2-s2.0-84932139355","38ea6451-c451-4467-bed2-8dd3b9e713fb"
"2-s2.0-84932139355","1fa98c05-66fa-424f-ba2e-52393c57962f"
"2-s2.0-84932139355","0b946d0b-fa9e-4d57-bf36-4da1c8de5b0d"
"2-s2.0-84940096134","43706f42-24a4-43ae-aa04-e0383d97d205"
"2-s2.0-84940096134","8e3345bb-fc21-4a1f-90c9-cca6f897f87c"
"2-s2.0-84940096134","10a3275f-a475-4b8b-b6f4-0f06066b707e"
"2-s2.0-84940096134","b686f9c0-22c0-4db0-a946-7984c3a6f6e7"
"2-s2.0-84940096134","529c3f64-0f09-454c-9669-fd9da8e6db6a"
"2-s2.0-84940096134","ec658d24-d455-4bb5-8eea-ba8fad2426c6"
"2-s2.0-84940096134","9ef1514f-608c-4dc5-90b3-ece196cd6800"
"2-s2.0-84940096134","292efecd-af48-43d7-9a07-5ec282ea5aad"
"2-s2.0-84940096134","3a4429e5-c4cf-4709-a563-a8cd541b157c"
"2-s2.0-84940096134","3523977a-2d5a-4b48-b998-488f6249e16b"
"2-s2.0-84948958232","41c247f6-21c0-4951-b614-cf52fd35ddaa"
"2-s2.0-84948958232","c087535c-bdbe-4b52-ab59-e3b5d2f45ec4"
"2-s2.0-84948958232","9e24ac8a-be55-4e81-9d8c-039f8f58b353"
"2-s2.0-84948958232","2c575f0a-56a1-4c2f-89b5-474461142a44"
"2-s2.0-84944384828","5bce6c8b-5fdf-4a60-94ce-b33e3cc93a6f"
"2-s2.0-84944384828","8a6e36f8-56e8-464f-a41a-4e507b021535"
"2-s2.0-84944384828","8866d0ae-d159-46e2-b618-d7cda66d7991"
"2-s2.0-84944384828","acbf1f47-b3af-404d-b399-d84b553e1486"
"2-s2.0-84944384828","b12583f3-eec8-43f4-88d0-947f341c2552"
"2-s2.0-84882602636","57fb7893-554d-44e9-973b-f9b9f51be89c"
"2-s2.0-84882602636","acb9fb6a-66b5-4b94-93b0-99d2414d7ce8"
"2-s2.0-84882602636","cef8746c-fa58-4a4d-939e-fe552179e7aa"
"2-s2.0-84882602636","a9462ff7-f1e9-45c4-953a-24383b8a638b"
"2-s2.0-84882602636","ab816d85-94f8-4e7e-85df-972bd88cfacd"
"2-s2.0-84893318139","21998f29-957f-4304-8191-eb748684318d"
"2-s2.0-84893318139","a05a6742-4a55-42b1-9687-4dcba9d9a03d"
"2-s2.0-84893318139","7218ec6c-358a-46c0-817f-5fe9969d7049"
"2-s2.0-84893318139","d57b6b77-c713-4e8a-b5bd-9ce9b03bc103"
"2-s2.0-84893318139","61411fbb-c41f-4431-ae91-e49d6de94100"
"2-s2.0-84887217645","9d919ee0-b92b-453a-8d82-f88b81af68ba"
"2-s2.0-84887217645","5464a889-52c4-43ad-b945-a8de7d36f671"
"2-s2.0-84887217645","127f751b-c349-47fe-b266-a6ebdd9ce731"
"2-s2.0-84887217645","31f2b933-4479-4a0a-b869-164f3d1378d6"
"2-s2.0-84887217645","629fd307-9779-403f-ac61-3b19a4d884b9"
"2-s2.0-84958757484","a60d3d9f-c311-470e-aedf-0d55d245352e"
"2-s2.0-84958757484","a263710b-afa1-45a7-b1e4-98e4429a81ca"
"2-s2.0-84958757484","c1de82e3-4809-4448-9ecd-51f2f7005d51"
"2-s2.0-84947944527","1e91f0d8-8ee0-4917-af70-9cf003905d6c"
"2-s2.0-84947944527","89579f80-0fc5-4a26-bb83-4631cf9798ee"
"2-s2.0-84947944527","feff6e2f-3e42-417f-b8d4-b16958ab4633"
"2-s2.0-84947944527","13d5e096-68a2-46dc-836f-044ec1860c6c"
"2-s2.0-84947944527","d5b8b65e-e043-44df-bc5c-051ae8fe6c1b"
"2-s2.0-84987657385","962bb586-501a-42e0-8294-e419331a20b2"
"2-s2.0-84987657385","e0a9300b-acc6-452b-842a-d22c9ba5d171"
"2-s2.0-84987657385","14475d1d-32ba-42d2-b625-f23694b96a1d"
"2-s2.0-84987657385","221bd1ea-1a27-4668-ae2a-3e173bb78667"
"2-s2.0-84987657385","2327944c-459a-4f08-b1a8-c7113d3746b6"
"2-s2.0-84954420616","4d3b7c0f-25b5-4455-bea0-771e08153fc3"
"2-s2.0-84954420616","d794d628-cc38-42e0-a2a7-d8cea5fe2444"
"2-s2.0-84954420616","f3520f48-f544-442c-b9fa-7ce75d81ab53"
"2-s2.0-84954420616","1a1f4f78-9ed0-4a9f-92df-02bdc6543ee3"
"2-s2.0-84931832385","9d919ee0-b92b-453a-8d82-f88b81af68ba"
"2-s2.0-84931832385","83ecf894-53dd-496e-a9c0-5def69746bfe"
"2-s2.0-84931832385","a748d0fd-72b5-496e-8708-45059a80344d"
"2-s2.0-84931832385","27ebebc0-b686-4508-ad4d-cd4888021392"
"2-s2.0-84931832385","6fda4bac-6d36-4d88-be5e-727ca77bbf82"
"2-s2.0-84892749888","ef3fab5b-1b1b-44c9-a74a-1a37b89a649e"
"2-s2.0-84892749888","e458f5ea-60a9-49b4-908b-2cd08dce1e64"
"2-s2.0-84892749888","c5303c16-1f00-4578-98c7-a387bd77727d"
"2-s2.0-84892749888","3c9a9120-ddea-47c4-b33c-566f38657060"
"2-s2.0-84892749888","390e0c69-6916-4148-906e-4250e2db9950"
"2-s2.0-84940902884","ef3fab5b-1b1b-44c9-a74a-1a37b89a649e"
"2-s2.0-84940902884","3ad2529a-87a1-4681-8e6c-dc21a66ba1e3"
"2-s2.0-84940902884","3c583e22-5d4a-4679-be87-e6b6dd59bce4"
"2-s2.0-84940902884","127f751b-c349-47fe-b266-a6ebdd9ce731"
"2-s2.0-84940902884","f3520f48-f544-442c-b9fa-7ce75d81ab53"
"2-s2.0-84940902884","bdd36e49-275b-41ab-b71e-ceed5d5b0993"
"2-s2.0-84940902884","4a2da75e-d6dd-4142-ba5a-61607099b56f"
"2-s2.0-84979752242","b15eed59-3eff-47c0-ab77-ad1816d62b86"
"2-s2.0-84979752242","8d991448-c51c-4c2a-9502-3dfb8b3ab45f"
"2-s2.0-84979752242","2d55a9f9-05f5-4c40-9986-2721da45a66d"
"2-s2.0-84979752242","61e79e4f-c43e-4266-8470-e045589948ff"
"2-s2.0-84906687740","fb00eb01-b025-41b7-b753-cfd8013f739f"
"2-s2.0-84906687740","ef8093fa-2e18-475d-947f-e835b44f4482"
"2-s2.0-84906687740","0ea84f91-e5d5-40a6-af2f-bc126b0cc1dd"
"2-s2.0-84906687740","056f7de2-8c6d-4b7d-b08e-20ee87c41c74"
"2-s2.0-84894542744","33e2fd5f-5254-48d9-a83b-67c123f57f13"
"2-s2.0-84894542744","b35ae50b-c4f8-43c1-be9a-f516559fada3"
"2-s2.0-84894542744","1273e78a-d64f-4800-a6ff-802cf4595ec3"
"2-s2.0-84894542744","4a2da75e-d6dd-4142-ba5a-61607099b56f"
"2-s2.0-84901945307","a1e0f654-cda1-4482-802d-495be0c307fc"
"2-s2.0-84901945307","cce33a14-ebb5-41cc-ba34-db68f2cc6a95"
"2-s2.0-84901945307","7882b169-ad58-42b0-b7ad-7993598bc984"
"2-s2.0-84901945307","70213d4a-bd82-4d25-a851-2745bd9ed5f3"
"2-s2.0-84901945307","d6dded35-8a63-4888-82eb-633e8ce5e4b9"
"2-s2.0-84930933045","1d0e5f7d-25ce-483b-9ef0-92cc77f309e3"
"2-s2.0-84930933045","223be665-a42e-4c53-b57e-e0de3a99198e"
"2-s2.0-84930933045","c061cbc2-d979-42cc-a8e3-b04df8968e11"
"2-s2.0-84930933045","665d6b97-7c02-4465-b707-164c0f9e8efa"
"2-s2.0-84930933045","46469dc9-125b-4e8c-af6b-262a4b0488bc"
"2-s2.0-84994633797","301286f9-5759-4fe3-b729-fbeafaea7640"
"2-s2.0-84994633797","137cfbe0-7def-432c-ac94-6dad4e22f9c9"
"2-s2.0-84994633797","091de46a-df26-4f96-8124-24a00227f738"
"2-s2.0-84979913023","ee6fe7e6-cac9-4f7f-bfc9-f8d5707c611d"
"2-s2.0-84979913023","abd530df-7479-47f1-9967-6672a2ad98d1"
"2-s2.0-84979913023","2eadf875-7e82-4eb9-a0b5-c7dd0cd17695"
"2-s2.0-84979913023","c46f4a02-870c-4fe7-9934-2f3c474366ea"
"2-s2.0-84979913023","475625bd-ca37-49b4-8d16-ece210053b96"
"2-s2.0-84940372528","a2a5b77f-adeb-43ef-bf7c-ed87a93f2bea"
"2-s2.0-84940372528","452bba14-4ac7-4772-9851-fdd27eb17e73"
"2-s2.0-84940372528","f7532f47-581b-4076-a6ee-8d1e68063e86"
"2-s2.0-84940372528","67a96ef6-9b7f-4ecb-b175-2494f1dd7103"
"2-s2.0-84940372528","9a8168d4-63db-4014-86b5-8ce6ac048206"
"2-s2.0-84973293532","301286f9-5759-4fe3-b729-fbeafaea7640"
"2-s2.0-84973293532","b6ed5c94-e25b-49eb-b438-748d26a59a9a"
"2-s2.0-84973293532","c15a7669-0d06-45fe-8559-aa55c6dd6ff8"
"2-s2.0-84973293532","5e6bc798-2662-4beb-818d-36a218df5026"
"2-s2.0-84973293532","c5303c16-1f00-4578-98c7-a387bd77727d"
"2-s2.0-84973293532","c5398bbc-337e-42d2-a9e5-ba03b9c8ac7b"
"2-s2.0-84973293532","b0fe9e01-f82e-4707-bdb6-8e2c71e56a4b"
"2-s2.0-84940839512","9dc061a3-5921-48d3-bf74-f308d23463eb"
"2-s2.0-84940839512","72623d45-9c46-45a8-8b43-17febf71b68a"
"2-s2.0-84940839512","b90b60d0-930e-417c-ba1d-3650b1e85671"
"2-s2.0-84940839512","45c9af9d-3c47-4df2-83cf-b8025c0378fa"
"2-s2.0-84940839512","d5b8b65e-e043-44df-bc5c-051ae8fe6c1b"
"2-s2.0-84932093110","25f58a6b-6b7c-4154-bf36-9e0bc6ab0cb7"
"2-s2.0-84932093110","90018f47-65a5-47dc-8caa-82ee0257a02b"
"2-s2.0-84932093110","780f6807-51cd-471f-8a60-53fe27120769"
"2-s2.0-84932093110","c5303c16-1f00-4578-98c7-a387bd77727d"
"2-s2.0-84932093110","1c26aa50-9efe-4a79-b972-487040cf2490"
"2-s2.0-84932093110","7cd192d6-2abc-4b36-8782-ed1e9d460d3a"
"2-s2.0-84932093110","03969743-5db4-4e7f-8ea7-89338871b0dd"
"2-s2.0-84932093110","4a2da75e-d6dd-4142-ba5a-61607099b56f"
"2-s2.0-84932093110","a15c70ea-7db0-4e04-95fe-b0e523540b09"
"2-s2.0-85020318732","ef3fab5b-1b1b-44c9-a74a-1a37b89a649e"
"2-s2.0-85020318732","af0645c0-15a5-4de9-901f-45f0017c0bb2"
"2-s2.0-85020318732","70115203-8de7-4b5d-8071-d4b657501f06"
"2-s2.0-85020318732","8e81c6e4-8d2f-4b38-960b-c6f6b294deb7"
"2-s2.0-85020318732","d595bcde-074b-410b-923d-0fd6fcba667e"
"2-s2.0-85020318732","c040e708-f3b1-439e-8dad-1f25ab212312"
"2-s2.0-84932099731","e49d3ab1-d883-44e2-9f12-ee063eba07a8"
"2-s2.0-84932099731","2a7c5fdf-629e-4277-b457-3514e39419a6"
"2-s2.0-84932099731","eb1189eb-a08c-472d-b69e-ade7e06a17b4"
"2-s2.0-84932099731","4a2da75e-d6dd-4142-ba5a-61607099b56f"
"2-s2.0-84948465589","7391335e-8d76-4a4f-b285-e6331291ee10"
"2-s2.0-84948465589","5b762135-f284-4c8a-8292-75fa8f1c642f"
"2-s2.0-84948465589","233a883e-b987-4519-945f-0118b466fc24"
"2-s2.0-84948465589","b6f92ae1-04d5-4002-8901-259f711c6d11"
"2-s2.0-84948465589","170a1fe8-9181-46ca-be4c-7c0f3f1e89b1"
"2-s2.0-84976524460","f21f90a9-61bc-406c-bd01-9fbdc353b444"
"2-s2.0-84976524460","9d919ee0-b92b-453a-8d82-f88b81af68ba"
"2-s2.0-84976524460","7572190b-58a2-4990-be78-a6f53ff95848"
"2-s2.0-84976524460","4a2da75e-d6dd-4142-ba5a-61607099b56f"
"2-s2.0-84951284607","582a9b5b-7135-4257-a5fc-c55af94c2de3"
"2-s2.0-84951284607","235dc854-5f13-4f39-af1f-293e0f8c76f4"
"2-s2.0-84951284607","b8e26ead-991c-4178-bd3c-350c0650f06d"
"2-s2.0-84951284607","f6bde975-b732-46e0-b94f-57951e51d947"
"2-s2.0-84932124900","3605c2e3-9127-42d6-b507-db621093c9f7"
"2-s2.0-84932124900","a9da4083-2531-439f-8b28-5dec6d675efb"
"2-s2.0-84932124900","41873ee3-1fb8-49aa-9ad3-5c29f03375dd"
"2-s2.0-84932124900","6f59e77a-ac34-4a82-ab01-c3c50a75efc2"
"2-s2.0-84957065589","9d919ee0-b92b-453a-8d82-f88b81af68ba"
"2-s2.0-84957065589","a7287def-28b9-4e3e-a55d-0221f846568f"
"2-s2.0-84957065589","26c2705c-de41-405d-b5b1-3591f85ac3c7"
"2-s2.0-84957065589","51790e47-1fe5-419e-bc83-4a2cb0f80828"
"2-s2.0-84957065589","7572190b-58a2-4990-be78-a6f53ff95848"
"2-s2.0-84957065589","c50fe5f4-ab5f-4459-88e7-1171dfd62f75"
"2-s2.0-84932173755","84446338-b776-4f3c-9e68-7a54439a016b"
"2-s2.0-84932173755","fe2f1f82-179f-487d-a6f9-3300899d3dc5"
"2-s2.0-84932173755","d6dded35-8a63-4888-82eb-633e8ce5e4b9"
"2-s2.0-84932173755","1e570c8a-74ed-49fc-a211-7c286777cc82"
"2-s2.0-84896394540","c732809c-9b44-463f-afb7-61cdabb155e2"
"2-s2.0-84896394540","22603f80-830c-4d73-b8b6-bd83db130911"
"2-s2.0-84896394540","35c260e9-8509-427c-9987-bafc7e6784fb"
"2-s2.0-84896394540","920c63de-ff40-4bd5-acff-2488be569c3f"
"2-s2.0-84971282310","8884804c-adf2-4807-8f05-16a24911885b"
"2-s2.0-84971282310","b901b6da-d9db-4960-9ef9-a6c4b7682019"
"2-s2.0-84971282310","4a2da75e-d6dd-4142-ba5a-61607099b56f"
"2-s2.0-84971282310","e9f86c13-a6c1-44ca-b9a2-1d045ec68c24"
"2-s2.0-84928739473","dcca712d-8d2f-45ad-a289-9a12abc741c4"
"2-s2.0-84928739473","3ba62207-374e-4cea-bf13-42a2fd036b94"
"2-s2.0-84928739473","f58a726e-f78d-461f-949e-cb3a42dec9a8"
"2-s2.0-84938966349","ef3fab5b-1b1b-44c9-a74a-1a37b89a649e"
"2-s2.0-84938966349","27f4a35b-20fa-4963-87d7-dd74c725efd3"
"2-s2.0-84938966349","4f450c90-9e2b-4dcb-b295-7a176c7242c3"
"2-s2.0-84938966349","4a2da75e-d6dd-4142-ba5a-61607099b56f"
"2-s2.0-84942279069","92e51274-1dfa-4f63-8982-4f4894831c7f"
"2-s2.0-84942279069","cfe29d24-2df3-48b8-a940-b8396a365462"
"2-s2.0-84942279069","4a2da75e-d6dd-4142-ba5a-61607099b56f"
"2-s2.0-84957070301","ebe7523d-933c-47c3-b914-4436bad25bfe"
"2-s2.0-84957070301","235dc854-5f13-4f39-af1f-293e0f8c76f4"
"2-s2.0-84957070301","eadbc939-20bb-4f4a-b3c4-9e9584fdd0b3"
"2-s2.0-84957070301","6da8bd62-367b-4b8c-acc2-4e029f311d6e"
"2-s2.0-84957070301","4cfebb35-b1ef-4d30-bea5-e2d32acb8280"
"2-s2.0-84957070301","4a2da75e-d6dd-4142-ba5a-61607099b56f"
"2-s2.0-84974777782","f21f90a9-61bc-406c-bd01-9fbdc353b444"
"2-s2.0-84974777782","02fa9406-2a66-447d-ab21-f17c1f543953"
"2-s2.0-84974777782","69f9fc78-eaf4-4357-880a-5415f614010c"
"2-s2.0-84974777782","3d80dddc-bb93-4007-8abe-bcc1dc207d47"
"2-s2.0-84974777782","13b19b93-773c-45b8-813a-4b215c4046b4"
"2-s2.0-84974777782","4a2da75e-d6dd-4142-ba5a-61607099b56f"
"2-s2.0-84906308993","044607a0-1b5b-4a3f-b3c8-2eb88f15ba28"
"2-s2.0-84906308993","acbf1f47-b3af-404d-b399-d84b553e1486"
"2-s2.0-84906308993","9ff44ad1-a140-4c6c-8b32-b817c2a65304"
"2-s2.0-84906308993","1dc5489c-31ce-4336-ae89-b6ef5b50f4b6"
"2-s2.0-84906308993","98a985d9-f14d-4213-a0a3-02e69247c950"
"2-s2.0-84964057619","c67dcf5a-748c-471b-bbee-21f2f3c4c72c"
"2-s2.0-84964057619","ee64d37c-b478-4e5e-bd76-04ee856b36f2"
"2-s2.0-84964057619","8d4a3e90-35f4-404a-b4b4-5b09a8ad2251"
"2-s2.0-84964057619","e075ca2f-3712-4f3c-bb8d-90a2f11f9cd6"
"2-s2.0-84964057619","c5303c16-1f00-4578-98c7-a387bd77727d"
"2-s2.0-84964057619","3802d44d-15a3-4a5f-b3bf-cc9793dfe644"
"2-s2.0-84964057619","179cd9ed-7721-45bc-abc5-84002a48d152"
"2-s2.0-84964057619","4a2da75e-d6dd-4142-ba5a-61607099b56f"
"2-s2.0-84885457783","9d919ee0-b92b-453a-8d82-f88b81af68ba"
"2-s2.0-84885457783","58a662aa-8a96-4123-8084-d8a02f40b9f1"
"2-s2.0-84885457783","22aa50f6-7466-48d4-b301-70d8e3d791ff"
"2-s2.0-84885457783","62430f45-c44d-4cf7-865f-7f1e38eaf549"
"2-s2.0-84885457783","618ab2c9-850b-47c5-94a0-46f403bf735d"
"2-s2.0-84902547001","5169e736-209f-4c08-bf90-adbad148e342"
"2-s2.0-84902547001","ff9e4b8f-20f5-4c92-a7ef-148235f2d8f2"
"2-s2.0-84902547001","5e9688a1-780b-4fed-8287-afb5e2ae17f5"
"2-s2.0-84902547001","63b2da08-338f-4757-8e6d-029043b35965"
"2-s2.0-84902547001","2db3b25e-38cc-490c-aacd-7c2fa45b97e0"
"2-s2.0-84890435572","529c3f64-0f09-454c-9669-fd9da8e6db6a"
"2-s2.0-84890435572","5d02d114-e896-4685-880d-86b39faf91f2"
"2-s2.0-84890435572","d6d35165-baac-4dba-a53d-680a2d746700"
"2-s2.0-84890435572","f58a726e-f78d-461f-949e-cb3a42dec9a8"
"2-s2.0-84924131875","301286f9-5759-4fe3-b729-fbeafaea7640"
"2-s2.0-84924131875","cb374e7a-fdc8-415e-8ea6-4bca3ccdce86"
"2-s2.0-84924131875","3a620994-96d2-402d-b92c-20068acae766"
"2-s2.0-84924131875","2dfc9b11-d612-42f1-8fe7-ceb435c1efd4"
"2-s2.0-84924131875","959c8b5d-2d53-436c-aa1b-c5ae2984f510"
"2-s2.0-84939130787","72f935de-76bc-4167-abff-a48d04439892"
"2-s2.0-84939130787","b7dfe600-244c-4e5b-8628-880b32b1805f"
"2-s2.0-84939130787","4fe50f88-edb6-4d73-985b-ad5c15d28678"
"2-s2.0-84939130787","aa49480f-90cf-4c1b-a062-7f615fdfa0d0"
"2-s2.0-84959461582","4dbaaebd-60a2-4563-b777-587dcc4d5eb5"
"2-s2.0-84959461582","c040e708-f3b1-439e-8dad-1f25ab212312"
"2-s2.0-84959461582","e42ff500-f136-4977-b53a-14829103c233"
"2-s2.0-84959461582","b231e9d2-84b7-44e5-bb52-6db5ac59d045"
"2-s2.0-84959461582","7985864a-5dab-46c9-be29-63e98742c4e0"
"2-s2.0-84959461582","85a8c0a8-388d-42d6-affb-a1725ea4abdc"
"2-s2.0-84908619466","874c287c-127a-4b93-9280-6173a6dc246b"
"2-s2.0-84908619466","e42ff500-f136-4977-b53a-14829103c233"
"2-s2.0-84908619466","5d42bd9a-e7c7-43e1-9645-0c1b6001c128"
"2-s2.0-85008386248","05cdace0-ae78-4e4c-8ee2-bb64fa96d99f"
"2-s2.0-85008386248","19a1cb68-af6d-4bfd-96b8-9256c187ae02"
"2-s2.0-85008386248","589b69be-6272-4708-94a0-f68135c66d54"
"2-s2.0-85008386248","12dd5120-10e1-4df3-9acd-7def582c563b"
"2-s2.0-84890556188","e5eaa86f-bfb7-4fe6-b107-01a1fc991ba6"
"2-s2.0-84890556188","a52a59e5-7c1e-4573-afda-b78a19eb7e46"
"2-s2.0-84890556188","c422ba60-e46d-4ca5-a046-821bc873e1a2"
"2-s2.0-84890556188","2eadcaf4-2f3b-4478-8010-d9bd77ac7b98"
"2-s2.0-84890556188","60ce055f-1230-4215-92bf-0b4d92490866"
"2-s2.0-84890556188","6be163b7-03d2-41e8-b9d6-1e8420d10590"
"2-s2.0-84890556188","86cc002e-4085-49c0-9138-f513333eb17c"
"2-s2.0-84890556188","1052a8b3-b2d5-4494-8ef0-358e334b10af"
"2-s2.0-85010222090","301286f9-5759-4fe3-b729-fbeafaea7640"
"2-s2.0-85010222090","b31ae476-1a8f-4379-b754-50dd60ac721d"
"2-s2.0-85010222090","eab714ed-ca8f-4af1-9380-3b64c8cf8d1c"
"2-s2.0-85010222090","2e7305da-646f-410f-bf9e-82cdc4de846b"
"2-s2.0-85010222090","c5303c16-1f00-4578-98c7-a387bd77727d"
"2-s2.0-85010222090","3b5ab5d0-f029-400c-8a1b-a104c623a81e"
"2-s2.0-84888336724","235dc854-5f13-4f39-af1f-293e0f8c76f4"
"2-s2.0-84888336724","e761ca1c-a5d1-476c-b649-7a45d8e75af2"
"2-s2.0-84888336724","572c036e-d440-484e-ac47-39587e968201"
"2-s2.0-84888336724","24e87c39-639d-4caf-86d3-de05a1743242"
"2-s2.0-84981275866","919f8108-b324-4425-a1f2-a02b83ed6d9a"
"2-s2.0-84981275866","9e24f7ff-f712-439c-80ee-49a55bdee42c"
"2-s2.0-84981275866","e474172c-3eab-4e57-9db0-c5cf552b75c2"
"2-s2.0-84981275866","e7c46530-c029-4b59-9e2d-7d48f0e32fb7"
"2-s2.0-84907571430","cf785701-8856-4f37-9231-6b2a47afbdd5"
"2-s2.0-84907571430","944c47c8-2af7-40af-8ee1-688a29191d2e"
"2-s2.0-84907571430","20a6ca15-47fa-42be-8dce-407ee088edf6"
"2-s2.0-84907571430","e6adde63-69ab-475b-bda7-16dee2ad91a6"
"2-s2.0-84979947918","2d871b59-029b-47e9-b17c-62d5801e484f"
"2-s2.0-84979947918","b7dfe600-244c-4e5b-8628-880b32b1805f"
"2-s2.0-84979947918","e83aa8b4-8b40-4b7d-af16-fccc4a22f01a"
"2-s2.0-84979947918","afe0f16d-8ac1-41c5-9218-f2ddc639bb00"
"2-s2.0-84979947918","1e1833a1-4753-45b6-b8ed-fe70ded1eaf2"
"2-s2.0-84979947918","9e075de7-e2e8-4ca9-9222-bb3bbf7a3b02"
"2-s2.0-84979947918","4858e361-7d7d-429c-a80e-5fcae2e0e58b"
"2-s2.0-84896849261","e1e8e49c-7641-40c9-9237-8c55b3e1cb7e"
"2-s2.0-84896849261","862ae536-b607-4c1b-94c4-8746663fe1da"
"2-s2.0-84896849261","35472b12-8802-4d58-9817-0370664df770"
"2-s2.0-84896849261","9899cf88-8e78-41f3-858a-35d10ef09be4"
"2-s2.0-84896849261","7d6b99fc-c01a-42f0-8149-0dafb2b467b8"
"2-s2.0-84896849261","174dd8d4-cf49-4cd6-acbc-9b07abf3a67e"
"2-s2.0-84933505930","36a3d0e2-8a28-4957-a878-dfbd3f0dcc02"
"2-s2.0-84933505930","3a4d214c-9b48-437d-8848-39fb062459ef"
"2-s2.0-84933505930","3d2d3351-3be5-474f-9362-4a5f35795bb3"
"2-s2.0-84934950980","51d07988-4326-4aba-8dd4-c0578f1bb366"
"2-s2.0-84934950980","127f751b-c349-47fe-b266-a6ebdd9ce731"
"2-s2.0-84934950980","c58c9705-db46-406c-a953-8ae728b9201f"
"2-s2.0-84934950980","fc5b3e8d-de26-4fab-90b5-22e0aec417be"
"2-s2.0-84934950980","d0fe0a27-aef0-42de-8c42-df2f8dd8af82"
"2-s2.0-84934950980","07c37b9a-2b66-414f-80a2-4b3f80c047a5"
"2-s2.0-84956908664","51ce9077-f6e2-45cc-aadb-ad955f308af7"
"2-s2.0-84956908664","fe899b8b-5258-41dd-b41c-1be34952ca63"
"2-s2.0-84956908664","2738f39c-398b-4a0a-9078-cd94d7fd3ea1"
"2-s2.0-84908223594","9d919ee0-b92b-453a-8d82-f88b81af68ba"
"2-s2.0-84908223594","5e6bc798-2662-4beb-818d-36a218df5026"
"2-s2.0-84908223594","c5303c16-1f00-4578-98c7-a387bd77727d"
"2-s2.0-84908223594","221bd1ea-1a27-4668-ae2a-3e173bb78667"
"2-s2.0-84908223594","4e5c47a1-f591-414f-bc49-cff857a5732f"
"2-s2.0-84940765972","95a97627-2097-485f-be25-5731170fb5ea"
"2-s2.0-84940765972","0d3cf315-8b48-4516-a9c4-283f5da66a47"
"2-s2.0-84940765972","503a48a7-a13d-4aa1-8fe6-c598c9d27b9b"
"2-s2.0-84940765972","11d23115-f41b-40e8-a1d8-106826cb1571"
"2-s2.0-84932139147","301286f9-5759-4fe3-b729-fbeafaea7640"
"2-s2.0-84932139147","2f7231fa-a09e-42c3-96c7-41bc43db47c4"
"2-s2.0-84932139147","4e73e72d-2921-475b-acac-948ff6092759"
"2-s2.0-84932139147","8a602869-87e6-463d-b41a-ed7720924814"
"2-s2.0-85027917290","7880b7a6-a04a-4def-a0b3-9735533efa86"
"2-s2.0-85027917290","18350fa9-91a9-47e0-b2c8-e34beff7c6b2"
"2-s2.0-85027917290","d22d582a-b9e2-4cbe-a43e-bd9a0f06643d"
"2-s2.0-85027917290","372f0b65-e7ee-4aae-b13c-368ec5d15217"
"2-s2.0-85027917290","de18e403-201c-419e-a2f8-80a024521455"
"2-s2.0-84931559928","5169e736-209f-4c08-bf90-adbad148e342"
"2-s2.0-84931559928","730c20a7-8266-471a-a73f-28b3ba5b8a67"
"2-s2.0-84931559928","8a3c936a-003b-48a3-9364-a7b189dd6856"
"2-s2.0-84931559928","e8be654a-3927-4702-9f93-779643dd15ad"
"2-s2.0-84892751577","943bccc1-e908-4926-9fe9-4b13ce264c74"
"2-s2.0-84892751577","9aa10fb4-b64d-4b7d-bc51-b3bb100d0ad0"
"2-s2.0-84892751577","c5303c16-1f00-4578-98c7-a387bd77727d"
"2-s2.0-84892751577","2a88eef3-433a-432d-8be0-832c14acaa00"
"2-s2.0-84892751577","4a2da75e-d6dd-4142-ba5a-61607099b56f"
"2-s2.0-84973299829","3a80cdba-182c-4ba8-86cd-31830ea4348a"
"2-s2.0-84973299829","6c2763c9-333a-4f35-b702-3f44c7590a8d"
"2-s2.0-84973299829","b3a91808-9162-4635-9919-5a096d9fb035"
"2-s2.0-84973299829","e53afa99-0b75-42ba-ac87-a017c428614d"
"2-s2.0-84973299829","07f9dbab-c2fd-414a-b43b-de17c5d1fdaf"
"2-s2.0-84936936770","f21f90a9-61bc-406c-bd01-9fbdc353b444"
"2-s2.0-84936936770","a7287def-28b9-4e3e-a55d-0221f846568f"
"2-s2.0-84936936770","74c1c410-1f4a-4491-bf76-73d626040b66"
"2-s2.0-84936936770","51790e47-1fe5-419e-bc83-4a2cb0f80828"
"2-s2.0-84936936770","8a602869-87e6-463d-b41a-ed7720924814"
"2-s2.0-84936936770","653374cf-5214-46f8-91b6-62cd359b9324"
"2-s2.0-84883712497","044607a0-1b5b-4a3f-b3c8-2eb88f15ba28"
"2-s2.0-84883712497","05bfc880-9c5a-48d6-9d5f-cf4036994713"
"2-s2.0-84883712497","acbf1f47-b3af-404d-b399-d84b553e1486"
"2-s2.0-84883712497","98a985d9-f14d-4213-a0a3-02e69247c950"
"2-s2.0-84960482019","11a2f7b4-1350-4e66-b7c2-860aa60dff91"
"2-s2.0-84960482019","4a37b1e4-a532-41e0-b8ad-8a732eea772b"
"2-s2.0-84960482019","a3c29874-cdc8-4b67-b5a5-02e34779fe53"
"2-s2.0-84911488448","64f77b1f-1f65-456e-8144-9994b6294c3a"
"2-s2.0-84911488448","ed4268a5-2e06-4dcc-888d-4599cc3b6902"
"2-s2.0-84911488448","01a93401-47a3-4c55-864f-55cf9ac3c125"
"2-s2.0-84911488448","804a3e5b-024d-421b-b4ba-85feccc1aba5"
"2-s2.0-84911488448","0325e87f-98e2-425d-98b4-16a36e5303ba"
"2-s2.0-84911488448","a3d09a0c-8921-4dc6-8b16-e944b77c580c"
"2-s2.0-84911488448","2e3252a2-67f7-47a4-b4bb-dede465fa210"
"2-s2.0-85019155003","c0293a17-b251-4bf1-906f-50f95b09744e"
"2-s2.0-85019155003","00a00df0-d811-419e-a7aa-5cb85fc3359e"
"2-s2.0-85019155003","cff6a184-617b-4a7b-b41f-b5d1310aebd6"
"2-s2.0-85019155003","ee6fe7e6-cac9-4f7f-bfc9-f8d5707c611d"
"2-s2.0-85019155003","baf52d52-f919-43a4-be63-b80b5babc851"
"2-s2.0-85019155003","b9c1d78b-9d6c-4915-931f-b39a5241e435"
"2-s2.0-84939189558","595a65bd-294d-47ee-aae0-9ff79481f7b6"
"2-s2.0-84939189558","8a3c936a-003b-48a3-9364-a7b189dd6856"
"2-s2.0-84939189558","8897b0d7-8031-40e9-9295-c54f0bd6ec36"
"2-s2.0-84939189558","9cfddcdd-cc2c-4a0d-97c1-b497e352fd5e"
"2-s2.0-84897476485","5589352f-13b0-4dac-8a96-7c3c4b4974e3"
"2-s2.0-84897476485","ac9db575-de78-42f6-a639-96e0d6ddbe63"
"2-s2.0-84897476485","8a2c8539-9a1b-49b4-9a6f-b7cd92d78ea9"
"2-s2.0-84897476485","bda06071-694c-4884-9225-238ee96b2cb0"
"2-s2.0-84908511430","713c130e-ba9a-48d6-9e1b-12110cbe8169"
"2-s2.0-84908511430","2c9967ca-b6f3-4599-be0b-29f352064d67"
"2-s2.0-84908511430","127f751b-c349-47fe-b266-a6ebdd9ce731"
"2-s2.0-84908511430","457bacf4-cf9f-4e6b-9b90-2102f9039e07"
"2-s2.0-84908511430","c5303c16-1f00-4578-98c7-a387bd77727d"
"2-s2.0-84908511430","c5398bbc-337e-42d2-a9e5-ba03b9c8ac7b"
"2-s2.0-84945977356","9dc061a3-5921-48d3-bf74-f308d23463eb"
"2-s2.0-84945977356","72623d45-9c46-45a8-8b43-17febf71b68a"
"2-s2.0-84945977356","467d48dc-e801-4847-91a4-b0a2d9a29ff9"
"2-s2.0-84945977356","f5f7a547-ff46-445c-a11f-39e87ab94e10"
"2-s2.0-84964048586","6bc6320c-c3dd-493a-9a3a-4bffe1500f2a"
"2-s2.0-84964048586","5ca46116-25da-4b36-8bc3-d3501f7e10be"
"2-s2.0-84964048586","653374cf-5214-46f8-91b6-62cd359b9324"
"2-s2.0-84964048586","c9925da6-4a2f-4351-9222-f38f63b3db2b"
"2-s2.0-84919363688","301286f9-5759-4fe3-b729-fbeafaea7640"
"2-s2.0-84919363688","99cc17ca-7984-425b-a1ef-3e5b1d703a9d"
"2-s2.0-84919363688","4d3b7c0f-25b5-4455-bea0-771e08153fc3"
"2-s2.0-84956632805","453f0344-3413-47d0-bae4-0f1b7ed1e78b"
"2-s2.0-84956632805","301286f9-5759-4fe3-b729-fbeafaea7640"
"2-s2.0-84956632805","6bc6320c-c3dd-493a-9a3a-4bffe1500f2a"
"2-s2.0-84956632805","cf18cf78-d16e-4474-af3c-46399023d101"
"2-s2.0-84956632805","eab714ed-ca8f-4af1-9380-3b64c8cf8d1c"
"2-s2.0-84956632805","2a88eef3-433a-432d-8be0-832c14acaa00"
"2-s2.0-84940024286","f55f3284-be89-486c-9a4c-9dbcd78470b6"
"2-s2.0-84940024286","af0645c0-15a5-4de9-901f-45f0017c0bb2"
"2-s2.0-84940024286","328861d7-2268-4725-98a7-c0d8b52ddd42"
"2-s2.0-84940024286","a2a5b77f-adeb-43ef-bf7c-ed87a93f2bea"
"2-s2.0-84940024286","cf930890-5262-4b88-afc9-33646109ccb4"
"2-s2.0-84940024286","c179ebe3-f0f6-4a1e-b451-8d0b449c4d3c"
"2-s2.0-80053187534","57cdd66c-5e0e-471f-acaa-cc5687b60b0b"
"2-s2.0-80053187534","1743d9ae-8535-4ff5-b70f-c20563fc98e4"
"2-s2.0-80053187534","1c4f2064-2de6-4321-8c83-a8a013448252"
"2-s2.0-84879270992","9d919ee0-b92b-453a-8d82-f88b81af68ba"
"2-s2.0-84879270992","4d3b7c0f-25b5-4455-bea0-771e08153fc3"
"2-s2.0-84879270992","c5398bbc-337e-42d2-a9e5-ba03b9c8ac7b"
"2-s2.0-84879270992","eb82b6f2-dcdb-4fc4-a6fe-6ec3be40ed9f"
"2-s2.0-84879270992","8bb6b33a-e174-40a6-826c-8e23552aad69"
"2-s2.0-84879270992","4a2da75e-d6dd-4142-ba5a-61607099b56f"
"2-s2.0-84864314923","766176fa-cfec-4f75-a131-1d68974e5bd8"
"2-s2.0-84864314923","9e24f7ff-f712-439c-80ee-49a55bdee42c"
"2-s2.0-84864314923","573e7cb2-250a-4b01-9b50-445a07971b1f"
"2-s2.0-84864314923","d542edb7-d537-4ce8-90d0-4c8f0dccd913"
"2-s2.0-80053224124","a60ebbb9-daa5-476e-8dac-0182988a5cdc"
"2-s2.0-80053224124","235dc854-5f13-4f39-af1f-293e0f8c76f4"
"2-s2.0-80053224124","5915c34f-eca6-4a1f-8dc7-ae9737f406a3"
"2-s2.0-80053224124","842b5dcd-7e20-4cd6-acaf-902faa588f0c"
"2-s2.0-80053224124","341aa739-ea5f-4f8a-80ac-79409992d1c6"
"2-s2.0-80053224124","8dd01ce4-2f56-4ba3-b594-181a52c367ea"
"2-s2.0-80053224124","27f693b4-bd9c-4a9b-afca-300dda70b4f5"
"2-s2.0-84859445326","5cbaac3a-0b87-405a-b4f4-1a093eb73aea"
"2-s2.0-84859445326","4dbaaebd-60a2-4563-b777-587dcc4d5eb5"
"2-s2.0-84859445326","b381c2a4-ecfd-40dd-9aff-f00abbf23eb0"
"2-s2.0-84859445326","6dfda066-cafd-43eb-9bb2-18e7c5b72df3"
"2-s2.0-84859445201","5169e736-209f-4c08-bf90-adbad148e342"
"2-s2.0-84859445201","e6fae440-12bc-48f7-925a-32638c7d1e76"
"2-s2.0-84859445201","529c3f64-0f09-454c-9669-fd9da8e6db6a"
"2-s2.0-84859445201","312f2aa4-323d-449c-944b-baaedcaa5927"
"2-s2.0-84859445201","d4440a01-69eb-4a31-ba14-12df7dcf0275"
"2-s2.0-84859445201","c195d77e-3f85-4309-b4f9-12cfe0b97f4e"
"2-s2.0-84859548045","ef3fab5b-1b1b-44c9-a74a-1a37b89a649e"
"2-s2.0-84859548045","6fc2c78e-bdf0-460f-bf85-bcbc5f5d5436"
"2-s2.0-84859548045","a5ff23d8-6380-4e78-9716-055defcbf7a0"
"2-s2.0-84859548045","f3520f48-f544-442c-b9fa-7ce75d81ab53"
"2-s2.0-84859548045","4a2da75e-d6dd-4142-ba5a-61607099b56f"
"2-s2.0-84875413887","42cccfd8-252d-4ddb-8a10-2d90b2c60e63"
"2-s2.0-84875413887","d1fd5255-dd7d-49b5-9822-2c87b960ed66"
"2-s2.0-84875413887","80edfb49-3d56-4447-87fc-d155bdb4a8ba"
"2-s2.0-84875413887","acf47f4b-d720-47fe-917e-b784285070ac"
"2-s2.0-84871526530","addaf94a-4ebc-4172-982a-3eb609e0a458"
"2-s2.0-84871526530","9d919ee0-b92b-453a-8d82-f88b81af68ba"
"2-s2.0-84871526530","14c0507f-77da-4d32-9803-e57cd25cc592"
"2-s2.0-84871526530","4f7d1620-ac41-47bb-8499-05c7fa33f050"
"2-s2.0-84863444888","f7d13183-8a99-455e-83dd-6858f96e7e8a"
"2-s2.0-84863444888","79d22d7a-f2e3-4bd5-a8f2-33bc4d9cb548"
"2-s2.0-84863444888","5e9688a1-780b-4fed-8287-afb5e2ae17f5"
"2-s2.0-84863444888","7a1812bd-0863-44ad-be3e-377444d149d9"
"2-s2.0-84863444888","abe1d3a7-34ed-49b7-9585-56a0610424bb"
"2-s2.0-84860156977","9d919ee0-b92b-453a-8d82-f88b81af68ba"
"2-s2.0-84860156977","2109e0bb-a0d4-4b4f-bcf1-fb2d502fcefd"
"2-s2.0-84860156977","c5398bbc-337e-42d2-a9e5-ba03b9c8ac7b"
"2-s2.0-84860156977","f6d9d681-766d-4291-aa77-38b44bb3f2b7"
"2-s2.0-79957727184","9069a8ba-7714-431b-a8a1-d87dbd6a9eb7"
"2-s2.0-79957727184","3b703b49-1353-4f5c-b7f3-6f5c130b5db9"
"2-s2.0-84859241591","a9248175-4edd-461e-aac0-4782658fda55"
"2-s2.0-84859241591","8aec6bdf-2cc1-424d-9c09-16b405de37a9"
"2-s2.0-84859241591","c3924327-1c29-4164-a183-3d852cad864f"
"2-s2.0-84859241591","c5303c16-1f00-4578-98c7-a387bd77727d"
"2-s2.0-84859241591","59f9cc64-af79-4768-976a-3ff2b7b10d1a"
"2-s2.0-84879021178","a52a59e5-7c1e-4573-afda-b78a19eb7e46"
"2-s2.0-84879021178","9205b257-c0f3-4905-b6d8-1c181798f00e"
"2-s2.0-84879021178","d4440a01-69eb-4a31-ba14-12df7dcf0275"
"2-s2.0-84879021178","516b0b04-0b3d-4c55-9032-92821421777c"
"2-s2.0-84871433581","56a5a8eb-85f6-473f-88cf-ef521386036e"
"2-s2.0-84871433581","038d8d59-0003-4798-bac2-f99a11133ef3"
"2-s2.0-84871433581","4e005ba8-9777-4bbe-9440-2b4f94ecc2c0"
"2-s2.0-84871189368","9d919ee0-b92b-453a-8d82-f88b81af68ba"
"2-s2.0-84871189368","8ef2884a-3a3f-4ea3-9b34-6707d153a31b"
"2-s2.0-84871189368","ac0bce30-8acb-4888-adbe-b843c3837d28"
"2-s2.0-84871189368","4a2da75e-d6dd-4142-ba5a-61607099b56f"
"2-s2.0-78649247505","e378a335-1477-4d2f-9ff0-00a6b4eb5fef"
"2-s2.0-78649247505","87a05704-9171-4bf1-aa8e-e189996bb403"
"2-s2.0-78649247505","e8be654a-3927-4702-9f93-779643dd15ad"
"2-s2.0-78649247505","1d996ce4-8e25-4a6a-8ead-c05b1552bbc9"
"2-s2.0-84875206771","8ad3c3b1-2625-4375-a56c-ff002fe39bd8"
"2-s2.0-84875206771","64199462-2b14-43c7-a49c-731b3bc625d4"
"2-s2.0-84875206771","b41d54ad-d9b7-4932-8a77-5150ce2c4d3e"
"2-s2.0-84875206771","2376f441-249d-4f1b-826d-edf7c56751eb"
"2-s2.0-84875206771","4d3b7c0f-25b5-4455-bea0-771e08153fc3"
"2-s2.0-84875206771","35c260e9-8509-427c-9987-bafc7e6784fb"
"2-s2.0-84875206771","93247422-445f-42ef-889d-bd57b3108b36"
"2-s2.0-84865125680","5e2c4d23-90f7-4ce6-8799-761be6c1a842"
"2-s2.0-84865125680","7acdd5d7-d6d4-4198-8e7a-2c001695559c"
"2-s2.0-84865125680","91063db2-409e-4aeb-b592-52d3d8b18bfc"
"2-s2.0-84865125680","f12d5415-83d8-4041-8531-6e2135baf208"
"2-s2.0-79958221516","fa850bbc-2ad2-4b79-a7c4-9fc97e933549"
"2-s2.0-79958221516","8ec7e977-d608-4057-84b2-8a8db6cc6a74"
"2-s2.0-79958221516","c5398bbc-337e-42d2-a9e5-ba03b9c8ac7b"
"2-s2.0-84874523237","0a91eb8d-0b2d-43a8-bf5f-16e2b7068b44"
"2-s2.0-84874523237","cff6a184-617b-4a7b-b41f-b5d1310aebd6"
"2-s2.0-84874523237","e44e1433-1eae-4b6a-a357-4aa1af5f6a69"
"2-s2.0-84874523237","ab841a5a-7548-4979-98f2-e0840a24c221"
"2-s2.0-84857030497","a9da4083-2531-439f-8b28-5dec6d675efb"
"2-s2.0-84857030497","f7aa1332-5dad-48d5-a1ba-40f19760b3ac"
"2-s2.0-84857030497","fe2f1f82-179f-487d-a6f9-3300899d3dc5"
"2-s2.0-84857030497","08575fe1-ffef-4453-a7ae-0a440609b480"
"2-s2.0-84857030497","40b3481d-f451-4254-ac35-b778323bfab6"
"2-s2.0-84857030497","3c9a9120-ddea-47c4-b33c-566f38657060"
"2-s2.0-84866909315","64afaf71-89d4-4e16-ac11-204120cd97c8"
"2-s2.0-84866909315","c216c2ad-752c-4dee-8f9e-c9fed76da458"
"2-s2.0-84866909315","d05cd5d7-3c08-4cb4-b0ab-595e87d0e26c"
"2-s2.0-84866909315","d6d35165-baac-4dba-a53d-680a2d746700"
"2-s2.0-84866909315","f58a726e-f78d-461f-949e-cb3a42dec9a8"
"2-s2.0-84886907259","fa850bbc-2ad2-4b79-a7c4-9fc97e933549"
"2-s2.0-84886907259","5589352f-13b0-4dac-8a96-7c3c4b4974e3"
"2-s2.0-84886907259","cc5a8f11-b6fe-4d8d-a510-f8f345b5df2f"
"2-s2.0-84886907259","8d46dd04-8540-4484-893e-71db58c62e4f"
"2-s2.0-79956152582","2d3ba35c-ef82-4d1e-aac9-5a850e0cbec8"
"2-s2.0-79956152582","8ce6916d-99d6-4904-92c6-e4df3ef04a04"
"2-s2.0-79956152582","a6302807-462f-471f-a6ef-84d1a83fc637"
"2-s2.0-79956152582","67493bb9-b75d-418b-9f79-8977cff0cab7"
"2-s2.0-79956152582","4a2da75e-d6dd-4142-ba5a-61607099b56f"
"2-s2.0-79956152582","ffb49a27-fe6b-442c-9f0a-bf6731912076"
"2-s2.0-84878969503","2af5626f-1279-42e8-96e2-22d9dc8eda06"
"2-s2.0-84878969503","9ced9996-e5e1-4ad2-97be-d6cb4d2eaceb"
"2-s2.0-84878969503","127f751b-c349-47fe-b266-a6ebdd9ce731"
"2-s2.0-84878969503","eb82b6f2-dcdb-4fc4-a6fe-6ec3be40ed9f"
"2-s2.0-84878969503","221bd1ea-1a27-4668-ae2a-3e173bb78667"
"2-s2.0-84878969503","e15d86d9-7007-4f3b-aaca-7f055a318605"
"2-s2.0-84878969503","4a2da75e-d6dd-4142-ba5a-61607099b56f"
"2-s2.0-84865981357","98fe994e-db17-4c2e-96cb-66faa2dfe447"
"2-s2.0-84865981357","cff6a184-617b-4a7b-b41f-b5d1310aebd6"
"2-s2.0-84865981357","baf52d52-f919-43a4-be63-b80b5babc851"
"2-s2.0-84865981357","b964a61c-de45-4e3d-8311-e5394342ddc2"
"2-s2.0-84865981357","76b1ff10-cd9b-4fcc-b529-efe2c2a0bc8f"
"2-s2.0-84870758588","301286f9-5759-4fe3-b729-fbeafaea7640"
"2-s2.0-84870758588","650fa314-3282-4a37-8bac-13947f0e977a"
"2-s2.0-84870758588","235dc854-5f13-4f39-af1f-293e0f8c76f4"
"2-s2.0-84870758588","eadbc939-20bb-4f4a-b3c4-9e9584fdd0b3"
"2-s2.0-84870758588","4cfebb35-b1ef-4d30-bea5-e2d32acb8280"
"2-s2.0-78651227095","dad50835-8dec-4a5d-b4e1-5d1c10f5c455"
"2-s2.0-78651227095","c27e6bf1-01ac-4a95-a990-6e9dffa8e544"
"2-s2.0-78651227095","04745fc5-9cee-44bc-9ffa-10bf38064de9"
"2-s2.0-78651227095","328354b8-2332-4b23-88fc-2c629424c24d"
"2-s2.0-84873079192","a2d94d0a-94f3-448d-a33b-92f064bd5dc1"
"2-s2.0-84873079192","b99c6e0c-2d8a-4f02-8d5f-497860c32bc3"
"2-s2.0-84873079192","7a1812bd-0863-44ad-be3e-377444d149d9"
"2-s2.0-84873079192","127f751b-c349-47fe-b266-a6ebdd9ce731"
"2-s2.0-84873079192","812f28c1-2281-4ec7-8e2f-04eeb04c3376"
"2-s2.0-84873079192","99586bf6-2a37-4fd6-bd4f-b283facfd9e3"
"2-s2.0-79956348934","559dd757-e89e-4a7a-bb78-ca3e75d51298"
"2-s2.0-79956348934","b061963d-1673-46c3-ac46-34f66d870ec1"
"2-s2.0-79956348934","ada0431b-323c-4519-8068-3f33b43a5d48"
"2-s2.0-79956348934","22aa50f6-7466-48d4-b301-70d8e3d791ff"
"2-s2.0-79956348934","62430f45-c44d-4cf7-865f-7f1e38eaf549"
"2-s2.0-79956348934","bf972c51-3b3d-4678-baf1-ab6461e99270"
"2-s2.0-79960561019","ef3fab5b-1b1b-44c9-a74a-1a37b89a649e"
"2-s2.0-79960561019","aaf289ad-38fd-4f79-9254-5e509e3167d0"
"2-s2.0-79960561019","bf4526ba-778e-41bd-b62a-eaf3453a46c7"
"2-s2.0-79960561019","00b6fd5b-678c-4179-b7d6-48087d935ba4"
"2-s2.0-79960561019","ae5ac6cd-ff64-4e21-b0b6-e31394a5f13b"
"2-s2.0-79960561019","4a2da75e-d6dd-4142-ba5a-61607099b56f"
"2-s2.0-79960561019","57e6ea81-0418-4e39-8dde-88806fa1a7b5"
"2-s2.0-77953373352","ef3fab5b-1b1b-44c9-a74a-1a37b89a649e"
"2-s2.0-77953373352","e7746bd4-6a8c-42f3-9562-4258061c88af"
"2-s2.0-77953373352","d5120771-4040-4004-88f7-af2314d6cfd3"
"2-s2.0-77953373352","69ae533b-cccf-4a4f-a7aa-388efaff65a8"
"2-s2.0-79955928322","be59c498-efb6-4feb-af56-cc182d1c364e"
"2-s2.0-79955928322","cdbb09d7-d538-42f1-b37a-f5f7bd2db271"
"2-s2.0-79955928322","0c15ec77-9d68-487f-a9cf-61b38b33802a"
"2-s2.0-79955928322","61c8ace3-b66d-4e59-893d-c3dffff8cc2a"
"2-s2.0-79952225953","0c4562be-3def-4e92-9005-152cce62af4b"
"2-s2.0-79952225953","57149b42-b069-4ab1-90e0-5c69f95c670f"
"2-s2.0-79952225953","f918ca1e-008b-499d-9681-3a5c8fd190a0"
"2-s2.0-79952225953","7951df57-bda0-4e11-8f7e-5ce1473fdebd"
"2-s2.0-84881153451","5666f24b-429a-4ba0-a83f-ea892c7e5681"
"2-s2.0-84881153451","86829c46-060f-43dd-8ec3-08adddad0624"
"2-s2.0-84881153451","3c27e356-2a43-4e65-9b01-e8e47441b6b2"
"2-s2.0-84881153451","d794d628-cc38-42e0-a2a7-d8cea5fe2444"
"2-s2.0-84881153451","8aec6bdf-2cc1-424d-9c09-16b405de37a9"
"2-s2.0-84881153451","648b044f-a7a8-41c9-89f9-2732feb120ce"
"2-s2.0-84881153451","f5f42b4b-aa28-4b14-b74d-b4de54fa0a78"
"2-s2.0-84881153451","ec8e7013-072f-461b-a27d-71eeff9abe31"
"2-s2.0-84881153451","ae2b4531-90f8-487e-921c-bf6957e71411"
"2-s2.0-84873373148","61f9e294-b864-4420-a8e1-4b8f947f77a9"
"2-s2.0-84873373148","8c41dcba-646c-4c4a-9c80-d82d1cbca9cb"
"2-s2.0-84873373148","78d15aed-e958-44de-9f14-ee4da82217e6"
"2-s2.0-84873373148","4a2da75e-d6dd-4142-ba5a-61607099b56f"
"2-s2.0-84867498808","37630eb5-af31-4991-a9b9-b1b770e9abe7"
"2-s2.0-84867498808","b60c2a61-ca38-4180-8978-026ade5702ea"
"2-s2.0-84867498808","920c63de-ff40-4bd5-acff-2488be569c3f"
"2-s2.0-84885082353","b080a79c-849e-49d4-be35-6209e885e7de"
"2-s2.0-84885082353","9f6d1152-0db5-4818-85cb-4cf8e589d517"
"2-s2.0-84885082353","baf52d52-f919-43a4-be63-b80b5babc851"
"2-s2.0-84885082353","bdae01da-94d7-4ed0-ab4a-ab276e5ddf8c"
"2-s2.0-84885082353","988d218f-e5cb-4829-bb18-9bc96130b627"
"2-s2.0-84885082353","34b464c6-b3e0-49a5-b099-a8020624975b"
"2-s2.0-84885082353","b56a4be7-5fdb-473f-a6b2-1f683bc6d773"
"2-s2.0-84881220999","85d948d7-bbb6-4ffe-b5ac-85f748690664"
"2-s2.0-84881220999","a5ff23d8-6380-4e78-9716-055defcbf7a0"
"2-s2.0-84881220999","ba445237-8cb4-4448-a41d-9459dff043cd"
"2-s2.0-84881220999","8f074047-c2bc-418f-a4bf-cc981814f7c1"
"2-s2.0-84862759209","0554047f-924f-4382-a4e6-3466cb30afec"
"2-s2.0-84862759209","2f0bc4d0-250e-4dba-8e11-94265c2746a1"
"2-s2.0-84862759209","6a94b756-beb7-4826-83c4-edac7b0302a8"
"2-s2.0-84862759209","b035e143-11a4-4236-807d-6f953c64659d"
"2-s2.0-84862759209","c95e4ed1-33b6-4973-8544-f5c2ad8cebf5"
"2-s2.0-84862759209","983d928f-a7fb-4407-b77d-07b2c76770da"
"2-s2.0-79952915872","301286f9-5759-4fe3-b729-fbeafaea7640"
"2-s2.0-79952915872","9d919ee0-b92b-453a-8d82-f88b81af68ba"
"2-s2.0-79952915872","56c3597f-9291-4f38-94e3-a68fb0e5fac7"
"2-s2.0-79952915872","e97a7d14-45a4-4cc2-9f1c-f9127bcc9418"
"2-s2.0-79952915872","414a9dc3-8f62-499f-a68c-a4f0ec952501"
"2-s2.0-79952915872","7572190b-58a2-4990-be78-a6f53ff95848"
"2-s2.0-77955944983","d9655a7c-8f71-4bc5-a846-53d14cfe7712"
"2-s2.0-77955944983","6fb1e0bf-2b65-4171-bd9b-934a81893634"
"2-s2.0-77955944983","2ed6767f-813b-4e1e-a130-5b292710c12a"
"2-s2.0-77955944983","5a9f7504-8902-4df4-b0df-49ef3b32acdc"
"2-s2.0-77955944983","41365252-227f-4392-ab4b-27271dd5a5e1"
"2-s2.0-77955944983","639f5929-cef2-43c0-a789-99ae40d781f5"
"2-s2.0-77955944983","81c644b2-d3d3-42cf-afb2-11f6ff8825cb"
"2-s2.0-77955944983","974e11a7-cbc5-4861-a875-d097212e7921"
"2-s2.0-84878751197","1dcd6d45-f462-48ae-b56b-fcc2912dafb2"
"2-s2.0-84878751197","42dc3ff3-b607-44a6-8396-5fc5f9a8d654"
"2-s2.0-84878751197","962d9209-d29c-49ee-91c0-a19b0d873da1"
"2-s2.0-84878751197","9ef1514f-608c-4dc5-90b3-ece196cd6800"
"2-s2.0-84878751197","292efecd-af48-43d7-9a07-5ec282ea5aad"
"2-s2.0-84865273119","46d6434d-e1aa-4f7e-b626-c16a74e84b9f"
"2-s2.0-84865273119","8b1ac9e3-2921-491d-ae6c-fea70b8d73d0"
"2-s2.0-84865273119","2b066e82-9149-44ad-b322-f981517fbe15"
"2-s2.0-79960801221","cb82edd9-0165-4a86-8cf9-817bbf947249"
"2-s2.0-79960801221","d2e19787-4d48-472f-b9c0-af6e73dbd088"
"2-s2.0-79960801221","84bf28b2-fc09-4434-81a5-76cb63242be2"
"2-s2.0-79960801221","920c63de-ff40-4bd5-acff-2488be569c3f"
"2-s2.0-84856565394","875392cd-d2c5-41b0-a832-27a5e50bb61e"
"2-s2.0-84856565394","35756c03-0d28-47d0-b7a6-cbedc65a2d0a"
"2-s2.0-84856565394","8b7cf9f7-f876-4e0c-a03f-4199764621b1"
"2-s2.0-84856565394","636f4a04-b7f0-46bc-8594-03e3b7da364d"
"2-s2.0-84856565394","b6eafc39-b0d3-4ae1-839d-5ca1aae86f89"
"2-s2.0-84874891082","ad125434-8cc5-4e49-8931-c804c2e0eaad"
"2-s2.0-84874891082","9b60984b-8f7d-46c4-bc71-c608e607b7e5"
"2-s2.0-84874891082","540cd715-c0c9-4dea-8961-384119c7bbef"
"2-s2.0-84887109870","b56a4be7-5fdb-473f-a6b2-1f683bc6d773"
"2-s2.0-84887109870","4dbaaebd-60a2-4563-b777-587dcc4d5eb5"
"2-s2.0-84887109870","8f69d600-c215-4413-9330-c4a400e8f765"
"2-s2.0-84887109870","a37ed712-2aa2-4422-a5fd-0e0d4160ecaa"
"2-s2.0-78650382320","39aa4d8e-bb49-4991-aee9-3f90d5c53176"
"2-s2.0-78650382320","8ec7e977-d608-4057-84b2-8a8db6cc6a74"
"2-s2.0-78650382320","fbe0b493-ac82-4ce3-9f99-d104ae7f81f9"
"2-s2.0-78650382320","97d24b26-43fd-4079-b0b3-1537da12447e"
"2-s2.0-78650382320","221bd1ea-1a27-4668-ae2a-3e173bb78667"
"2-s2.0-78650382320","4a2da75e-d6dd-4142-ba5a-61607099b56f"
"2-s2.0-77949839764","9d919ee0-b92b-453a-8d82-f88b81af68ba"
"2-s2.0-77949839764","2f00ee16-7897-4e8d-b4be-a7723837ff25"
"2-s2.0-77949839764","e9844f30-d161-46e4-b8f1-d72e42d3b7cd"
"2-s2.0-77949839764","5464a889-52c4-43ad-b945-a8de7d36f671"
"2-s2.0-77949839764","d6dded35-8a63-4888-82eb-633e8ce5e4b9"
"2-s2.0-77949839764","2a83335c-b44c-4ddd-b4f9-805790c22ec0"
"2-s2.0-77949839764","c257ab68-7018-494b-a945-ef26e0b53f7d"
"2-s2.0-77949839764","1eb7a2b4-ea57-4857-a8d7-0ac948ca36fe"
"2-s2.0-84855182207","301286f9-5759-4fe3-b729-fbeafaea7640"
"2-s2.0-84855182207","a2156306-2177-4294-a2ae-ba9cbd4b430e"
"2-s2.0-84855182207","0fc7adf5-80a8-437a-a07c-03f958b48a3d"
"2-s2.0-84855182207","4a2da75e-d6dd-4142-ba5a-61607099b56f"
"2-s2.0-78650022517","301286f9-5759-4fe3-b729-fbeafaea7640"
"2-s2.0-78650022517","f2cbe44d-b3f4-4611-ba97-a247cdaf5ce8"
"2-s2.0-78650022517","fe3106f2-77eb-47d6-886a-2ca2f73649d6"
"2-s2.0-78650022517","2d1d9282-d7dc-4b85-b729-0f252a8b62ce"
"2-s2.0-78650022517","d5120771-4040-4004-88f7-af2314d6cfd3"
"2-s2.0-84876283636","23580f58-d6c1-4d2f-b7aa-bcef0d1fa096"
"2-s2.0-84876283636","5e9688a1-780b-4fed-8287-afb5e2ae17f5"
"2-s2.0-84876283636","be4dcf8c-cc2a-48d0-bdd0-0747fddb0fbd"
"2-s2.0-84876283636","c040e708-f3b1-439e-8dad-1f25ab212312"
"2-s2.0-84873499842","c4f1e6df-e5e7-41e8-b51e-c0f862365954"
"2-s2.0-84873499842","bb46309c-357d-4ca9-8830-ed0b590cf4d4"
"2-s2.0-84873499842","9e24f7ff-f712-439c-80ee-49a55bdee42c"
"2-s2.0-84873499842","18350fa9-91a9-47e0-b2c8-e34beff7c6b2"
"2-s2.0-84873499842","15b084e7-8417-49a1-9d87-766ee227a50f"
"2-s2.0-84873499842","328354b8-2332-4b23-88fc-2c629424c24d"
"2-s2.0-84873499842","d0b70ca3-e8d3-4924-9cf5-37c5869ee8d5"
"2-s2.0-84873499842","2fafd794-06bc-421e-aebd-009d62b2ba07"
"2-s2.0-78649963709","85a0d639-75f7-445e-a532-bf1b2727f22c"
"2-s2.0-78649963709","2fdf0696-3188-43dd-9eee-d004309938ce"
"2-s2.0-78649963709","d49c8e11-c401-4da8-bd99-ff181419f5a3"
"2-s2.0-78649963709","ca24b2ee-571f-4964-a72e-63b583752c19"
"2-s2.0-84881058369","9d919ee0-b92b-453a-8d82-f88b81af68ba"
"2-s2.0-84881058369","9bcde322-37b1-4784-b1db-5943282cc216"
"2-s2.0-84881058369","b6f92ae1-04d5-4002-8901-259f711c6d11"
"2-s2.0-84881058369","4a2da75e-d6dd-4142-ba5a-61607099b56f"
"2-s2.0-84867094213","5e9688a1-780b-4fed-8287-afb5e2ae17f5"
"2-s2.0-84867094213","e8be654a-3927-4702-9f93-779643dd15ad"
"2-s2.0-84867094213","73de9b27-9f83-4522-98cf-6988598211e2"
"2-s2.0-84867094213","63b2da08-338f-4757-8e6d-029043b35965"
"2-s2.0-84867094213","2db3b25e-38cc-490c-aacd-7c2fa45b97e0"
"2-s2.0-84867094213","81996694-ae6f-4c85-b43d-911d75666610"
"2-s2.0-84867094213","005718b0-b1df-4b10-91c2-d06ce6b6ae4f"
"2-s2.0-84867094213","25f19b48-cd11-46fe-845e-c5874d1f1bea"
"2-s2.0-82355163395","d3b1428d-0ec2-4d60-b0bf-d375fecc5698"
"2-s2.0-82355163395","3c13f9d9-6e5c-45b2-baa0-313ed6d6bf0b"
"2-s2.0-82355163395","9a8929c6-b2f0-4b5f-bb67-fb7142f9677a"
"2-s2.0-82355163395","13d5e096-68a2-46dc-836f-044ec1860c6c"
"2-s2.0-84879936602","3642521b-5b36-4dc4-be79-e825d24726d8"
"2-s2.0-84879936602","158dd25e-889f-48a0-bc02-643d2e5d4bdc"
"2-s2.0-84879936602","97fea896-ffd3-4b0e-8fd0-da281ff31336"
"2-s2.0-84879936602","cb90a70f-049e-436b-8686-00c4b9f8c8ba"
"2-s2.0-84879936602","a96665f9-eb4c-43bc-b5a9-716064f059c6"
"2-s2.0-84879936602","4e005ba8-9777-4bbe-9440-2b4f94ecc2c0"
"2-s2.0-77956057945","1cd6ae14-c4a8-4d70-bcd1-e4dd35a23b80"
"2-s2.0-77956057945","38ffbba1-e345-46f4-820d-5375fa1c5d53"
"2-s2.0-77956057945","97912617-aeb8-45a2-a902-4429ae3873b7"
"2-s2.0-77956057945","eeb9ef6b-25ab-4e1e-b112-8b91c48946f7"
"2-s2.0-77956057945","c7a30f61-f49a-4c50-88f2-c43cbf17ef08"
"2-s2.0-84879711254","e7b8d2db-ef65-4f9b-b446-bdc8fb58c4f4"
"2-s2.0-84879711254","cad4402f-15d4-4221-8248-fbdc34e5db6f"
"2-s2.0-84879711254","59826cba-8d7f-4eae-91d0-b8be30969964"
"2-s2.0-84880987785","9f4923dd-483e-4877-8285-87045563faf8"
"2-s2.0-84880987785","9d919ee0-b92b-453a-8d82-f88b81af68ba"
"2-s2.0-84880987785","96309094-b64c-41f6-a817-ebdbadf7cf37"
"2-s2.0-84880987785","e0ada69d-6094-45f2-898a-954843652ea0"
"2-s2.0-84880987785","8213ba2e-c115-4ed6-a455-c585d81249c1"
"2-s2.0-84880987785","83ecf894-53dd-496e-a9c0-5def69746bfe"
"2-s2.0-84880987785","3f096d2e-5a0b-485d-a634-3ebd360ddca7"
"2-s2.0-84880987785","a81b3148-aa8b-40eb-94e9-77db4aa445a3"
"2-s2.0-84880987785","3b0bfa89-1db4-42e1-8a9a-f68714027d9e"
"2-s2.0-84880987785","43c3f82a-0342-4784-a7d6-bbd66ff225ef"
"2-s2.0-84880987785","5464a889-52c4-43ad-b945-a8de7d36f671"
"2-s2.0-84880987785","5f028488-e6aa-4fad-88a1-97ca6cea082c"
"2-s2.0-84880987785","7240915b-5c37-4ac8-9194-45193dd77689"
"2-s2.0-84880987785","7572190b-58a2-4990-be78-a6f53ff95848"
"2-s2.0-84880987785","b12583f3-eec8-43f4-88d0-947f341c2552"
"2-s2.0-84880987785","b44b8c91-117a-4f2f-b577-e8e8e0bfbcae"
"2-s2.0-84880987785","b6f92ae1-04d5-4002-8901-259f711c6d11"
"2-s2.0-84880987785","ee4022b8-7ef5-4019-bd5c-0a120836e1b2"
"2-s2.0-84880987785","002c7377-1fbc-481f-8349-e3081af186cd"
"2-s2.0-84880987785","e185067c-b16a-45ec-be97-1d69b345fb0e"
"2-s2.0-84880987785","7373e608-cb0c-4803-b880-98cad692efb0"
"2-s2.0-84879253787","88865dfe-0c67-46ae-b1e1-d0bf1a29b1a5"
"2-s2.0-84879253787","dca19cea-d07d-4604-b197-0456892c2c48"
"2-s2.0-84879253787","287e48b8-9a8f-4f53-8b08-0dd72f500e2d"
"2-s2.0-79952234020","b21b48e6-35db-4b39-b99a-cfe072a018e6"
"2-s2.0-79952234020","8c9d63c3-b0fb-42fc-a310-83a355093cbe"
"2-s2.0-79952234020","6ab1db22-a085-4bde-a995-1bcce2822d06"
"2-s2.0-84865222020","635fb5a5-cd1b-4aae-bea3-a24296fd3d5e"
"2-s2.0-84865222020","4d3b7c0f-25b5-4455-bea0-771e08153fc3"
"2-s2.0-84865222020","ea3a59c4-41fe-4595-b814-a49983463d6d"
"2-s2.0-84865222020","4a2da75e-d6dd-4142-ba5a-61607099b56f"
"2-s2.0-80053456440","452bba14-4ac7-4772-9851-fdd27eb17e73"
"2-s2.0-80053456440","f6653f9e-a40f-43b7-a7d9-804ca5862c87"
"2-s2.0-80053456440","55882cf7-01ec-4aaa-a306-496f96c53ea3"
"2-s2.0-80053456440","611c8be0-d8ed-4b2b-9dcd-3a981c9a3c8a"
"2-s2.0-80053456440","9a8168d4-63db-4014-86b5-8ce6ac048206"
"2-s2.0-70449651722","934c7976-ad2a-4ca2-b568-dcbccd162324"
"2-s2.0-70449651722","35c260e9-8509-427c-9987-bafc7e6784fb"
"2-s2.0-70449651722","3e8c29dd-6619-4a9c-9e62-b95e04433b9d"
"2-s2.0-70449651722","bd32bc61-271c-4c2b-9606-1101769d3f4b"
"2-s2.0-70449651722","84c8f578-c325-4670-aa25-d26d880fbdea"
"2-s2.0-84861569722","934c7976-ad2a-4ca2-b568-dcbccd162324"
"2-s2.0-84861569722","7c66a43b-160c-4b56-9e40-ed785b8d77d2"
"2-s2.0-84861569722","b07e4c9b-43ec-4d69-b8bf-4cbe540a8368"
"2-s2.0-84861569722","5ab0d0c8-7ffe-4c74-8df8-a4d6f88c881f"
"2-s2.0-84861569722","bd32bc61-271c-4c2b-9606-1101769d3f4b"
"2-s2.0-80053545553","f30e1e08-9b1c-4b7f-8dcb-0568d0454c08"
"2-s2.0-80053545553","03edc396-3771-46af-8b81-e1c6f58675d7"
"2-s2.0-80053545553","16dffa3c-fc95-4dc7-b775-6e0d8d788eef"
"2-s2.0-84866937279","a00e6ca6-dc4a-417c-b8eb-d121bfc97d20"
"2-s2.0-84866937279","7c9a97c6-634a-4345-b71d-f0330047232d"
"2-s2.0-84866937279","35c260e9-8509-427c-9987-bafc7e6784fb"
"2-s2.0-84866937279","83087f5f-4114-4f3f-9bff-d294fc4224bd"
"2-s2.0-84866937279","119022be-5971-4741-bfca-1de3d3a08b8e"
"2-s2.0-84866937279","71768462-5f4c-44b2-87ec-62f498e1d1a7"
"2-s2.0-84875581937","36bb33db-0f19-4c4b-9010-0d68c4566102"
"2-s2.0-84875581937","a735cfb2-ea56-4390-b75c-a2fedcf27f87"
"2-s2.0-84875581937","aa6e96d2-0465-4dff-b069-93d897e7f2ee"
"2-s2.0-84875581937","69f2e86a-c617-4c0c-9ba2-73e2908f3fcc"
"2-s2.0-84875581937","e3a414b5-847e-4b3b-862a-c11a223da832"
"2-s2.0-79959766990","56a5a8eb-85f6-473f-88cf-ef521386036e"
"2-s2.0-79959766990","b0b6f764-9710-4310-be97-cfb1474ffd7d"
"2-s2.0-79959766990","8f45a957-3940-44e1-8e7b-fbaf16f1241c"
"2-s2.0-79959766990","fbb4e1d4-82bf-4695-8fa5-728e0d4c4d82"
"2-s2.0-79959766990","4e005ba8-9777-4bbe-9440-2b4f94ecc2c0"
"2-s2.0-84870004519","f21f90a9-61bc-406c-bd01-9fbdc353b444"
"2-s2.0-84870004519","b9beb169-404a-4502-8e33-66be94d6769d"
"2-s2.0-84870004519","e00da5f6-88ef-40cd-a13f-bf9d69045de0"
"2-s2.0-84870004519","f5f42b4b-aa28-4b14-b74d-b4de54fa0a78"
"2-s2.0-84870004519","3cfa57ad-ad44-4ce2-8729-28f67b0f7a4a"
"2-s2.0-84862504058","ef3fab5b-1b1b-44c9-a74a-1a37b89a649e"
"2-s2.0-84862504058","31c361da-a86e-42c7-ad28-99ca42bc3681"
"2-s2.0-84862504058","4f450c90-9e2b-4dcb-b295-7a176c7242c3"
"2-s2.0-84862504058","4a2da75e-d6dd-4142-ba5a-61607099b56f"
"2-s2.0-84862504058","64c0ef86-4f15-49b7-bef2-6d0abe1823ae"
"2-s2.0-84859037265","13d5e096-68a2-46dc-836f-044ec1860c6c"
"2-s2.0-84859037265","0139e0d8-6bea-4bc9-aef9-a57be929c545"
"2-s2.0-84859037265","e79dc3d4-e8ee-41bb-9221-80ebaea80650"
"2-s2.0-84859037265","42f01df1-f0ea-456f-951e-33d158266b23"
"2-s2.0-77954502564","bf207ff6-996f-45d7-98bd-0dec26c0eb5e"
"2-s2.0-77954502564","147eeb30-d36c-4cfb-8ac6-2b9372010046"
"2-s2.0-77954502564","bc2b0b00-a32e-41da-b7da-f6b360e975ca"
"2-s2.0-77954502564","c4e5d80f-a2b7-4a1d-bfc3-d97366b48866"
"2-s2.0-77954502564","b9a8deba-f81e-4a97-8ad7-64eb101ef59f"
"2-s2.0-84865141477","9572afd3-93e2-42e7-ba12-62e3642a6586"
"2-s2.0-84865141477","a6effbea-a8a6-4ce0-85c4-655733f6db1c"
"2-s2.0-84865141477","a6fa55b8-c392-43fc-8be5-40e84062a82c"
"2-s2.0-80053076847","26fba2a2-2c42-4486-969c-ef1bd6c63388"
"2-s2.0-80053076847","e67bf6fe-6eb7-4902-b7db-ba6d00544ca2"
"2-s2.0-80053076847","6308459e-b43e-4025-a28d-c1fe942dd83f"
"2-s2.0-80053076847","ce019721-0f36-48e1-a1c9-eb1db25eb639"
"2-s2.0-80053076847","85af1b78-7389-4858-89f9-391aaf2b7a85"
"2-s2.0-84875876155","f340db52-01d0-49df-8df3-0c99bfd8f8d6"
"2-s2.0-84875876155","9b1cf4ca-df9d-483e-b995-f76c265bba58"
"2-s2.0-84875876155","fb6bcdaf-4639-4b8a-8cb4-4ac812842eb6"
"2-s2.0-84863695834","635fb5a5-cd1b-4aae-bea3-a24296fd3d5e"
"2-s2.0-84863695834","a2c8faae-58cb-47bb-baeb-4477351d7d41"
"2-s2.0-84863695834","11c810a6-eefd-4bd8-a1df-a6b6290e1040"
"2-s2.0-84871417305","a52a59e5-7c1e-4573-afda-b78a19eb7e46"
"2-s2.0-84871417305","d05cd5d7-3c08-4cb4-b0ab-595e87d0e26c"
"2-s2.0-84871417305","1052a8b3-b2d5-4494-8ef0-358e334b10af"
"2-s2.0-84871417305","d293d7d2-9e01-4391-9088-037dcb0aa915"
"2-s2.0-84860182370","ef3fab5b-1b1b-44c9-a74a-1a37b89a649e"
"2-s2.0-84860182370","2ed6767f-813b-4e1e-a130-5b292710c12a"
"2-s2.0-84860182370","f0d03700-62b9-4863-af65-c36c666a98de"
"2-s2.0-84860182370","a6d98f16-d492-417e-b8d5-4ff8baaed31d"
"2-s2.0-84860182370","7af03176-df86-4fa6-8979-fa69df7ffac1"
"2-s2.0-84860182370","ab223c9e-b968-4d3c-a21f-59438db1f54b"
"2-s2.0-84860182370","7d3d1bd9-22a4-410c-97a1-8c6faa8601e8"
"2-s2.0-84866451835","2d3ba35c-ef82-4d1e-aac9-5a850e0cbec8"
"2-s2.0-84866451835","8219ad84-910b-422c-844a-c9587c9ff383"
"2-s2.0-84866451835","78d15aed-e958-44de-9f14-ee4da82217e6"
"2-s2.0-84866451835","3aa29968-595e-4e85-8caf-b805739e4f4c"
"2-s2.0-84866451835","6994c903-790b-41e5-a29c-ebf52520c0d7"
"2-s2.0-84866451835","88927b8a-b7c4-45a7-97f3-9ec7d8e53f26"
"2-s2.0-80054737399","a80dc4fa-427b-457c-be59-c26daef96eb8"
"2-s2.0-80054737399","df198cba-4db9-4adc-bbd0-675428cb6526"
"2-s2.0-80054737399","db8e3594-942d-41ba-bbae-6a6056e77c35"
"2-s2.0-79959757221","ef3fab5b-1b1b-44c9-a74a-1a37b89a649e"
"2-s2.0-79959757221","9d919ee0-b92b-453a-8d82-f88b81af68ba"
"2-s2.0-79959757221","d5120771-4040-4004-88f7-af2314d6cfd3"
"2-s2.0-79959757221","5464a889-52c4-43ad-b945-a8de7d36f671"
"2-s2.0-79959757221","489d2a22-58c6-40a0-81cb-346f9bddb4f7"
"2-s2.0-79959757221","2e45d212-abd0-4e9f-b295-96b6a7305654"
"2-s2.0-84855445273","e844cc92-2d5f-4389-abfb-2654a6dade2f"
"2-s2.0-84855445273","2c60dba9-794e-4584-a822-3f9c9d3a2a78"
"2-s2.0-84855445273","d7cbfe24-1823-4459-8801-8a4042e76960"
"2-s2.0-84855445273","018a1a3a-3167-47e2-a96a-0af4b5da2e95"
"2-s2.0-77956095809","49d0bcb5-fd9e-4b22-8318-1c5c4b132db2"
"2-s2.0-77956095809","3776a8b1-b1c6-4afd-907a-1e488011e176"
"2-s2.0-77956095809","acea4b4f-b2ec-4c37-89a4-fd1753d89e3d"
"2-s2.0-77956095809","03a2f134-3de6-4a39-aa6c-ed938be3758a"
"2-s2.0-77956095809","161c4736-ed29-4de2-a0d3-98c682b2a396"
"2-s2.0-79952406769","7f4bba18-0299-467b-8347-e39ee8283527"
"2-s2.0-79952406769","62dffeeb-2886-4401-bdc1-a09fdd313e35"
"2-s2.0-79952406769","886881d4-28f9-46ab-955b-826c8c2746f6"
"2-s2.0-79952406769","d0c8cca3-aef2-4856-8364-3b6ad116590d"
"2-s2.0-79952406769","66b6012d-6c36-4a23-ae3e-46fab44af686"
"2-s2.0-79952406769","984980d9-427e-402a-a241-de5f147f1a66"
"2-s2.0-84859573218","afd3b982-bd4a-49e5-850e-768942bc46ea"
"2-s2.0-84859573218","b35ae50b-c4f8-43c1-be9a-f516559fada3"
"2-s2.0-84859573218","2e45d212-abd0-4e9f-b295-96b6a7305654"
"2-s2.0-77954030729","c1892e06-e58f-4353-844c-a6e2cdb7d90d"
"2-s2.0-77954030729","85ae3bc0-f870-49d6-bcae-f1aaada9d631"
"2-s2.0-77954030729","bca08ac3-238a-4bb4-b553-870d3a997bf2"
"2-s2.0-77954030729","1957dc40-3744-4a79-95e5-f6a7fcc37e34"
"2-s2.0-77954030729","32cae462-610f-434e-9a2f-ac82d3281719"
"2-s2.0-84863450704","f7d13183-8a99-455e-83dd-6858f96e7e8a"
"2-s2.0-84863450704","35c260e9-8509-427c-9987-bafc7e6784fb"
"2-s2.0-84863450704","eafbd478-6ef9-446a-853c-ad8291ecf91b"
"2-s2.0-84755161250","90e54ff9-992d-445c-ad6d-e880507bd08f"
"2-s2.0-84755161250","e23b8836-75e7-41b3-80cb-0dcd08511594"
"2-s2.0-84755161250","c5303c16-1f00-4578-98c7-a387bd77727d"
"2-s2.0-84755161250","221bd1ea-1a27-4668-ae2a-3e173bb78667"
"2-s2.0-84755161250","2c82504d-801f-4c13-a2f9-1d11c4bcf4db"
"2-s2.0-84755161250","43cebc5d-b9e4-4297-a323-33f6362e0e97"
"2-s2.0-84755161250","dfa247db-3df3-4339-8075-a79c402b8403"
"2-s2.0-78650238192","30db403b-d08d-4c02-9803-b47f5df0db23"
"2-s2.0-78650238192","4d8cf145-154f-44ff-aafd-31d25d7b15bc"
"2-s2.0-78650238192","7ea53c38-0587-4709-92f5-e552663239cc"
"2-s2.0-78650238192","7d811f48-8add-4c14-929d-914887945068"
"2-s2.0-78650238192","0a8bdd2d-01ce-425e-854e-e1a2fd781561"
"2-s2.0-77954670214","c76225b5-d55f-4a79-a8c6-ccff2a5b2e25"
"2-s2.0-77954670214","b7a5fc0d-3ef1-4b62-9615-fbc87cb23686"
"2-s2.0-77954670214","d2b4e61b-62ff-4b53-a922-5132292a09a3"
"2-s2.0-77954670214","a5b7c375-6681-4310-8611-19872233fb06"
"2-s2.0-77954670214","c6f94677-45c5-4fed-a84e-014dbfbd8797"
"2-s2.0-77954670214","d6d35165-baac-4dba-a53d-680a2d746700"
"2-s2.0-77954670214","15221088-a631-48d8-b6a1-034e12232d06"
"2-s2.0-77954670214","980e6332-1c5a-4d7d-b7a4-75514ddfc32b"
"2-s2.0-34548707585","919f24ca-8fb9-4cbe-aecb-fe01c6176572"
"2-s2.0-34548707585","5ce8faa2-adc0-42c9-828c-11ae7584241e"
"2-s2.0-34548707585","3ba62207-374e-4cea-bf13-42a2fd036b94"
"2-s2.0-34548707585","f58a726e-f78d-461f-949e-cb3a42dec9a8"
"2-s2.0-34548707585","b56a4be7-5fdb-473f-a6b2-1f683bc6d773"
"2-s2.0-59949098600","ef3fab5b-1b1b-44c9-a74a-1a37b89a649e"
"2-s2.0-59949098600","5b68e991-7e63-4edb-9fb3-e9d09533cc81"
"2-s2.0-59949098600","9ecbad88-9e6f-4c03-81a3-efaef71b5acc"
"2-s2.0-59949098600","b0b700a1-3e6d-4e87-acf5-5554d5bb2b4c"
"2-s2.0-33745023891","9d919ee0-b92b-453a-8d82-f88b81af68ba"
"2-s2.0-33745023891","c954aee6-7465-4010-8d77-62fd6799eb5d"
"2-s2.0-33745023891","a67e0195-731c-4f0f-bc82-b952745949af"
"2-s2.0-34047227042","7c655bb7-ba37-4f2e-9de6-79f871728131"
"2-s2.0-34047227042","feea0765-9a82-47a6-93aa-d082cb3e684a"
"2-s2.0-34047227042","8e81c6e4-8d2f-4b38-960b-c6f6b294deb7"
"2-s2.0-34047227042","84388424-c157-4225-8dcb-c064e61c6021"
"2-s2.0-34047227042","19a0c33e-6db3-427c-b4fc-9bf140b8247b"
"2-s2.0-66949168051","4dcb826b-1cb5-4361-9d4c-e1241ae803a6"
"2-s2.0-66949168051","d1dfa251-4da4-41ac-bb30-9593862e3bab"
"2-s2.0-66949168051","4d910567-a5b7-454b-affe-1af4edd903f1"
"2-s2.0-66949168051","1ee16e5c-13c4-4b15-afc5-b86533bc9727"
"2-s2.0-66949168051","939a96ba-bc70-4c32-86a7-efd81466a2a8"
"2-s2.0-41249087769","8ad3c3b1-2625-4375-a56c-ff002fe39bd8"
"2-s2.0-41249087769","2ad51607-617d-4738-bca3-8ef2443afb04"
"2-s2.0-41249087769","83a9d4be-e617-4ee1-9127-d9f77ecb0fab"
"2-s2.0-41249087769","fc737ec6-98c1-4aae-86fe-78471f29bfc4"
"2-s2.0-41249087769","a8918472-c684-4820-a2b0-21ddeb70b5f3"
"2-s2.0-41249087769","4f35e984-400a-4e4a-9c62-265cc93a34fe"
"2-s2.0-1842683936","9d919ee0-b92b-453a-8d82-f88b81af68ba"
"2-s2.0-1842683936","41a7fef9-9dd5-47fe-8955-621834c4ef9e"
"2-s2.0-1842683936","4e005ba8-9777-4bbe-9440-2b4f94ecc2c0"
"2-s2.0-72249084509","f9162010-28f3-43a4-b5d1-528125c41fad"
"2-s2.0-72249084509","106268cd-02f2-4305-920e-9dd79324e764"
"2-s2.0-72249084509","2be5b1ca-d142-4314-90ea-2e549281970b"
"2-s2.0-72249084509","c5c84bbc-791b-4be6-a55e-5785d44fc0cc"
"2-s2.0-29144433462","6a94b756-beb7-4826-83c4-edac7b0302a8"
"2-s2.0-29144433462","59529995-d11f-478a-8a34-7bd7d695521a"
"2-s2.0-29144433462","c5303c16-1f00-4578-98c7-a387bd77727d"
"2-s2.0-29144433462","c5398bbc-337e-42d2-a9e5-ba03b9c8ac7b"
"2-s2.0-29144433462","88927b8a-b7c4-45a7-97f3-9ec7d8e53f26"
"2-s2.0-29144433462","2dd27485-11b0-4fc7-8cfa-7b61c0819265"
"2-s2.0-29144433462","4a2da75e-d6dd-4142-ba5a-61607099b56f"
"2-s2.0-67949093021","8ad3c3b1-2625-4375-a56c-ff002fe39bd8"
"2-s2.0-67949093021","2ad51607-617d-4738-bca3-8ef2443afb04"
"2-s2.0-67949093021","777833e3-f98e-4650-8165-b01e5f897c17"
"2-s2.0-67949093021","a44d813b-ab21-4bf8-a0a2-97bac3353dd1"
"2-s2.0-67949093021","70527fae-77d0-4206-9ee8-41a80201663e"
"2-s2.0-40849100222","f40080e4-a839-4370-abb3-2d5cc9b736c8"
"2-s2.0-40849100222","4b809575-4644-4e68-86fc-b69206138902"
"2-s2.0-40849100222","da43e47f-bc53-4baa-82f7-037286f64d4d"
"2-s2.0-21044444792","45fc7028-4d95-41ea-8ce6-61af499fab67"
"2-s2.0-21044444792","4f6bec32-76c8-4911-9724-f678a05d9449"
"2-s2.0-21044444792","43c3f82a-0342-4784-a7d6-bbd66ff225ef"
"2-s2.0-21044444792","d417f229-c808-4b39-afd9-1986c942340c"
"2-s2.0-21044444792","26169bfc-8ea4-4750-a3ee-a788b86b7864"
"2-s2.0-21044444792","fc073c01-9ee0-49b1-9dd6-de0d0fbf5612"
"2-s2.0-33646104921","67e51556-fe2b-4931-871f-ef7965e5f7a1"
"2-s2.0-33646104921","cf18cf78-d16e-4474-af3c-46399023d101"
"2-s2.0-33646104921","862ae536-b607-4c1b-94c4-8746663fe1da"
"2-s2.0-33646104921","3b0bfa89-1db4-42e1-8a9a-f68714027d9e"
"2-s2.0-33646104921","8c24da4d-596b-4591-8eb9-7702345dc0ea"
"2-s2.0-33646104921","11d8aa1b-723e-427d-ac31-07e84f336964"
"2-s2.0-33646104921","a5014064-c355-4c15-b36e-16a62619703e"
"2-s2.0-73849103557","bd091099-29ae-4f90-ae80-2a967d5b25e8"
"2-s2.0-73849103557","4efe6d2f-6eec-4952-be90-5e0da4d78706"
"2-s2.0-73849103557","ab64872c-9d18-42ae-bc32-c7a2a2a337e0"
"2-s2.0-73849103557","5e9688a1-780b-4fed-8287-afb5e2ae17f5"
"2-s2.0-73849103557","e0920d15-b545-455d-99c4-103b1db8745f"
"2-s2.0-70349947243","ff9e4b8f-20f5-4c92-a7ef-148235f2d8f2"
"2-s2.0-70349947243","47ff2a19-64ec-4de1-a825-be15a0e6befe"
"2-s2.0-70349947243","13e93fa3-53f9-4487-aa63-c0ff5268b894"
"2-s2.0-70349947243","ae8262ec-0387-4dd6-9dd3-6f318c61d000"
"2-s2.0-70349947243","b4ae61e7-40cb-4544-b816-a192f1dd9cef"
"2-s2.0-84989220702","44d4a417-6b42-4212-bf7e-aa26ff461362"
"2-s2.0-84989220702","dad0622c-3e79-41b1-b51c-76173676650a"
"2-s2.0-84989220702","8217877b-b546-43c7-8e64-12901c0a6ca7"
"2-s2.0-84989220702","c954aee6-7465-4010-8d77-62fd6799eb5d"
"2-s2.0-4143105902","289bda46-caf4-4c6d-834d-ac21b9915c45"
"2-s2.0-4143105902","f83ee692-fc16-4c3c-9fb2-6a73c9386ef1"
"2-s2.0-4143105902","4a2da75e-d6dd-4142-ba5a-61607099b56f"
"2-s2.0-33748882448","6fedf0c9-0197-41d0-b3d5-2df89e93975c"
"2-s2.0-33748882448","db6b5f58-0252-4a44-9204-006d997e7409"
"2-s2.0-33748882448","db1e3d9d-9478-47fb-8910-27df9703383f"
"2-s2.0-33748882448","a19e7c70-7266-42ac-af8a-b42096646f3f"
"2-s2.0-33748882448","02bfbd53-1547-4428-8a5f-dd49995d658c"
"2-s2.0-33748882448","64aca23f-68a0-4301-9cef-dfedae8f0268"
"2-s2.0-33748882448","39c9cb90-5984-438c-817c-be40fd8ef22a"
"2-s2.0-33748882448","2cbdbffc-2281-427c-9979-d9104853a8f4"
"2-s2.0-33748882448","bcdffdf1-8613-4e2d-b7c6-0270575c7b76"
"2-s2.0-56949093520","a8363c54-1337-4bbb-aeea-8ae9e670d8e6"
"2-s2.0-56949093520","4d3b7c0f-25b5-4455-bea0-771e08153fc3"
"2-s2.0-56949093520","683734fb-94d8-462c-ba75-19b69dda986c"
"2-s2.0-56949093520","10b318a1-12b6-4834-830a-a871b1228fff"
"2-s2.0-56949093520","181ea6c4-6d52-4785-9128-bbd0ca23dd85"
"2-s2.0-56949093520","75042ad9-c6f5-4384-b6f0-356656c41ba6"
"2-s2.0-71049173352","10783368-3747-4824-a1af-6ce66f73c7df"
"2-s2.0-71049173352","2d98f647-e019-45e4-9b8c-038ec8c49744"
"2-s2.0-71049173352","426ec222-84be-4082-981e-1bbdc096474b"
"2-s2.0-71049173352","1b457c8f-1468-4636-8a6f-a59027765942"
"2-s2.0-71049173352","0f93ce33-e3da-43b9-a8f3-5ed9d64dfc09"
"2-s2.0-22344448050","e2219329-7d90-4313-b75f-901f3af691c8"
"2-s2.0-22344448050","9d919ee0-b92b-453a-8d82-f88b81af68ba"
"2-s2.0-22344448050","c5398bbc-337e-42d2-a9e5-ba03b9c8ac7b"
"2-s2.0-22344448050","b304a4bc-7ee9-44b7-badd-4193bc62b0b6"
"2-s2.0-22344448050","1522896b-85e8-4c8e-bc93-62818cc8fe51"
"2-s2.0-77958022833","61f9e294-b864-4420-a8e1-4b8f947f77a9"
"2-s2.0-77958022833","91e5635e-991a-49e9-bca6-d2ac136a30e8"
"2-s2.0-77958022833","6ab7c72a-b879-4f77-b474-d223ada322f8"
"2-s2.0-77958022833","b4c46f80-2634-40fa-911d-5707b0a2c93c"
"2-s2.0-77958022833","4a2da75e-d6dd-4142-ba5a-61607099b56f"
"2-s2.0-33748665250","301286f9-5759-4fe3-b729-fbeafaea7640"
"2-s2.0-33748665250","014357aa-110c-435b-87a9-e4719af51a4c"
"2-s2.0-33748665250","931941aa-054e-426f-8f6b-8e5a72223dec"
"2-s2.0-33748665250","35444df2-9764-4c95-ac73-78e819ae5efb"
"2-s2.0-33748665250","a3e4ed35-513e-450e-b3fc-d145df7c616b"
"2-s2.0-33748665250","4ac56233-de03-46b5-a1b4-f33bbcfd1246"
"2-s2.0-70349989698","ef3fab5b-1b1b-44c9-a74a-1a37b89a649e"
"2-s2.0-70349989698","2ed6767f-813b-4e1e-a130-5b292710c12a"
"2-s2.0-70349989698","87bd9f69-39a6-4042-8852-59a560bfae51"
"2-s2.0-70349989698","fe2f1f82-179f-487d-a6f9-3300899d3dc5"
"2-s2.0-70349989698","7a7cd0f9-d73e-4499-a4ae-9a9df13b81df"
"2-s2.0-70349989698","d6b1c23e-6f7f-4a7b-8629-f35044754cf3"
"2-s2.0-70349989698","3c9a9120-ddea-47c4-b33c-566f38657060"
"2-s2.0-29844454548","a9da4083-2531-439f-8b28-5dec6d675efb"
"2-s2.0-29844454548","5589352f-13b0-4dac-8a96-7c3c4b4974e3"
"2-s2.0-29844454548","90e54ff9-992d-445c-ad6d-e880507bd08f"
"2-s2.0-29844454548","c02ec7cc-c7eb-4c19-9064-d9c83e110634"
"2-s2.0-29844454548","1c31ac75-c8f5-449f-a342-aa62117ca0b0"
"2-s2.0-29844454548","4f86046d-c7bc-4de8-89b8-1e0bb33215a1"
"2-s2.0-59949103836","49bea109-2ccb-4bcf-8fc5-083c6107d26b"
"2-s2.0-59949103836","c2fbc092-ebcf-4490-8d64-0944c0b8eb95"
"2-s2.0-59949103836","29da59ce-1746-4682-8b7e-9c20d1966d74"
"2-s2.0-45849099406","e2b43e4e-26cc-4d4e-a760-25024de7a5b9"
"2-s2.0-45849099406","ebf23fd7-3608-4a80-8cde-1ce33979feaa"
"2-s2.0-45849099406","885d3e29-cfe9-4d9b-bbb0-1b206f5187bc"
"2-s2.0-45849099406","3a83209d-c2d4-4a23-bbe3-5c2b9de30138"
"2-s2.0-45849099406","c92f0527-4886-4d9d-a0cd-990917697aac"
"2-s2.0-45849099406","c2d451f7-252a-4ed1-94c1-29e95aaeb2df"
"2-s2.0-40449143078","5631b266-4305-457e-9e1d-11b70cbb2a25"
"2-s2.0-40449143078","9a8929c6-b2f0-4b5f-bb67-fb7142f9677a"
"2-s2.0-40449143078","13d5e096-68a2-46dc-836f-044ec1860c6c"
"2-s2.0-34347395985","65f3d66e-f588-4960-b0a0-da85cf7c0d7b"
"2-s2.0-34347395985","7eb55879-76a3-4b47-a076-e1aa43141bb8"
"2-s2.0-34347395985","c7e3ea37-801a-4041-8681-01e9ba87949c"
"2-s2.0-34347395985","7d97e711-968d-48b3-968f-f5ca0c9649b2"
"2-s2.0-34347395985","e74aa58d-7f23-450a-813a-2b5e8781423d"
"2-s2.0-34347395985","6e7f1be6-8df2-4b74-b471-0d0f173a683e"
"2-s2.0-34347395985","d1292d91-c5ae-45ab-964b-046f30b1d514"
"2-s2.0-34347395985","955c758e-9780-49e3-8dd2-e6bcc9d4364b"
"2-s2.0-11244343928","9f52e4ac-49ab-4ad0-9ed0-7e4cb8b806bc"
"2-s2.0-11244343928","d51e93c9-974e-495e-a82e-cf462d9ac62b"
"2-s2.0-11244343928","403a4349-097a-4bd8-b6a0-573ef2a2a769"
"2-s2.0-11244343928","e6fabe31-2a2b-4fa6-adfe-ec7a6be1a1d4"
"2-s2.0-11244343928","d97976c4-d5f0-414a-a1d0-bcee4e1dcc8f"
"2-s2.0-70349952435","46959bb0-7bc5-4632-b56f-c61d4060b94d"
"2-s2.0-70349952435","43031a14-60ba-49f1-8654-be9af9c98ee2"
"2-s2.0-70349952435","c040e708-f3b1-439e-8dad-1f25ab212312"
"2-s2.0-70349952435","7572190b-58a2-4990-be78-a6f53ff95848"
"2-s2.0-70349952435","5d42bd9a-e7c7-43e1-9645-0c1b6001c128"
"2-s2.0-33749031305","c0e433ee-fb5e-4497-9bfe-be873c8d6b55"
"2-s2.0-33749031305","54e5b9f8-67e9-494c-8784-d65a666277e6"
"2-s2.0-33749031305","30c1923e-95f8-4d99-bf4d-f171f60c44a6"
"2-s2.0-33749031305","6d8d76a8-4a00-4627-8c27-a62e9fd3d035"
"2-s2.0-33749031305","0783df3b-b41d-4ec1-918a-de8e66fd64b3"
"2-s2.0-33749031305","03a3dc26-6575-4db9-a06d-4e59314c20f3"
"2-s2.0-77149160649","fb055ecb-75d9-4b98-ae56-efc2005f916b"
"2-s2.0-77149160649","9ba2b105-18e0-400e-ba72-9bb8ae248499"
"2-s2.0-77149160649","d5120771-4040-4004-88f7-af2314d6cfd3"
"2-s2.0-77149160649","aa7a60fe-9485-4b42-a63a-d1a57f8d748b"
"2-s2.0-77149160649","47828682-01a7-478e-8fce-87485340a7d1"
"2-s2.0-8544277308","9d919ee0-b92b-453a-8d82-f88b81af68ba"
"2-s2.0-8544277308","8509d4f7-4baf-4c4e-a44e-ab69d491b3ee"
"2-s2.0-8544277308","091b7171-ebef-45eb-91ce-7762ff204f31"
"2-s2.0-78049434008","bd4a9c92-9bb0-4511-af9d-3bc0777f6d9b"
"2-s2.0-78049434008","1ba530c7-9f41-4218-89b1-2d3347e71575"
"2-s2.0-78049434008","b53420d9-5017-4bd3-bda3-c8765db8cf7f"
"2-s2.0-78049434008","0103da2b-df7c-47e1-a150-bf588817885a"
"2-s2.0-78049434008","45da2e66-be7f-4f7b-aae7-b0f5b924ee2f"
"2-s2.0-34948853234","9d919ee0-b92b-453a-8d82-f88b81af68ba"
"2-s2.0-34948853234","78e4ba75-a5d4-4f4a-bf3f-0587f9c58743"
"2-s2.0-34948853234","59c4bc70-0ea0-465d-b7fd-111c22491e6b"
"2-s2.0-34948853234","c3a2fc5b-45c4-42a6-9013-ffb05e4a1e79"
"2-s2.0-34948853234","bc020aba-e290-4776-8a3f-bc4074bfa57a"
"2-s2.0-40549093604","b510715f-1139-477d-bfd1-dc0bb1a2bce5"
"2-s2.0-40549093604","c024ff74-d192-45be-9d10-b74fe25dcbd9"
"2-s2.0-40549093604","d8567c39-73c2-4a9b-ba33-8af4c409106d"
"2-s2.0-40549093604","6cb0dbcb-aa53-43a6-83e5-38724285117c"
"2-s2.0-40549093604","8e64350c-64f0-4a3e-a3a1-fccb9f7ffac5"
"2-s2.0-77950534451","8a4c6195-ceb4-4348-ad2b-f343d09904d3"
"2-s2.0-77950534451","2d33c846-67bd-46d9-8cda-5c7b324691eb"
"2-s2.0-77950534451","2a097bf0-f062-4e6f-83c9-4edbab594805"
"2-s2.0-77950534451","e8be654a-3927-4702-9f93-779643dd15ad"
"2-s2.0-77950534451","2eadf875-7e82-4eb9-a0b5-c7dd0cd17695"
"2-s2.0-34250708057","a9f3fe26-e10a-439d-8c65-32cef205ab9d"
"2-s2.0-34250708057","ebac3a5d-a5fa-420a-866f-5e219ccfc2f6"
"2-s2.0-34250708057","f572b79b-3957-4f6d-88da-68b12a4742e3"
"2-s2.0-34250708057","003579e8-906f-46d4-bd82-5d87dc328e6b"
"2-s2.0-34250708057","439a80fd-9658-4e51-a08b-61c38e07d66c"
"2-s2.0-34250708057","dc2d4247-60a6-41ad-a223-2fc67f4f7d3d"
"2-s2.0-34250708057","31da690d-09ce-4230-8088-22729ce8a318"
"2-s2.0-39449120718","bd091099-29ae-4f90-ae80-2a967d5b25e8"
"2-s2.0-39449120718","da7402e7-40e6-4469-9d1f-274cb47d9f90"
"2-s2.0-39449120718","8bb5d414-293f-4650-8d45-f13cd7a8dd78"
"2-s2.0-39449120718","9572afd3-93e2-42e7-ba12-62e3642a6586"
"2-s2.0-39449120718","5d918654-62cb-4429-b1d5-ec0ead1b5e24"
"2-s2.0-39449120718","9605dbcd-b181-4fb0-82dd-976c147044d2"
"2-s2.0-39449120718","cb531d2d-eb4b-46db-885e-c6595c0af775"
"2-s2.0-0037284740","9189615d-36ac-4a8a-90ae-c137ddd89608"
"2-s2.0-0037284740","ef3fab5b-1b1b-44c9-a74a-1a37b89a649e"
"2-s2.0-0037284740","0fc95e5d-b98f-4ece-8993-840ec1034698"
"2-s2.0-0037284740","235dc854-5f13-4f39-af1f-293e0f8c76f4"
"2-s2.0-0037284740","b09cad30-c8ea-4278-b104-c48d06091488"
"2-s2.0-77954484542","2044576f-6530-446e-a85a-321d99ef5e6b"
"2-s2.0-77954484542","7d2662df-419c-4f97-957b-f065b2dae420"
"2-s2.0-77954484542","322678af-8998-40bb-a6d2-2bc8df39ed79"
"2-s2.0-21744433577","0b4e0fd0-9879-459e-8aef-6a6a43dd9cec"
"2-s2.0-21744433577","ef3fab5b-1b1b-44c9-a74a-1a37b89a649e"
"2-s2.0-21744433577","9d919ee0-b92b-453a-8d82-f88b81af68ba"
"2-s2.0-21744433577","b293df1e-cca6-48a5-9408-ae6acf6d7b9d"
"2-s2.0-21744433577","63031e5a-8734-4e52-bfe9-7618043e9c69"
"2-s2.0-21744433577","6d72b485-2459-4542-b70b-d5939ebcb1de"
"2-s2.0-21744433577","c5303c16-1f00-4578-98c7-a387bd77727d"
"2-s2.0-34548496881","ef3fab5b-1b1b-44c9-a74a-1a37b89a649e"
"2-s2.0-34548496881","1e500a79-5da7-4594-a4e9-6de47502369f"
"2-s2.0-34548496881","bf7c5c50-b9bb-487b-b171-5055558089e8"
"2-s2.0-34548496881","e5100e88-0071-45d3-a259-5c061aef5e8c"
"2-s2.0-34248546568","c5f3362b-ee40-402f-8c41-7e963c72bfc0"
"2-s2.0-34248546568","a9da4083-2531-439f-8b28-5dec6d675efb"
"2-s2.0-34248546568","e620b062-7a82-4e06-a101-d216f29e7a58"
"2-s2.0-34248546568","78e4ba75-a5d4-4f4a-bf3f-0587f9c58743"
"2-s2.0-34248546568","609da5e5-6230-4d9a-9d6d-8231e2661626"
"2-s2.0-7944227786","6fedf0c9-0197-41d0-b3d5-2df89e93975c"
"2-s2.0-7944227786","301286f9-5759-4fe3-b729-fbeafaea7640"
"2-s2.0-7944227786","ff6ae742-80dc-4e0a-ac03-d85789e7207b"
"2-s2.0-7944227786","78e4ba75-a5d4-4f4a-bf3f-0587f9c58743"
"2-s2.0-7944227786","2b4b6003-d596-43d2-b385-11675c183bec"
"2-s2.0-23744462673","db23ab3c-df94-4786-be74-7f955e97a0e0"
"2-s2.0-23744462673","5f29218b-6042-4552-825c-01aa7cfe169b"
"2-s2.0-23744462673","3b645977-b26b-46a3-8c04-dfac3dd2b55b"
"2-s2.0-23744462673","d6d35165-baac-4dba-a53d-680a2d746700"
"2-s2.0-35348896514","9ad92071-4c2e-45e1-b095-5584957f7c93"
"2-s2.0-35348896514","9d919ee0-b92b-453a-8d82-f88b81af68ba"
"2-s2.0-35348896514","58850379-efb7-434a-ad17-c4c2c3d3f4dd"
"2-s2.0-35348896514","3d568dfb-2ac3-4b51-bd1e-d0573e5b417c"
"2-s2.0-35348896514","5464a889-52c4-43ad-b945-a8de7d36f671"
"2-s2.0-35348896514","7d9987bf-fa0c-4530-b995-72d3ee98f6b8"
"2-s2.0-35348896514","04af2e44-3976-46e7-861d-cb15e6fb66ca"
"2-s2.0-65249145967","a9da4083-2531-439f-8b28-5dec6d675efb"
"2-s2.0-65249145967","74c1c410-1f4a-4491-bf76-73d626040b66"
"2-s2.0-65249145967","6c37da93-562e-4247-91a4-5d33b3743ed6"
"2-s2.0-65249145967","414a9dc3-8f62-499f-a68c-a4f0ec952501"
"2-s2.0-65249145967","c5398bbc-337e-42d2-a9e5-ba03b9c8ac7b"
"2-s2.0-50549088031","5589352f-13b0-4dac-8a96-7c3c4b4974e3"
"2-s2.0-50549088031","59826cba-8d7f-4eae-91d0-b8be30969964"
"2-s2.0-50549088031","1c31ac75-c8f5-449f-a342-aa62117ca0b0"
"2-s2.0-50549088031","4ba6e6b9-1acb-490d-b983-83334bc857f4"
"2-s2.0-50549088031","dd485f25-b3d2-4a26-927b-cff5b9af108b"
"2-s2.0-69249240207","301286f9-5759-4fe3-b729-fbeafaea7640"
"2-s2.0-69249240207","c86fe490-0559-4ae4-8d09-9f527e40eafe"
"2-s2.0-69249240207","a1026ba0-d07a-49df-99ae-ec1f4eec8515"
"2-s2.0-69249240207","149c306c-2be4-4fe5-912d-0bc851b194e2"
"2-s2.0-69249240207","cb3b0ec3-6521-4e81-b4be-6ca778e4d731"
"2-s2.0-34247141985","85d948d7-bbb6-4ffe-b5ac-85f748690664"
"2-s2.0-34247141985","4efe6d2f-6eec-4952-be90-5e0da4d78706"
"2-s2.0-34247141985","aaf289ad-38fd-4f79-9254-5e509e3167d0"
"2-s2.0-34247141985","4f35e984-400a-4e4a-9c62-265cc93a34fe"
"2-s2.0-21744441983","301286f9-5759-4fe3-b729-fbeafaea7640"
"2-s2.0-21744441983","9d919ee0-b92b-453a-8d82-f88b81af68ba"
"2-s2.0-21744441983","41c439cf-367b-4b46-85a0-7bd297a8ab02"
"2-s2.0-21744441983","b6f92ae1-04d5-4002-8901-259f711c6d11"
"2-s2.0-68949220410","4fde77ea-bca6-4474-af9c-6b75f9cd4cf4"
"2-s2.0-68949220410","6a3bdbf8-0eb0-4498-b0c5-59bfd04d0e4b"
"2-s2.0-68949220410","5169e736-209f-4c08-bf90-adbad148e342"
"2-s2.0-68949220410","685c8b8d-33e3-42be-aec6-ddddb09f06c0"
"2-s2.0-68949220410","7c6cb69b-71d3-44e3-8e2d-a5db2ca8b790"
"2-s2.0-68949213207","968e1e8c-ec7d-4dd6-bbcd-8681b551f633"
"2-s2.0-68949213207","3d472abd-23f9-49a8-82ca-59bfd95046a6"
"2-s2.0-68949213207","13d5e096-68a2-46dc-836f-044ec1860c6c"
"2-s2.0-68949213207","a44d813b-ab21-4bf8-a0a2-97bac3353dd1"
"2-s2.0-68949213207","93d70f3e-3f2d-4846-b4a6-ed2c7da4d067"
"2-s2.0-68949213207","fb0ca426-fe0b-4de4-b101-5d0a73b8c52e"
"2-s2.0-0344100107","19b2e3d1-4256-4dd8-80ae-cfaf8ce32eed"
"2-s2.0-0344100107","ad09d762-9e4b-4b71-9d65-6b946ea851b3"
"2-s2.0-0344100107","c9568f72-219a-4795-96d1-3d5a822d0a57"
"2-s2.0-0344100107","37acceb8-34ee-44de-b6d3-08716234cd6a"
"2-s2.0-0344100107","33a7137a-3de3-49ee-a32e-4b85a5e8c98b"
"2-s2.0-0344100107","3b07ea57-dd29-404b-9548-04303ddcf21e"
"2-s2.0-0344100107","78e4ba75-a5d4-4f4a-bf3f-0587f9c58743"
"2-s2.0-33646229520","235dc854-5f13-4f39-af1f-293e0f8c76f4"
"2-s2.0-33646229520","4f3b25dd-e109-4044-ad52-fe636b0c6edc"
"2-s2.0-33646229520","4f86046d-c7bc-4de8-89b8-1e0bb33215a1"
"2-s2.0-33748881370","ad09d762-9e4b-4b71-9d65-6b946ea851b3"
"2-s2.0-33748881370","d1dfa251-4da4-41ac-bb30-9593862e3bab"
"2-s2.0-33748881370","41efda27-997d-4ed4-9358-4f07974f2830"
"2-s2.0-33748881370","0959859a-e54a-4ca9-834b-c2c4f4c1483b"
"2-s2.0-33748881370","6ab7c72a-b879-4f77-b474-d223ada322f8"
"2-s2.0-33748881370","60db93ef-2a5b-4b73-8958-aa272e984821"
"2-s2.0-33748881370","a7e42c8a-a391-4ce6-bf9b-7d0ebcc93433"
"2-s2.0-37049039676","5ce8faa2-adc0-42c9-828c-11ae7584241e"
"2-s2.0-37049039676","9f6d1152-0db5-4818-85cb-4cf8e589d517"
"2-s2.0-37049039676","979b82de-6dc1-418d-acd2-2d5e349af419"
"2-s2.0-37049039676","119022be-5971-4741-bfca-1de3d3a08b8e"
"2-s2.0-37049039676","f58a726e-f78d-461f-949e-cb3a42dec9a8"
"2-s2.0-37049039676","a9258ef3-4dd0-461c-86e4-15081fbff75a"
"2-s2.0-37049039676","15902121-49f3-4836-999c-2c87d2330894"
"2-s2.0-46349101448","c9959483-06c2-4444-a105-5f0d97dcc2bd"
"2-s2.0-46349101448","3a19483f-0214-4751-8d08-88fde85c570d"
"2-s2.0-46349101448","cb374e7a-fdc8-415e-8ea6-4bca3ccdce86"
"2-s2.0-46349101448","6e61f6c6-ce05-4a02-9f5a-6685d416ba4e"
"2-s2.0-34249810393","713c130e-ba9a-48d6-9e1b-12110cbe8169"
"2-s2.0-34249810393","9d919ee0-b92b-453a-8d82-f88b81af68ba"
"2-s2.0-34249810393","147d015d-5860-49fd-befa-639a363dd6f1"
"2-s2.0-34249810393","afc523fa-ec79-4c74-b6dd-7a1a6c0662e5"
"2-s2.0-34249810393","5464a889-52c4-43ad-b945-a8de7d36f671"
"2-s2.0-34249810393","e4ab8fe3-fda3-432e-8a0a-5f70db553161"
"2-s2.0-24944534016","71993dd3-5b65-4704-8f6d-8f3bf6413f4d"
"2-s2.0-24944534016","7c770beb-f25a-42d7-893c-93cfab5f608e"
"2-s2.0-24944534016","94236afa-b2e6-4112-bec8-31637dcce21b"
"2-s2.0-24944534016","0cee6caf-5cd3-48d5-9215-847c0fba8ee1"
"2-s2.0-34250380240","5e9688a1-780b-4fed-8287-afb5e2ae17f5"
"2-s2.0-34250380240","6a94b756-beb7-4826-83c4-edac7b0302a8"
"2-s2.0-34250380240","1105c1a1-a39d-4056-afae-43d171fbe0dc"
"2-s2.0-34250380240","680fe1a0-29a0-44ca-8d22-1d1bc9011fad"
"2-s2.0-34250380240","c95e4ed1-33b6-4973-8544-f5c2ad8cebf5"
"2-s2.0-84991766660","c775d050-1065-44fe-875d-64e9d4ae3b81"
"2-s2.0-84991766660","dbf8a022-255a-49d0-9995-22224ec4e2f4"
"2-s2.0-84991766660","ac07c823-7b3c-4e92-b94b-69ebbbc3d2f8"
"2-s2.0-84991766660","47972e2b-b65e-4445-a2c9-360939a0f7e7"
"2-s2.0-84991766660","ce0fac43-4eb5-4251-ae47-5d32c90e2d1c"
"2-s2.0-84991766660","dd8b8ee0-d233-4cbf-840a-84cf006cb774"
"2-s2.0-84991766660","7a1734df-5c09-4a31-aa45-f6161084526f"
"2-s2.0-84991766660","4f450c90-9e2b-4dcb-b295-7a176c7242c3"
"2-s2.0-84991766660","961f3c75-7a20-49d7-a921-a853fd8afe00"
"2-s2.0-75449113475","301286f9-5759-4fe3-b729-fbeafaea7640"
"2-s2.0-75449113475","6e426492-d56c-4750-900d-1ed09d85625d"
"2-s2.0-75449113475","7779e8e3-b6ba-4936-8a14-5b5322e9a75d"
"2-s2.0-75449113475","59826cba-8d7f-4eae-91d0-b8be30969964"
"2-s2.0-43749122356","5ce8faa2-adc0-42c9-828c-11ae7584241e"
"2-s2.0-43749122356","baf52d52-f919-43a4-be63-b80b5babc851"
"2-s2.0-43749122356","ae8262ec-0387-4dd6-9dd3-6f318c61d000"
"2-s2.0-43749122356","a6db6205-6539-4e92-87bb-cc3f2b301cff"
"2-s2.0-43749122356","d8c68921-d757-4344-bbad-d3b4842fbc15"
"2-s2.0-84996505783","55f96e4a-1c58-4635-a71c-253911246e09"
"2-s2.0-84996505783","5ce8faa2-adc0-42c9-828c-11ae7584241e"
"2-s2.0-84996505783","322efd54-2d3b-4b0c-9733-7734bdc0bf35"
"2-s2.0-84996505783","e95adc93-8845-432e-8d84-96640b18fe31"
"2-s2.0-84996505783","a0c4bb4a-db56-404d-b910-c15f42e5c199"
"2-s2.0-84996505783","0c091803-1448-49dc-a5a9-bc288463e7e0"
"2-s2.0-84996505783","e3f92b44-4ebd-4361-9ee0-3be7ed7743e3"
"2-s2.0-84996505783","f58a726e-f78d-461f-949e-cb3a42dec9a8"
"2-s2.0-84996505783","b42e7152-3ed8-47d1-a50e-1a78421ea6c4"
"2-s2.0-65349153050","db675134-db14-4896-9506-c8c7960d77b0"
"2-s2.0-65349153050","c766f5ec-c33d-4b1d-84dc-cca199f5605a"
"2-s2.0-65349153050","45f85b9f-99b7-473f-833a-160fc69080d6"
"2-s2.0-65349153050","c5303c16-1f00-4578-98c7-a387bd77727d"
"2-s2.0-65349153050","b73885fd-14af-4f48-abf4-55209c9f1066"
"2-s2.0-65349153050","c5398bbc-337e-42d2-a9e5-ba03b9c8ac7b"
"2-s2.0-33646718419","919f24ca-8fb9-4cbe-aecb-fe01c6176572"
"2-s2.0-33646718419","5ce8faa2-adc0-42c9-828c-11ae7584241e"
"2-s2.0-33646718419","d6d35165-baac-4dba-a53d-680a2d746700"
"2-s2.0-33646718419","f58a726e-f78d-461f-949e-cb3a42dec9a8"
"2-s2.0-33646718419","b42e7152-3ed8-47d1-a50e-1a78421ea6c4"
"2-s2.0-33646718419","15902121-49f3-4836-999c-2c87d2330894"
"2-s2.0-1942502879","3645683b-b03b-41c3-9d25-c5457eb55386"
"2-s2.0-1942502879","d6d35165-baac-4dba-a53d-680a2d746700"
"2-s2.0-1942502879","f58a726e-f78d-461f-949e-cb3a42dec9a8"
"2-s2.0-1942502879","7a1d927c-243e-44ae-bef2-7129975d3f3d"
"2-s2.0-67649968808","91e5635e-991a-49e9-bca6-d2ac136a30e8"
"2-s2.0-67649968808","6bc6320c-c3dd-493a-9a3a-4bffe1500f2a"
"2-s2.0-67649968808","9ffdfb06-ddfe-445d-b5ab-a31f902fd536"
"2-s2.0-67649968808","60d07d9d-8a0a-44d7-a007-eb66231565b5"
"2-s2.0-67649968808","61c8ace3-b66d-4e59-893d-c3dffff8cc2a"
"2-s2.0-4344678918","7f424240-c61c-4f92-a2fb-f8affacafae5"
"2-s2.0-4344678918","39aa4d8e-bb49-4991-aee9-3f90d5c53176"
"2-s2.0-4344678918","24e87c39-639d-4caf-86d3-de05a1743242"
"2-s2.0-4344678918","b4b3c518-e3ee-496d-819a-ce114ae1cd1a"
"2-s2.0-4344678918","d6979d37-3187-4163-82e8-89f513b0cbca"
"2-s2.0-4344678918","9cd2f89a-b032-4c55-b91c-e95dd3c124d4"
"2-s2.0-10144253726","301286f9-5759-4fe3-b729-fbeafaea7640"
"2-s2.0-10144253726","e173bf9b-ebbe-4af8-bbcd-8e5a72b96212"
"2-s2.0-10144253726","c947f70a-64c7-46dc-9ab8-3d2033a5ee7c"
"2-s2.0-10144253726","e98178ad-6f10-409c-8299-e0648b5475cd"
"2-s2.0-8544243525","ef3fab5b-1b1b-44c9-a74a-1a37b89a649e"
"2-s2.0-8544243525","ab64872c-9d18-42ae-bc32-c7a2a2a337e0"
"2-s2.0-8544243525","9d919ee0-b92b-453a-8d82-f88b81af68ba"
"2-s2.0-8544243525","6f63c731-8ae2-4445-803b-4d38e1139746"
"2-s2.0-8544243525","c3b899d5-35f6-429c-95e2-d65ec1e0aaa0"
"2-s2.0-8544243525","7572190b-58a2-4990-be78-a6f53ff95848"
"2-s2.0-58049128906","e0f8d518-b01e-4057-8e4d-24c3a4058404"
"2-s2.0-58049128906","31a819dd-5e37-4253-9d0c-e74396807e0f"
"2-s2.0-58049128906","f918ca1e-008b-499d-9681-3a5c8fd190a0"
"2-s2.0-73949093671","8041b997-f9e0-443f-8a69-8a637d245b93"
"2-s2.0-73949093671","f3520f48-f544-442c-b9fa-7ce75d81ab53"
"2-s2.0-73949093671","221bd1ea-1a27-4668-ae2a-3e173bb78667"
"2-s2.0-73949093671","8fed2fda-2ba3-4ce0-943a-0cf432ba84ab"
"2-s2.0-80255140109","b3d1856a-c596-4e4d-a08f-7c7915dabe78"
"2-s2.0-49649086372","d0e9f599-1f92-4160-b732-120ff112e048"
"2-s2.0-49649086372","5832f77f-e9d4-4de9-a6ff-d986b0573d10"
"2-s2.0-49649086372","97f311f8-b624-4b9e-9131-954d24fbb074"
"2-s2.0-49649086372","f988400f-9319-4519-acb7-43d3e3eb0437"
"2-s2.0-49649086372","e80768ef-eb95-4c91-aa5d-be4e6d6685cb"
"2-s2.0-40949160128","f565de50-6702-4094-8df5-e40994015f2b"
"2-s2.0-40949160128","a9da4083-2531-439f-8b28-5dec6d675efb"
"2-s2.0-40949160128","e1e8e49c-7641-40c9-9237-8c55b3e1cb7e"
"2-s2.0-40949160128","51e6a308-cb04-4b00-9f45-a85466af3970"
"2-s2.0-67651093738","f21f90a9-61bc-406c-bd01-9fbdc353b444"
"2-s2.0-67651093738","ab64872c-9d18-42ae-bc32-c7a2a2a337e0"
"2-s2.0-67651093738","59730164-93d8-4dde-b6f4-e0ef2975700e"
"2-s2.0-67651093738","9d919ee0-b92b-453a-8d82-f88b81af68ba"
"2-s2.0-67651093738","5464a889-52c4-43ad-b945-a8de7d36f671"
"2-s2.0-67651093738","703b4a96-9b4b-42cb-b422-54741f941e6d"
"2-s2.0-33750218096","4ee48331-c3a1-4355-8385-8df7b1d7a970"
"2-s2.0-33750218096","28e1dff7-02a3-4c05-a4b9-a4349008f8d1"
"2-s2.0-33750218096","301286f9-5759-4fe3-b729-fbeafaea7640"
"2-s2.0-33750218096","9d919ee0-b92b-453a-8d82-f88b81af68ba"
"2-s2.0-42149092987","5e829061-33b5-426a-a395-8f02b2271b50"
"2-s2.0-42149092987","6615c6c8-de78-468d-acf6-cf867526aedb"
"2-s2.0-42149092987","86829c46-060f-43dd-8ec3-08adddad0624"
"2-s2.0-42149092987","9e9e53f9-bc9e-4d18-934f-83a9b2b09729"
"2-s2.0-42149092987","777fa9b0-a7ab-4404-af41-1e929d5075dd"
"2-s2.0-42149092987","0b9bd93a-d095-41da-92ae-561bbc04d082"
"2-s2.0-42149092987","f5f42b4b-aa28-4b14-b74d-b4de54fa0a78"
"2-s2.0-42149092987","b151ae8a-cc70-4e08-a1fd-c01df013c7bd"
"2-s2.0-42149092987","f214d5fa-c2a0-4f75-8b48-958d31b18a7b"
"2-s2.0-37849010046","03668bb8-a166-4b1f-bed7-2bae9f848ceb"
"2-s2.0-37849010046","4a89823e-cc7d-40c5-a369-985ba63b4420"
"2-s2.0-37849010046","5e829061-33b5-426a-a395-8f02b2271b50"
"2-s2.0-37849010046","ddc47d3d-b311-4a53-b17b-1abb9f96333d"
"2-s2.0-37849010046","59e39916-a4cb-4d64-93f3-442381a9fde9"
"2-s2.0-37849010046","1566fa21-d1ab-4340-9843-1372e7d48439"
"2-s2.0-37849010046","7240915b-5c37-4ac8-9194-45193dd77689"
"2-s2.0-37849010046","ee026426-7955-4e00-ba46-182c5531d9e4"
"2-s2.0-37849010046","bf3f2e6d-ec43-4564-8c0f-701c9330db3b"
"2-s2.0-37849010046","672160a6-dd5e-4ede-850e-484d8b85fb6c"
"2-s2.0-37849010046","fa40b80a-acc2-4a84-a47e-7d832948522f"
"2-s2.0-3342931347","60ea0e72-5e7d-45d6-a796-b7632a9320ac"
"2-s2.0-3342931347","dbe46cdc-1db5-4a88-b4e9-1d9a4476784f"
"2-s2.0-3342931347","39aa4d8e-bb49-4991-aee9-3f90d5c53176"
"2-s2.0-3342931347","a2c417fb-91b6-481e-8788-11ec6e53c542"
"2-s2.0-3342931347","7ff777ba-7627-48a3-a761-a253fd3c57fd"
"2-s2.0-3342931347","706d40d3-bc85-4858-ad7b-498bfc5cf599"
"2-s2.0-7444245630","50cd4bac-8b34-4e51-b513-29e25b84da54"
"2-s2.0-7444245630","d6d35165-baac-4dba-a53d-680a2d746700"
"2-s2.0-7444245630","f58a726e-f78d-461f-949e-cb3a42dec9a8"
"2-s2.0-70349138104","ab64872c-9d18-42ae-bc32-c7a2a2a337e0"
"2-s2.0-70349138104","447ba997-aea3-41a1-a0d0-05555b7a79fc"
"2-s2.0-70349138104","33ddb0db-5c9d-43e1-a7d6-0399c5d02f47"
"2-s2.0-66149171357","fd531625-b944-4412-84fc-215c0657305a"
"2-s2.0-66149171357","3b0bfa89-1db4-42e1-8a9a-f68714027d9e"
"2-s2.0-66149171357","fc65dea0-aeb5-4c96-ba60-abd0f702f10d"
"2-s2.0-66149171357","53785f81-0d63-4358-af1f-0581934af087"
"2-s2.0-66149171357","64811d56-3b02-402e-a9fa-0f710e4d545e"
"2-s2.0-66149171357","801bfeb8-ad2a-4d2c-aea5-a8b255475d81"
"2-s2.0-66149171357","df0605d4-f488-4cf8-a479-eba1aedcd690"
"2-s2.0-53249122104","9d919ee0-b92b-453a-8d82-f88b81af68ba"
"2-s2.0-53249122104","2c5854e6-1e94-474c-9226-c614d00d93ac"
"2-s2.0-53249122104","5464a889-52c4-43ad-b945-a8de7d36f671"
"2-s2.0-53249122104","5948daf0-e7e2-401e-aa60-095575bd2194"
"2-s2.0-77954127766","b733ce22-231c-453e-8f0b-95ea4db61d0e"
"2-s2.0-77954127766","45afcfb9-870e-46b9-b18d-d89a40424c77"
"2-s2.0-77954127766","1dc98a15-bb92-4b35-839d-12fd844c2232"
"2-s2.0-77954127766","f3322cf7-1a24-49ea-ad29-a7ca3974c0d6"
"2-s2.0-77954127766","b8e3cada-bf1e-4934-b6b0-35236c132042"
"2-s2.0-77954127766","5372072a-d4b6-40ad-8c79-783ef8eb9b3b"
"2-s2.0-70349668949","1be72c10-41a5-4290-a223-decf5834c56c"
"2-s2.0-70349668949","39d1d342-f3fa-49e8-9a50-9bf7da7f2292"
"2-s2.0-70349668949","a5db3e07-4130-4d66-8681-0ba64213d310"
"2-s2.0-70349668949","020bdc74-a73c-43c7-9d3b-8f5b00a91844"
"2-s2.0-70349668949","961f3c75-7a20-49d7-a921-a853fd8afe00"
"2-s2.0-70349668949","b56a4be7-5fdb-473f-a6b2-1f683bc6d773"
"2-s2.0-70349668949","d1b1c339-9aa0-4e65-8ddb-650509ac7ba3"
"2-s2.0-64949112719","43031a14-60ba-49f1-8654-be9af9c98ee2"
"2-s2.0-64949112719","42912fbe-d3c2-45fe-b3bb-2207af602b16"
"2-s2.0-64949112719","8c57dbe9-f3aa-44f4-ab7b-d8c0a03b8504"
"2-s2.0-64949112719","48ea7459-f64a-4e33-aac9-4637184428e7"
"2-s2.0-64949112719","72983b77-cc68-4a90-8c93-9f0d766504ba"
"2-s2.0-27544478127","a02ce054-e0fd-4d29-87c9-f17c41d75699"
"2-s2.0-27544478127","41efda27-997d-4ed4-9358-4f07974f2830"
"2-s2.0-27544478127","0eb2058b-d27d-4930-9ff3-654ea26e0166"
"2-s2.0-27544478127","3306fb30-cf4d-47b3-a99f-d1ee3a389717"
"2-s2.0-27544478127","acf47f4b-d720-47fe-917e-b784285070ac"
"2-s2.0-18244408001","ef3fab5b-1b1b-44c9-a74a-1a37b89a649e"
"2-s2.0-18244408001","9d919ee0-b92b-453a-8d82-f88b81af68ba"
"2-s2.0-18244408001","9388acfc-5a6f-46d8-812e-ec0bf831c042"
"2-s2.0-18244408001","4e005ba8-9777-4bbe-9440-2b4f94ecc2c0"
"2-s2.0-0042566200","c341246e-2bf7-4072-99a1-82b2ff85101b"
"2-s2.0-0042566200","e59b3d6d-7131-4828-91c3-6f9beedf8cb1"
"2-s2.0-0042566200","403a4349-097a-4bd8-b6a0-573ef2a2a769"
"2-s2.0-0042566200","36710f6a-faa2-4bb9-844f-edf477a1de1e"
"2-s2.0-0042566200","8297cec5-b2d2-495e-8cb7-572a865d6663"
"2-s2.0-0042566200","4a5fa37a-6818-4e97-8a00-69e7450cf681"
"2-s2.0-0031924353","ce8e851e-6bb5-4ef9-bc75-cc64efe0a2dc"
"2-s2.0-0031924353","301286f9-5759-4fe3-b729-fbeafaea7640"
"2-s2.0-0031924353","e35384b2-ae9b-4a24-92ad-c558ee634c90"
"2-s2.0-0031924353","4421b7de-e6b8-4e19-8899-79fc92118645"
"2-s2.0-0031924353","51ef2b19-c4ed-49b8-b002-9bd3bb898c12"
"2-s2.0-0036120199","1dff9c23-3d98-4a47-94cd-92cb5488dd5e"
"2-s2.0-0036120199","5b121cc1-1a13-4c98-8f06-8aaed8fbca7b"
"2-s2.0-0036120199","cbafca28-bc39-4a88-98c8-1abbb80167b6"
"2-s2.0-0036120199","f3520f48-f544-442c-b9fa-7ce75d81ab53"
"2-s2.0-0036120199","8ae8cbe8-e4ec-4ae6-86ba-c2a5963cdfb1"
"2-s2.0-0036120199","f6b5b62f-ccfb-4555-82f8-096540ac7d81"
"2-s2.0-0036120199","2e689f2b-c513-4ace-a084-f16c182ede92"
"2-s2.0-0036120199","2ceca24c-a0b2-417e-a28a-eaf495c2782b"
"2-s2.0-0030435248","ad09d762-9e4b-4b71-9d65-6b946ea851b3"
"2-s2.0-0030435248","17680e0a-48b8-46ff-8f11-8367410b9911"
"2-s2.0-0030435248","573e7cb2-250a-4b01-9b50-445a07971b1f"
"2-s2.0-0030435248","f6bde975-b732-46e0-b94f-57951e51d947"
"2-s2.0-0030435248","bf3f2e6d-ec43-4564-8c0f-701c9330db3b"
"2-s2.0-0030435248","70ba3d99-f77f-4693-b984-e74d087abfb7"
"2-s2.0-0036642460","301286f9-5759-4fe3-b729-fbeafaea7640"
"2-s2.0-0036642460","eb412649-968b-44b7-8e01-6705e20c6e8f"
"2-s2.0-0036642460","3648a6d2-d1b9-47f0-aeb5-9268cf8fd6ed"
"2-s2.0-0036642460","7e9b5705-1cde-4b71-854b-400fff1f6c52"
"2-s2.0-0036642460","690fe0a3-8adc-486f-b14d-d8eede39e903"
"2-s2.0-0036642460","8dd01ce4-2f56-4ba3-b594-181a52c367ea"
"2-s2.0-15944423310","ff880ea3-3fa2-4424-95f7-10fb801796c1"
"2-s2.0-15944423310","ba48ecd5-f526-4b2b-9742-162169158eba"
"2-s2.0-15944423310","5ce8faa2-adc0-42c9-828c-11ae7584241e"
"2-s2.0-15944423310","c3f74428-0573-42aa-a6cf-929796d54ec8"
"2-s2.0-15944423310","bfb43490-3756-4db1-b1e7-7a2fb6d7ab4f"
"2-s2.0-15944423310","4bc3693b-ae25-459b-ac26-cdb9c08aec18"
"2-s2.0-15944423310","16978afe-6559-4c8c-99e1-09e90a87ee1e"
"2-s2.0-15944423310","d604274d-0b6e-462e-916d-9dfb6ada340b"
"2-s2.0-15944423310","f58a726e-f78d-461f-949e-cb3a42dec9a8"
"2-s2.0-15944423310","24b5eea7-f865-42a4-a2ed-ea19d7c855c4"
"2-s2.0-0346312299","9d919ee0-b92b-453a-8d82-f88b81af68ba"
"2-s2.0-0346312299","90a7c475-8f39-46a0-9f53-d59611189f4c"
"2-s2.0-0346312299","6fc2c78e-bdf0-460f-bf85-bcbc5f5d5436"
"2-s2.0-0346312299","a5edbedd-3b30-4adc-9d4f-42470b8cefd2"
"2-s2.0-0346312299","ff0607cd-36be-4456-9bdf-89d8fa24cd0d"
"2-s2.0-0346312299","2cb03dc8-3893-4204-80d3-576164a5d8c2"
"2-s2.0-0344991691","b1795b6a-f4d0-48b8-a66a-dd5412f1f7b7"
"2-s2.0-0344991691","d578b0b0-41b1-4c11-b3d9-ae33433ffd14"
"2-s2.0-0344991691","04b9c7aa-8eef-4fe0-86bf-6ee6def89478"
"2-s2.0-0344991691","cd90f0a5-905b-4914-bcb0-882364587405"
"2-s2.0-0344991691","4a2da75e-d6dd-4142-ba5a-61607099b56f"
"2-s2.0-0034969899","cebad338-9a45-47ee-b4c0-04e414cb9fd7"
"2-s2.0-0034969899","60db93ef-2a5b-4b73-8958-aa272e984821"
"2-s2.0-0034969899","b1ede16a-1e77-4cd4-b4cc-74de4258cf19"
"2-s2.0-0034969899","4f86046d-c7bc-4de8-89b8-1e0bb33215a1"
"2-s2.0-5344229374","f1f51630-5201-484b-a64d-2c56bdf36173"
"2-s2.0-5344229374","a96e4f96-5512-4e8d-a438-bb5eca2aec18"
"2-s2.0-5344229374","3c583e22-5d4a-4679-be87-e6b6dd59bce4"
"2-s2.0-5344229374","83bea4d7-4d0d-46ab-8223-0434840a6b1c"
"2-s2.0-0000235611","2c160813-8825-4159-aec1-59329d371bcf"
"2-s2.0-0000235611","38630820-6502-41e2-9554-9fdf06f3caed"
"2-s2.0-0000235611","6cd58c37-257a-4412-ad88-28a48eabbd1c"
"2-s2.0-0000235611","d7e86a16-7811-4d5f-a57d-21477885fde8"
"2-s2.0-0000235611","4f28cb69-0995-41c0-8fb1-aa5373a98576"
"2-s2.0-0000235611","64106756-4371-40fe-b7a8-efb641df5231"
"2-s2.0-0000235611","1cd7062f-4b3e-4946-b349-d004d6476902"
"2-s2.0-0000235611","e8d49f94-2544-4ca7-bcd4-c1f1d0e990a0"
"2-s2.0-0000235611","54396c32-fbcb-4d69-a5d8-5d33cf44b335"
"2-s2.0-0032744264","87a05704-9171-4bf1-aa8e-e189996bb403"
"2-s2.0-0032744264","5e829061-33b5-426a-a395-8f02b2271b50"
"2-s2.0-0032744264","cfc0729c-8df3-43fb-a705-2b26e3b7b43e"
"2-s2.0-0032744264","14ec17cf-5b4f-43f6-ba53-1e8d04b9a71b"
"2-s2.0-0032744264","63aa07ba-493f-4599-9326-fde888937bce"
"2-s2.0-0032744264","d150e58a-b614-4662-9d90-63e8575f6b6b"
"2-s2.0-0032744264","b2d3d0cb-644a-4f30-91b8-70e636eeb094"
"2-s2.0-0034910237","e197863c-b848-40b6-a911-346ce2b78e5d"
"2-s2.0-0034910237","9d919ee0-b92b-453a-8d82-f88b81af68ba"
"2-s2.0-0034910237","83ecf894-53dd-496e-a9c0-5def69746bfe"
"2-s2.0-0034910237","a81b3148-aa8b-40eb-94e9-77db4aa445a3"
"2-s2.0-0034910237","8aec6bdf-2cc1-424d-9c09-16b405de37a9"
"2-s2.0-0034910237","7572190b-58a2-4990-be78-a6f53ff95848"
"2-s2.0-0034910237","4e5c47a1-f591-414f-bc49-cff857a5732f"
"2-s2.0-0034910237","39b2ed29-2ffc-4602-99a1-2411b3193daf"
"2-s2.0-0001659447","b45160c4-d3c7-4e91-b2a5-a031ad94c960"
"2-s2.0-0001659447","757a089a-e244-4681-a8df-9e0b0595d7db"
"2-s2.0-0001659447","bfb1d885-e358-4081-82ac-c716d71ee4ef"
"2-s2.0-0001659447","9d63a68d-5394-4b61-a8c6-3c1eba13ede2"
"2-s2.0-0001659447","3ffce03d-32b4-4b44-99b2-1501682ea075"
"2-s2.0-0001659447","8a743eb9-0299-482c-89aa-7acfbcf28e10"
"2-s2.0-0032928507","7bcee0dd-693f-4183-9d8b-1ec051b5fde0"
"2-s2.0-0032928507","7f424240-c61c-4f92-a2fb-f8affacafae5"
"2-s2.0-0032928507","fc4771c1-9dff-448b-80ef-3a2a5554045f"
"2-s2.0-0032928507","c9c05752-2d4b-49c4-bc2b-9f8c2a8186f5"
"2-s2.0-0032928507","aaf69261-befb-4c9f-8619-171a0a110ac8"
"2-s2.0-0032928507","61df8540-619d-4cd8-ab1f-6967b8b1ba13"
"2-s2.0-0028816025","1bb0c6aa-49ba-4e49-a137-90bd5e1ea365"
"2-s2.0-0028816025","6e7676fd-b00a-42db-a414-37fba5c258a1"
"2-s2.0-0028816025","738d6451-b493-4654-a287-e04bf54cc7b8"
"2-s2.0-0028816025","289f2b6c-7ee5-4f50-92ab-0e53af07b174"
"2-s2.0-0028816025","62dffeeb-2886-4401-bdc1-a09fdd313e35"
"2-s2.0-0028816025","d6ebf99e-1969-47e9-abd3-43f21c9bf399"
"2-s2.0-0026122594","4ee40799-c657-48bd-a4b8-a841319e85d0"
"2-s2.0-0026122594","956bcbb0-b1da-47b5-9af5-2de30f0960ce"
"2-s2.0-0026122594","a17bb6b2-1a74-4084-bf3b-be6831ba7a3f"
"2-s2.0-0026122594","22a211c2-7e15-499c-8a19-4d7f08878376"
"2-s2.0-0026122594","81189304-dce2-472f-928c-1ac5e92e66d1"
"2-s2.0-0026122594","0b4e883b-a3a9-4f70-852a-bf48a22e56e3"
"2-s2.0-0026122594","679d5589-2e8e-4a7e-b2d6-4b7e42513199"
"2-s2.0-0142196607","fd0f70ab-beb5-4e83-85d5-e6027e6d4129"
"2-s2.0-0142196607","5ce8faa2-adc0-42c9-828c-11ae7584241e"
"2-s2.0-0142196607","d5120771-4040-4004-88f7-af2314d6cfd3"
"2-s2.0-0142196607","9f6d1152-0db5-4818-85cb-4cf8e589d517"
"2-s2.0-0142196607","4a25ade4-b84e-4f22-b160-05562064a9d9"
"2-s2.0-0031450198","ef3fab5b-1b1b-44c9-a74a-1a37b89a649e"
"2-s2.0-0031450198","0d2f6cd5-9ce1-41d9-9fc7-939b159080a2"
"2-s2.0-0031450198","862ae536-b607-4c1b-94c4-8746663fe1da"
"2-s2.0-0031450198","f97375a5-6c84-4a53-b052-0c9bfc4b9157"
"2-s2.0-0031450198","3103a516-79d1-421d-b854-df815ff5c231"
"2-s2.0-0030613680","ef3fab5b-1b1b-44c9-a74a-1a37b89a649e"
"2-s2.0-0030613680","d6d9e340-dc45-4cd9-a856-c32031db3ccd"
"2-s2.0-0030613680","bf7c5c50-b9bb-487b-b171-5055558089e8"
"2-s2.0-0030613680","8dbf3523-a682-405b-9b36-b21ea3f128af"
"2-s2.0-0030613680","d6979d37-3187-4163-82e8-89f513b0cbca"
"2-s2.0-0030613680","b151ae8a-cc70-4e08-a1fd-c01df013c7bd"
"2-s2.0-0030613680","64c0ef86-4f15-49b7-bef2-6d0abe1823ae"
"2-s2.0-6844224534","681af1d7-a9c7-48b6-ba26-295465c2ae2d"
"2-s2.0-6844224534","c23902b7-974e-435a-9918-b7153c3a79bb"
"2-s2.0-6844224534","87d1a9c8-6339-4bda-bfff-cddcc836e7c8"
"2-s2.0-6844224534","76650ec9-e38b-4f33-8f3b-1d65e27cf913"
"2-s2.0-6844224534","40fb999b-ed87-4c84-9f71-427898ecac29"
"2-s2.0-6844224534","bdee0b28-7560-4e62-825e-f58ae8c8ea21"
"2-s2.0-6844224534","f3a78283-aeef-4113-9e9b-33e0e85269e5"
"2-s2.0-6844224534","fe8caba4-dfee-4628-b5d3-caa584369733"
"2-s2.0-0036844359","9f52e4ac-49ab-4ad0-9ed0-7e4cb8b806bc"
"2-s2.0-0036844359","403a4349-097a-4bd8-b6a0-573ef2a2a769"
"2-s2.0-0036844359","2953e5ef-bb6e-40dd-8814-25bdbcf88d4e"
"2-s2.0-0036844359","0ae8cbfc-2f20-47d6-a642-fe4cbcaa2ef4"
"2-s2.0-0033512742","301286f9-5759-4fe3-b729-fbeafaea7640"
"2-s2.0-0033512742","fd111da2-4fee-427b-a8b0-fee0676d509e"
"2-s2.0-0033512742","62300208-065a-4158-90b4-8a73df8a01df"
"2-s2.0-0033512742","bf7c5c50-b9bb-487b-b171-5055558089e8"
"2-s2.0-0033512742","5767c88d-b6c3-458d-8777-e4dd3a08817d"
"2-s2.0-0033512742","2758d2dd-18d9-4b1b-8eae-8ba095745b45"
"2-s2.0-0033512742","468ae41e-0437-4d79-b348-ff078e4f91fd"
"2-s2.0-0031436236","ef3fab5b-1b1b-44c9-a74a-1a37b89a649e"
"2-s2.0-0031436236","db6b5f58-0252-4a44-9204-006d997e7409"
"2-s2.0-0031436236","6edb05fd-2f2b-41ae-a08e-f6882286ede0"
"2-s2.0-0031436236","c9568f72-219a-4795-96d1-3d5a822d0a57"
"2-s2.0-0031436236","ca30d967-08c1-42ad-8be0-8002a65c0bca"
"2-s2.0-0031436236","41efda27-997d-4ed4-9358-4f07974f2830"
"2-s2.0-0026788434","1a70e051-95a9-49a1-a679-7b90e1fce1e6"
"2-s2.0-0026788434","3a0b83d2-ebc0-4a8a-863f-2d6dd3b9704c"
"2-s2.0-0026788434","6cd58c37-257a-4412-ad88-28a48eabbd1c"
"2-s2.0-0026788434","d7e86a16-7811-4d5f-a57d-21477885fde8"
"2-s2.0-0026788434","4f28cb69-0995-41c0-8fb1-aa5373a98576"
"2-s2.0-0036806968","0caa2b71-0799-4a53-a846-00e6f95cb968"
"2-s2.0-0036806968","55dd8d5c-ddfc-4448-87f6-23e7ae52f859"
"2-s2.0-0036806968","42abd09e-77d8-4472-9d48-9458dd7d4c31"
"2-s2.0-0035193898","7eb55879-76a3-4b47-a076-e1aa43141bb8"
"2-s2.0-0035193898","48ea7459-f64a-4e33-aac9-4637184428e7"
"2-s2.0-0035193898","c1d202e4-20e9-45ea-b75c-cfb1044561e1"
"2-s2.0-0035193898","4f11c9e5-f8f4-4966-b8f2-84b7e3e7e299"
"2-s2.0-0035193898","4e5c47a1-f591-414f-bc49-cff857a5732f"
"2-s2.0-0026312199","719ebe47-571f-4cd8-9c95-f00fa3b4f970"
"2-s2.0-0026312199","938fee88-8713-4e39-a2c0-d524f5ff1337"
"2-s2.0-0026312199","7f3a9d76-c5dd-4611-aeaf-ec0da387fd42"
"2-s2.0-0026312199","4abfbc54-0213-41c7-85b7-62083aa5f95c"
"2-s2.0-0026312199","f572b79b-3957-4f6d-88da-68b12a4742e3"
"2-s2.0-0026312199","84b80f57-88b0-45dd-8f5c-2c596188b644"
"2-s2.0-0036769833","301286f9-5759-4fe3-b729-fbeafaea7640"
"2-s2.0-0036769833","a02ce054-e0fd-4d29-87c9-f17c41d75699"
"2-s2.0-0036769833","18b9910a-5ae0-4539-8fce-3c1d8deef4c0"
"2-s2.0-0036769833","f97375a5-6c84-4a53-b052-0c9bfc4b9157"
"2-s2.0-0036769833","7fb2708b-f3dd-4da2-a632-de1dc4d122af"
"2-s2.0-0036769833","bf7c5c50-b9bb-487b-b171-5055558089e8"
"2-s2.0-0036769833","757dab21-cfde-44e3-bb6e-ecc241d17524"
"2-s2.0-0036769833","f0484b40-c1f7-4c8a-bb58-2da8ea7d5b86"
"2-s2.0-0036769833","2758d2dd-18d9-4b1b-8eae-8ba095745b45"
"2-s2.0-0036769833","f6bde975-b732-46e0-b94f-57951e51d947"
"2-s2.0-0032446098","bbce544b-f296-4f3d-af09-9a7c3b19a7b2"
"2-s2.0-0032446098","5e829061-33b5-426a-a395-8f02b2271b50"
"2-s2.0-0032446098","ddd0f031-9742-49d7-8b57-fdd425184040"
"2-s2.0-0032446098","1205eb4a-4293-44e8-87ae-17b63df3e6e3"
"2-s2.0-0032446098","7240915b-5c37-4ac8-9194-45193dd77689"
"2-s2.0-0032446098","06fdd153-e543-46a0-b560-2cbdd6cbaf1c"
"2-s2.0-0032446098","d86d5ba8-00f5-41da-990e-3155f26cf18f"
"2-s2.0-0032812246","3deac120-224a-49e9-a92e-ec2ecd54858c"
"2-s2.0-0032812246","10eff64c-fcc8-4c13-aa08-2578824fcb43"
"2-s2.0-0032812246","9de9e26c-40f5-4fc5-ab5c-da57894f76c1"
"2-s2.0-0031390774","ef3fab5b-1b1b-44c9-a74a-1a37b89a649e"
"2-s2.0-0031390774","235dc854-5f13-4f39-af1f-293e0f8c76f4"
"2-s2.0-0031390774","7eec1f75-a200-44a3-b129-1a0fd85dff2d"
"2-s2.0-0031390774","e5100e88-0071-45d3-a259-5c061aef5e8c"
"2-s2.0-0030811343","374ef5d7-ae94-49c8-9091-949a855fbc26"
"2-s2.0-0030811343","c1dec390-10c9-4277-bdf3-c849b304086d"
"2-s2.0-0030811343","795b5d89-719e-4c55-b41b-c84f2045bc69"
"2-s2.0-0030811343","4a2da75e-d6dd-4142-ba5a-61607099b56f"
"2-s2.0-0030811343","48d28194-1ecb-458e-b734-c46c9ad87237"
"2-s2.0-0030811343","837f09e7-7842-43ea-9b7d-3f3af7ee3165"
"2-s2.0-0033026684","80c3c048-5847-4385-bea0-5412f30fdc57"
"2-s2.0-0033026684","0e683c71-60e3-4379-900b-339cab676955"
"2-s2.0-0033026684","3dcda10c-4afc-4d84-a2af-5cdb79617c52"
"2-s2.0-0033026684","95b88e8e-d220-4df6-a627-a73759733c76"
"2-s2.0-0034980785","301286f9-5759-4fe3-b729-fbeafaea7640"
"2-s2.0-0034980785","9d919ee0-b92b-453a-8d82-f88b81af68ba"
"2-s2.0-0034980785","8509d4f7-4baf-4c4e-a44e-ab69d491b3ee"
"2-s2.0-0034980785","d5120771-4040-4004-88f7-af2314d6cfd3"
"2-s2.0-0347599062","5cbc920e-ab56-4c09-8e7f-c05a182acbe0"
"2-s2.0-0347599062","9f52e4ac-49ab-4ad0-9ed0-7e4cb8b806bc"
"2-s2.0-0347599062","4d3b7c0f-25b5-4455-bea0-771e08153fc3"
"2-s2.0-0347599062","cb6d3b86-d4ee-434f-acf8-f71be2fd3756"
"2-s2.0-0347599062","9dd6c428-bc6f-4666-a8b2-7e348b2ef93d"
"2-s2.0-0347599062","127f751b-c349-47fe-b266-a6ebdd9ce731"
"2-s2.0-0347599062","610c324d-1acb-450d-968d-d04c10929ab2"
"2-s2.0-0347599062","eb82b6f2-dcdb-4fc4-a6fe-6ec3be40ed9f"
"2-s2.0-0347599062","1ec8292d-2735-4870-b88d-7358baade53c"
"2-s2.0-0347599062","2c5640e2-95df-4042-b727-b1dae81d155a"
"2-s2.0-0347599062","636f4a04-b7f0-46bc-8594-03e3b7da364d"
"2-s2.0-0347599062","8bb6b33a-e174-40a6-826c-8e23552aad69"
"2-s2.0-0034496762","9d919ee0-b92b-453a-8d82-f88b81af68ba"
"2-s2.0-0034496762","3f68aec3-91f5-4aa2-bed5-935777fbdf79"
"2-s2.0-0034496762","809e5db0-f701-47b0-a820-b2a87766fcf0"
"2-s2.0-0034496762","7b13ec52-08a0-4c24-b4c3-d73e6d1bdce3"
"2-s2.0-0037002018","2170b6e1-c0e3-4520-abe1-8322a8a89721"
"2-s2.0-0037002018","473c4ef2-16c2-4ed4-be1e-cc7f1192161f"
"2-s2.0-0037002018","12201215-3166-4634-a2a3-eed424d88cc5"
"2-s2.0-0037002018","57149b42-b069-4ab1-90e0-5c69f95c670f"
"2-s2.0-0037002018","22afe40d-da56-4d25-95ae-cfc21b21bf9e"
"2-s2.0-0037002018","91bdd9d7-9da9-4a68-a129-a54c8e7b18d2"
"2-s2.0-0034024444","aaf289ad-38fd-4f79-9254-5e509e3167d0"
"2-s2.0-0034024444","14bb201b-102c-432c-ba3e-dfc1ccbd6940"
"2-s2.0-0034024444","a3b40bdf-d5c4-4dfd-a092-91b4d7c3ed89"
"2-s2.0-0034024444","b95bc58f-9c62-44a2-96ac-b6fd3f44bdee"
"2-s2.0-0034024444","8ca86d35-719d-49e9-9de5-49b23214990b"
"2-s2.0-0141942565","04d6445c-c160-47c3-9a3c-f5c258bc49c9"
"2-s2.0-0141942565","baf52d52-f919-43a4-be63-b80b5babc851"
"2-s2.0-0141942565","1b446743-70b0-42f0-85b6-152fdc3128bf"
"2-s2.0-0141942565","dfeb4aa7-720b-427a-beeb-c1877df8a2c9"
"2-s2.0-0141942565","bf4867a6-74f0-4348-9003-d2bd25da8658"
"2-s2.0-0141942565","8f69d600-c215-4413-9330-c4a400e8f765"
"2-s2.0-0141942565","b1b5db81-9392-4082-abb3-b2118133e0fd"
"2-s2.0-0141942565","4e5c47a1-f591-414f-bc49-cff857a5732f"
"2-s2.0-0032450223","ef3fab5b-1b1b-44c9-a74a-1a37b89a649e"
"2-s2.0-0032450223","0e683c71-60e3-4379-900b-339cab676955"
"2-s2.0-0032450223","64c0ef86-4f15-49b7-bef2-6d0abe1823ae"
"2-s2.0-0032450223","50096ace-aafa-4db7-9608-f54dc64cc1e9"
"2-s2.0-80053112288","ef3fab5b-1b1b-44c9-a74a-1a37b89a649e"
"2-s2.0-80053112288","5965df1a-cb6a-4e72-bbd6-f7dad149b639"
"2-s2.0-80053112288","aaf69261-befb-4c9f-8619-171a0a110ac8"
"2-s2.0-0036931896","6fedf0c9-0197-41d0-b3d5-2df89e93975c"
"2-s2.0-0036931896","41efda27-997d-4ed4-9358-4f07974f2830"
"2-s2.0-0036931896","0ecccbc2-743e-4806-ba4c-52edce9f4b99"
"2-s2.0-0036931896","78e4ba75-a5d4-4f4a-bf3f-0587f9c58743"
"2-s2.0-0036931896","60db93ef-2a5b-4b73-8958-aa272e984821"
"2-s2.0-0031839777","be5b29d8-5319-43e3-a6e0-320ac9ad02de"
"2-s2.0-0031839777","d006e2b0-dd7a-4e29-8e29-dd190673b46a"
"2-s2.0-0031839777","9a316488-b6a7-49e1-8467-cc5817a3f4f5"
"2-s2.0-0031839777","7e9b5705-1cde-4b71-854b-400fff1f6c52"
"2-s2.0-0036221404","63deb29d-1156-4458-aa75-06a5f871d61c"
"2-s2.0-0036221404","c3dfe67d-3239-4365-a8b8-e7ba3535a1a7"
"2-s2.0-0036221404","70af15b9-6bc0-487e-b867-9371c003ff4e"
"2-s2.0-0036221404","b1d54895-e5e2-48dd-92ab-69c87770e93b"
"2-s2.0-0036221404","1de841ef-f596-4fd8-949a-12ad56ce787b"
"2-s2.0-0030617632","d7f3891c-9b24-4826-b4e4-1492aabae4fc"
"2-s2.0-0030617632","ca30d967-08c1-42ad-8be0-8002a65c0bca"
"2-s2.0-0030617632","69f9fc78-eaf4-4357-880a-5415f614010c"
"2-s2.0-0030617632","3f97cbc0-c914-4055-bae8-29c73b1e6a80"
"2-s2.0-0030617632","a5ff23d8-6380-4e78-9716-055defcbf7a0"
"2-s2.0-0030617632","39b0229c-6a98-416c-bd13-63e1e9ea344b"
"2-s2.0-0030617632","2eadf875-7e82-4eb9-a0b5-c7dd0cd17695"
"2-s2.0-0030617632","e5e17acc-c9e2-418b-a3c4-e4e23911fd19"
"2-s2.0-0030617632","ed85db69-8e0f-42d9-aae2-6c7642e62705"
"2-s2.0-0030617632","4c3e9aed-f234-4ac9-8a8b-1772d9fc476e"
"2-s2.0-0032081470","81f7edfa-f7ee-4c57-8cbc-c33264bff70f"
"2-s2.0-0032081470","7a85117f-872d-4a1e-96ad-00a1af275937"
"2-s2.0-0032081470","63eaf7b9-b668-4b46-ac9f-76916354badc"
"2-s2.0-0032081470","cf52df93-2d88-47c0-98d0-d20150d21b55"
"2-s2.0-0027130582","9d919ee0-b92b-453a-8d82-f88b81af68ba"
"2-s2.0-0027130582","b9ffb316-fe1f-43e6-bba7-8ffd039219b6"
"2-s2.0-0027130582","f175d2bb-85e2-46b0-941d-590787e427ec"
"2-s2.0-0036263192","f21f90a9-61bc-406c-bd01-9fbdc353b444"
"2-s2.0-0036263192","9d919ee0-b92b-453a-8d82-f88b81af68ba"
"2-s2.0-0036263192","f572b79b-3957-4f6d-88da-68b12a4742e3"
"2-s2.0-0036263192","003579e8-906f-46d4-bd82-5d87dc328e6b"
"2-s2.0-18744391452","7c2c44cc-d5d5-4581-b8b8-2c8bd5ce00da"
"2-s2.0-18744391452","7534d76e-3f73-42fa-b884-af2faf0f45bb"
"2-s2.0-18744391452","839bb4ab-ca9c-413e-bd64-5c0589734b2a"
"2-s2.0-18744391452","235dc854-5f13-4f39-af1f-293e0f8c76f4"
"2-s2.0-18744391452","f2855217-9a59-4202-86aa-722311ecd0c9"
"2-s2.0-18744391452","4f86046d-c7bc-4de8-89b8-1e0bb33215a1"
"2-s2.0-0032538086","cac5197c-3c27-4f3c-bc42-74d6abc3effc"
"2-s2.0-0032538086","a6cff2cd-3637-45b0-a8a4-7c4926af7b0f"
"2-s2.0-0032538086","093310cb-0162-41d0-a95d-dc706972ca3a"
"2-s2.0-0347648811","34a855ee-14ea-4f48-8cec-69f2e7f475da"
"2-s2.0-0347648811","d0d2048d-024a-4a13-aefa-5fe53112bd21"
"2-s2.0-0347648811","ec71f855-f409-47c6-b85e-c9964f2f3a1d"
"2-s2.0-0036210348","0fd5c73c-9613-48e3-a90d-1747397d0d8e"
"2-s2.0-0036210348","0b05ba4f-71fa-4b26-a7e5-4e45e45b6217"
"2-s2.0-0036210348","c7c0eabb-3e0d-49a8-9782-bf70c9898c4e"
"2-s2.0-0036210348","7bf9fcaf-4b3a-4a46-808f-051f4d280bba"
"2-s2.0-0036210348","3b0bfa89-1db4-42e1-8a9a-f68714027d9e"
"2-s2.0-0036210348","d551179d-098b-4457-9ea6-1e14ded9134d"
"2-s2.0-3242789243","bfb1d885-e358-4081-82ac-c716d71ee4ef"
"2-s2.0-3242789243","9d63a68d-5394-4b61-a8c6-3c1eba13ede2"
"2-s2.0-3242789243","8a743eb9-0299-482c-89aa-7acfbcf28e10"
"2-s2.0-3943072492","5766aa10-a17b-4d4f-9567-b9f2e38bba34"
"2-s2.0-3943072492","300d682c-1a49-49d0-9671-8637476ee7ca"
"2-s2.0-3943072492","bc0f66ee-433b-4e9e-93a9-c80d4c5da4e1"
"2-s2.0-3943072492","9e24f7ff-f712-439c-80ee-49a55bdee42c"
"2-s2.0-3943072492","0f16f3ad-f56b-4f8e-b102-fc0d6ff9b0b4"
"2-s2.0-3943072492","4e9c19e1-c9d6-41f7-9c2b-5bed2b19145f"
"2-s2.0-0033128744","f21f90a9-61bc-406c-bd01-9fbdc353b444"
"2-s2.0-0033128744","9d919ee0-b92b-453a-8d82-f88b81af68ba"
"2-s2.0-0033128744","aafc8632-16d9-4537-ad80-45c19dc8b88d"
"2-s2.0-0033128744","21baca22-19c7-4b87-a772-6db1582e129c"
"2-s2.0-0033128744","d86d5ba8-00f5-41da-990e-3155f26cf18f"
"2-s2.0-0037636082","9f4923dd-483e-4877-8285-87045563faf8"
"2-s2.0-0037636082","9d919ee0-b92b-453a-8d82-f88b81af68ba"
"2-s2.0-0037636082","4f11c9e5-f8f4-4966-b8f2-84b7e3e7e299"
"2-s2.0-0037636082","c5398bbc-337e-42d2-a9e5-ba03b9c8ac7b"
"2-s2.0-0037636082","828c35a8-25dd-4896-93f3-c32360d591ff"
"2-s2.0-0037636082","06b8df5a-e028-4da3-b9ea-6c1a44e6362a"
"2-s2.0-0034990303","b304a4bc-7ee9-44b7-badd-4193bc62b0b6"
"2-s2.0-0034990303","45bdf08e-f88f-4aa9-972a-065733bb05ce"
"2-s2.0-0034990303","39b2ed29-2ffc-4602-99a1-2411b3193daf"
"2-s2.0-9644252593","daef7b12-1229-4993-8734-dc038c53f072"
"2-s2.0-9644252593","0d6f64f3-63c2-4fab-afc2-a8752b3d2d1d"
"2-s2.0-9644252593","13d5e096-68a2-46dc-836f-044ec1860c6c"
"2-s2.0-9644252593","a44d813b-ab21-4bf8-a0a2-97bac3353dd1"
"2-s2.0-9644252593","ff6d38bb-2e60-4188-bb0f-f2947488a0a5"
"2-s2.0-9644252593","1ae9610a-7c6b-427b-b029-e9146ad6a167"
"2-s2.0-0000323112","a56ab295-ab36-43ec-b15b-374ff9b676c2"
"2-s2.0-0000323112","7e44f8a3-018c-4355-8451-c7dce10ee8e3"
"2-s2.0-0000323112","38d645b0-4e59-4862-aa81-d1199064e512"
"2-s2.0-0000323112","b32cf805-6295-4ead-a1e4-46e3e7c3b19e"
"2-s2.0-0000323112","fc244e09-4928-4b00-891f-05508381c312"
"2-s2.0-0000323112","3335a707-f96a-496f-8744-187bbba1292c"
"2-s2.0-0000323112","e750920e-0565-43de-b60c-559c2b13828e"
"2-s2.0-0000323112","636f4a04-b7f0-46bc-8594-03e3b7da364d"
"2-s2.0-0032414373","4e005ba8-9777-4bbe-9440-2b4f94ecc2c0"
"2-s2.0-0032414373","4e5c47a1-f591-414f-bc49-cff857a5732f"
"2-s2.0-0032414373","83589d2d-2755-47c4-ac49-4d8629584e79"
"2-s2.0-0000315214","8c57dbe9-f3aa-44f4-ab7b-d8c0a03b8504"
"2-s2.0-0000315214","48ea7459-f64a-4e33-aac9-4637184428e7"
"2-s2.0-0000315214","630c9ba9-92a3-46d3-a745-4edb7a0a9542"
"2-s2.0-0000315214","4f2eee97-0767-4123-95c1-17f590e2fc09"
"2-s2.0-0000315214","87bc757c-ebc2-4ed7-9847-89a740809403"
"2-s2.0-0000315214","fe8caba4-dfee-4628-b5d3-caa584369733"
"2-s2.0-0003183732","d3e8f310-2378-4a08-bb6a-586d7a85cbd0"
"2-s2.0-0003183732","c4607a50-3eb0-4287-84b7-7bb79c6e08f7"
"2-s2.0-0003183732","fd159914-b282-4151-a140-b4184c1d0d57"
"2-s2.0-0003183732","c1ae98eb-79bc-464e-a8ef-86c49222c475"
"2-s2.0-0003183732","809e43d1-e16d-424e-b28a-8ac15d261fec"
"2-s2.0-0009808156","4b61b71a-766d-4c54-886d-be53e8d8ca59"
"2-s2.0-0009808156","4f2c4cd8-506f-4893-8629-65c66336c715"
"2-s2.0-0009808156","d5120771-4040-4004-88f7-af2314d6cfd3"
"2-s2.0-0009808156","c45d1f6c-9ff7-4594-9e91-7ee965952438"
"2-s2.0-0009808156","018e2099-91f3-44d9-b063-77be166795bb"
"2-s2.0-0009808156","5d397de1-5966-42f2-ac67-14c9aec6e05e"
"2-s2.0-0009808156","365d285f-6983-4f06-8106-75029c3867d3"
"2-s2.0-0024187150","5e829061-33b5-426a-a395-8f02b2271b50"
"2-s2.0-0024187150","83d86dc3-5e0e-402b-ad7f-c96bb2eb565b"
"2-s2.0-0024187150","332837dd-b0bc-4706-a828-930dad8e9c50"
"2-s2.0-0024187150","f6da48d2-12a7-4b1d-89dc-56b86a414e3e"
"2-s2.0-0024187150","43d42d5b-de5b-477d-83a4-944d6823c362"
"2-s2.0-0347951990","76f8afc2-950b-4db7-9b0e-e7679562d609"
"2-s2.0-0347951990","e17f74c2-235a-47c6-9ece-0431072cf35a"
"2-s2.0-0347951990","605cded8-4cf7-49a8-9c20-6c657e464229"
"2-s2.0-0347951990","bd24a2fd-4fc7-4251-8aad-46d79a16eba3"
"2-s2.0-11944251848","f0c72986-96bb-4b21-9906-f9b0b57322c5"
"2-s2.0-11944251848","448595e7-b239-4ab2-a6db-aa8b14b4ef05"
"2-s2.0-11944251848","cb077995-ffbf-4f83-ac02-b6267e014c95"
"2-s2.0-11944251848","9dde8133-86ce-4afe-addb-d28a1ff087c2"
"2-s2.0-11944251848","6cdbced8-88df-4b76-892e-a5eb86a818b9"
"2-s2.0-11944251848","f455c0cb-6e23-429f-98bc-604de1bf3abc"
"2-s2.0-11944251848","1083372a-5f71-4c05-bbe4-96f9db3e47f4"
"2-s2.0-11944251848","7e564775-afef-426b-8ec4-5281e6701502"
"2-s2.0-0037765642","88b18cfa-176f-4231-a628-6755ef5092c4"
"2-s2.0-0037765642","bd091099-29ae-4f90-ae80-2a967d5b25e8"
"2-s2.0-0037765642","8bc8cd84-f886-4735-945c-36bbc22299eb"
"2-s2.0-0037765642","9f293faf-6fd1-4dc2-b32b-4e9d4a10006c"
"2-s2.0-0037765642","4e005ba8-9777-4bbe-9440-2b4f94ecc2c0"
"2-s2.0-0242655861","595c73bf-ed03-4cce-8ddb-b3aa1240f3f0"
"2-s2.0-0242655861","7840555a-8215-4ec6-8f3c-0b58fdf1b76f"
"2-s2.0-0242655861","d5120771-4040-4004-88f7-af2314d6cfd3"
"2-s2.0-0242655861","82e43a4a-a07a-4368-9a26-ce0e658ec467"
"2-s2.0-0242655861","3d71a3f5-203a-4767-8eef-109d279108ab"
"2-s2.0-0007507243","30a8afd3-77a6-435a-8d62-5fb0743b7ac6"
"2-s2.0-0007507243","245b7f3d-5e1b-459d-933a-e32d4c15323d"
"2-s2.0-0007507243","c9cb928d-e091-4ea0-9125-6d2f1002a0cd"
"2-s2.0-0007507243","9b77803b-a7f7-49cc-9570-7255896ecb8c"
"2-s2.0-0007507243","0ee8d60f-e8ee-4987-8eda-67967f165203"
"2-s2.0-0007507243","704d07ef-9ff1-4095-8df2-19adfd658182"
"2-s2.0-0007507243","baf52d52-f919-43a4-be63-b80b5babc851"
"2-s2.0-0007507243","810bb13a-0488-4560-8da8-7ec789168e25"
"2-s2.0-0040172390","bd091099-29ae-4f90-ae80-2a967d5b25e8"
"2-s2.0-0040172390","500ccbab-f69f-4024-88aa-aba6d7f374db"
"2-s2.0-0040172390","038d8d59-0003-4798-bac2-f99a11133ef3"
"2-s2.0-0040172390","9f293faf-6fd1-4dc2-b32b-4e9d4a10006c"
"2-s2.0-0040172390","4e005ba8-9777-4bbe-9440-2b4f94ecc2c0"
"2-s2.0-0022618248","5844b67f-bc38-4821-8fe0-1f216f98ca4c"
"2-s2.0-0022618248","cfd80d7a-635a-484f-9642-6025be408fbc"
"2-s2.0-0022618248","aa0fde91-b1ff-48fe-8163-79002c55d13e"
"2-s2.0-0022618248","f8daf4b5-232d-4f8f-8446-0f710535833f"
"2-s2.0-0022618248","67f773ca-48d5-45d8-b178-e853931d7460"
"2-s2.0-0022618248","dcd246bf-732f-4f28-8447-8876e461b12c"
"2-s2.0-0022618248","0d688abf-82b1-4338-8fd9-6c68986ea780"
"2-s2.0-0022618248","1a43f473-439b-476c-9912-a321613ad58b"
"2-s2.0-0022618248","86cc002e-4085-49c0-9138-f513333eb17c"
"2-s2.0-0022618248","d05dcc56-7247-493a-b867-e446c106764c"
"2-s2.0-7044271318","34e5f9e2-d7e3-45af-8ec9-a6f40961341f"
"2-s2.0-7044271318","70386e77-8ac1-455f-aff0-bbb80426bc32"
"2-s2.0-7044271318","8962a25a-9dfd-43e0-a706-e8cee9047255"
"2-s2.0-7044271318","baf52d52-f919-43a4-be63-b80b5babc851"
"2-s2.0-46049092318","fb3dfea6-f033-43df-953f-eb7568223c69"
"2-s2.0-46049092318","55aa5edc-adf8-45be-a729-922c58fbf62c"
"2-s2.0-46049092318","d35f781e-aafd-4040-909e-bf48e8ccd6cd"
"2-s2.0-46049092318","bc4d3cd9-7e41-4bf9-a63c-3f0b3f3cb12a"
"2-s2.0-46049092318","2e9c9bd3-6dbd-46cf-88ea-d69013ea7554"
"2-s2.0-46049092318","57af6710-9a8f-485f-af24-f83a31826906"
"2-s2.0-46049092318","3462d671-ac4b-490b-b705-758e5bd4b504"
"2-s2.0-46049092318","cf95a912-131b-41cc-92c8-38a437b86a33"
"2-s2.0-46049092318","c126acf6-7248-4c2e-92ee-170f53071144"
"2-s2.0-46049092318","0b178003-2f9e-44ba-8aeb-13ba9ef31d02"
"2-s2.0-0041694377","ce2f37e5-213e-47e2-b34a-44d617b98871"
"2-s2.0-0041694377","5d76ad37-0360-46a8-b283-bcfa0c9c7f44"
"2-s2.0-0041694377","f53d96ee-d078-4353-88d8-bb44cd1dfaa8"
"2-s2.0-0041694377","19f8c1b6-af33-44e5-9c2d-6809467bafd8"
"2-s2.0-0041694377","36a636c1-0abc-4015-968a-52e342a244e3"
"2-s2.0-0006963436","afe56da9-a12e-4c76-b2c6-b3fe86ffc491"
"2-s2.0-0006963436","510c193f-262a-42f5-8faa-12b458a79125"
"2-s2.0-0006963436","6e1bcae8-32a4-4644-8e16-ec72f9e370e1"
"2-s2.0-0006963436","baf52d52-f919-43a4-be63-b80b5babc851"
"2-s2.0-0006963436","ae8262ec-0387-4dd6-9dd3-6f318c61d000"
"2-s2.0-0006963436","65f8c702-2b4b-4878-a425-7e7de2d1cf55"
"2-s2.0-0006963436","c96bc2c4-c5e1-4f7b-a9cd-1950be27ecf0"
"2-s2.0-0002567163","5389f649-d21b-4b0a-a7c0-1f36b999c349"
"2-s2.0-0002567163","e17f74c2-235a-47c6-9ece-0431072cf35a"
"2-s2.0-0002567163","4db6ab4c-f770-40da-b3fa-22f1d221cba8"
"2-s2.0-0002567163","8f67a76b-902e-4f27-a881-96ddf0163e41"
"2-s2.0-0002567163","58dc03de-6a94-4c55-a2f4-a92b53d52c88"
"2-s2.0-0040172385","bd091099-29ae-4f90-ae80-2a967d5b25e8"
"2-s2.0-0040172385","8bc8cd84-f886-4735-945c-36bbc22299eb"
"2-s2.0-0040172385","8df66762-46d8-425a-b744-4c83e1b7747e"
"2-s2.0-0040172385","9f293faf-6fd1-4dc2-b32b-4e9d4a10006c"
"2-s2.0-0040172385","4e005ba8-9777-4bbe-9440-2b4f94ecc2c0"
"2-s2.0-0343521526","3d532003-874a-4fdd-8cd7-f69709d6db38"
"2-s2.0-0343521526","31baabc5-f000-439e-a9a0-e182b39b40b5"
"2-s2.0-0343521526","1a6654ab-8bac-4a73-887a-e1e92d6948ac"
"2-s2.0-0343521526","a9ec3d51-10dd-4b67-b509-6a21768f4db6"
"2-s2.0-0343521526","baf52d52-f919-43a4-be63-b80b5babc851"
"2-s2.0-0042193634","16d41e49-c195-428f-8b6a-18da0e146a32"
"2-s2.0-0042193634","ddee1821-b80b-4b76-af0a-662f20ee42a9"
"2-s2.0-0042193634","61bc5903-c4d1-4609-b1e0-2991bfc8666d"
"2-s2.0-0042193634","e4984056-5566-4da2-ba04-dd6cb7764d9c"
"2-s2.0-0042193634","19f8c1b6-af33-44e5-9c2d-6809467bafd8"
"2-s2.0-0042193634","24fd3db7-ff96-4f03-9c30-2888586dff0d"
"2-s2.0-0042193634","288be735-699b-41ad-9cfe-cdf6dc67340c"
"2-s2.0-0001664683","3870bf02-9541-4e6e-bd98-c65503418846"
"2-s2.0-0001664683","607e8da7-41f0-4aa0-a57c-72bc97913b7e"
"2-s2.0-0001664683","7610c61d-2ce3-4246-964e-ca8239ee08d7"
"2-s2.0-0001664683","baf52d52-f919-43a4-be63-b80b5babc851"
"2-s2.0-0001664683","b4ae61e7-40cb-4544-b816-a192f1dd9cef"
"2-s2.0-0001664683","6fd3b723-a1a2-4f9d-8d62-043a7ade6262"
"2-s2.0-49349134220","bdb84b31-2cc6-4f27-b9e1-4e66de8bdebd"
"2-s2.0-49349134220","31baabc5-f000-439e-a9a0-e182b39b40b5"
"2-s2.0-49349134220","105ac46b-8744-4344-b3e9-7be6677c6051"
"2-s2.0-49349134220","1a6654ab-8bac-4a73-887a-e1e92d6948ac"
"2-s2.0-49349134220","309f3337-d2c2-48c1-8b55-7932591583eb"
"2-s2.0-49349134220","c8b0b174-319e-4be4-a183-03c5cb7cf09b"
"2-s2.0-49349134220","baf52d52-f919-43a4-be63-b80b5babc851"
"2-s2.0-49349134220","35a5f20e-fd6f-4fed-b044-a74b42a2414b"
"2-s2.0-49349134220","3ff26f92-e82e-4728-83cb-c7c45cd4a36a"
"2-s2.0-0009403013","bd091099-29ae-4f90-ae80-2a967d5b25e8"
"2-s2.0-0009403013","8bc8cd84-f886-4735-945c-36bbc22299eb"
"2-s2.0-0009403013","84a98740-1c0e-4811-b9a2-1a9a8a13a2bf"
"2-s2.0-0009403013","e0ee7065-ed9d-49e7-9e73-8ae98b1da946"
"2-s2.0-0009403013","9f293faf-6fd1-4dc2-b32b-4e9d4a10006c"
"2-s2.0-0009403013","4e005ba8-9777-4bbe-9440-2b4f94ecc2c0"
"2-s2.0-0001276653","32b8e4e8-e6ec-4a53-bf25-6bd1595299fa"
"2-s2.0-0001276653","d5120771-4040-4004-88f7-af2314d6cfd3"
"2-s2.0-0001276653","45700675-7858-40bb-acf7-5afce0125126"
"2-s2.0-0001276653","2bc5a044-bdb8-46c5-924c-f135234fb34a"
"2-s2.0-0001276653","fcbdaa82-8dcd-4223-9bb3-6ce5ed2f3e3e"
"2-s2.0-0007404778","d5cf97ac-eb0c-4489-af7e-0b780dc2ff1e"
"2-s2.0-0007404778","63841d75-76ad-4f9e-a4f5-5b1b8fd681c3"
"2-s2.0-0007404778","5a5e324b-c98d-40a7-b6b9-011fc9eec4d4"
"2-s2.0-0007404778","40fb999b-ed87-4c84-9f71-427898ecac29"
"2-s2.0-0007404778","bdee0b28-7560-4e62-825e-f58ae8c8ea21"
"2-s2.0-28244436518","ce8e851e-6bb5-4ef9-bc75-cc64efe0a2dc"
"2-s2.0-28244436518","65780107-9e1a-4c30-8cee-41d1b7d90505"
"2-s2.0-28244436518","844924cc-2c57-4c81-9832-50f8e1e5a53d"
"2-s2.0-28244436518","c2edcc09-11e7-4892-8db5-aa26666e2391"
"2-s2.0-28244436518","7cedcedb-2274-4426-b349-79b1682e3d1a"
"2-s2.0-28244436518","629ee926-d77f-4504-8804-2eb6bc17ee05"
"2-s2.0-28244436518","127f751b-c349-47fe-b266-a6ebdd9ce731"
"2-s2.0-80052520395","70c403c1-5363-4d89-b957-54ec89ed53de"
"2-s2.0-80052520395","65ba3d09-6472-46cf-b0a6-248fec73e7e2"
"2-s2.0-80052520395","43c3f82a-0342-4784-a7d6-bbd66ff225ef"
"2-s2.0-80052520395","c5303c16-1f00-4578-98c7-a387bd77727d"
"2-s2.0-80052520395","88927b8a-b7c4-45a7-97f3-9ec7d8e53f26"
"2-s2.0-80052520395","4a2da75e-d6dd-4142-ba5a-61607099b56f"
"2-s2.0-85167455270","3fb01d7d-8b27-40dd-96de-e419aee08177"
"2-s2.0-85167455270","d14e7ff2-0e12-40ff-9136-600bd128947f"
"2-s2.0-85167455270","faf8214e-c1cc-464f-8f4e-7ae34bc8fb27"
"2-s2.0-85167455270","50add03a-d890-4ecd-a766-7a3a67a7cf4f"
"2-s2.0-85148499783","4f6bec32-76c8-4911-9724-f678a05d9449"
"2-s2.0-85148499783","fe2f1f82-179f-487d-a6f9-3300899d3dc5"
"2-s2.0-85148499783","09dcb300-c6f6-4369-902c-c5e125d106c2"
"2-s2.0-85148499783","bbc2714c-7fb2-4fb4-8d47-31c9823a2819"
"2-s2.0-85148499783","d14e7ff2-0e12-40ff-9136-600bd128947f"
"2-s2.0-85182585366","730b4c5a-66d1-45d7-8265-7861897cc8c5"
"2-s2.0-85182585366","2d3ba35c-ef82-4d1e-aac9-5a850e0cbec8"
"2-s2.0-85182585366","c5de75e1-726c-4ccb-b45e-eb97c1a39be0"
"2-s2.0-85182585366","2327944c-459a-4f08-b1a8-c7113d3746b6"
"2-s2.0-85182585366","0c889320-aeac-4336-8915-bbb1c552688a"
"2-s2.0-85140784043","0e8e418e-f987-4a3d-98ab-1237f42859ee"
"2-s2.0-85140784043","09dcb300-c6f6-4369-902c-c5e125d106c2"
"2-s2.0-85140784043","8f04ee0f-15f4-481b-9d2d-0dc8b0c2627b"
"2-s2.0-85140784043","18350fa9-91a9-47e0-b2c8-e34beff7c6b2"
"2-s2.0-85112658148","962bb586-501a-42e0-8294-e419331a20b2"
"2-s2.0-85112658148","7919713b-36a1-4892-92bb-e5044e82289a"
"2-s2.0-85112658148","fe2f1f82-179f-487d-a6f9-3300899d3dc5"
"2-s2.0-85112658148","4e2c891b-645a-40bf-a93c-c30032436e40"
"2-s2.0-85112658148","f91539c5-c41e-4eb8-863b-72e36f76327c"
"2-s2.0-85109605639","12c4f145-5cdf-4293-8c55-4c5c133c86be"
"2-s2.0-85109605639","c13e01f8-3650-470b-b311-7eb8b315dc73"
"2-s2.0-85109605639","bf6d7fea-489b-4c7c-8ce2-6750a14afc0e"
"2-s2.0-85109605639","656259c5-2921-461c-a7f6-c8cc582ba0a2"
"2-s2.0-85109605639","5c5c3566-8e6a-4015-b688-587e826c01ab"
"2-s2.0-85114601419","d14e7ff2-0e12-40ff-9136-600bd128947f"
"2-s2.0-85114601419","75f1f747-8b9a-4f54-b453-8c8ab253bf58"
"2-s2.0-85114601419","939a96ba-bc70-4c32-86a7-efd81466a2a8"
"2-s2.0-85114601419","fe899b8b-5258-41dd-b41c-1be34952ca63"
"2-s2.0-85114601419","0c889320-aeac-4336-8915-bbb1c552688a"
"2-s2.0-85114063415","fe2f1f82-179f-487d-a6f9-3300899d3dc5"
"2-s2.0-85114063415","c5ffe3f6-a1cc-48b2-9b52-e72c96ca66a8"
"2-s2.0-85114063415","b0fc8dfe-1839-42ce-ade1-24198ee66d20"
"2-s2.0-85114063415","2fdf0696-3188-43dd-9eee-d004309938ce"
"2-s2.0-85114063415","faf8214e-c1cc-464f-8f4e-7ae34bc8fb27"
"2-s2.0-85114063415","fe899b8b-5258-41dd-b41c-1be34952ca63"
"2-s2.0-85098866029","f8627091-c900-4359-991c-21f15511ac69"
"2-s2.0-85098866029","09dcb300-c6f6-4369-902c-c5e125d106c2"
"2-s2.0-85098866029","ae3146fa-7294-4b1e-be15-8f6f883c6791"
"2-s2.0-85098866029","4e2c891b-645a-40bf-a93c-c30032436e40"
"2-s2.0-85098866029","18350fa9-91a9-47e0-b2c8-e34beff7c6b2"
"2-s2.0-85096052320","0ec81feb-4fa6-4b8b-86d3-39d668f4ad63"
"2-s2.0-85096052320","c49aca65-8696-4cb4-977e-130855fa9f25"
"2-s2.0-85096052320","806c43e0-55df-45fc-babb-d3261b19afa3"
"2-s2.0-85096052320","f52e3bb3-ab05-4725-ad34-2dc10168c3c5"
"2-s2.0-85096052320","d14e7ff2-0e12-40ff-9136-600bd128947f"
"2-s2.0-85096052320","3fff1277-b39e-4755-b2b3-84da91206789"
"2-s2.0-85102586306","6d0eca93-d819-437a-adc2-8a74c18a6664"
"2-s2.0-85102586306","b86b654e-0c06-4c8b-820b-546aaabc8713"
"2-s2.0-85102586306","44f4ffd7-745b-48f7-98c6-f6f8f72601b5"
"2-s2.0-85102586306","c28c5f86-cdd0-4968-808e-7f9c0d39daad"
"2-s2.0-85102586306","4e5c47a1-f591-414f-bc49-cff857a5732f"
"2-s2.0-85102586306","eace3516-e15f-473f-b6ea-24900563013b"
"2-s2.0-85102586306","884a082e-b8a4-4edd-9ec4-3caf348eb0cf"
"2-s2.0-85064930583","47bd6420-bd9c-4faa-9730-e486dee4c667"
"2-s2.0-85064930583","8fe2e302-eaf7-4ec3-9343-8adfd2d1c015"
"2-s2.0-85064930583","d36fc888-a8db-4aa7-b378-b1f4ab792947"
"2-s2.0-85064930583","d5301eef-d45d-4a29-9566-f4a3f3cff0ba"
"2-s2.0-85064930583","a400c334-4b97-4399-867d-8848bc1cfb18"
"2-s2.0-85064930583","c1dec390-10c9-4277-bdf3-c849b304086d"
"2-s2.0-85081885801","2d3ba35c-ef82-4d1e-aac9-5a850e0cbec8"
"2-s2.0-85081885801","3ad2529a-87a1-4681-8e6c-dc21a66ba1e3"
"2-s2.0-85081885801","1273e78a-d64f-4800-a6ff-802cf4595ec3"
"2-s2.0-85081885801","0226a7d2-b367-46d9-80da-1876295b9471"
"2-s2.0-85081885801","656259c5-2921-461c-a7f6-c8cc582ba0a2"
"2-s2.0-85081885801","4a2da75e-d6dd-4142-ba5a-61607099b56f"
"2-s2.0-85054667970","962bb586-501a-42e0-8294-e419331a20b2"
"2-s2.0-85054667970","7919713b-36a1-4892-92bb-e5044e82289a"
"2-s2.0-85054667970","b0fc8dfe-1839-42ce-ade1-24198ee66d20"
"2-s2.0-85054667970","785c9514-385d-4ddd-9961-3b11ade30dd4"
"2-s2.0-85054667970","f91539c5-c41e-4eb8-863b-72e36f76327c"
"2-s2.0-85054667970","061e40d1-694c-45c2-a9ff-cfb23bbd5a47"
"2-s2.0-85053710020","ef3fab5b-1b1b-44c9-a74a-1a37b89a649e"
"2-s2.0-85053710020","962bb586-501a-42e0-8294-e419331a20b2"
"2-s2.0-85053710020","d9a06607-0c9c-4729-9724-9bc441b7e529"
"2-s2.0-85053710020","b0b700a1-3e6d-4e87-acf5-5554d5bb2b4c"
"2-s2.0-85053710020","a400c334-4b97-4399-867d-8848bc1cfb18"
"2-s2.0-85046838355","301286f9-5759-4fe3-b729-fbeafaea7640"
"2-s2.0-85046838355","aaf289ad-38fd-4f79-9254-5e509e3167d0"
"2-s2.0-85046838355","8427801b-df98-4c40-89eb-c5c0c07dd0c8"
"2-s2.0-85046838355","eb52e51a-8d99-4858-8062-f1132e1167c0"
"2-s2.0-85046838355","74dc354c-ef3e-41e4-9995-1aa14315e9ca"
"2-s2.0-85046838355","c34549f7-2898-41a1-9d8d-2eabcad70c9a"
"2-s2.0-85046838355","240bf3e7-4924-486d-9fd7-96c291a13ff2"
"2-s2.0-85046838355","0c889320-aeac-4336-8915-bbb1c552688a"
"2-s2.0-85046838355","7aafb96c-2a4c-45de-ae78-66931dd24ddb"
"2-s2.0-85029578115","fa850bbc-2ad2-4b79-a7c4-9fc97e933549"
"2-s2.0-85029578115","ebe7523d-933c-47c3-b914-4436bad25bfe"
"2-s2.0-85029578115","74dc354c-ef3e-41e4-9995-1aa14315e9ca"
"2-s2.0-85029578115","bf639d0e-1307-4fa3-a60c-d7e2831d7f7b"
"2-s2.0-85029578115","22d75c82-1cb4-4627-86bc-2ff592f8121b"
"2-s2.0-85029578115","43a0b814-4b0a-40be-b09f-452f8ff6cf10"
"2-s2.0-85029578115","4a2da75e-d6dd-4142-ba5a-61607099b56f"
"2-s2.0-85014783797","61f9e294-b864-4420-a8e1-4b8f947f77a9"
"2-s2.0-85014783797","712b5f0e-0c1f-4a4b-a3ca-c181c55eeede"
"2-s2.0-85014783797","260569d1-0274-4acf-ac94-dafebdbb904e"
"2-s2.0-85014783797","2083f80e-e406-4e78-9352-2b5b52b70e2c"
"2-s2.0-85014783797","c5303c16-1f00-4578-98c7-a387bd77727d"
"2-s2.0-85037036444","ef3fab5b-1b1b-44c9-a74a-1a37b89a649e"
"2-s2.0-85037036444","2d190907-b832-4da7-8638-f00e6e84d246"
"2-s2.0-85037036444","cc7799c7-b7cc-4007-bc8e-a3501261bb16"
"2-s2.0-85037036444","39f7ee2c-2648-4292-b799-61759143854c"
"2-s2.0-85037036444","4a2da75e-d6dd-4142-ba5a-61607099b56f"
"2-s2.0-85037036444","e0217237-66c6-4b2f-bf3a-d52e2e67f14d"
"2-s2.0-85037029979","2d3ba35c-ef82-4d1e-aac9-5a850e0cbec8"
"2-s2.0-85037029979","3d80dddc-bb93-4007-8abe-bcc1dc207d47"
"2-s2.0-85037029979","a273a65f-5f1d-4013-97a5-ab9d88e7a339"
"2-s2.0-85037029979","74dc354c-ef3e-41e4-9995-1aa14315e9ca"
"2-s2.0-85037029979","4a2da75e-d6dd-4142-ba5a-61607099b56f"
"2-s2.0-84984817838","2d3ba35c-ef82-4d1e-aac9-5a850e0cbec8"
"2-s2.0-84984817838","2dfd4918-7309-4e00-ac6c-36033c88ef00"
"2-s2.0-84984817838","ac0e7ebd-a5b8-49fe-9302-7c602c9b6d55"
"2-s2.0-84984817838","061e40d1-694c-45c2-a9ff-cfb23bbd5a47"
"2-s2.0-84984817838","4a2da75e-d6dd-4142-ba5a-61607099b56f"
"2-s2.0-84885234946","97a54f8d-fc87-4422-a6ec-d14e24fc4de4"
"2-s2.0-84885234946","a400c334-4b97-4399-867d-8848bc1cfb18"
"2-s2.0-84885234946","7f7439bc-1870-407b-ba92-32dd1672eab2"
"2-s2.0-84885234946","26585654-6ffa-4eef-a273-74ec84178898"
"2-s2.0-84885234946","19918cd9-e5d5-4dd5-a1f0-bcbea10a6d5f"
"2-s2.0-84860112149","845e5d35-3439-4b1f-8a9a-759202b1ee40"
"2-s2.0-84860112149","a9da4083-2531-439f-8b28-5dec6d675efb"
"2-s2.0-84860112149","b84850a6-17bd-4bd3-8a06-ca3edf3b1f8a"
"2-s2.0-84860112149","c5303c16-1f00-4578-98c7-a387bd77727d"
"2-s2.0-84860112149","a400c334-4b97-4399-867d-8848bc1cfb18"
"2-s2.0-84860112149","4a2da75e-d6dd-4142-ba5a-61607099b56f"
"2-s2.0-0036254372","298fdda9-1455-41cb-af71-7911cc7dfe0e"
"2-s2.0-0036254372","4e2c891b-645a-40bf-a93c-c30032436e40"
"2-s2.0-0036254372","221bd1ea-1a27-4668-ae2a-3e173bb78667"
"2-s2.0-0036254372","72c74839-60b1-4b45-8088-6f9cd91a4478"
"2-s2.0-79960263974","0b4e0fd0-9879-459e-8aef-6a6a43dd9cec"
"2-s2.0-79960263974","fe2f1f82-179f-487d-a6f9-3300899d3dc5"
"2-s2.0-79960263974","3d80dddc-bb93-4007-8abe-bcc1dc207d47"
"2-s2.0-79960263974","368dc6eb-16df-4f1c-8747-d5081454f6dd"
"2-s2.0-85176763287","301286f9-5759-4fe3-b729-fbeafaea7640"
"2-s2.0-85176763287","1abc1ec4-75b2-4d57-b218-ac153c23db72"
"2-s2.0-85176763287","801e1d66-1388-4594-bfa1-7051494347b9"
"2-s2.0-85176763287","3d80dddc-bb93-4007-8abe-bcc1dc207d47"
"2-s2.0-85176763287","7e2e6582-d218-4a83-a81b-1a0c90e009fe"
"2-s2.0-85158168245","9d919ee0-b92b-453a-8d82-f88b81af68ba"
"2-s2.0-85158168245","af4381d7-c666-43dc-8906-695f273bef7d"
"2-s2.0-85158168245","9ced9996-e5e1-4ad2-97be-d6cb4d2eaceb"
"2-s2.0-85158168245","8fdd7fdb-da05-402a-9c5c-61a8b6b1b67a"
"2-s2.0-85158168245","e6595297-db82-4e5d-89a9-ccba1d720ffe"
"2-s2.0-85158168245","b73885fd-14af-4f48-abf4-55209c9f1066"
"2-s2.0-85158168245","82c53720-e5e1-43e9-8b6e-3f273b9a4aad"
"2-s2.0-85158168245","e474172c-3eab-4e57-9db0-c5cf552b75c2"
"2-s2.0-85132367328","eb4f6e78-cf96-4010-a52c-376acff3c380"
"2-s2.0-85132367328","fe2f1f82-179f-487d-a6f9-3300899d3dc5"
"2-s2.0-85132367328","6fc2c78e-bdf0-460f-bf85-bcbc5f5d5436"
"2-s2.0-85132367328","3b9537bc-1fa5-4bf5-8af1-966d79d0f93b"
"2-s2.0-85132367328","8ef2884a-3a3f-4ea3-9b34-6707d153a31b"
"2-s2.0-85072110008","9d919ee0-b92b-453a-8d82-f88b81af68ba"
"2-s2.0-85072110008","a58ddeae-3f14-419f-a2da-821808e6ab46"
"2-s2.0-85072110008","a145e2d0-6d4e-4aa1-a98c-682894c21d27"
"2-s2.0-85072110008","861c7fd9-810b-45e4-84b0-dfde8cfc35c1"
"2-s2.0-85072110008","ec2f3c05-c62c-4362-b487-e5b8d94890e2"
"2-s2.0-85072110008","e474172c-3eab-4e57-9db0-c5cf552b75c2"
"2-s2.0-85072110008","2ebcf4e0-9faa-4195-b3d2-209c21290861"
"2-s2.0-85050287380","713c130e-ba9a-48d6-9e1b-12110cbe8169"
"2-s2.0-85050287380","9d919ee0-b92b-453a-8d82-f88b81af68ba"
"2-s2.0-85050287380","96221a7f-21cb-4bea-a17c-6650f0ce9ffe"
"2-s2.0-85050287380","8d1b017d-6571-4e71-9a4f-a79feaef105d"
"2-s2.0-85050287380","760b48b7-53de-4b31-87e7-48039f2362e3"
"2-s2.0-85050287380","9d8c4f3e-7e31-4fe0-b2fa-675a22eb67d0"
"2-s2.0-85050287380","b2595a59-1636-4d68-96c0-6f07adaf13a2"
"2-s2.0-85050287380","e6595297-db82-4e5d-89a9-ccba1d720ffe"
"2-s2.0-85050287380","f3520f48-f544-442c-b9fa-7ce75d81ab53"
"2-s2.0-85050287380","91e66c2b-3e34-408e-8028-d24b57f91e62"
"2-s2.0-85050287380","4a2da75e-d6dd-4142-ba5a-61607099b56f"
"2-s2.0-85032269993","e6595297-db82-4e5d-89a9-ccba1d720ffe"
"2-s2.0-85032269993","ec2f3c05-c62c-4362-b487-e5b8d94890e2"
"2-s2.0-85032269993","b77aa476-cd4c-4d5b-b6b5-542e9d3e83b0"
"2-s2.0-85032269993","8af4c218-5ff3-4acf-b52b-c9e7c78da169"
"2-s2.0-85032269993","f0e88627-6353-4954-ad15-ab9809daebd9"
"2-s2.0-85032269993","4a2da75e-d6dd-4142-ba5a-61607099b56f"
"2-s2.0-84989179722","713c130e-ba9a-48d6-9e1b-12110cbe8169"
"2-s2.0-84989179722","a866dabd-c565-4a80-bc4e-4d4bd8c3af9e"
"2-s2.0-84989179722","e6595297-db82-4e5d-89a9-ccba1d720ffe"
"2-s2.0-84989179722","f304e24c-0a03-4d2a-83b3-eebcd92ef849"
"2-s2.0-84989179722","4a2da75e-d6dd-4142-ba5a-61607099b56f"
"2-s2.0-84975061746","ef3fab5b-1b1b-44c9-a74a-1a37b89a649e"
"2-s2.0-84975061746","599b5dd1-8cc0-4346-a6d1-b739e088c546"
"2-s2.0-84975061746","d60254ed-f6cd-48aa-8c45-8bc0c22bf33f"
"2-s2.0-84893289714","1abc1ec4-75b2-4d57-b218-ac153c23db72"
"2-s2.0-84893289714","f0bce3be-2f22-4ec5-a29c-3a31a798a35c"
"2-s2.0-84893289714","3238915f-f585-45d7-80d1-27d786a956af"
"2-s2.0-84893289714","9348239c-3c9c-4753-a900-ce83378c30b7"
"2-s2.0-84893289714","03466478-bc94-4807-961a-90b4d43cd77f"
"2-s2.0-84875100252","9d919ee0-b92b-453a-8d82-f88b81af68ba"
"2-s2.0-84875100252","db19a81b-b6f9-4400-a223-b2f1fee84ea9"
"2-s2.0-84875100252","8c15c165-783d-4cac-8496-4f103a1d3665"
"2-s2.0-84875100252","8fdd7fdb-da05-402a-9c5c-61a8b6b1b67a"
"2-s2.0-84875100252","e6595297-db82-4e5d-89a9-ccba1d720ffe"
"2-s2.0-84875100252","b0efa1d3-4f24-4000-8ea6-9a3a85aac046"
"2-s2.0-84875168835","ef3fab5b-1b1b-44c9-a74a-1a37b89a649e"
"2-s2.0-84875168835","acb61382-4eb8-432a-b3f1-3e368a4e07c6"
"2-s2.0-84875168835","861c7fd9-810b-45e4-84b0-dfde8cfc35c1"
"2-s2.0-84875168835","ec2f3c05-c62c-4362-b487-e5b8d94890e2"
"2-s2.0-84875168835","47404814-911e-4b15-b261-a862da8467c9"
"2-s2.0-79957503268","1abc1ec4-75b2-4d57-b218-ac153c23db72"
"2-s2.0-79957503268","644e8e52-d3ab-421a-ad8a-541e076b9557"
"2-s2.0-79957503268","235dc854-5f13-4f39-af1f-293e0f8c76f4"
"2-s2.0-79957503268","ae3146fa-7294-4b1e-be15-8f6f883c6791"
"2-s2.0-79957503268","2592d407-3e03-4bac-a903-9f8aa034af85"
"2-s2.0-79957503268","91a76e5d-a6d6-49b2-a6c0-3d57a7de9026"
"2-s2.0-79957503268","c290a5ad-59e5-499b-a7bb-a9b1cb367d60"
"2-s2.0-79957464876","db19a81b-b6f9-4400-a223-b2f1fee84ea9"
"2-s2.0-79957464876","7e3c7627-2b06-4e5b-9815-180362c30550"
"2-s2.0-79957464876","acb61382-4eb8-432a-b3f1-3e368a4e07c6"
"2-s2.0-79957464876","8fdd7fdb-da05-402a-9c5c-61a8b6b1b67a"
"2-s2.0-79957464876","d9b00f92-82da-44b2-a0b9-e616a2e37bad"
"2-s2.0-79957464876","82addb1d-a6b8-480d-a2b4-02d2bf7781e4"
"2-s2.0-79957464876","921dd9c2-1155-4e83-b48f-e69b232b7bb6"
"2-s2.0-79957464876","55917e53-334d-4b45-98dd-c0db7b537e2e"
"2-s2.0-79957464876","4a2da75e-d6dd-4142-ba5a-61607099b56f"
"2-s2.0-33746644189","ef3fab5b-1b1b-44c9-a74a-1a37b89a649e"
"2-s2.0-33746644189","9d919ee0-b92b-453a-8d82-f88b81af68ba"
"2-s2.0-33746644189","652655bc-a98f-4bc9-9d33-76d5e326ee6a"
"2-s2.0-33746644189","a81b3148-aa8b-40eb-94e9-77db4aa445a3"
"2-s2.0-33746644189","2592d407-3e03-4bac-a903-9f8aa034af85"
"2-s2.0-33746644189","8fdd7fdb-da05-402a-9c5c-61a8b6b1b67a"
"2-s2.0-0040362328","fb833fd4-26f1-4128-9e55-cee71869a5c7"
"2-s2.0-0040362328","9d919ee0-b92b-453a-8d82-f88b81af68ba"
"2-s2.0-0040362328","90f9acee-ac08-4c03-8969-e789bcd37158"
"2-s2.0-0040362328","1405b09f-cf9b-4df0-ac71-b886f9224362"
"2-s2.0-0040362328","8fdd7fdb-da05-402a-9c5c-61a8b6b1b67a"
"2-s2.0-0040362328","c5303c16-1f00-4578-98c7-a387bd77727d"
"2-s2.0-0040362328","8736e994-8fdf-44a8-b808-ca00c7e74b33"
