"article_id","index_keyword_id"
"2-s2.0-85162981044","4323694c-2ae4-456a-a79b-1ab039389f56"
"2-s2.0-85162981044","52f087f0-d505-43ec-bb54-cb74f04a9b0e"
"2-s2.0-85162981044","cc8a68b3-7ab3-4cf0-b84a-fb079c7e7cd3"
"2-s2.0-85162981044","1548a2b0-51cd-438e-a2c4-daf46ceb3104"
"2-s2.0-85162981044","fc7e6583-4d04-43e1-8a08-9231a4141006"
"2-s2.0-85162981044","c0d1c617-1868-4ae8-82d0-d43d99808d1f"
"2-s2.0-85162981044","9087c3e1-22b6-454a-8a38-a1d431deb693"
"2-s2.0-85162981044","5ed3f4eb-87b2-4f51-8f7e-8dde6200eb1e"
"2-s2.0-85162981044","31c6a0af-ba5a-43dc-8089-489df11888f1"
"2-s2.0-85162981044","6ff71d8c-ff98-4782-84e9-166a22f5cb62"
"2-s2.0-85162981044","89b5c934-d923-4a70-8f43-1404839d8151"
"2-s2.0-85149013333","14d67511-b4e9-4947-90d3-98cc768a0be2"
"2-s2.0-85149013333","31865766-72c9-4f7e-ab01-92b4bf390000"
"2-s2.0-85149013333","85c702d6-7d11-49e1-81d6-110783b5cb3f"
"2-s2.0-85149013333","cc8a68b3-7ab3-4cf0-b84a-fb079c7e7cd3"
"2-s2.0-85149013333","2ed6e130-0ccf-4237-b4eb-ea3996b49d2f"
"2-s2.0-85149013333","785156eb-db04-4cbe-81d0-a0596c9e2435"
"2-s2.0-85149013333","2debd78e-1f32-42f7-ae95-055be9e37c1c"
"2-s2.0-85149013333","8231d8ad-9a9c-41a0-b9a5-9e2e8162781e"
"2-s2.0-85149013333","bf901b11-3a86-45ca-8d5e-b17dde6a381f"
"2-s2.0-85149013333","4323694c-2ae4-456a-a79b-1ab039389f56"
"2-s2.0-85149013333","cf397f6b-4b8e-4d47-afc7-b94b6a849c9d"
"2-s2.0-85149013333","cfda8f09-b95a-451c-b0c1-7fd217f444b4"
"2-s2.0-85149013333","3246169a-8f08-4f7a-92f8-3c8bcd22c9da"
"2-s2.0-85149013333","fce4fbb0-08f2-4663-98d1-be11432a9b55"
"2-s2.0-85149013333","50400665-f2d9-406a-b3e9-5e97f645d19b"
"2-s2.0-85149013333","8a05c39c-46ca-4c60-967a-6861b33b4489"
"2-s2.0-85149013333","20c71ab5-cf9b-4603-9a45-83e8b08c1997"
"2-s2.0-85149013333","2d09cc5b-a495-4702-8c37-290b428dd333"
"2-s2.0-85143804200","f34ffd39-778f-460f-868f-29314bd0ac29"
"2-s2.0-85143804200","d6c268ec-6b9f-4b52-97a1-2d38a372f1cd"
"2-s2.0-85143804200","ff7bffd5-d0dc-4a61-98fd-5706c51ca0bf"
"2-s2.0-85143804200","7961056e-25dd-4459-af93-c31cc70da05e"
"2-s2.0-85143804200","eb1946b5-0d50-47f9-ab5a-d8fabc0fa102"
"2-s2.0-85143804200","2d135c75-9598-423e-8442-3318ec9d0e85"
"2-s2.0-85143804200","84004219-38ce-4be4-a86f-754d17d04b02"
"2-s2.0-85143804200","ac6534f7-a6ca-475f-9b34-280286dede82"
"2-s2.0-85143804200","b906c5ae-c965-422c-b243-68a6fcf7ff99"
"2-s2.0-85143804200","d16e31f8-cf75-4166-b672-5ff347397fd7"
"2-s2.0-85143804200","06b51519-3ee2-4668-90d6-07996f727ec2"
"2-s2.0-85143804200","3283a106-d273-4e9d-8fed-793931ef6aee"
"2-s2.0-85143804200","d524e7b2-2a96-4298-98ad-09f081535145"
"2-s2.0-85143804200","2d7e9c83-4211-437d-b6ab-090f0ca152dd"
"2-s2.0-85143804200","e0330d5f-62dd-4762-b484-1db15aef3441"
"2-s2.0-85143804200","57f8e466-d6a6-4557-9c22-471980383f5a"
"2-s2.0-85143804200","d6a7f0ad-56c4-491c-9b9f-517522770c63"
"2-s2.0-85143804200","21d9e490-a0d7-4862-b242-f1f320ea92f8"
"2-s2.0-85143804200","f51d9055-d1a5-4e32-800b-ffc3d6b9dad1"
"2-s2.0-85143804200","ec4b6ac7-d5f3-4a08-8656-ec10274576f4"
"2-s2.0-85143804200","b4402927-3050-456b-9018-43ef5cf19f64"
"2-s2.0-85143804200","b0f2e6d8-2132-42ac-9600-1c40908db7d4"
"2-s2.0-85143804200","f50ada3d-7daf-4bf8-91ed-b2e812c5309a"
"2-s2.0-85143804200","04567a87-da0e-48e7-a51a-16f788d832a9"
"2-s2.0-85143804200","7b75eddf-ad10-4eb2-b1d3-e7ac08764598"
"2-s2.0-85143804200","4c68e011-c107-48b4-9875-b1ddde76421c"
"2-s2.0-85143804200","19b4a5d3-8da3-4fe3-ac8a-771894b9dd4f"
"2-s2.0-85104643201","77db04dd-ba98-49e7-821f-df22c8f90cd1"
"2-s2.0-85104643201","19efe7b1-5caa-476a-9bbb-dfce57adf9ed"
"2-s2.0-85104643201","6f9189be-e3e8-4752-aa24-3378954185fc"
"2-s2.0-85104643201","7c86be4a-6d19-4bf8-b8f4-1ff63f87fbcf"
"2-s2.0-85104643201","b84271df-2e13-485e-b2e2-4ce081d3d107"
"2-s2.0-85104643201","71fb84ca-3cf1-4dd0-8dd8-4e2a84551de1"
"2-s2.0-85104643201","f84938fc-0368-4aee-b16f-ed65c89e4ccd"
"2-s2.0-85104643201","8f274f82-4f81-402b-9394-324d2a0a5855"
"2-s2.0-85104643201","0a24b3ff-9147-4a82-a658-1efaf49da7d4"
"2-s2.0-85104643201","d727020d-e1b9-41b2-9455-50b1d00d6224"
"2-s2.0-85104643201","97168dd3-ffe0-473f-86d3-2551c397c485"
"2-s2.0-85104643201","d54aae91-3bba-4482-b697-00f3d80b75b6"
"2-s2.0-85104643201","85a6d469-ee17-45db-b191-3308929a3b60"
"2-s2.0-85104643201","3629f3f1-e3e0-46ec-977a-1962c247aa8b"
"2-s2.0-85124005642","4323694c-2ae4-456a-a79b-1ab039389f56"
"2-s2.0-85124005642","b132501d-c3bc-4109-a8fa-863a932174dd"
"2-s2.0-85124005642","fb1595e3-cd10-4cc6-a5d8-67ce25522eb8"
"2-s2.0-85124005642","d748f02a-0eba-4e96-85ba-47e84c903ac5"
"2-s2.0-85124005642","9019d447-8626-4a90-95f1-eda93902416d"
"2-s2.0-85124005642","7e165b89-6fd0-4ce3-a544-71215e00d119"
"2-s2.0-85124005642","d461faa9-1048-4ba7-ae34-c0e72273b816"
"2-s2.0-85124005642","cd2d4aa5-1ba2-40ea-a10a-3af92ff1aa0f"
"2-s2.0-85124005642","752f7f50-93b2-422e-aaa0-f477bf185d82"
"2-s2.0-85124005642","4dc267d7-41a9-4981-8079-58b78977c7d2"
"2-s2.0-85124005642","e6347dd6-cea4-49a2-a811-e1078dbbaba6"
"2-s2.0-85135730861","524c42cb-bd0c-4dcb-b2bb-e72a68f1be0d"
"2-s2.0-85135730861","52f087f0-d505-43ec-bb54-cb74f04a9b0e"
"2-s2.0-85135730861","8040e453-e367-4498-a91d-a6ec2c0dcc10"
"2-s2.0-85135730861","db2c9a94-9ae8-4763-8cc0-14428e9119a1"
"2-s2.0-85135730861","539e3086-7623-4fb7-ba0d-a1ff5416c962"
"2-s2.0-85135730861","3d03291e-ad32-4f9b-9631-99616d46ef62"
"2-s2.0-85135730861","07925b33-c202-490d-a9c9-4f104cefa9fe"
"2-s2.0-85135730861","5337f2dc-dcf7-4f77-989a-1c2c53e81648"
"2-s2.0-85135730861","e7fa858e-a248-471b-89b1-d5a51baf7dd0"
"2-s2.0-85135730861","f70460a9-0c80-408d-8059-0f208ec2b85f"
"2-s2.0-85135730861","4c68e011-c107-48b4-9875-b1ddde76421c"
"2-s2.0-85101250241","93d5a8bf-b2d6-4ec3-ba30-a553965330b0"
"2-s2.0-85101250241","44db44f1-b5a7-45ed-8957-8a020bb84cef"
"2-s2.0-85101250241","25f0e025-d9d6-406f-9347-10a695856b09"
"2-s2.0-85101250241","93acc82a-ce40-423b-8995-1d6536fbfc45"
"2-s2.0-85101250241","167b123d-5c8a-401a-add2-9d879553e234"
"2-s2.0-85101250241","9f82386c-320a-4dfa-ab14-6368e22195a3"
"2-s2.0-85101250241","46cc6bf9-4b9d-41f6-815c-857b2b850952"
"2-s2.0-85101250241","ad53200c-441d-43cd-b197-eb4432f98f14"
"2-s2.0-85101250241","fe815497-39eb-4619-9185-e1de1ac5d064"
"2-s2.0-85101250241","7731b539-dc70-49cb-ace0-5f8c3c71db14"
"2-s2.0-85101250241","7b32d559-7faf-414e-8a63-989871a217dc"
"2-s2.0-85101250241","cd0f0b99-1f6e-4955-8ac1-13b93337e4f3"
"2-s2.0-85101250241","8f71485d-5e11-4a54-9b65-f2dd489b1ad6"
"2-s2.0-85101250241","0f0b6dc7-7da2-4a31-89bf-6349a0ec7510"
"2-s2.0-85127431422","6a5181c9-2c76-40fa-9586-cb15d09dee26"
"2-s2.0-85127431422","f5133327-c5fb-4703-859d-ffdeee32882f"
"2-s2.0-85127431422","68a3df89-d640-4203-a469-76ff6f643c82"
"2-s2.0-85127431422","222d8054-7a64-4817-805c-07ec7cf4384f"
"2-s2.0-85127431422","193fadb5-9a12-41ba-8ff6-0b9f6b01d0dd"
"2-s2.0-85127431422","39529966-b289-481b-a0c2-d61d2e50911e"
"2-s2.0-85182739878","b3561f55-354a-4ff1-a91a-e5697d3a6418"
"2-s2.0-85182739878","c74cb2d7-96ce-4f1d-a737-0fed71bcde57"
"2-s2.0-85182739878","76da4f4a-99bf-43a0-8721-49f97bdc6b7f"
"2-s2.0-85182739878","12581174-0288-4e23-9b0e-dca56002905f"
"2-s2.0-85182739878","62abbd06-63e2-4540-996c-c1023e21b821"
"2-s2.0-85182739878","87f599fd-8b2a-4dcd-b7b3-1eae2256f32f"
"2-s2.0-85182739878","734c58f1-bdc9-47ee-831a-62574ad80d9e"
"2-s2.0-85182739878","8231d8ad-9a9c-41a0-b9a5-9e2e8162781e"
"2-s2.0-85182739878","b5207a0d-b1d9-4e84-b2a2-8e905e163f8e"
"2-s2.0-85182739878","0a24b3ff-9147-4a82-a658-1efaf49da7d4"
"2-s2.0-85182739878","c1da7eff-4ed7-4dec-8d08-1b3e4ac0fbc3"
"2-s2.0-85182739878","c174f1f8-1cdc-4351-a442-d181cd52c18f"
"2-s2.0-85182739878","e62b17e2-b022-4dcd-8209-b3367385071b"
"2-s2.0-85182739878","d3c52550-1a03-4a7e-91dc-d06294685c63"
"2-s2.0-85182739878","c4ff6508-59b2-40d7-8168-c4327d2448d0"
"2-s2.0-85182739878","f920dd32-5754-460e-b2a5-3fa0d034644b"
"2-s2.0-85182739878","e99df4be-215c-4bc5-b441-27e3eb476150"
"2-s2.0-85182739878","e4dbcba2-89ca-4d27-8d5b-58c5a87f4f14"
"2-s2.0-85182739878","3278bf3e-6f12-47b3-a7f5-5aaed55cb813"
"2-s2.0-85182739878","be3c0570-b48b-484c-8a52-e889d7215533"
"2-s2.0-85182739878","09a55197-c65f-4579-b73b-9796fca9e609"
"2-s2.0-85182739878","de6300cd-34c3-44da-be06-eb98c38a308a"
"2-s2.0-85182739878","7c896560-1fc0-463e-bfdd-30c8c168a7cf"
"2-s2.0-85182739878","b23bd6a6-4da2-44c7-90c8-5bcbc0e52102"
"2-s2.0-85182739878","04ce5036-d57a-4e1b-960c-c0dcbd40ca90"
"2-s2.0-85182739878","a1004112-0cf6-4e7f-90e3-a5363a6d233d"
"2-s2.0-85182739878","20a3c598-f630-4744-a2fe-41b95751aa45"
"2-s2.0-85182739878","8f6ae59c-508a-4df0-b66d-0ec08e027530"
"2-s2.0-85182739878","0ad4d4cd-61ac-4553-850a-1e234aa04f0d"
"2-s2.0-85182739878","e6c0639d-a29f-4441-832d-5932ecb603fd"
"2-s2.0-85182739878","9ad18db2-49ee-49e3-b983-8d93f7ba3ee8"
"2-s2.0-85182739878","f6eec11a-6c3a-4b01-803e-e5e8999f78b5"
"2-s2.0-85182739878","0b195f79-97ae-4c6e-8f30-5ffc61888cc9"
"2-s2.0-85182739878","f71b1ce8-d724-40b3-abd1-3bb4f09c3a08"
"2-s2.0-85182739878","0c24eea5-6f92-44ba-b374-d5cba112b926"
"2-s2.0-85182739878","c7b96222-7684-4f5a-bb1e-c13b320905b2"
"2-s2.0-85182739878","97cc6605-3559-452f-9472-286a4c138268"
"2-s2.0-85182739878","e30d430d-3d8d-4f10-903f-54c1614a14a6"
"2-s2.0-85182739878","93219415-ac08-4c0a-bb83-cf7d8e6fd4e6"
"2-s2.0-85182739878","52f087f0-d505-43ec-bb54-cb74f04a9b0e"
"2-s2.0-85182739878","5aa9dacd-3e1f-4c78-8574-12335cd01599"
"2-s2.0-85182739878","e64d29d2-9cad-4c73-b90e-b5549c07b4dc"
"2-s2.0-85182739878","eb975f33-c7bf-4e6d-adb4-ac2c5ac03a95"
"2-s2.0-85182739878","bedaeea7-9994-4076-8e56-c32c988d072c"
"2-s2.0-85182739878","53478d3f-af2b-440d-af35-5d5ccd69b2e6"
"2-s2.0-85182739878","27234e9c-0ea1-4d59-8d53-477b1f631931"
"2-s2.0-85182739878","0e3d7cf2-3c7b-4761-8cae-70ad3af297bc"
"2-s2.0-85182739878","9a436e5b-2dd8-4cc6-b758-58e4875e0f78"
"2-s2.0-85182739878","9a7c8e16-c4d3-4076-aad0-010b050f85f6"
"2-s2.0-85182739878","51aee3bb-5d18-459b-a335-2451e83e9b7a"
"2-s2.0-85182739878","c724d0ac-1ad9-4ad5-8a12-5ba34f60bba6"
"2-s2.0-85182739878","0b3d6f8e-fb3e-4bd5-b9fd-77ce24841edd"
"2-s2.0-85182739878","4c68e011-c107-48b4-9875-b1ddde76421c"
"2-s2.0-85182739878","49ad4a72-64a0-4901-9c51-595e6e675fff"
"2-s2.0-85182739878","2d6efeb2-b259-4732-8747-935078886dd3"
"2-s2.0-85182739878","c9840faf-378e-4f6c-98b8-a4857990c200"
"2-s2.0-85099005983","2da8088b-f518-43c5-af9c-e5bcd1871205"
"2-s2.0-85099005983","6c4f4a86-bc25-46ca-bdae-190047db0ff2"
"2-s2.0-85099005983","f518bc33-3ed4-43ba-a41c-2870ad8caa43"
"2-s2.0-85099005983","0f0b6dc7-7da2-4a31-89bf-6349a0ec7510"
"2-s2.0-85099005983","93d5a8bf-b2d6-4ec3-ba30-a553965330b0"
"2-s2.0-85099005983","44db44f1-b5a7-45ed-8957-8a020bb84cef"
"2-s2.0-85099005983","93acc82a-ce40-423b-8995-1d6536fbfc45"
"2-s2.0-85099005983","95327442-d182-45e1-948d-2c68881f0992"
"2-s2.0-85099005983","4f43ad30-84e3-42be-b291-b1dee0796e1c"
"2-s2.0-85099005983","167b123d-5c8a-401a-add2-9d879553e234"
"2-s2.0-85099005983","71c4174c-a549-41d6-a82f-0001218f3764"
"2-s2.0-85099005983","26e0020d-6d2a-4269-bfa0-bbae5bf8af2d"
"2-s2.0-85099005983","94530d87-ffdc-44dc-b19a-f0f78a0f8d65"
"2-s2.0-85099005983","68ec2d4a-bf4e-4e70-b2cc-0a43fd05ef59"
"2-s2.0-85099005983","938e548e-129c-40a2-a311-a1f04bb4a23d"
"2-s2.0-85099005983","2c9a10fe-8e6d-48a4-97fc-9eb554c4a445"
"2-s2.0-85099005983","bd0477a1-fd60-45dd-8a79-6ead4e4c7768"
"2-s2.0-85099005983","7b32d559-7faf-414e-8a63-989871a217dc"
"2-s2.0-85099005983","cd0f0b99-1f6e-4955-8ac1-13b93337e4f3"
"2-s2.0-85099005983","779433b1-9f4c-443a-9093-c46e39ac85cd"
"2-s2.0-85099005983","a460cfad-13bd-4a1c-9041-2e0ff3959196"
"2-s2.0-85099005983","f8c551a8-70bb-479c-a933-78bcb18d3fe9"
"2-s2.0-85175699890","2da8088b-f518-43c5-af9c-e5bcd1871205"
"2-s2.0-85175699890","11419815-de3d-48d8-b886-fd9c22453079"
"2-s2.0-85175699890","35644707-077c-4437-b0f4-387f692c2b8b"
"2-s2.0-85175699890","83cf7a3b-b9de-4174-a7be-f925763acad1"
"2-s2.0-85175699890","dd2e1d8d-452d-4263-85a7-a575a5ebefc8"
"2-s2.0-85175699890","cf2b5c45-ec89-4794-97f4-59babadeb3fb"
"2-s2.0-85175699890","d2a9e708-ef0a-4447-9646-6a59c60b98c2"
"2-s2.0-85175699890","de6b0930-e9c3-45c1-a841-def204133840"
"2-s2.0-85175699890","1af46710-b391-499b-9a47-e7326b12eecf"
"2-s2.0-85175699890","51e0ada0-585d-4ccd-b825-768305707bbe"
"2-s2.0-85175699890","b3af1e31-c431-4cfc-805f-215ab45c348b"
"2-s2.0-85175699890","f82e7ca9-655d-468b-b7cb-5613c861ec27"
"2-s2.0-85175699890","f6d1f87b-a7f8-42a1-bdfe-8c713587e323"
"2-s2.0-85175699890","a9538836-d265-446f-be8b-5401ada3584c"
"2-s2.0-85175699890","3704af04-d7a5-4d91-bdb5-f91cb277b079"
"2-s2.0-85175699890","d272a93d-b410-4935-8bad-7b0bfa80ce3f"
"2-s2.0-85175699890","5d9b3cb9-8eef-46b4-bdaa-cda879cbe179"
"2-s2.0-85175699890","82d3de5c-f282-4aea-998f-3def416f23ba"
"2-s2.0-85175699890","d93205de-6b78-4173-9a48-e36c72d511f7"
"2-s2.0-85175699890","aedd5213-0bc1-4dc9-917a-585c186e779b"
"2-s2.0-85175699890","48456f30-a30b-41c4-8352-4f77ce679c99"
"2-s2.0-85175699890","0ef03faf-8e5a-499a-bc7e-8c96b74996de"
"2-s2.0-85175699890","93219415-ac08-4c0a-bb83-cf7d8e6fd4e6"
"2-s2.0-85175699890","d5688d54-b59d-4c9f-ac8e-010dc3ae3583"
"2-s2.0-85175699890","d09f9ead-a7f0-4cfd-9e72-8da987f180bf"
"2-s2.0-85175699890","0f0b6dc7-7da2-4a31-89bf-6349a0ec7510"
"2-s2.0-85175699890","6c7b23c9-ad61-4f5b-8c1f-7cf3a9e334e8"
"2-s2.0-85175699890","acabc2bc-240c-49ef-b5cf-6f7c1ed0b2e3"
"2-s2.0-85175699890","31a88e65-3bff-4c04-99c7-d7650bfacfea"
"2-s2.0-85175699890","ffaf367f-1491-4f39-a53d-81da4816b532"
"2-s2.0-85175699890","be2e80aa-0faa-4745-b287-0031cd6a9d25"
"2-s2.0-85175699890","f2073fd0-fd3e-435a-8dc8-f85051442819"
"2-s2.0-85175699890","93acc82a-ce40-423b-8995-1d6536fbfc45"
"2-s2.0-85175699890","6c92ea7b-c661-4651-b9e4-1ff42ab48363"
"2-s2.0-85175699890","5e776cdb-811a-4d69-8a3f-650530fb1c1f"
"2-s2.0-85175699890","26e0020d-6d2a-4269-bfa0-bbae5bf8af2d"
"2-s2.0-85175699890","5874fbcd-b045-45df-9949-8019c9fc6187"
"2-s2.0-85175699890","f76bea16-68cc-4ef1-a2c9-a87bdffb6637"
"2-s2.0-85175699890","4c68e011-c107-48b4-9875-b1ddde76421c"
"2-s2.0-85175699890","d1868e50-739e-4b8e-9767-9828b8e7b811"
"2-s2.0-85175699890","62b38f6c-f87d-4141-b9cd-ec8b4b3a9720"
"2-s2.0-85130703864","653c63a3-bcfd-4493-b0ef-65a321591e1c"
"2-s2.0-85130703864","002cff96-d8f5-4967-ad52-134993f6461a"
"2-s2.0-85130703864","83cf7a3b-b9de-4174-a7be-f925763acad1"
"2-s2.0-85130703864","539e3086-7623-4fb7-ba0d-a1ff5416c962"
"2-s2.0-85130703864","fcbda0f5-8208-49da-94c5-2f4a5d7ecd64"
"2-s2.0-85130703864","7d043291-969c-46f4-b20c-edd13e052a19"
"2-s2.0-85130703864","716dfa74-7a92-4f2d-bd0f-cc251c8a183a"
"2-s2.0-85130703864","3e2e9c59-300f-4ef1-b1c9-6743f07f3d10"
"2-s2.0-85130703864","07925b33-c202-490d-a9c9-4f104cefa9fe"
"2-s2.0-85130703864","5c046c38-c28f-41b2-ad45-03dc086f0fb1"
"2-s2.0-85130703864","4c68e011-c107-48b4-9875-b1ddde76421c"
"2-s2.0-85130703864","cb963a3d-2a28-4da4-9616-2a657ed3f5b3"
"2-s2.0-85104492172","637648df-175e-4a78-9112-bf51648fec8e"
"2-s2.0-85104492172","c7759abe-84e6-4e55-8b6c-ab9ec3777ab6"
"2-s2.0-85104492172","d3399dc2-c71c-421d-a27b-ddfd05cab350"
"2-s2.0-85104492172","b5b5a0dc-33f1-4821-84e0-943ce4e5af95"
"2-s2.0-85104492172","785156eb-db04-4cbe-81d0-a0596c9e2435"
"2-s2.0-85104492172","1a152d1a-2406-43c6-83b9-2b5c42cebcd9"
"2-s2.0-85104492172","12f62ecb-2bbc-491b-8355-d648357e88b9"
"2-s2.0-85104492172","4798f753-f356-486b-ac60-6873b9fdf39f"
"2-s2.0-85104492172","7721c23f-50a9-4c00-91eb-3831ff611bc7"
"2-s2.0-85104492172","a6a675a5-c555-470a-9a96-25de31c1c565"
"2-s2.0-85104492172","fcf32aed-b729-48ce-b0d1-e1cf6b5a2829"
"2-s2.0-85104492172","10389791-cbcf-4f34-bd92-05c5b712057d"
"2-s2.0-85104492172","bcb7e90b-7574-4a01-8ef8-96a8238c3a5f"
"2-s2.0-85104492172","15cb8c3f-2a65-471b-9e61-6a8b41169b72"
"2-s2.0-85104492172","8a05c39c-46ca-4c60-967a-6861b33b4489"
"2-s2.0-85104492172","ec931c29-5fb2-4a90-81bc-e864c39a4e8c"
"2-s2.0-85104492172","65f78c20-2666-4ebb-bc86-b9ffab77b2e7"
"2-s2.0-85127319916","9019d447-8626-4a90-95f1-eda93902416d"
"2-s2.0-85127319916","f51e5dc1-f75f-4ce6-b13d-552faa06b61f"
"2-s2.0-85127319916","b6b4f4c1-0779-4aa1-b2c2-94464f5ae8db"
"2-s2.0-85127319916","531e3c26-37e9-46a3-96bb-34b84800cd2a"
"2-s2.0-85127319916","3ea43938-13bf-4d4e-b150-54d7d22762d7"
"2-s2.0-85127319916","dd63f685-cce0-4f65-b9e2-1091f37ef2ea"
"2-s2.0-85190590083","96005e16-70ce-4514-86ce-ad1167e67cd3"
"2-s2.0-85190590083","524c42cb-bd0c-4dcb-b2bb-e72a68f1be0d"
"2-s2.0-85190590083","609f826f-dfee-4bb4-8cd3-a5546eab4ada"
"2-s2.0-85190590083","269d057f-ed23-4367-bea7-540945911017"
"2-s2.0-85190590083","81e2d3af-8fae-47f6-9c71-54c1374e5dcc"
"2-s2.0-85190590083","dd2e1d8d-452d-4263-85a7-a575a5ebefc8"
"2-s2.0-85190590083","f8c8b25f-2304-4fe4-8096-e0e04d32f4a0"
"2-s2.0-85190590083","961e5b2d-1f91-4a49-a469-5f00b5c419e4"
"2-s2.0-85190590083","f436df87-5e03-40e6-98bc-c6e9547393e1"
"2-s2.0-85190590083","fce56fbb-b2e2-41c1-93a0-ed080b1c76f0"
"2-s2.0-85190590083","9f6de1b8-5b8d-4c1a-b118-36e88974cff7"
"2-s2.0-85190590083","61c33e61-813b-4af6-9387-c3354ba4265c"
"2-s2.0-85190590083","d949353e-e594-4d46-8cf8-47d0d26dbf22"
"2-s2.0-85190590083","6b1709b2-5d76-42d6-b93a-139e024939e6"
"2-s2.0-85190590083","2878ad7e-60fc-4794-b07e-876d65256927"
"2-s2.0-85190590083","f5970c67-0036-4bb9-a1a3-dee491c9812a"
"2-s2.0-85190590083","32a37e04-5ce2-40c7-8233-d1818fff4229"
"2-s2.0-85190590083","c41dff9e-cfd8-417c-a08b-2720fd334c4a"
"2-s2.0-85190590083","82d3de5c-f282-4aea-998f-3def416f23ba"
"2-s2.0-85190590083","dd38583a-bf2a-4b72-aff5-f903405ffc67"
"2-s2.0-85190590083","cce86c20-4ba3-4358-8c73-f00752fa5395"
"2-s2.0-85190590083","47cb67b6-5338-46e7-9fea-543c395ab731"
"2-s2.0-85190590083","e3b22094-e36a-4a50-8db7-1522e5f56d23"
"2-s2.0-85190590083","3df3bbad-03e4-4baf-a894-04e9d8ec0613"
"2-s2.0-85190590083","93219415-ac08-4c0a-bb83-cf7d8e6fd4e6"
"2-s2.0-85190590083","4a422b8d-d8eb-41be-b6eb-ef54db30e7ed"
"2-s2.0-85190590083","367497c1-99ca-4a2d-bf23-56ef1e72a25d"
"2-s2.0-85190590083","36fa0a78-84c2-4ffe-a6bc-bffe7d468d16"
"2-s2.0-85190590083","f5eb383a-faf3-4728-a94c-e03ba1307fe7"
"2-s2.0-85190590083","b45e1497-54ff-436b-857a-cc6124e32723"
"2-s2.0-85190590083","870e44d7-2458-482f-8c1e-9becca43a7f2"
"2-s2.0-85190590083","d09f9ead-a7f0-4cfd-9e72-8da987f180bf"
"2-s2.0-85190590083","423a7a8e-9ff9-46ba-9d33-56f06227a935"
"2-s2.0-85190590083","941c6ace-d9c1-4bbe-8a60-08f88248f54f"
"2-s2.0-85190590083","55c52912-effe-46d4-a43f-23a465d08543"
"2-s2.0-85190590083","62505702-bba5-417d-8620-cd4d8634ce41"
"2-s2.0-85190590083","a6fe1639-bd14-4af4-9cd3-e8166a956767"
"2-s2.0-85190590083","d1868e50-739e-4b8e-9767-9828b8e7b811"
"2-s2.0-85190590083","d3f1a493-195d-4cea-b6b1-163443552522"
"2-s2.0-85190590083","52888c44-8bc0-44c1-af43-26aaa45bd810"
"2-s2.0-85190590083","8c5ca90f-0201-4754-a53f-1c7d88312feb"
"2-s2.0-85190590083","ca35e44a-9241-444b-a426-236a66a420e6"
"2-s2.0-85190590083","537c37ed-4a7d-4b01-8786-c5188587880b"
"2-s2.0-85190590083","358446ed-03e0-4f8b-84db-1d77cc43d69c"
"2-s2.0-85190590083","fdd5bbde-5507-4e39-adbf-7e1dc2e16700"
"2-s2.0-85190590083","b3b72395-ef75-46ec-a8ca-24eca4269436"
"2-s2.0-85190590083","9ea07a75-0411-4e96-9a7e-fceb14fe86de"
"2-s2.0-85190590083","547b89fa-134c-42cf-892f-06025e39319a"
"2-s2.0-85190590083","27234e9c-0ea1-4d59-8d53-477b1f631931"
"2-s2.0-85190590083","202307e4-d955-4b97-bba9-59434e2ae24f"
"2-s2.0-85190590083","31c6a0af-ba5a-43dc-8089-489df11888f1"
"2-s2.0-85190590083","f70460a9-0c80-408d-8059-0f208ec2b85f"
"2-s2.0-85190590083","4c68e011-c107-48b4-9875-b1ddde76421c"
"2-s2.0-85190590083","a263b8d2-f364-4ee6-b99c-698973168ef0"
"2-s2.0-85190590083","1f81ce8b-0b85-43f4-ab8e-4537f1b08a01"
"2-s2.0-85111971188","f7e04533-8004-4b6c-9fa6-17cb508fda47"
"2-s2.0-85111971188","0f2575a4-8da9-4ad1-a258-173c8c3e48a6"
"2-s2.0-85111971188","8019eb86-0c9a-416a-a830-60a4afc02310"
"2-s2.0-85111971188","bf90a3f8-b314-4835-a24b-e61e7f294e85"
"2-s2.0-85111971188","648540f2-fe92-4c91-9296-8035c86c4e9c"
"2-s2.0-85111971188","61d74f6b-b342-4731-aace-a1b17155333f"
"2-s2.0-85111971188","dcfa6099-b444-41f5-a3f6-d262fb1f5891"
"2-s2.0-85111971188","ef1f1e85-bf0f-4ecb-838b-80c19b93312c"
"2-s2.0-85111971188","89b5c934-d923-4a70-8f43-1404839d8151"
"2-s2.0-85177439490","d748f02a-0eba-4e96-85ba-47e84c903ac5"
"2-s2.0-85177439490","420ea4f7-b6e4-4eb2-85b1-f21afc363991"
"2-s2.0-85177439490","13d4eb6f-e2ba-4829-8403-032033f43fe6"
"2-s2.0-85177439490","0d0aabc3-b846-4a63-bd0b-5c746a91628e"
"2-s2.0-85177439490","b853e1b8-56d4-4e82-8ae2-377531c03b5e"
"2-s2.0-85186930141","b579db6f-e6e7-4b5e-b7df-f5fdc9155dfc"
"2-s2.0-85186930141","dd2e1d8d-452d-4263-85a7-a575a5ebefc8"
"2-s2.0-85186930141","10a94b82-54d5-4809-a367-2123beaad24c"
"2-s2.0-85186930141","affa05a6-fc5f-4010-ba32-c5129a4af088"
"2-s2.0-85186930141","28e3ff3d-06e5-464d-bbd9-fae65ed63e52"
"2-s2.0-85186930141","affce884-c2f6-4e68-9294-3d578dca7a78"
"2-s2.0-85186930141","93219415-ac08-4c0a-bb83-cf7d8e6fd4e6"
"2-s2.0-85186930141","e29f0ed6-4148-4c6e-bd84-373c5d9240ba"
"2-s2.0-85186930141","06eaebe8-ab71-4a5b-977a-51f3322dddcb"
"2-s2.0-85186930141","8efe0026-2011-40a0-8d29-a9ceb76f8ad7"
"2-s2.0-85186930141","209af4ce-af53-4112-8218-91441adf9576"
"2-s2.0-85186930141","a90a8a9d-39f0-4f10-a890-ea0bcdbbdcc5"
"2-s2.0-85186930141","ebfa7aa3-ae37-4e42-9d02-4a73dcd8d6b0"
"2-s2.0-85186930141","aef9ff63-36a7-40e9-8001-e7a67a265c12"
"2-s2.0-85186930141","b2a63ad1-9fef-4bbd-9d4f-ab5860bc8dfb"
"2-s2.0-85186930141","85a7138d-26c0-439a-bb3c-67a3c25abfac"
"2-s2.0-85186930141","41460a12-c822-44d4-ad42-2b2ea883400a"
"2-s2.0-85186930141","c82394ea-d208-4f0b-bdbb-afaf2b8bb191"
"2-s2.0-85186930141","55d24fd6-e80f-4a9d-8130-9c0ce6c8a031"
"2-s2.0-85186930141","27234e9c-0ea1-4d59-8d53-477b1f631931"
"2-s2.0-85186930141","0e51b9af-8b4e-4ef0-bb05-f7427b49ae5e"
"2-s2.0-85186930141","bbc63c2e-54a8-4e49-a5b0-18b609f4f852"
"2-s2.0-85186930141","dfe812ef-d552-46ae-b344-33da2a676374"
"2-s2.0-85186930141","be9ebdf1-06e0-4a58-9115-14e1ac2f779e"
"2-s2.0-85186930141","e4c445aa-fc00-4d2e-a78c-6ea1ab77c297"
"2-s2.0-85186930141","3cf7cf9e-d982-4a82-a9a8-93dbb27c75b8"
"2-s2.0-85186930141","61368831-0967-46a9-93ad-eed965d19052"
"2-s2.0-85186930141","d1868e50-739e-4b8e-9767-9828b8e7b811"
"2-s2.0-85106037341","e3fb910d-541d-4703-84c4-a852057cb836"
"2-s2.0-85106037341","524c42cb-bd0c-4dcb-b2bb-e72a68f1be0d"
"2-s2.0-85106037341","a538ada5-59e6-49c7-b2e7-b2776a1579d0"
"2-s2.0-85106037341","66b7c3b3-5b85-4e21-b78a-ed968a39b3f1"
"2-s2.0-85106037341","6d4ca3e1-b8ec-4348-a621-2c3df5f33871"
"2-s2.0-85106037341","9df4e20f-4351-4a1a-8f21-77be2f1ea431"
"2-s2.0-85106037341","a21bc75e-9119-4178-964f-8795a802919f"
"2-s2.0-85106037341","0da0ac2f-f206-4ede-b177-63ada3c23fbf"
"2-s2.0-85106037341","7b427798-f9ba-41f8-9533-421269877b9f"
"2-s2.0-85106037341","5c075e73-beda-4d85-9764-1f01f76250cc"
"2-s2.0-85106037341","17baac95-d83a-4f0e-8e8a-d953fc351d45"
"2-s2.0-85106037341","f9f68372-b910-408c-856e-5861cf096369"
"2-s2.0-85106037341","fd851378-0fc9-416e-8e69-313ec7250c82"
"2-s2.0-85106037341","68020a45-f1e0-4626-bd8c-6972815097c1"
"2-s2.0-85106037341","f5fab67c-d65b-4d15-bd1b-0039bf44f6b3"
"2-s2.0-85106037341","1319429c-de3b-4f35-9e5c-a2b07ce00431"
"2-s2.0-85106037341","138a4fc1-e8fb-44b5-98f0-02a27e71f7e2"
"2-s2.0-85106037341","f679f07a-3029-4098-80db-29d1196f627c"
"2-s2.0-85106037341","f70460a9-0c80-408d-8059-0f208ec2b85f"
"2-s2.0-85106037341","545dff2a-482a-48fd-a604-1f24202bd886"
"2-s2.0-85106037341","62b38f6c-f87d-4141-b9cd-ec8b4b3a9720"
"2-s2.0-85106037341","9c347188-a2e9-499f-87ec-777a9b959f11"
"2-s2.0-85106037341","52a7f003-b341-44d5-a125-77131ab6b935"
"2-s2.0-85156262842","b153f4f3-3dc7-46cb-a043-7a2004418654"
"2-s2.0-85156262842","c6b0872b-3236-4f7f-8530-f73d49d1a05e"
"2-s2.0-85156262842","f51e5dc1-f75f-4ce6-b13d-552faa06b61f"
"2-s2.0-85156262842","3f94dddc-06ca-4cef-8cd4-7e20d7783c71"
"2-s2.0-85156262842","3ea43938-13bf-4d4e-b150-54d7d22762d7"
"2-s2.0-85156262842","9730910e-cfbd-4412-8f02-aa5b54a22946"
"2-s2.0-85156262842","e6acef70-bdc2-476d-81d4-8df09ed39bac"
"2-s2.0-85106351717","90a1df64-428c-4bd5-a493-5427f47386ee"
"2-s2.0-85106351717","c216bf6f-0bd7-438e-9983-a1ea4decc858"
"2-s2.0-85106351717","6f9189be-e3e8-4752-aa24-3378954185fc"
"2-s2.0-85106351717","5da40f49-cfaf-4628-a8d0-02f4f37b8f0b"
"2-s2.0-85106351717","b84271df-2e13-485e-b2e2-4ce081d3d107"
"2-s2.0-85106351717","67db9894-f658-402e-9798-92f6e7a5b4d9"
"2-s2.0-85106351717","9f7cc518-9ccc-4b5b-8a6f-7877c5c29e6b"
"2-s2.0-85106351717","88ee43b2-7608-4ce8-a0c2-f48363f5a2fb"
"2-s2.0-85106351717","7b6a3d81-ff6c-42e5-a09d-98b979cbfcdf"
"2-s2.0-85106351717","a92ef5ca-354d-4a39-9695-4ce68ed40614"
"2-s2.0-85106351717","a9a8c04a-72cf-4bd3-b306-3d5989a6d407"
"2-s2.0-85106351717","61c33e61-813b-4af6-9387-c3354ba4265c"
"2-s2.0-85106351717","4529e307-b77b-4794-bab5-a887aef6875f"
"2-s2.0-85106351717","28cb8adb-927a-436e-bbb1-df53177eca3d"
"2-s2.0-85106351717","e3fdd0f9-338c-4bdf-845d-99e79eb87363"
"2-s2.0-85106351717","aac431ac-3eb5-4623-82c6-471667e56ee1"
"2-s2.0-85106351717","93219415-ac08-4c0a-bb83-cf7d8e6fd4e6"
"2-s2.0-85106351717","77db04dd-ba98-49e7-821f-df22c8f90cd1"
"2-s2.0-85106351717","dc137d1d-0dca-45ec-92d1-ff54019225c8"
"2-s2.0-85106351717","522b7634-2640-464a-a5d3-26da82dbdf6d"
"2-s2.0-85106351717","78ccf550-935a-4b60-bf3c-0863cc541cdf"
"2-s2.0-85106351717","740e4f80-26ea-496a-beaa-cd06526da904"
"2-s2.0-85106351717","d09f9ead-a7f0-4cfd-9e72-8da987f180bf"
"2-s2.0-85106351717","97b7e68b-df99-48f0-b0bb-47797edcb761"
"2-s2.0-85106351717","d54aae91-3bba-4482-b697-00f3d80b75b6"
"2-s2.0-85106351717","557a6fdc-68f4-43c6-b4f2-07e6f4b9f679"
"2-s2.0-85106351717","27234e9c-0ea1-4d59-8d53-477b1f631931"
"2-s2.0-85106351717","c9eddea8-4a61-499c-9c2b-b172eb173f68"
"2-s2.0-85106351717","c386fb4f-dd16-4a91-a7e0-3e3847bce0c2"
"2-s2.0-85106351717","4aedda10-e824-4bd4-b795-0ce52fcb88c1"
"2-s2.0-85106351717","e8dea158-f3d1-4f8c-8143-d087b5ef8473"
"2-s2.0-85106351717","29fad14f-3939-4457-8cd5-d051bd9d148b"
"2-s2.0-85106351717","a8aa506b-c25d-4d06-8483-d1be2ab0e60b"
"2-s2.0-85106351717","753591c7-7ca0-4bb2-b4ee-36530669c639"
"2-s2.0-85106351717","0076a7a5-6993-4c49-b0e1-162e21b5e3ea"
"2-s2.0-85106351717","68aff2e2-854b-4817-add9-1d94126c3c30"
"2-s2.0-85106351717","7ee0e4b7-fca1-4260-8449-c87b3809d394"
"2-s2.0-85106351717","681ab3f3-0638-4304-af3c-7f5fc79b489b"
"2-s2.0-85106351717","dd75a44d-ccee-45a6-95ef-71f9337d3140"
"2-s2.0-85106351717","62b38f6c-f87d-4141-b9cd-ec8b4b3a9720"
"2-s2.0-85106351717","9c347188-a2e9-499f-87ec-777a9b959f11"
"2-s2.0-85106351717","51091eed-b403-4da2-9925-0f5015a2fad4"
"2-s2.0-85106351717","31c6a0af-ba5a-43dc-8089-489df11888f1"
"2-s2.0-85123542732","e18c8485-5b74-44a4-9117-3864bb1e1264"
"2-s2.0-85123542732","46d76092-96b2-4958-ab0b-6d137fcdddfe"
"2-s2.0-85123542732","313f372b-535b-4c51-a94b-5b78b8f6438e"
"2-s2.0-85123542732","e3caa5ec-8ff6-4b58-bba7-c14a92b1837e"
"2-s2.0-85123542732","7b205f52-6212-44cb-b30c-8431ec55f3b9"
"2-s2.0-85123542732","6d4ca3e1-b8ec-4348-a621-2c3df5f33871"
"2-s2.0-85123542732","dd2e1d8d-452d-4263-85a7-a575a5ebefc8"
"2-s2.0-85123542732","46a091b9-20e2-435e-8a33-5d0e3a810bbd"
"2-s2.0-85123542732","0f60d55f-12e4-4caa-ba60-1736189762f7"
"2-s2.0-85123542732","9712042c-d673-483c-8246-4c5e53ad8b69"
"2-s2.0-85123542732","ac92b7a6-4bb6-4f8c-b2f5-d7bfa37342db"
"2-s2.0-85123542732","2d6b1f22-3f1d-4988-84cd-85975480ce9c"
"2-s2.0-85123542732","02c73c03-84c3-4715-8a1b-5480fe9c9602"
"2-s2.0-85123542732","4183dc78-5e13-4656-81ae-41afe60b7201"
"2-s2.0-85123542732","994a4e9a-7092-4ad4-b6a9-d2d5a09b377b"
"2-s2.0-85123542732","654d31f6-bb9d-497a-9672-64b2c1f0d78e"
"2-s2.0-85123542732","768ae519-3238-4152-9fed-87cae81a5935"
"2-s2.0-85123542732","c4e54626-5c81-4c05-bfe6-4caff474e30a"
"2-s2.0-85123542732","61368831-0967-46a9-93ad-eed965d19052"
"2-s2.0-85123542732","d1868e50-739e-4b8e-9767-9828b8e7b811"
"2-s2.0-85123542732","d54a10c0-52fc-4063-bf88-4a9b453ade9a"
"2-s2.0-85123542732","62b38f6c-f87d-4141-b9cd-ec8b4b3a9720"
"2-s2.0-85123542732","49ad4a72-64a0-4901-9c51-595e6e675fff"
"2-s2.0-85123542732","9c347188-a2e9-499f-87ec-777a9b959f11"
"2-s2.0-85188731518","50494ea3-5cf3-4c7f-927f-edb3fe042982"
"2-s2.0-85188731518","524c42cb-bd0c-4dcb-b2bb-e72a68f1be0d"
"2-s2.0-85188731518","609f826f-dfee-4bb4-8cd3-a5546eab4ada"
"2-s2.0-85188731518","52f087f0-d505-43ec-bb54-cb74f04a9b0e"
"2-s2.0-85188731518","dd2e1d8d-452d-4263-85a7-a575a5ebefc8"
"2-s2.0-85188731518","7436aa44-40be-4bb7-9280-a3fc15eb288d"
"2-s2.0-85188731518","5f7c38bf-a74b-42e5-a4ca-dc0d6c437e6e"
"2-s2.0-85188731518","9f6de1b8-5b8d-4c1a-b118-36e88974cff7"
"2-s2.0-85188731518","62e0b405-26ef-45d1-ae3b-4e57f496c547"
"2-s2.0-85188731518","c0042294-b0bd-4067-a9e2-729a9139a046"
"2-s2.0-85188731518","cfd575d1-cf2e-4ea8-aa31-d22ca3162516"
"2-s2.0-85188731518","f7949997-38ba-4613-88dc-e330ac6b1938"
"2-s2.0-85188731518","d949353e-e594-4d46-8cf8-47d0d26dbf22"
"2-s2.0-85188731518","80b35a0b-9c87-4790-9458-fda03e9bafc7"
"2-s2.0-85188731518","7e59a2d1-2ecd-4f19-b2f8-29358acdf4e7"
"2-s2.0-85188731518","f0d51a08-f00b-48e1-97a3-7cc0d162d91d"
"2-s2.0-85188731518","5df2f418-be45-4c16-8232-ea83d0d872e1"
"2-s2.0-85188731518","fbe5a885-1ef4-43af-b6d5-9bc0f6cce357"
"2-s2.0-85188731518","2423e3f6-9ef0-46db-b6f3-e5daa7e348f3"
"2-s2.0-85188731518","a301e924-366c-40d6-805c-e7662752c0cc"
"2-s2.0-85188731518","32a37e04-5ce2-40c7-8233-d1818fff4229"
"2-s2.0-85188731518","415f32e9-0e0a-417b-b340-e96f29443913"
"2-s2.0-85188731518","bfd59a9c-3ee8-4390-971d-bf874752e531"
"2-s2.0-85188731518","cce86c20-4ba3-4358-8c73-f00752fa5395"
"2-s2.0-85188731518","6bed5ea2-f650-42d5-bbce-811855980612"
"2-s2.0-85188731518","67ae8ff2-ae56-4336-99ab-e0b0520eb90b"
"2-s2.0-85188731518","c2344240-df85-4045-9714-5c31c8eff8a1"
"2-s2.0-85188731518","93219415-ac08-4c0a-bb83-cf7d8e6fd4e6"
"2-s2.0-85188731518","30bce5c7-4e6a-4af0-a32d-dab1d5d45af3"
"2-s2.0-85188731518","fa50f8b8-93e3-4369-8f3f-75d1e0ba34aa"
"2-s2.0-85188731518","d1868e50-739e-4b8e-9767-9828b8e7b811"
"2-s2.0-85188731518","8a1afff8-1e0e-4a27-a3ae-726397266055"
"2-s2.0-85188731518","27234e9c-0ea1-4d59-8d53-477b1f631931"
"2-s2.0-85188731518","c980ea66-5a0f-46c4-a881-fb177023b5fc"
"2-s2.0-85188731518","9b236f4e-38b1-4d8a-a710-e7211f54216b"
"2-s2.0-85188731518","33b0fddf-797e-47dc-ac66-06b3e75b6c6e"
"2-s2.0-85188731518","509cc255-5536-4714-b5ee-ca711e024287"
"2-s2.0-85188731518","06b4ffcf-b692-460b-9266-0ce9c87253e1"
"2-s2.0-85188731518","a3060ea0-3b87-4305-b8a8-2f907bbef89a"
"2-s2.0-85188731518","e3ac117b-127f-48c2-b2b8-f66743ba5cac"
"2-s2.0-85188731518","c58a8628-ff2b-44b5-91a8-a5ddc3e5b1c4"
"2-s2.0-85188731518","fb5446dc-8729-43cb-b288-179e0d729fca"
"2-s2.0-85188731518","f70460a9-0c80-408d-8059-0f208ec2b85f"
"2-s2.0-85188731518","4c68e011-c107-48b4-9875-b1ddde76421c"
"2-s2.0-85125892630","76edcb9d-81c6-46fb-8c39-9cb621461983"
"2-s2.0-85125892630","6f9189be-e3e8-4752-aa24-3378954185fc"
"2-s2.0-85125892630","9f6de1b8-5b8d-4c1a-b118-36e88974cff7"
"2-s2.0-85125892630","fcbda0f5-8208-49da-94c5-2f4a5d7ecd64"
"2-s2.0-85125892630","59d22818-be62-42d4-822d-ff959057227e"
"2-s2.0-85125892630","2d7e9c83-4211-437d-b6ab-090f0ca152dd"
"2-s2.0-85125892630","fba90400-2634-4c47-b65a-e70573a2f17d"
"2-s2.0-85125892630","ee79852e-ce3f-4941-afe3-b86eac09bb6a"
"2-s2.0-85125892630","16ed0ddb-eb6c-4aa1-a098-63876b07ba15"
"2-s2.0-85125892630","a7b50421-500b-4865-81c8-e6339bb9b866"
"2-s2.0-85125892630","db9b30cd-9ec1-45c8-a4ff-9ea96dcecdbc"
"2-s2.0-85125892630","1226cc69-a078-4fa3-bc58-d66688e04cc1"
"2-s2.0-85125892630","7cedf59e-a831-40e9-a935-b4168f0816c9"
"2-s2.0-85125892630","7bb5d4fb-56b9-4861-9687-d8028a6094aa"
"2-s2.0-85125892630","6b1249fe-d20b-4576-8d95-f193053950ee"
"2-s2.0-85125892630","32a37e04-5ce2-40c7-8233-d1818fff4229"
"2-s2.0-85125892630","69ea8319-c753-4cb6-94b8-f1c3b97c0b56"
"2-s2.0-85125892630","82d3de5c-f282-4aea-998f-3def416f23ba"
"2-s2.0-85125892630","2f76e58c-fb6c-416a-b877-e168daaa3eb6"
"2-s2.0-85125892630","93219415-ac08-4c0a-bb83-cf7d8e6fd4e6"
"2-s2.0-85125892630","cc4bf925-b51d-414d-a36f-81f748bf6765"
"2-s2.0-85125892630","d09f9ead-a7f0-4cfd-9e72-8da987f180bf"
"2-s2.0-85125892630","490120bb-c15a-4e89-b8e8-c41cdeeb89d0"
"2-s2.0-85125892630","6c7b23c9-ad61-4f5b-8c1f-7cf3a9e334e8"
"2-s2.0-85125892630","9c3e80b0-4649-452a-a8a9-bc95e047bc75"
"2-s2.0-85125892630","5be0fe1e-ebc4-4013-ae08-bb8001484c4e"
"2-s2.0-85125892630","4f42db32-09c4-41a5-ad5b-50c4ad3ae095"
"2-s2.0-85125892630","27234e9c-0ea1-4d59-8d53-477b1f631931"
"2-s2.0-85125892630","cb963a3d-2a28-4da4-9616-2a657ed3f5b3"
"2-s2.0-85125892630","4c68e011-c107-48b4-9875-b1ddde76421c"
"2-s2.0-85129314895","4323694c-2ae4-456a-a79b-1ab039389f56"
"2-s2.0-85129314895","52f087f0-d505-43ec-bb54-cb74f04a9b0e"
"2-s2.0-85129314895","6c9a41b7-3904-40e6-9825-79327e7ae552"
"2-s2.0-85129314895","6b7f4cca-638d-487f-b1ed-256ad5e67f78"
"2-s2.0-85129314895","e5051297-2edf-4522-8dc5-dccada9dfbb2"
"2-s2.0-85129314895","de24287e-384a-4695-8eb0-76b764f3025f"
"2-s2.0-85129314895","8abc582c-f4c3-48b7-9726-c36a878c696d"
"2-s2.0-85129314895","b853e1b8-56d4-4e82-8ae2-377531c03b5e"
"2-s2.0-85129314895","8c644170-215a-4f69-ac26-ac6c030cc510"
"2-s2.0-85129314895","40a04d92-7116-4cc4-a4ac-dfb9abd6964d"
"2-s2.0-85129314895","193fadb5-9a12-41ba-8ff6-0b9f6b01d0dd"
"2-s2.0-85129314895","7eab1aaa-e581-476b-a371-36ba2162d76f"
"2-s2.0-85139093557","099182bd-0620-43e0-b168-c01f33f4be46"
"2-s2.0-85139093557","be664f99-011e-47a9-8db1-8bd984658b46"
"2-s2.0-85139093557","8485f048-35f2-4c4b-b6ee-3ec5a38d6f4c"
"2-s2.0-85139093557","28355640-d2f3-46fa-aeaf-c4f933a5561e"
"2-s2.0-85139093557","975f354c-5f55-47a1-a100-203e5dd0efaa"
"2-s2.0-85139093557","2489d08b-978c-4aa9-a5d8-8ed3cad7958d"
"2-s2.0-85139093557","62130cd2-b3b9-4dd6-af83-10edd61e25f4"
"2-s2.0-85139093557","89b5c934-d923-4a70-8f43-1404839d8151"
"2-s2.0-85139093557","daa7996e-5d59-4be9-837e-a3cebd7b811d"
"2-s2.0-85139093557","d400b8df-7c1b-4c97-8bec-40f81fd3721d"
"2-s2.0-85139093557","e0df41b6-db8c-4fc5-9088-dc6ead7eef4d"
"2-s2.0-85139093557","2feab1f5-3927-48d6-973f-5361e64a6690"
"2-s2.0-85139093557","84ba5ab7-fabe-4e3f-8a70-28920ae22b45"
"2-s2.0-85139093557","95e6bea9-699d-4511-8e37-5c323c518ca7"
"2-s2.0-85139093557","e6155fe6-197d-4501-ba9c-95e19befafa2"
"2-s2.0-85139093557","cb0086be-7cb3-408a-aa24-4ae36c443c3d"
"2-s2.0-85139093557","c9844dd5-e1ee-45d1-8359-8e4e7e1f701d"
"2-s2.0-85139093557","23129a45-4d53-4bae-b264-4929e1473a32"
"2-s2.0-85139093557","19d91b53-7b07-44ee-93fa-1259e0aceaa7"
"2-s2.0-85127413836","9da05686-468b-4376-ac80-7bcecbde5ea4"
"2-s2.0-85127413836","b84271df-2e13-485e-b2e2-4ce081d3d107"
"2-s2.0-85127413836","88ee43b2-7608-4ce8-a0c2-f48363f5a2fb"
"2-s2.0-85127413836","ac6534f7-a6ca-475f-9b34-280286dede82"
"2-s2.0-85127413836","7b6a3d81-ff6c-42e5-a09d-98b979cbfcdf"
"2-s2.0-85127413836","4323694c-2ae4-456a-a79b-1ab039389f56"
"2-s2.0-85127413836","d6a7f0ad-56c4-491c-9b9f-517522770c63"
"2-s2.0-85127413836","44871d0e-3f05-4d0f-986c-91ffc66e1a59"
"2-s2.0-85127413836","956ae4cf-4aa3-4cfc-9b7e-0ecefe2b8fdd"
"2-s2.0-85127413836","ca2cfe60-057d-4e2a-87fa-d163620926df"
"2-s2.0-85127413836","b0747f28-0344-47e4-beec-48bee674bc10"
"2-s2.0-85127413836","95129900-aec9-4663-90fe-ce0a9ce7695a"
"2-s2.0-85127413836","8ce4e20c-04e4-40fc-9ccd-cdca8b05cecd"
"2-s2.0-85127413836","2ea67f54-eba2-4a72-9190-b288bd35ec7b"
"2-s2.0-85127413836","62b38f6c-f87d-4141-b9cd-ec8b4b3a9720"
"2-s2.0-85127413836","a81835ed-e952-481e-938c-65aa971055ba"
"2-s2.0-85127413836","9f7cc518-9ccc-4b5b-8a6f-7877c5c29e6b"
"2-s2.0-85127413836","d1716f15-629c-406d-be17-cbb633476a06"
"2-s2.0-85127413836","9769b3de-c9dd-40ba-aea1-6fa2761f2c3a"
"2-s2.0-85127413836","d54aae91-3bba-4482-b697-00f3d80b75b6"
"2-s2.0-85127413836","51091eed-b403-4da2-9925-0f5015a2fad4"
"2-s2.0-85127413836","31c6a0af-ba5a-43dc-8089-489df11888f1"
"2-s2.0-85129748392","f34ffd39-778f-460f-868f-29314bd0ac29"
"2-s2.0-85129748392","5eb1fb19-4b62-4ecf-b672-6aa55a2214aa"
"2-s2.0-85129748392","7a63c38e-0c0f-4c47-89f2-75a1e496802c"
"2-s2.0-85129748392","2e028c06-d14c-4af2-830e-624ccfa13931"
"2-s2.0-85129748392","0ff13066-5f94-4672-b509-325f42136e13"
"2-s2.0-85129748392","4323694c-2ae4-456a-a79b-1ab039389f56"
"2-s2.0-85129748392","dbaaf1f0-3db8-45c7-bfa8-2a1654cbe526"
"2-s2.0-85129748392","9479c672-9f41-46c2-bc50-c2a684bfb5d3"
"2-s2.0-85129748392","b2fc9d3a-774e-41e6-9560-31dc0cb0407c"
"2-s2.0-85129748392","884c3f31-2334-4c54-bbe7-aba8cfc4aa06"
"2-s2.0-85129748392","84631144-7842-4b9b-98f7-4ef3f96b1af7"
"2-s2.0-85129748392","7a99f026-f1e6-4b4a-9d44-045d944c5ea5"
"2-s2.0-85129748392","844bb107-eea9-4f7a-900e-15839cd43f36"
"2-s2.0-85129748392","ba49e94b-1c5c-487d-b2ae-4756802486b8"
"2-s2.0-85129748392","f95a4388-69cf-4e1a-80a8-6f4e281cf4ee"
"2-s2.0-85129748392","06b51519-3ee2-4668-90d6-07996f727ec2"
"2-s2.0-85178366865","fbd72ef3-c2ff-4bed-ad55-0443f0debb26"
"2-s2.0-85178366865","e2b2d812-8cd1-4180-aaf7-012e1d52359e"
"2-s2.0-85178366865","99a95ac7-161f-4f52-9f82-1a7e03fba1a8"
"2-s2.0-85178366865","9eb44589-7144-4715-a611-bd77117acf42"
"2-s2.0-85178366865","4de48085-2942-40ff-833e-829b451f03e1"
"2-s2.0-85178366865","2489d08b-978c-4aa9-a5d8-8ed3cad7958d"
"2-s2.0-85178366865","fff66258-a963-4dcc-a35e-f0170102d0d0"
"2-s2.0-85178366865","89b5c934-d923-4a70-8f43-1404839d8151"
"2-s2.0-85178366865","06fd2e92-9fae-4cfd-bc95-14d2feda34a6"
"2-s2.0-85178366865","8b4a994c-8d2f-41dc-a971-2220588f9d08"
"2-s2.0-85178366865","3c346c37-bcc4-40ae-9c83-d2263fe6cee4"
"2-s2.0-85178366865","a9c8db27-32ba-4325-a5f9-1b1e03d7711f"
"2-s2.0-85178366865","4ebc43a2-ec10-449e-b5ec-4e80145e6add"
"2-s2.0-85178366865","cf0457ae-a6d6-4cd3-82b6-d7831fa2ae82"
"2-s2.0-85178366865","89957298-731c-4804-aa8a-01ed441b2cd5"
"2-s2.0-85178366865","9e08ecd1-feeb-4cb4-9deb-cf39344a718b"
"2-s2.0-85178366865","f4a14648-8966-41d0-a49e-a6e78c82b618"
"2-s2.0-85178366865","712f6c83-773a-4a9a-9f48-5c82ff4a6542"
"2-s2.0-85178366865","1f2b8ff4-deec-4546-bf45-8f9e7c33814b"
"2-s2.0-85178366865","fd329757-6a8a-4eb2-b921-df31925c3c4d"
"2-s2.0-85178366865","9019d447-8626-4a90-95f1-eda93902416d"
"2-s2.0-85178366865","f880fa1b-d7ed-4a3c-ad2c-ccb5f338dfd6"
"2-s2.0-85178366865","036f6abb-2d71-4096-b46e-1e63bdaf5799"
"2-s2.0-85178366865","e94e3593-1df7-425c-ab7d-c93370a12651"
"2-s2.0-85178366865","a32285e4-c1f8-45a1-9fa3-5ec27adffb92"
"2-s2.0-85162914415","b153f4f3-3dc7-46cb-a043-7a2004418654"
"2-s2.0-85162914415","496589b6-8e46-47bd-ae7c-f9a2fcb6ec14"
"2-s2.0-85162914415","43f4fa7c-be8f-4e1c-a2e8-20b4a8a78911"
"2-s2.0-85162914415","97faba37-0b76-42bf-9388-92fc472284ef"
"2-s2.0-85162914415","a9b1bd3b-40b9-4d9e-aff3-b45801273179"
"2-s2.0-85162914415","4339d2ce-ca25-48be-a2e7-67b063b8bf01"
"2-s2.0-85162914415","160d8b39-3e7f-4f8f-864a-8b2c0f018d8c"
"2-s2.0-85162914415","95129900-aec9-4663-90fe-ce0a9ce7695a"
"2-s2.0-85162914415","2d44f073-ae35-40a3-909d-db3959494292"
"2-s2.0-85162914415","8992477c-915e-4bd9-b932-109f98d1a523"
"2-s2.0-85162914415","7fdcffd2-08b5-4adf-bd15-3a72fb356306"
"2-s2.0-85162914415","222d8054-7a64-4817-805c-07ec7cf4384f"
"2-s2.0-85182883827","91ceba8f-5787-4669-b390-8c210cf53402"
"2-s2.0-85182883827","2d7e9c83-4211-437d-b6ab-090f0ca152dd"
"2-s2.0-85182883827","322be730-f172-4086-9b17-e98d3ae5724c"
"2-s2.0-85182883827","af840e54-d3b1-4c99-887b-98d89655f587"
"2-s2.0-85182883827","2bbd0fa3-7d24-4a25-9348-caf4b0a78938"
"2-s2.0-85182883827","036f6abb-2d71-4096-b46e-1e63bdaf5799"
"2-s2.0-85182883827","9bb34f49-8103-4449-9669-caf2f05ce41a"
"2-s2.0-85182883827","03d3f2db-69be-4b6f-8a20-e640638eddec"
"2-s2.0-85182883827","a9e8f5af-488f-4e92-92d4-050a23d78c8c"
"2-s2.0-85182883827","ab40f3f3-dee8-440f-b140-7516743262c9"
"2-s2.0-85182883827","af9220fa-1588-4c36-b6af-f6e75ef2b6c3"
"2-s2.0-85182883827","b72da377-4a38-49f8-acb7-89cefb4bb5ad"
"2-s2.0-85182883827","2bb03942-0068-4654-a853-0bbee7e72081"
"2-s2.0-85182883827","fb6001c4-a60c-41ce-a88f-3b6d4233a978"
"2-s2.0-85182883827","275516d5-ec5d-4db5-b44b-f9ef40dfb790"
"2-s2.0-85182883827","59328ff5-0eb3-41b3-8792-cf6338853821"
"2-s2.0-85182883827","c0996d4c-6d17-4b31-af70-5cab44122a81"
"2-s2.0-85182883827","93219415-ac08-4c0a-bb83-cf7d8e6fd4e6"
"2-s2.0-85182883827","99689442-5dc2-4e12-bbcb-1c154a851086"
"2-s2.0-85182883827","2b81c16f-00c8-423d-b270-a35d3f34fe51"
"2-s2.0-85182883827","d09f9ead-a7f0-4cfd-9e72-8da987f180bf"
"2-s2.0-85182883827","c813df32-e165-449e-8e05-67679dc3e288"
"2-s2.0-85182883827","e277a3b7-7655-4568-8ffb-ff827a9a3b4f"
"2-s2.0-85182883827","4fd5baf8-acfd-4517-9502-5f80b3a7d119"
"2-s2.0-85182883827","e2ee8f85-5e8d-4dca-a18c-fd859fafb1c6"
"2-s2.0-85182883827","c0990913-3834-4d62-b7fc-d5e84e442e13"
"2-s2.0-85182883827","7251d3fb-678e-43b3-9911-233df38d998b"
"2-s2.0-85182883827","5cd30744-5304-41be-aae2-1bc896ba235a"
"2-s2.0-85182883827","17e45026-54f6-4c8c-b32d-ac80aa42557a"
"2-s2.0-85182883827","a838bf53-1c96-4506-99b6-8203e06358ae"
"2-s2.0-85182883827","da391d17-be9b-476c-b45e-a0f09175f046"
"2-s2.0-85182883827","1f81ce8b-0b85-43f4-ab8e-4537f1b08a01"
"2-s2.0-85182883827","d05f439e-aa06-4500-87bd-960840dec50a"
"2-s2.0-85182883827","27234e9c-0ea1-4d59-8d53-477b1f631931"
"2-s2.0-85182883827","93198d85-088f-49c0-bb6e-7b8602e55a72"
"2-s2.0-85182883827","2c01d605-39a7-49ef-8f1f-10347964380c"
"2-s2.0-85182883827","9e0dfd63-7895-4587-b151-0f9579a45fa6"
"2-s2.0-85182883827","4884efaa-04ee-4d9f-ab3c-e9d262e6e4e5"
"2-s2.0-85182883827","5d3c4ef5-6365-4083-82d9-5b45ca82f5a8"
"2-s2.0-85182883827","cc433929-2aee-4cc4-aeb0-ab39ec82ceef"
"2-s2.0-85182883827","1a3672c1-25bc-41dd-998b-35eff88f8b16"
"2-s2.0-85179317489","9da05686-468b-4376-ac80-7bcecbde5ea4"
"2-s2.0-85179317489","52843a9c-b685-45a1-a5ec-2723b2a684ed"
"2-s2.0-85179317489","23b78725-beda-4142-aecc-199af97116b1"
"2-s2.0-85179317489","49a07a08-c2e7-47c0-b817-6a5c03c4d766"
"2-s2.0-85179317489","f2228744-0001-4fa0-b6f0-38cc031dbc82"
"2-s2.0-85179317489","61c33e61-813b-4af6-9387-c3354ba4265c"
"2-s2.0-85179317489","34329ac3-a9fe-4ad3-b4d4-1028f30c0662"
"2-s2.0-85179317489","e0bd5976-11aa-41e2-b6e3-fe54c09ea467"
"2-s2.0-85179317489","9330729d-1b5b-4aa2-a452-1677dfc3d9f7"
"2-s2.0-85179317489","aac431ac-3eb5-4623-82c6-471667e56ee1"
"2-s2.0-85179317489","93219415-ac08-4c0a-bb83-cf7d8e6fd4e6"
"2-s2.0-85179317489","50846245-404d-42e3-8bed-5a864f58e805"
"2-s2.0-85179317489","099182bd-0620-43e0-b168-c01f33f4be46"
"2-s2.0-85179317489","81e3797a-7a26-4681-8913-b0f7aec6b86a"
"2-s2.0-85179317489","ae09e788-9cab-47a2-8673-597a59dde266"
"2-s2.0-85179317489","47e02003-31f1-42af-ba11-51ba37fd64f8"
"2-s2.0-85179317489","33338dba-55a1-42e2-beec-508b70cdf997"
"2-s2.0-85179317489","3f0cd724-6a17-4fe7-8cc2-6b0a435df224"
"2-s2.0-85179317489","ddc26791-bcab-4a89-9ed0-16a4f0a26fe7"
"2-s2.0-85179317489","36f7f8c2-0dcb-4390-9e25-2a5a93705974"
"2-s2.0-85179317489","0d0aabc3-b846-4a63-bd0b-5c746a91628e"
"2-s2.0-85179317489","27234e9c-0ea1-4d59-8d53-477b1f631931"
"2-s2.0-85179317489","9f7cc518-9ccc-4b5b-8a6f-7877c5c29e6b"
"2-s2.0-85179317489","e8dea158-f3d1-4f8c-8143-d087b5ef8473"
"2-s2.0-85179317489","cb963a3d-2a28-4da4-9616-2a657ed3f5b3"
"2-s2.0-85179317489","9a436e5b-2dd8-4cc6-b758-58e4875e0f78"
"2-s2.0-85179317489","f94e8085-2bc1-4bc3-86ba-e3041fff0260"
"2-s2.0-85179317489","9d613f7a-da52-454d-a0cc-06443062791c"
"2-s2.0-85179317489","ae28aee9-7067-443d-ae6b-311bdf202cb6"
"2-s2.0-85179317489","fbf12511-68fe-4cdb-a64d-2da120ddc0a2"
"2-s2.0-85179317489","1ec34669-ac46-4255-9eb1-8ac7046f0eef"
"2-s2.0-85179317489","10a4b14b-f3e4-4774-87c5-ef45cba1933f"
"2-s2.0-85179317489","27082cea-e31b-458e-9de8-ba3b88f6fc85"
"2-s2.0-85179317489","96614e9c-8ea6-457f-8551-57d11f522ac5"
"2-s2.0-85179317489","95d7089d-d177-4f38-9b0e-6257eea23b56"
"2-s2.0-85179317489","62b38f6c-f87d-4141-b9cd-ec8b4b3a9720"
"2-s2.0-85179317489","9026501c-b52b-45b9-aae6-518c464cb044"
"2-s2.0-85105243252","2d152a47-4de1-4117-8ff6-554769ce180e"
"2-s2.0-85105243252","ad936b0d-71e2-43ca-b2bf-6000220e10a5"
"2-s2.0-85105243252","6206bc1e-8ae3-49c5-9fce-93c8771e3c92"
"2-s2.0-85105243252","43826f37-0230-4954-b0cc-8fd5f3524c3c"
"2-s2.0-85105243252","9cbd9eb6-26e4-47f2-bc5e-f11e5ac3fe82"
"2-s2.0-85105243252","8abc582c-f4c3-48b7-9726-c36a878c696d"
"2-s2.0-85105243252","4685c82b-1995-4a43-833b-f6abbfc7baeb"
"2-s2.0-85105243252","00fad238-de91-4337-a247-bb3a45db901e"
"2-s2.0-85153780111","f62d928b-1fc5-4c8f-8210-b97ed5fdb486"
"2-s2.0-85153780111","4323694c-2ae4-456a-a79b-1ab039389f56"
"2-s2.0-85153780111","52f087f0-d505-43ec-bb54-cb74f04a9b0e"
"2-s2.0-85153780111","bd30be0d-0a5b-4fd6-aa98-7a43f1031320"
"2-s2.0-85153780111","30bce5c7-4e6a-4af0-a32d-dab1d5d45af3"
"2-s2.0-85153780111","5fe29a2b-432a-42da-837f-9c2c18457af4"
"2-s2.0-85153780111","ca48fa14-d626-4a92-aea7-9ed9662e6302"
"2-s2.0-85153780111","420ea4f7-b6e4-4eb2-85b1-f21afc363991"
"2-s2.0-85153780111","8abc582c-f4c3-48b7-9726-c36a878c696d"
"2-s2.0-85153780111","fb56e2f2-10d0-45a3-aa2f-228fb8c073ca"
"2-s2.0-85153780111","222d8054-7a64-4817-805c-07ec7cf4384f"
"2-s2.0-85153780111","b853e1b8-56d4-4e82-8ae2-377531c03b5e"
"2-s2.0-85153780111","a01cffdc-0442-4c7e-99f8-325444608280"
"2-s2.0-85153780111","7eab1aaa-e581-476b-a371-36ba2162d76f"
"2-s2.0-85153780111","441c536c-2443-45d4-9d12-8fe26f7de6da"
"2-s2.0-85089755438","4323694c-2ae4-456a-a79b-1ab039389f56"
"2-s2.0-85089755438","c307bda6-5025-4270-9caa-5b94f7f87df2"
"2-s2.0-85089755438","fe89492d-264a-47b5-afb0-3860f8acca88"
"2-s2.0-85089755438","deb71df0-7a31-4399-a433-a1a6fdae3fee"
"2-s2.0-85089755438","10a94b82-54d5-4809-a367-2123beaad24c"
"2-s2.0-85089755438","be9ebdf1-06e0-4a58-9115-14e1ac2f779e"
"2-s2.0-85089755438","567aafe8-f49a-4ebe-8b31-36a71e15fbb8"
"2-s2.0-85089755438","9019d447-8626-4a90-95f1-eda93902416d"
"2-s2.0-85089755438","23b84ba7-c66a-4cdd-b841-d1afaadc4e9d"
"2-s2.0-85089755438","fb56e2f2-10d0-45a3-aa2f-228fb8c073ca"
"2-s2.0-85089755438","222d8054-7a64-4817-805c-07ec7cf4384f"
"2-s2.0-85089755438","76a68867-86db-4ca2-a0fa-a80d885b32a3"
"2-s2.0-85089755438","f920dd32-5754-460e-b2a5-3fa0d034644b"
"2-s2.0-85089755438","7eab1aaa-e581-476b-a371-36ba2162d76f"
"2-s2.0-85087164686","1a195058-4fcf-40f3-ad07-b443bd2134f6"
"2-s2.0-85087164686","7a63c38e-0c0f-4c47-89f2-75a1e496802c"
"2-s2.0-85087164686","ff7bffd5-d0dc-4a61-98fd-5706c51ca0bf"
"2-s2.0-85087164686","553acae5-df8a-4b1e-8eed-fa1e758e2a3f"
"2-s2.0-85087164686","77d45922-3868-4011-ba64-3d119901ec34"
"2-s2.0-85087164686","a96c137d-b619-409c-92c2-f9a40a13768c"
"2-s2.0-85087164686","4e8e4f29-59c0-4ae8-ae82-2210f4f25969"
"2-s2.0-85087164686","d8f26a9b-74c9-47d6-8584-45cd9219ef2f"
"2-s2.0-85087164686","811a35bb-fb70-43e7-89bc-2f03a7fc3f6f"
"2-s2.0-85087164686","b143a0e1-c699-407a-9157-77bd2d9731db"
"2-s2.0-85087164686","81f1525b-aceb-4638-b7fb-33cf6bed514f"
"2-s2.0-85087164686","95c1969f-7b23-449c-8475-1b72f3a9877b"
"2-s2.0-85087164686","4ad2c287-398e-4282-97a5-eb0ca16856a0"
"2-s2.0-85087164686","863c4da4-dbaa-400d-802c-ebab93b6fec4"
"2-s2.0-85074511166","f62d928b-1fc5-4c8f-8210-b97ed5fdb486"
"2-s2.0-85074511166","52f087f0-d505-43ec-bb54-cb74f04a9b0e"
"2-s2.0-85074511166","dbc54d67-1f5a-4c3c-8d12-a43dd457b5cb"
"2-s2.0-85074511166","2d152a47-4de1-4117-8ff6-554769ce180e"
"2-s2.0-85074511166","e46b7d0f-a403-4327-b782-2d7353da0a1c"
"2-s2.0-85074511166","209dfcc6-69b4-47dc-bb35-eccd1d872bdd"
"2-s2.0-85074511166","c6af4c2d-98bd-4f1c-8af0-09874358402b"
"2-s2.0-85074511166","55012d2b-979b-4774-8ba2-f5cf97bfbfdc"
"2-s2.0-85074511166","d7a5f914-b4d1-4a56-bd7f-db27b19c5335"
"2-s2.0-85074511166","fcf855a5-e3c9-4a66-9827-cd2946f112d3"
"2-s2.0-85074511166","4f744744-7549-4d67-98ae-f7eaaf00e8fb"
"2-s2.0-85074511166","540a813d-a221-4468-ae50-52784219da41"
"2-s2.0-85074511166","bd59727e-f58a-461a-be43-3eff5495fe2d"
"2-s2.0-85074511166","1e363375-5743-41ac-8138-8c82efef186c"
"2-s2.0-85074511166","5c8a1973-522a-476d-8043-f9804558776f"
"2-s2.0-85074511166","3c9339b4-dba8-4976-ae1f-dc5ebc2bf139"
"2-s2.0-85074511166","9730910e-cfbd-4412-8f02-aa5b54a22946"
"2-s2.0-85074511166","d24e038e-ca6e-4032-8e13-0296d61c43e6"
"2-s2.0-85062332189","cdeaed6d-7f2d-4ca1-9aa7-6bb132f47686"
"2-s2.0-85062332189","f89cc1e3-ee31-474f-83f0-781ce8345e6a"
"2-s2.0-85062332189","907918c0-704f-4a4f-ae03-1fff28ed93a0"
"2-s2.0-85062332189","5fc73c75-3181-4c4d-8c05-aaf6b1d71493"
"2-s2.0-85062332189","10a94b82-54d5-4809-a367-2123beaad24c"
"2-s2.0-85062332189","4d996b5b-1316-4eec-8c6f-587cd4b420c4"
"2-s2.0-85062332189","72de9779-3e96-4ee5-99fc-a6280338ddb5"
"2-s2.0-85062332189","bc2ee456-59b5-405f-bd67-361763127bb2"
"2-s2.0-85062332189","bea65a77-fa0c-4bf7-a40d-17f9caa32122"
"2-s2.0-85062332189","6b7f4cca-638d-487f-b1ed-256ad5e67f78"
"2-s2.0-85062332189","af3fc3ab-43f1-4457-8fab-8894b476fd9e"
"2-s2.0-85062332189","956ae4cf-4aa3-4cfc-9b7e-0ecefe2b8fdd"
"2-s2.0-85062332189","b6b4f4c1-0779-4aa1-b2c2-94464f5ae8db"
"2-s2.0-85062332189","e959ad97-4e1b-408b-8a47-f7765ed00fd9"
"2-s2.0-85062332189","c2a44e9d-6aba-4363-8cc0-7167f8fcdf25"
"2-s2.0-85062332189","261a9721-754b-4895-86f5-3385d0966d6f"
"2-s2.0-85062332189","bc0a2bb0-abfa-4dbe-a86d-08c676d33d92"
"2-s2.0-85062332189","fb56e2f2-10d0-45a3-aa2f-228fb8c073ca"
"2-s2.0-85062332189","f17ae6e7-be67-438e-a963-d52ee9a22cc5"
"2-s2.0-85062332189","67539c3f-7cbb-4f9c-96a7-4522aab48514"
"2-s2.0-85062332189","c4e54626-5c81-4c05-bfe6-4caff474e30a"
"2-s2.0-85062332189","61368831-0967-46a9-93ad-eed965d19052"
"2-s2.0-85062332189","2c981c2d-2d10-43f5-99e8-3c4a85165224"
"2-s2.0-85062332189","98ece690-bb7e-4f46-a8f5-667ad7ae207b"
"2-s2.0-85088432675","f62d928b-1fc5-4c8f-8210-b97ed5fdb486"
"2-s2.0-85088432675","52f087f0-d505-43ec-bb54-cb74f04a9b0e"
"2-s2.0-85088432675","6eebe9a8-32e0-48d5-b2cd-95143016e122"
"2-s2.0-85088432675","121f5784-7fd4-4160-b115-e10b36972e8b"
"2-s2.0-85088432675","cd3d8735-9bd8-44ab-8261-fd154386af11"
"2-s2.0-85088432675","4fd5baf8-acfd-4517-9502-5f80b3a7d119"
"2-s2.0-85088432675","3bc189db-a8a4-43ea-8913-340b0c35175f"
"2-s2.0-85088432675","c92d1788-1265-4cc3-8854-11daa242f9d8"
"2-s2.0-85088432675","f4da1c52-b169-4099-8c20-93abc5570a47"
"2-s2.0-85088432675","23b84ba7-c66a-4cdd-b841-d1afaadc4e9d"
"2-s2.0-85088432675","fb3fbe50-c7ab-4428-ad2d-8bfbe4eed579"
"2-s2.0-85088432675","777e9b31-78a9-41e3-88f9-d6e64bc01f1a"
"2-s2.0-85088432675","5e50b6ba-5493-4cc6-882d-647f198b0802"
"2-s2.0-85088432675","b11f9421-2469-41b5-8ab5-88935ef9ea05"
"2-s2.0-85091248416","1dff8853-2972-4711-b41d-ad4ee4cd2542"
"2-s2.0-85091248416","2d7e9c83-4211-437d-b6ab-090f0ca152dd"
"2-s2.0-85091248416","48dd83bd-3f9a-4f6b-b17d-3de048a3f8dd"
"2-s2.0-85091248416","801ea13a-58d1-46b1-b0f9-fd53cf2fb9e6"
"2-s2.0-85091248416","f39142ea-ed3b-4f8b-85ad-0fae4ed38e46"
"2-s2.0-85091248416","0a773aef-1f04-4ae3-a3bd-1741ed98a3c3"
"2-s2.0-85091248416","07925b33-c202-490d-a9c9-4f104cefa9fe"
"2-s2.0-85091248416","eddd682e-b546-440b-a2cc-c16b65514415"
"2-s2.0-85091248416","0c784606-2618-4e2c-9eb7-121d828eedb4"
"2-s2.0-85091248416","b21e1dfc-b657-4690-bda4-e47316131c3c"
"2-s2.0-85091248416","de336584-2673-4e95-a665-af316f997c09"
"2-s2.0-85091248416","d81055c7-8122-41fc-b8ed-05200e967135"
"2-s2.0-85091248416","62b14a56-281b-42a2-aed2-09c2803896aa"
"2-s2.0-85091248416","77221d1a-ec55-4ff9-826c-ec9cf2f3a6e2"
"2-s2.0-85091248416","32a37e04-5ce2-40c7-8233-d1818fff4229"
"2-s2.0-85091248416","6edf1234-d7d9-4cc8-b48d-6014746538f9"
"2-s2.0-85091248416","3953b061-ba09-4611-b1da-a119d19b5b9f"
"2-s2.0-85091248416","4ebb54ee-167a-47c9-9cdb-8f0e335f4829"
"2-s2.0-85091248416","82d3de5c-f282-4aea-998f-3def416f23ba"
"2-s2.0-85091248416","47cb67b6-5338-46e7-9fea-543c395ab731"
"2-s2.0-85091248416","93219415-ac08-4c0a-bb83-cf7d8e6fd4e6"
"2-s2.0-85091248416","fa50f8b8-93e3-4369-8f3f-75d1e0ba34aa"
"2-s2.0-85091248416","205af4bb-e415-472d-95c9-ea8eb061fc1a"
"2-s2.0-85091248416","cc4bf925-b51d-414d-a36f-81f748bf6765"
"2-s2.0-85091248416","d09f9ead-a7f0-4cfd-9e72-8da987f180bf"
"2-s2.0-85091248416","af3fc3ab-43f1-4457-8fab-8894b476fd9e"
"2-s2.0-85091248416","811646fc-5ce5-4c33-b1f9-de7ce60ab630"
"2-s2.0-85091248416","423a7a8e-9ff9-46ba-9d33-56f06227a935"
"2-s2.0-85091248416","e50a9b35-f110-4e00-b401-da32129539ad"
"2-s2.0-85091248416","5fe0c17d-ee4f-4d9c-86f3-3e51136c43c8"
"2-s2.0-85091248416","5ebf3a05-9f27-44a5-9f0b-3124c4d5211f"
"2-s2.0-85091248416","e4520641-99f5-4f74-8c0c-9c99d1e4f489"
"2-s2.0-85091248416","5394fb0f-05d0-44f9-8a63-9eb967f5e146"
"2-s2.0-85091248416","52888c44-8bc0-44c1-af43-26aaa45bd810"
"2-s2.0-85091248416","ef4ca86c-b23d-4f0a-8ce5-49b6a104cfc2"
"2-s2.0-85091248416","a09e84c7-bf87-47fa-8dd9-7dbca2d94be3"
"2-s2.0-85091248416","1f81ce8b-0b85-43f4-ab8e-4537f1b08a01"
"2-s2.0-85091248416","27234e9c-0ea1-4d59-8d53-477b1f631931"
"2-s2.0-85091248416","6c5dfcc0-3c95-4747-9e9a-b0e072ad02aa"
"2-s2.0-85091248416","cb963a3d-2a28-4da4-9616-2a657ed3f5b3"
"2-s2.0-85091248416","3ec0697e-56c1-440b-b400-af96f4c06cd4"
"2-s2.0-85064530368","4323694c-2ae4-456a-a79b-1ab039389f56"
"2-s2.0-85064530368","b8bcc8d9-10fd-4d2d-930e-7e1cf67ae3e2"
"2-s2.0-85064530368","52f087f0-d505-43ec-bb54-cb74f04a9b0e"
"2-s2.0-85064530368","e62675fd-d685-448c-abd0-27f893bf606f"
"2-s2.0-85064530368","0e2815f0-9320-491a-8a2e-b9129fe57059"
"2-s2.0-85064530368","1ba8cd69-6887-4aea-a60d-82510deebaf4"
"2-s2.0-85064530368","9019d447-8626-4a90-95f1-eda93902416d"
"2-s2.0-85064530368","30bce5c7-4e6a-4af0-a32d-dab1d5d45af3"
"2-s2.0-85064530368","13d4eb6f-e2ba-4829-8403-032033f43fe6"
"2-s2.0-85064530368","5cd30744-5304-41be-aae2-1bc896ba235a"
"2-s2.0-85064530368","eefc0c3c-a54a-4773-a830-cce6d0fc33ad"
"2-s2.0-85064530368","28e3ff3d-06e5-464d-bbd9-fae65ed63e52"
"2-s2.0-85064530368","b080ee33-afba-4530-9f2d-a3e5554334ae"
"2-s2.0-85064530368","7eab1aaa-e581-476b-a371-36ba2162d76f"
"2-s2.0-85064530368","441c536c-2443-45d4-9d12-8fe26f7de6da"
"2-s2.0-85095720110","33d6e9f6-493b-4bb4-bae9-9ada617c8a39"
"2-s2.0-85095720110","524c42cb-bd0c-4dcb-b2bb-e72a68f1be0d"
"2-s2.0-85095720110","52f087f0-d505-43ec-bb54-cb74f04a9b0e"
"2-s2.0-85095720110","8040e453-e367-4498-a91d-a6ec2c0dcc10"
"2-s2.0-85095720110","db2c9a94-9ae8-4763-8cc0-14428e9119a1"
"2-s2.0-85095720110","5048b417-6a2e-4d98-9419-3e0882265bff"
"2-s2.0-85095720110","539e3086-7623-4fb7-ba0d-a1ff5416c962"
"2-s2.0-85095720110","d7bfb000-f9f1-4440-a65d-f59e5305deaf"
"2-s2.0-85095720110","23cd4c51-f967-432c-9018-2e65b8cf213c"
"2-s2.0-85095720110","15d85992-e11e-4628-9188-6ce52655a5ea"
"2-s2.0-85095720110","cb4bc12c-a259-4dec-8183-22104e88c8ba"
"2-s2.0-85095720110","14b166e6-2feb-417e-8e01-18ff27f33aa9"
"2-s2.0-85095720110","e39ad97f-4871-4a02-ab95-3d9275c66f0a"
"2-s2.0-85095720110","6206bc1e-8ae3-49c5-9fce-93c8771e3c92"
"2-s2.0-85095720110","b02df24a-e127-41b3-8c84-ae1206901bab"
"2-s2.0-85095720110","e30bb737-9dd9-4ec1-91e3-d7d6e5fd2306"
"2-s2.0-85095720110","07925b33-c202-490d-a9c9-4f104cefa9fe"
"2-s2.0-85095720110","5337f2dc-dcf7-4f77-989a-1c2c53e81648"
"2-s2.0-85095720110","9d668452-0109-446c-b689-e2447c57c5f2"
"2-s2.0-85095720110","f880fa1b-d7ed-4a3c-ad2c-ccb5f338dfd6"
"2-s2.0-85095720110","cc05faa0-805f-4a77-bec0-35e0b72db826"
"2-s2.0-85095720110","2c395d06-064a-422b-bab9-99fcf91d4dc3"
"2-s2.0-85095720110","cd3d8735-9bd8-44ab-8261-fd154386af11"
"2-s2.0-85095720110","4fd5baf8-acfd-4517-9502-5f80b3a7d119"
"2-s2.0-85095720110","e1de3d5e-43ba-4ff7-b078-5e12b2cfca45"
"2-s2.0-85095720110","5712b735-39f6-44d4-ad11-b5680c978ebf"
"2-s2.0-85095720110","f70460a9-0c80-408d-8059-0f208ec2b85f"
"2-s2.0-85095720110","21425117-2545-4da7-8685-0c5657ae3edb"
"2-s2.0-85095720110","a2518768-20ca-4af8-b8d6-0a15130e4c2c"
"2-s2.0-85095720110","cadaf71a-2b77-413b-97c6-ec6bc894a4cf"
"2-s2.0-85122739825","ed1d4de8-ffce-4c39-b44e-be2e21dd28b5"
"2-s2.0-85122739825","1e182161-c84a-4f83-8c98-baa9028b7190"
"2-s2.0-85122739825","62a18945-3478-447a-acdc-54d826278263"
"2-s2.0-85122739825","1271570e-2379-4420-899c-7efc94907182"
"2-s2.0-85122739825","3a86a958-0fcb-40dd-a962-73d010bcbf3c"
"2-s2.0-85122739825","9291ae88-9ec3-4c1e-8883-9ea3699478b2"
"2-s2.0-85122739825","4f1cecbe-718e-4d2d-9f5e-9f6413326285"
"2-s2.0-85122739825","1a3522be-b0fd-461d-adef-45a2c4f0f3f9"
"2-s2.0-85122739825","64a3aa22-eb9c-4337-b9e1-98d1af44b46e"
"2-s2.0-85058112114","2da8088b-f518-43c5-af9c-e5bcd1871205"
"2-s2.0-85058112114","41c6dc4b-2861-4294-ad96-0269b413fdd4"
"2-s2.0-85058112114","e18c8485-5b74-44a4-9117-3864bb1e1264"
"2-s2.0-85058112114","cf189548-d468-4d19-b157-2640672476f3"
"2-s2.0-85058112114","1a5cac7d-5729-4051-8892-bb1acf6c1d8b"
"2-s2.0-85058112114","58990bad-0498-43c3-8aef-376604f8cf09"
"2-s2.0-85058112114","fad1328e-aa24-4dda-8e0d-aee57287e9ee"
"2-s2.0-85058112114","f7801719-6e56-4803-b603-b0e298103879"
"2-s2.0-85058112114","dd2e1d8d-452d-4263-85a7-a575a5ebefc8"
"2-s2.0-85058112114","03d6ee57-56ed-4813-a75f-057f9c73d478"
"2-s2.0-85058112114","869cd8b4-1a70-46be-9938-4c12d6642c16"
"2-s2.0-85058112114","c4e31825-4647-4c04-ad5b-94d428d0a5ca"
"2-s2.0-85058112114","11ea2442-f879-43f5-82fe-9bb65b9d38e0"
"2-s2.0-85058112114","0acd0ab1-2931-43b0-8b0a-7eb09adbb7eb"
"2-s2.0-85058112114","0822667b-91f3-45a0-9cde-9e5c0b9d81dc"
"2-s2.0-85058112114","92207f8b-ab48-435d-87a0-68530f69734d"
"2-s2.0-85058112114","eccdd672-c0bb-4ab3-b0ef-e82a78ad8b62"
"2-s2.0-85058112114","5a5b7d15-3ac2-4327-896e-7a12f86e0265"
"2-s2.0-85058112114","2fe37288-80d9-4edf-bc3b-e03ca920a531"
"2-s2.0-85058112114","d949353e-e594-4d46-8cf8-47d0d26dbf22"
"2-s2.0-85058112114","0cb16846-b205-4e5b-8fec-0f4b01f5c97e"
"2-s2.0-85058112114","646fcba4-3a08-4bdb-bc52-898aaae12c15"
"2-s2.0-85058112114","961a64b5-d0b5-42ea-9036-5d0c179900a6"
"2-s2.0-85058112114","05979ea8-f8e1-43d6-93b4-ff8d8b474bb2"
"2-s2.0-85058112114","ea06ec02-1f17-4fd5-8c2d-d1863ecd100f"
"2-s2.0-85058112114","b016b106-3ee1-4856-90a9-85c2f8d4c8ef"
"2-s2.0-85058112114","fda3ee1b-c6bb-459e-bd44-999343ecdc30"
"2-s2.0-85058112114","1018da6d-0289-41f2-bd06-34399add95a9"
"2-s2.0-85058112114","32a37e04-5ce2-40c7-8233-d1818fff4229"
"2-s2.0-85058112114","e17d1060-d941-4158-a971-caaf040158b7"
"2-s2.0-85058112114","514c3510-ba4e-46a3-98dc-071d2b55f571"
"2-s2.0-85058112114","c8d7a0e3-e0a4-4648-887e-cf11fd4911ed"
"2-s2.0-85058112114","4875bd08-28a1-4692-945a-0e05948f53d2"
"2-s2.0-85058112114","d3e9f6e3-ff4e-4cb2-83c8-b01ff26b8eda"
"2-s2.0-85058112114","7133c5fc-ea8f-42ba-b1fc-1182b2d65fa3"
"2-s2.0-85058112114","05f4ee4a-5cce-4051-aa06-7cbd990d5e7d"
"2-s2.0-85058112114","82d3de5c-f282-4aea-998f-3def416f23ba"
"2-s2.0-85058112114","8e9ffe2f-7b32-418a-b398-5afb8f49e0a0"
"2-s2.0-85058112114","d93205de-6b78-4173-9a48-e36c72d511f7"
"2-s2.0-85058112114","2d6b1f22-3f1d-4988-84cd-85975480ce9c"
"2-s2.0-85058112114","f6bf8493-d68a-45ca-81d6-5b3f46ecf2ea"
"2-s2.0-85058112114","cce86c20-4ba3-4358-8c73-f00752fa5395"
"2-s2.0-85058112114","93219415-ac08-4c0a-bb83-cf7d8e6fd4e6"
"2-s2.0-85058112114","c0577920-3995-49ed-899a-bc50312834f2"
"2-s2.0-85058112114","dcc5aae8-c69e-48c7-9860-f2f437c170fa"
"2-s2.0-85058112114","c9046ea9-5402-4509-9553-588f6e274682"
"2-s2.0-85058112114","d09f9ead-a7f0-4cfd-9e72-8da987f180bf"
"2-s2.0-85058112114","4fd5baf8-acfd-4517-9502-5f80b3a7d119"
"2-s2.0-85058112114","759cc298-ef50-4641-8dec-6a05a7f59226"
"2-s2.0-85058112114","d1868e50-739e-4b8e-9767-9828b8e7b811"
"2-s2.0-85058112114","d3f1a493-195d-4cea-b6b1-163443552522"
"2-s2.0-85058112114","4db4b715-5350-4b7d-b8e4-6da7f93c390f"
"2-s2.0-85058112114","52888c44-8bc0-44c1-af43-26aaa45bd810"
"2-s2.0-85058112114","54035a03-1dc0-4c41-bb98-85035c112fca"
"2-s2.0-85058112114","6067a65b-2930-4003-826e-f8a59dd3270a"
"2-s2.0-85058112114","e86e2202-2fa8-43b5-a984-f9f7032f7f8f"
"2-s2.0-85058112114","df6ef8d9-f4a0-4fea-8b15-c9e78c1736be"
"2-s2.0-85058112114","0ec449d5-40bc-4e12-8708-17d95a10a86b"
"2-s2.0-85058112114","1fef2c1d-c47b-4056-9b9b-a60fa9e68a5d"
"2-s2.0-85058112114","07a12d74-766d-42d0-a178-d02354a0ed91"
"2-s2.0-85058112114","565cf992-ee94-42a9-8512-9a950e0833b8"
"2-s2.0-85058112114","7d896166-3624-4357-a371-8344c5e1c34b"
"2-s2.0-85058112114","4c68e011-c107-48b4-9875-b1ddde76421c"
"2-s2.0-85058112114","9160fb13-b3b3-4bb5-b67d-abc319ec75f0"
"2-s2.0-85058112114","c99c462e-c205-460c-a5af-70b85eadb6cb"
"2-s2.0-85058112114","b9a56ed7-b506-4bce-b975-5cc76d1b6bf0"
"2-s2.0-85058112114","62b38f6c-f87d-4141-b9cd-ec8b4b3a9720"
"2-s2.0-85058112114","d0a140ac-ff08-4af9-b19f-8171c17bdc8b"
"2-s2.0-85058112114","ab5955a4-2f9c-43b7-b3bc-4b3868c5a0dc"
"2-s2.0-85058112114","dde40d89-8f37-41d0-9c8d-0c75bc209fe7"
"2-s2.0-85094932101","0cd202d1-fb62-4022-b605-94db0cece274"
"2-s2.0-85094932101","df318e8e-d11d-41ce-adb8-119f0a1c1032"
"2-s2.0-85094932101","032ec586-9e6a-4b14-8177-ec252f821cad"
"2-s2.0-85094932101","ab9d4d53-5f39-4a2a-b50c-61fd164495a8"
"2-s2.0-85094932101","10a94b82-54d5-4809-a367-2123beaad24c"
"2-s2.0-85094932101","28e3ff3d-06e5-464d-bbd9-fae65ed63e52"
"2-s2.0-85094932101","e24e0587-2a0f-49a3-b343-8ccebf5e4fa0"
"2-s2.0-85094932101","4c68e011-c107-48b4-9875-b1ddde76421c"
"2-s2.0-85094932101","96457492-67c7-454a-aa9f-2c8d9793cf76"
"2-s2.0-85094932101","c7759abe-84e6-4e55-8b6c-ab9ec3777ab6"
"2-s2.0-85094932101","01962447-c172-4f29-8f2e-84eb5f439474"
"2-s2.0-85094932101","61368831-0967-46a9-93ad-eed965d19052"
"2-s2.0-85094932101","9da00b2e-e546-4e3a-b2d8-38fa00675272"
"2-s2.0-85060153362","1a6a2f66-747e-4860-aead-0b862a861011"
"2-s2.0-85060153362","29e4d481-63a3-4e0f-a86b-e35c6aa1cd3b"
"2-s2.0-85060153362","0383ce65-42ca-4539-b8b7-16517c029182"
"2-s2.0-85060153362","8d443b47-5d77-42b5-a819-61c7dd3fe5e9"
"2-s2.0-85060153362","5c075e73-beda-4d85-9764-1f01f76250cc"
"2-s2.0-85060153362","10a94b82-54d5-4809-a367-2123beaad24c"
"2-s2.0-85060153362","0e51b9af-8b4e-4ef0-bb05-f7427b49ae5e"
"2-s2.0-85060153362","2866b449-87a9-4a5e-92ed-ea991ffdf850"
"2-s2.0-85060153362","bea65a77-fa0c-4bf7-a40d-17f9caa32122"
"2-s2.0-85060153362","6de1dd37-c403-42e1-8850-70c97d162b94"
"2-s2.0-85060153362","f9f68372-b910-408c-856e-5861cf096369"
"2-s2.0-85060153362","a9e2c222-54fe-4a40-b07a-f9d942a5b0a9"
"2-s2.0-85060153362","3302f878-c61a-4488-9929-a016faa68fef"
"2-s2.0-85060153362","4b94654d-17a0-40b9-9775-88f294f0d7cd"
"2-s2.0-85060153362","f679f07a-3029-4098-80db-29d1196f627c"
"2-s2.0-85060153362","1ccfd9f3-59df-4b2a-a38f-f77a94365e54"
"2-s2.0-85060153362","386ffda5-0865-4845-b678-a382e672fe0b"
"2-s2.0-85060153362","a13ba8b9-9c15-4fab-aec1-94852f6c97df"
"2-s2.0-85060153362","a922f201-782c-40f1-a6a9-b9dc31cce595"
"2-s2.0-85101454060","524c42cb-bd0c-4dcb-b2bb-e72a68f1be0d"
"2-s2.0-85101454060","f122518b-d02f-4d4c-9266-064dc55ec512"
"2-s2.0-85101454060","d91a9026-0e40-47ff-9d1e-ad639103488e"
"2-s2.0-85101454060","81e9ed6f-b368-422b-bdfe-1c23fba076e3"
"2-s2.0-85101454060","abdd649c-99de-4465-80b1-03b785a76872"
"2-s2.0-85101454060","8d681604-eb14-465a-a742-662514586578"
"2-s2.0-85101454060","14f7afe8-7be2-4126-8f48-145839c55846"
"2-s2.0-85101454060","4afc54c5-584c-4344-8c4d-edd90cd102e3"
"2-s2.0-85101454060","dd2e1d8d-452d-4263-85a7-a575a5ebefc8"
"2-s2.0-85101454060","84c43184-2562-4094-afa7-5e5d8ea82ee6"
"2-s2.0-85101454060","a682d59e-d85d-424c-a2e1-07fd30d69575"
"2-s2.0-85101454060","961e5b2d-1f91-4a49-a469-5f00b5c419e4"
"2-s2.0-85101454060","c01074ac-5704-4908-911a-2968dc13849f"
"2-s2.0-85101454060","539e3086-7623-4fb7-ba0d-a1ff5416c962"
"2-s2.0-85101454060","fce56fbb-b2e2-41c1-93a0-ed080b1c76f0"
"2-s2.0-85101454060","323dd7f3-9e69-40f7-b32b-b390c21eea23"
"2-s2.0-85101454060","76739638-b363-465c-958a-eb23028d62dd"
"2-s2.0-85101454060","b2854b4f-bcaa-4055-98e0-7d72ca88afa6"
"2-s2.0-85101454060","d949353e-e594-4d46-8cf8-47d0d26dbf22"
"2-s2.0-85101454060","c420d991-2582-423f-8d32-7239f907a9af"
"2-s2.0-85101454060","0b1f4674-5fed-4448-943f-45bc7763871b"
"2-s2.0-85101454060","dfc92063-e832-4422-8052-f8b37a8deaaf"
"2-s2.0-85101454060","7d8ca4f0-3257-4118-91d8-a851b4ec406b"
"2-s2.0-85101454060","617e016a-1f71-4ef9-a810-0c6712b5bc8a"
"2-s2.0-85101454060","07925b33-c202-490d-a9c9-4f104cefa9fe"
"2-s2.0-85101454060","e73cb2ab-dbcc-45d5-8bd8-4bca781ab870"
"2-s2.0-85101454060","4480542f-bc42-4ee2-9efa-a2908a676da0"
"2-s2.0-85101454060","5b5a0e27-4297-4acb-928b-393291e8b474"
"2-s2.0-85101454060","ef2aa77e-54f9-40a6-8089-366793194fcd"
"2-s2.0-85101454060","32a37e04-5ce2-40c7-8233-d1818fff4229"
"2-s2.0-85101454060","0b51db06-4e20-4a2f-a967-294f0c5b51c2"
"2-s2.0-85101454060","82d3de5c-f282-4aea-998f-3def416f23ba"
"2-s2.0-85101454060","2b22af41-4a7a-4999-bd17-59412b084a64"
"2-s2.0-85101454060","275516d5-ec5d-4db5-b44b-f9ef40dfb790"
"2-s2.0-85101454060","59328ff5-0eb3-41b3-8792-cf6338853821"
"2-s2.0-85101454060","0cd87b5c-0071-45ac-94a3-0aa6ae447da5"
"2-s2.0-85101454060","cce86c20-4ba3-4358-8c73-f00752fa5395"
"2-s2.0-85101454060","93219415-ac08-4c0a-bb83-cf7d8e6fd4e6"
"2-s2.0-85101454060","450f9c2b-ece7-4cff-a2c2-e40b0ac62220"
"2-s2.0-85101454060","4a422b8d-d8eb-41be-b6eb-ef54db30e7ed"
"2-s2.0-85101454060","c00f9fda-9556-4d56-9a71-adfc85ec3666"
"2-s2.0-85101454060","63ca878a-bf28-4329-a931-f0c25a4d9940"
"2-s2.0-85101454060","d75e587a-9716-4de3-aa5e-0258f129c6c8"
"2-s2.0-85101454060","a681aba3-a6b1-4271-bb13-63477724bc29"
"2-s2.0-85101454060","f518bc33-3ed4-43ba-a41c-2870ad8caa43"
"2-s2.0-85101454060","cc4bf925-b51d-414d-a36f-81f748bf6765"
"2-s2.0-85101454060","d09f9ead-a7f0-4cfd-9e72-8da987f180bf"
"2-s2.0-85101454060","9381cd16-2f23-4242-b2ac-b9df1fac2d51"
"2-s2.0-85101454060","26d0acb0-9e19-477e-aaf9-1b5e655a0748"
"2-s2.0-85101454060","941c6ace-d9c1-4bbe-8a60-08f88248f54f"
"2-s2.0-85101454060","9c3e80b0-4649-452a-a8a9-bc95e047bc75"
"2-s2.0-85101454060","b901ae0e-1318-4592-9ead-efb0b5d480bb"
"2-s2.0-85101454060","6d4ca3e1-b8ec-4348-a621-2c3df5f33871"
"2-s2.0-85101454060","5ebf3a05-9f27-44a5-9f0b-3124c4d5211f"
"2-s2.0-85101454060","70e6f1cf-61a8-4837-bc2c-201134c06f9d"
"2-s2.0-85101454060","d16e31f8-cf75-4166-b672-5ff347397fd7"
"2-s2.0-85101454060","f698c518-8b5e-4161-b256-87c686c59ef0"
"2-s2.0-85101454060","4d2a3088-c2c7-48e5-9ecd-f5269f6f1027"
"2-s2.0-85101454060","9f09d05f-c23f-4e5b-9ac1-65a1529f0716"
"2-s2.0-85101454060","8c0af756-f450-42c3-bb5c-f9eb63b9a257"
"2-s2.0-85101454060","d1868e50-739e-4b8e-9767-9828b8e7b811"
"2-s2.0-85101454060","d3f1a493-195d-4cea-b6b1-163443552522"
"2-s2.0-85101454060","5394fb0f-05d0-44f9-8a63-9eb967f5e146"
"2-s2.0-85101454060","52888c44-8bc0-44c1-af43-26aaa45bd810"
"2-s2.0-85101454060","8c5ca90f-0201-4754-a53f-1c7d88312feb"
"2-s2.0-85101454060","fc2ee9f9-6edc-41e7-9b1a-30d7c4c0cabc"
"2-s2.0-85101454060","ef4ca86c-b23d-4f0a-8ce5-49b6a104cfc2"
"2-s2.0-85101454060","ca35e44a-9241-444b-a426-236a66a420e6"
"2-s2.0-85101454060","1f81ce8b-0b85-43f4-ab8e-4537f1b08a01"
"2-s2.0-85101454060","27234e9c-0ea1-4d59-8d53-477b1f631931"
"2-s2.0-85101454060","dd579a4d-33fe-498b-9e10-2373195da95f"
"2-s2.0-85101454060","7bb0ecb4-1089-4ac2-a895-6c56331ccf84"
"2-s2.0-85101454060","61a593be-d49f-4b16-b148-c72b659887a6"
"2-s2.0-85101454060","c515c4cb-dc25-47de-8265-a1c4e31c5734"
"2-s2.0-85101454060","f70460a9-0c80-408d-8059-0f208ec2b85f"
"2-s2.0-85101454060","4c68e011-c107-48b4-9875-b1ddde76421c"
"2-s2.0-85101454060","9160fb13-b3b3-4bb5-b67d-abc319ec75f0"
"2-s2.0-85101454060","d635f858-8f8a-439f-9d42-1cd2845862b3"
"2-s2.0-85101454060","c99c462e-c205-460c-a5af-70b85eadb6cb"
"2-s2.0-85101454060","ab5955a4-2f9c-43b7-b3bc-4b3868c5a0dc"
"2-s2.0-85101454060","29b84a4b-c541-4c07-a5ae-8d70610f4100"
"2-s2.0-85101454060","73d0b6c6-24d8-4b19-9097-988ed8aef451"
"2-s2.0-85053693704","524c42cb-bd0c-4dcb-b2bb-e72a68f1be0d"
"2-s2.0-85053693704","9f0a1b6e-de3e-4e6a-89d3-a511f0972de6"
"2-s2.0-85053693704","61d17382-fb5b-4d7b-9a40-befb15c4d897"
"2-s2.0-85053693704","ded394fd-3073-4e85-a3ed-5148fff243aa"
"2-s2.0-85053693704","97ff6fe0-df49-4d75-b8f8-e602fcdffbd8"
"2-s2.0-85053693704","eebcd138-4cb2-4126-9ef8-d9a05eb83523"
"2-s2.0-85053693704","3567c17f-64bf-4b33-9c66-55e2f4552861"
"2-s2.0-85053693704","25ff5033-05a8-4cfe-997d-bc4d85b65b41"
"2-s2.0-85053693704","e6acef70-bdc2-476d-81d4-8df09ed39bac"
"2-s2.0-85053693704","d524e7b2-2a96-4298-98ad-09f081535145"
"2-s2.0-85053693704","6785d014-5f74-46b5-8de0-fb4c4765cc90"
"2-s2.0-85053693704","69d7c38e-a2fb-4ab3-94c4-aa26c0b25d24"
"2-s2.0-85053693704","13ffb0b5-b0bf-45b1-96b5-c978c11d48c9"
"2-s2.0-85053693704","194dda0f-a06d-4fb4-88f3-ee723392bf62"
"2-s2.0-85053693704","7f5dc231-af75-43b4-981c-2edfea002bd1"
"2-s2.0-85053693704","687cbc3d-9bcd-4729-b93a-5635bffa5098"
"2-s2.0-85053693704","c74d8330-98ea-474f-8c65-d0f905beeeb3"
"2-s2.0-85053693704","1c371020-bdb8-460f-b089-a307bf939e0c"
"2-s2.0-85053693704","5023a366-0816-4b36-8c05-e56bc397184e"
"2-s2.0-85053693704","2eca1e6d-5261-482a-be98-6caa50afd512"
"2-s2.0-85053693704","c983742a-621f-4bba-9c04-d87d70c52df6"
"2-s2.0-85053693704","2ee547cf-9308-4a32-8b65-6be09f8729c9"
"2-s2.0-85053693704","531e3c26-37e9-46a3-96bb-34b84800cd2a"
"2-s2.0-85053693704","d16e31f8-cf75-4166-b672-5ff347397fd7"
"2-s2.0-85053693704","f679f07a-3029-4098-80db-29d1196f627c"
"2-s2.0-85053693704","a09e84c7-bf87-47fa-8dd9-7dbca2d94be3"
"2-s2.0-85053693704","7cdb97ee-340e-4bfd-8588-960e3454da08"
"2-s2.0-85053693704","c9d0b6ed-70ce-4879-9f09-f2001be8680d"
"2-s2.0-85053693704","f70460a9-0c80-408d-8059-0f208ec2b85f"
"2-s2.0-85053693704","4c68e011-c107-48b4-9875-b1ddde76421c"
"2-s2.0-85053693704","9160fb13-b3b3-4bb5-b67d-abc319ec75f0"
"2-s2.0-85053693704","b6b4f4c1-0779-4aa1-b2c2-94464f5ae8db"
"2-s2.0-85053693704","ef4ca86c-b23d-4f0a-8ce5-49b6a104cfc2"
"2-s2.0-85053693704","62b38f6c-f87d-4141-b9cd-ec8b4b3a9720"
"2-s2.0-85053693704","2c3eef6f-63bf-4a0a-a3c3-0c605ed86f27"
"2-s2.0-85053693704","9c347188-a2e9-499f-87ec-777a9b959f11"
"2-s2.0-85099114927","f52e18e5-54e2-4e15-8792-b1c974233c43"
"2-s2.0-85099114927","52f087f0-d505-43ec-bb54-cb74f04a9b0e"
"2-s2.0-85099114927","67ac9737-dc1a-4b6e-bd10-5ce9112a6461"
"2-s2.0-85099114927","b84271df-2e13-485e-b2e2-4ce081d3d107"
"2-s2.0-85099114927","84c43184-2562-4094-afa7-5e5d8ea82ee6"
"2-s2.0-85099114927","1c20b64c-c82c-4307-bfc0-7df5b778f074"
"2-s2.0-85099114927","539e3086-7623-4fb7-ba0d-a1ff5416c962"
"2-s2.0-85099114927","28e3ff3d-06e5-464d-bbd9-fae65ed63e52"
"2-s2.0-85099114927","3d03291e-ad32-4f9b-9631-99616d46ef62"
"2-s2.0-85099114927","2371f538-6a45-4b7c-b4c3-448d26827d95"
"2-s2.0-85099114927","07925b33-c202-490d-a9c9-4f104cefa9fe"
"2-s2.0-85099114927","ef2aa77e-54f9-40a6-8089-366793194fcd"
"2-s2.0-85099114927","d6a7f0ad-56c4-491c-9b9f-517522770c63"
"2-s2.0-85099114927","e7fa858e-a248-471b-89b1-d5a51baf7dd0"
"2-s2.0-85099114927","4c68e011-c107-48b4-9875-b1ddde76421c"
"2-s2.0-85099114927","d54aae91-3bba-4482-b697-00f3d80b75b6"
"2-s2.0-85099114927","61368831-0967-46a9-93ad-eed965d19052"
"2-s2.0-85099114927","c99c462e-c205-460c-a5af-70b85eadb6cb"
"2-s2.0-85113806664","334cf54e-70dd-49fd-b3c0-a5f819627d16"
"2-s2.0-85113806664","785156eb-db04-4cbe-81d0-a0596c9e2435"
"2-s2.0-85113806664","170fd069-0891-4edf-b2ed-08852a0dbc2c"
"2-s2.0-85113806664","062c3701-9407-4cb9-b8a2-e8bcd9fdd938"
"2-s2.0-85113806664","3f51ee28-7fd4-4ce3-a453-3af2079fed91"
"2-s2.0-85113806664","99508729-ac40-4bc2-b72a-b9a05521cf07"
"2-s2.0-85113806664","b7d13300-391f-4c54-aa99-eab068b86eae"
"2-s2.0-85113806664","c4379cc5-6ed3-4fe4-b4f4-2ce630b25320"
"2-s2.0-85113806664","f62d928b-1fc5-4c8f-8210-b97ed5fdb486"
"2-s2.0-85113806664","52f087f0-d505-43ec-bb54-cb74f04a9b0e"
"2-s2.0-85113806664","28355640-d2f3-46fa-aeaf-c4f933a5561e"
"2-s2.0-85113806664","b238c489-bc61-4545-abfc-d3b25056a6ce"
"2-s2.0-85113806664","55c48400-1e41-4a68-bcff-5ddc26028a34"
"2-s2.0-85113806664","631aa61c-de5f-4370-a2af-fe79f482adc2"
"2-s2.0-85113806664","d2d3bf27-b886-4b2e-b1d6-440df91a76ed"
"2-s2.0-85113806664","389ea33a-78cf-46e4-9b1c-a711054ae30b"
"2-s2.0-85113806664","b4b5d632-f283-4b7c-a1d5-91a17c351fb4"
"2-s2.0-85113806664","a7bfeef0-1648-43dc-9d02-4bf3cfdc1988"
"2-s2.0-85113806664","280e7542-b69c-4c65-b1bb-ff21d80580a2"
"2-s2.0-85113806664","5ddc9fda-41cf-4c51-8857-adb1996596aa"
"2-s2.0-85113806664","488897e3-bbcd-4f03-b82b-5fcf18cb0199"
"2-s2.0-85113806664","a7ab50ef-5e17-4afc-9138-b9150f058bbe"
"2-s2.0-85113806664","7a257886-63d5-4968-99ed-ed1b009faeb0"
"2-s2.0-85113806664","4e7ab9c3-6ee8-43c4-baea-63bf81342410"
"2-s2.0-85113806664","aa3f804f-c0ec-4d3b-9611-78f971b8184d"
"2-s2.0-85113806664","eceb9a04-a077-4f3a-aae6-4f6f14559d9d"
"2-s2.0-85113806664","0bb145e9-87ea-4732-b49c-0746cee31716"
"2-s2.0-85113806664","fc7e6583-4d04-43e1-8a08-9231a4141006"
"2-s2.0-85113806664","4fc8ef76-2563-4258-aa8e-dd3cee7c0c81"
"2-s2.0-85113806664","cbcef43b-0331-4d2e-b11f-7bd000c463cb"
"2-s2.0-85113806664","44b984fc-d950-422a-b697-b59c1ef99af1"
"2-s2.0-85113806664","193fadb5-9a12-41ba-8ff6-0b9f6b01d0dd"
"2-s2.0-85113806664","ef1f1e85-bf0f-4ecb-838b-80c19b93312c"
"2-s2.0-85113806664","478af701-a967-4a37-9ff4-d3259b4674b9"
"2-s2.0-85064556416","a910ea13-0cfd-42cf-b545-211548232325"
"2-s2.0-85064556416","f351d4c9-21d4-45d3-97fd-b3dab4ed71ed"
"2-s2.0-85064556416","c1da7eff-4ed7-4dec-8d08-1b3e4ac0fbc3"
"2-s2.0-85064556416","84c43184-2562-4094-afa7-5e5d8ea82ee6"
"2-s2.0-85064556416","68899cbf-99a0-4fae-a463-902eb949f75e"
"2-s2.0-85064556416","5f7c38bf-a74b-42e5-a4ca-dc0d6c437e6e"
"2-s2.0-85064556416","9f6de1b8-5b8d-4c1a-b118-36e88974cff7"
"2-s2.0-85064556416","191d5376-6676-4706-9752-53c7c8ac5849"
"2-s2.0-85064556416","b80cba12-6f89-4938-b0e4-73eda3a5e1b0"
"2-s2.0-85064556416","95034c0a-1122-46c0-aba1-ef65177e5f0f"
"2-s2.0-85064556416","a86542b7-3df6-40d8-b149-93eb817f2fc4"
"2-s2.0-85064556416","c5a07b8d-f19c-46ca-9091-683dd3662b21"
"2-s2.0-85064556416","8e39d88f-4744-427c-bee9-51bd217bfd45"
"2-s2.0-85064556416","b2854b4f-bcaa-4055-98e0-7d72ca88afa6"
"2-s2.0-85064556416","a6b9a178-aa2a-466a-9cfc-40f690164753"
"2-s2.0-85064556416","813563ee-7f88-47ab-965e-3da378f001b7"
"2-s2.0-85064556416","cfd575d1-cf2e-4ea8-aa31-d22ca3162516"
"2-s2.0-85064556416","7e59a2d1-2ecd-4f19-b2f8-29358acdf4e7"
"2-s2.0-85064556416","07a6f32d-c8ea-4b5f-8c31-243df04540be"
"2-s2.0-85064556416","9a88e3ec-b513-4a0d-bc48-b0073ee94554"
"2-s2.0-85064556416","32a37e04-5ce2-40c7-8233-d1818fff4229"
"2-s2.0-85064556416","e2ec3386-542d-435d-a7c9-171edc1487d8"
"2-s2.0-85064556416","82d3de5c-f282-4aea-998f-3def416f23ba"
"2-s2.0-85064556416","62edfb23-68ea-44c4-8f2d-b671475856f1"
"2-s2.0-85064556416","38a3c3f2-dbe8-44dc-83f8-f83fd05434a1"
"2-s2.0-85064556416","e4b641b1-4a4d-4fcd-9f7b-b82e5b8b49d4"
"2-s2.0-85064556416","a301e924-366c-40d6-805c-e7662752c0cc"
"2-s2.0-85064556416","2da2bd5f-813d-4dd1-8494-8d7c26dfb930"
"2-s2.0-85064556416","1fb2ae42-0534-406a-81bc-31dd6228f63a"
"2-s2.0-85064556416","67ae8ff2-ae56-4336-99ab-e0b0520eb90b"
"2-s2.0-85064556416","3c416542-7d95-4855-bfbb-a31e51698554"
"2-s2.0-85064556416","93219415-ac08-4c0a-bb83-cf7d8e6fd4e6"
"2-s2.0-85064556416","31a88e65-3bff-4c04-99c7-d7650bfacfea"
"2-s2.0-85064556416","b00b234c-5348-48b5-bfcb-f926b0129ac8"
"2-s2.0-85064556416","8c5ca90f-0201-4754-a53f-1c7d88312feb"
"2-s2.0-85064556416","5d196911-5759-4f3e-9360-97f60f5f626b"
"2-s2.0-85064556416","a09e84c7-bf87-47fa-8dd9-7dbca2d94be3"
"2-s2.0-85064556416","928ae48f-c8c0-4ec7-95de-3549890219e8"
"2-s2.0-85064556416","ff09f15b-3219-4c50-8a41-439f047793c1"
"2-s2.0-85064556416","27234e9c-0ea1-4d59-8d53-477b1f631931"
"2-s2.0-85064556416","019aa378-6836-4167-b26a-ca1f02a33821"
"2-s2.0-85064556416","7877bd6c-a96a-41f4-8385-59485de38290"
"2-s2.0-85064556416","4c68e011-c107-48b4-9875-b1ddde76421c"
"2-s2.0-85064556416","9160fb13-b3b3-4bb5-b67d-abc319ec75f0"
"2-s2.0-85064556416","fea1afa8-13e5-49c7-b0cf-5ca38dc99aec"
"2-s2.0-85085896549","52f087f0-d505-43ec-bb54-cb74f04a9b0e"
"2-s2.0-85085896549","bd30be0d-0a5b-4fd6-aa98-7a43f1031320"
"2-s2.0-85085896549","3984cd4d-ddb1-4227-8a22-4311d1f22285"
"2-s2.0-85085896549","230619b5-d23b-470a-9551-c6bb28eeedc3"
"2-s2.0-85085896549","db343811-0497-457c-8013-79add534b3a9"
"2-s2.0-85085896549","25fb071c-f61e-48ca-a2c5-0430235efb98"
"2-s2.0-85085896549","059e3fe5-2f8c-4640-af49-d9d79ad9a76c"
"2-s2.0-85085896549","cd2d4aa5-1ba2-40ea-a10a-3af92ff1aa0f"
"2-s2.0-85085896549","85f2f149-709b-460c-958b-fa944a26e7c0"
"2-s2.0-85085896549","71fb84ca-3cf1-4dd0-8dd8-4e2a84551de1"
"2-s2.0-85085896549","218d32cd-03cd-4539-9491-57b50bc05e34"
"2-s2.0-85085896549","74a83d2c-a981-480b-8ba0-c8881b9384cb"
"2-s2.0-85085896549","264a6640-5278-4b20-a104-f09a4ae94774"
"2-s2.0-85085896549","4ab89573-91c9-4b62-a906-fecf1e52c9bf"
"2-s2.0-85085896549","bbdbd8d4-4a9e-42a3-907f-ea69d8ca8daa"
"2-s2.0-85085896549","2cc0d4a7-8e85-44fd-93f1-5eea40628bb1"
"2-s2.0-85077996219","f34ffd39-778f-460f-868f-29314bd0ac29"
"2-s2.0-85077996219","9647bb07-707d-43c5-95e3-15f8ee4eeb8d"
"2-s2.0-85077996219","eb1946b5-0d50-47f9-ab5a-d8fabc0fa102"
"2-s2.0-85077996219","3567c17f-64bf-4b33-9c66-55e2f4552861"
"2-s2.0-85077996219","3f8b94b8-4e83-4d17-a90a-fa7fc220d7f5"
"2-s2.0-85077996219","32f0b4b4-a1e7-49d6-adf3-4979960f2d3d"
"2-s2.0-85077996219","42b147ad-4848-444a-9f9e-bda74fb11ef3"
"2-s2.0-85077996219","2d8be1b8-fcf8-4651-a3b4-72dbf7d3e448"
"2-s2.0-85077996219","84004219-38ce-4be4-a86f-754d17d04b02"
"2-s2.0-85077996219","2d7e9c83-4211-437d-b6ab-090f0ca152dd"
"2-s2.0-85077996219","9019d447-8626-4a90-95f1-eda93902416d"
"2-s2.0-85077996219","9160fb13-b3b3-4bb5-b67d-abc319ec75f0"
"2-s2.0-85077996219","c1945aff-242e-4f3d-8a7c-02fa9f3170b8"
"2-s2.0-85077996219","62b38f6c-f87d-4141-b9cd-ec8b4b3a9720"
"2-s2.0-85077996219","2c3eef6f-63bf-4a0a-a3c3-0c605ed86f27"
"2-s2.0-85070437136","160d8b39-3e7f-4f8f-864a-8b2c0f018d8c"
"2-s2.0-85070437136","785156eb-db04-4cbe-81d0-a0596c9e2435"
"2-s2.0-85070437136","ddc26791-bcab-4a89-9ed0-16a4f0a26fe7"
"2-s2.0-85070437136","bc58a27b-1bf0-44d3-bdc1-4bb06c1d20ca"
"2-s2.0-85070437136","48121bb5-78fa-4268-a8bc-ec096bf6a288"
"2-s2.0-85070437136","f62d928b-1fc5-4c8f-8210-b97ed5fdb486"
"2-s2.0-85070437136","52f087f0-d505-43ec-bb54-cb74f04a9b0e"
"2-s2.0-85070437136","7f415b2a-74ae-4848-bf98-c1ad6fcf1dd8"
"2-s2.0-85070437136","bd30be0d-0a5b-4fd6-aa98-7a43f1031320"
"2-s2.0-85070437136","becff3c1-d5f1-4494-b0b6-c74da8f68a2b"
"2-s2.0-85070437136","e7d0f67f-6c93-44a9-8f91-64022d2bc91e"
"2-s2.0-85070437136","6f9189be-e3e8-4752-aa24-3378954185fc"
"2-s2.0-85070437136","e7278529-d74d-4823-9004-1e74dfe8a459"
"2-s2.0-85070437136","dfbdf0e8-8b66-4ee9-b514-d0a35089556c"
"2-s2.0-85070437136","92e77bdb-ef22-439d-91e0-0fec73be9e09"
"2-s2.0-85070437136","d8ea54cf-ed76-4b44-8728-a8e2083868bb"
"2-s2.0-85070437136","c4ff6508-59b2-40d7-8168-c4327d2448d0"
"2-s2.0-85070437136","e99df4be-215c-4bc5-b441-27e3eb476150"
"2-s2.0-85070437136","0435c52a-c725-4cf5-809c-a5ccce1fcb9c"
"2-s2.0-85070437136","3246169a-8f08-4f7a-92f8-3c8bcd22c9da"
"2-s2.0-85070437136","f524e8a1-aa64-4aaa-84d4-c732bbfd58eb"
"2-s2.0-85070437136","5683d0e7-ac4e-4233-ad7f-5d96d186287a"
"2-s2.0-85070437136","a0cb453f-bde1-4c8f-ac3c-5001958ac2ba"
"2-s2.0-85070437136","34ffea90-140c-4057-bb5f-3a567acb8ab5"
"2-s2.0-85070437136","fb3fbe50-c7ab-4428-ad2d-8bfbe4eed579"
"2-s2.0-85070437136","92db1fe4-5226-48f3-87ff-ec9f4b065c30"
"2-s2.0-85070437136","247aef28-4d75-4472-885a-c6345d3a775e"
"2-s2.0-85071956296","31865766-72c9-4f7e-ab01-92b4bf390000"
"2-s2.0-85071956296","41911144-bc7f-4153-9605-e3d57eda8721"
"2-s2.0-85071956296","cc8a68b3-7ab3-4cf0-b84a-fb079c7e7cd3"
"2-s2.0-85071956296","785156eb-db04-4cbe-81d0-a0596c9e2435"
"2-s2.0-85071956296","2d44f073-ae35-40a3-909d-db3959494292"
"2-s2.0-85071956296","7b31be4a-e0e8-4281-a3d0-885b1d0eb575"
"2-s2.0-85071956296","a553ec77-3892-4d6d-8c4e-d8418974a852"
"2-s2.0-85071956296","7b6a3d81-ff6c-42e5-a09d-98b979cbfcdf"
"2-s2.0-85071956296","bc29f0eb-960e-4547-a0e4-ac29c6fb0c92"
"2-s2.0-85071956296","56052f20-5e50-448c-8870-1d4c2ba73798"
"2-s2.0-85071956296","d2ed22e8-baed-4750-ba16-9b521b170267"
"2-s2.0-85071956296","b361310f-8404-4f5b-8c5a-e2eb4a51e9cf"
"2-s2.0-85071956296","61d74f6b-b342-4731-aace-a1b17155333f"
"2-s2.0-85071956296","6c74ec75-838a-4e5f-9443-543b61378e7e"
"2-s2.0-85071956296","8c86bf79-a660-4c41-88b5-903068d8743f"
"2-s2.0-85071956296","9573d1be-8968-46a6-9719-803f1f020823"
"2-s2.0-85071956296","6f8d8316-baf1-4495-b5c3-07610c1a5bb8"
"2-s2.0-85071956296","1191eb8a-2b63-45ea-9235-021eea9ac617"
"2-s2.0-85071956296","46575427-f5e5-4391-a94b-b1e052105cc7"
"2-s2.0-85071956296","a6f81b9d-9542-4c68-b64c-0e448f85db62"
"2-s2.0-85071956296","75a2cd79-a6d5-44ab-9ee3-4fc4910a400c"
"2-s2.0-85089731945","f62d928b-1fc5-4c8f-8210-b97ed5fdb486"
"2-s2.0-85089731945","52f087f0-d505-43ec-bb54-cb74f04a9b0e"
"2-s2.0-85089731945","fd5f6e60-cdec-48ef-bf8f-3712e24c048a"
"2-s2.0-85089731945","affa05a6-fc5f-4010-ba32-c5129a4af088"
"2-s2.0-85089731945","8c1e1443-4344-4dd0-986c-e3f1219f4fb6"
"2-s2.0-85089731945","149c1d97-432f-456a-a5b6-37607e54d6b7"
"2-s2.0-85089731945","ca417812-0d90-4fb9-82f7-443474378a81"
"2-s2.0-85089731945","43826f37-0230-4954-b0cc-8fd5f3524c3c"
"2-s2.0-85089731945","71605c6b-62fd-4589-b921-b54be13de288"
"2-s2.0-85089731945","420ea4f7-b6e4-4eb2-85b1-f21afc363991"
"2-s2.0-85089731945","13d4eb6f-e2ba-4829-8403-032033f43fe6"
"2-s2.0-85089731945","ecb5a5ef-bc68-43db-a75d-83fdbf5d4b69"
"2-s2.0-85089731945","fb56e2f2-10d0-45a3-aa2f-228fb8c073ca"
"2-s2.0-85089731945","b853e1b8-56d4-4e82-8ae2-377531c03b5e"
"2-s2.0-85089731945","7eab1aaa-e581-476b-a371-36ba2162d76f"
"2-s2.0-85054395326","30bce5c7-4e6a-4af0-a32d-dab1d5d45af3"
"2-s2.0-85054395326","145e8e40-6bab-4fe4-a330-efe1d5fb5853"
"2-s2.0-85054395326","037fdec0-e6fd-4392-9343-cb489b1ff26d"
"2-s2.0-85054395326","b84271df-2e13-485e-b2e2-4ce081d3d107"
"2-s2.0-85054395326","1267454f-84a6-4d4d-9b01-2798114f2140"
"2-s2.0-85054395326","b3966da2-ef0f-4fc7-a659-4c6e88640efa"
"2-s2.0-85054395326","7b6a3d81-ff6c-42e5-a09d-98b979cbfcdf"
"2-s2.0-85054395326","f62d928b-1fc5-4c8f-8210-b97ed5fdb486"
"2-s2.0-85054395326","52f087f0-d505-43ec-bb54-cb74f04a9b0e"
"2-s2.0-85054395326","dbc54d67-1f5a-4c3c-8d12-a43dd457b5cb"
"2-s2.0-85054395326","a142c9e4-47a4-4bdc-ad03-5f183be68e4f"
"2-s2.0-85054395326","7721c23f-50a9-4c00-91eb-3831ff611bc7"
"2-s2.0-85054395326","4323694c-2ae4-456a-a79b-1ab039389f56"
"2-s2.0-85054395326","f9dbd2ba-f2e0-45c2-8c91-355030eedb8c"
"2-s2.0-85054395326","bd60e370-a3fa-48ef-84b9-3915c2f41495"
"2-s2.0-85054395326","0ec1806e-092c-4a2e-8065-dc3ffc94173b"
"2-s2.0-85054395326","e47234ce-31e6-49ac-aacf-962250ccba27"
"2-s2.0-85054395326","bac35607-7f70-41b7-8c2e-a0b1ccb1aeb1"
"2-s2.0-85054395326","e994de86-d0a5-49ee-9c58-b0d5aaa2008b"
"2-s2.0-85054395326","86dc8e56-d80c-4379-9df6-eac44b00a6c9"
"2-s2.0-85054395326","3ebb3350-1ca0-4286-9380-05fd0ef2440b"
"2-s2.0-85054395326","5fe29a2b-432a-42da-837f-9c2c18457af4"
"2-s2.0-85054395326","c3ef25cb-b615-4893-a634-9d2cb91dc196"
"2-s2.0-85054395326","956ae4cf-4aa3-4cfc-9b7e-0ecefe2b8fdd"
"2-s2.0-85054395326","71cd1b3b-991b-49ea-8a46-8717f9c6e95b"
"2-s2.0-85054395326","fc7e6583-4d04-43e1-8a08-9231a4141006"
"2-s2.0-85054395326","6768aa37-cb76-4e82-a492-2feab28aa798"
"2-s2.0-85054395326","e8cc1efc-d2b1-401c-b2cf-858901795849"
"2-s2.0-85054395326","4f1f24e0-4411-4c78-b346-6bf332972841"
"2-s2.0-85076836502","524c42cb-bd0c-4dcb-b2bb-e72a68f1be0d"
"2-s2.0-85076836502","0a1d3caa-feb9-4d37-ae8b-4bc03fd9f415"
"2-s2.0-85076836502","ba506adf-d378-412a-a6ec-e5b827e962e9"
"2-s2.0-85076836502","6d4ca3e1-b8ec-4348-a621-2c3df5f33871"
"2-s2.0-85076836502","c00d562b-d185-4d51-81ff-1b25a6999b47"
"2-s2.0-85076836502","9df4e20f-4351-4a1a-8f21-77be2f1ea431"
"2-s2.0-85076836502","6bdbde8e-d973-4c2c-a79e-3a572aaa4d1e"
"2-s2.0-85076836502","5f7c38bf-a74b-42e5-a4ca-dc0d6c437e6e"
"2-s2.0-85076836502","fce56fbb-b2e2-41c1-93a0-ed080b1c76f0"
"2-s2.0-85076836502","9f6de1b8-5b8d-4c1a-b118-36e88974cff7"
"2-s2.0-85076836502","dd775f46-0c82-4db1-b743-0fc8ab619f02"
"2-s2.0-85076836502","71d17387-39ab-4320-908c-4814e71faba1"
"2-s2.0-85076836502","7d2cde6f-afd5-4c31-a5a1-1be9ae207c1e"
"2-s2.0-85076836502","614de84d-2f3f-4ad6-a64d-728813c57aba"
"2-s2.0-85076836502","975a8002-3c09-48a8-a326-d0a0b5d970e6"
"2-s2.0-85076836502","59d22818-be62-42d4-822d-ff959057227e"
"2-s2.0-85076836502","cdc35d8c-ce23-4dbb-bb1f-6bb466e10300"
"2-s2.0-85076836502","6b1709b2-5d76-42d6-b93a-139e024939e6"
"2-s2.0-85076836502","a301e924-366c-40d6-805c-e7662752c0cc"
"2-s2.0-85076836502","32a37e04-5ce2-40c7-8233-d1818fff4229"
"2-s2.0-85076836502","82d3de5c-f282-4aea-998f-3def416f23ba"
"2-s2.0-85076836502","fad987ef-9f9d-4af1-87ef-e5d39c30a8a5"
"2-s2.0-85076836502","a2b857d1-6789-42f8-ba09-1399ebfa63b8"
"2-s2.0-85076836502","ebca1bbc-1023-4daa-bce9-c1814279b735"
"2-s2.0-85076836502","275516d5-ec5d-4db5-b44b-f9ef40dfb790"
"2-s2.0-85076836502","59328ff5-0eb3-41b3-8792-cf6338853821"
"2-s2.0-85076836502","0cd87b5c-0071-45ac-94a3-0aa6ae447da5"
"2-s2.0-85076836502","93219415-ac08-4c0a-bb83-cf7d8e6fd4e6"
"2-s2.0-85076836502","4a422b8d-d8eb-41be-b6eb-ef54db30e7ed"
"2-s2.0-85076836502","9f2b16e9-c97f-4afc-94a5-3c7055fd54bc"
"2-s2.0-85076836502","d09f9ead-a7f0-4cfd-9e72-8da987f180bf"
"2-s2.0-85076836502","6d2eb2a1-7d40-47a7-ac65-ba1a27d67d68"
"2-s2.0-85076836502","e5b3a1de-a36f-4f92-8f02-c78b3f8f435c"
"2-s2.0-85076836502","34bd2324-68b8-4e47-ad10-2230b043b435"
"2-s2.0-85076836502","05a43e05-cbec-4f31-a2c9-63db64013cba"
"2-s2.0-85076836502","c31ab439-2125-470d-b128-fdd39a075f3c"
"2-s2.0-85076836502","41b01d2e-b79e-44c4-a2fc-1696f4a7c162"
"2-s2.0-85076836502","55c52912-effe-46d4-a43f-23a465d08543"
"2-s2.0-85076836502","0371994b-0646-4c34-abf3-7abdae53de37"
"2-s2.0-85076836502","0128894d-b0e0-432f-bba6-b4a0848385f7"
"2-s2.0-85076836502","5fcb5290-f5f4-4efc-8de3-2d5f57cf1fbc"
"2-s2.0-85076836502","1781eb04-8b84-4a3b-9ed0-f7dd8b339cde"
"2-s2.0-85076836502","6f0ce217-ad13-4035-ba1f-4ef8c16394ce"
"2-s2.0-85076836502","9f51d7f7-af47-4eff-a154-ed3b517df9b4"
"2-s2.0-85076836502","9f09d05f-c23f-4e5b-9ac1-65a1529f0716"
"2-s2.0-85076836502","4e2f58f9-3eb1-4644-9c0c-bb6de630f841"
"2-s2.0-85076836502","3ee04b8f-4ded-472a-bdc9-500c3efe187b"
"2-s2.0-85076836502","4d4c0838-ca9c-42a6-9c2c-cc4869c936ae"
"2-s2.0-85076836502","9cfb5b10-f28a-4402-aee7-27edbf54455a"
"2-s2.0-85076836502","6067a65b-2930-4003-826e-f8a59dd3270a"
"2-s2.0-85076836502","27234e9c-0ea1-4d59-8d53-477b1f631931"
"2-s2.0-85076836502","7ba1a0ca-e548-412e-a334-44fb5f45ed56"
"2-s2.0-85076836502","22fc54e0-e73d-4ebc-9e3a-5c087b63d463"
"2-s2.0-85076836502","69d2fccf-3b19-4e25-b0c5-926924728566"
"2-s2.0-85076836502","3b61e635-5147-402f-b0d3-2fc13ca31cc9"
"2-s2.0-85076836502","2e868e28-f66b-470d-9599-856f4100ef7a"
"2-s2.0-85076836502","45d27806-a017-41e1-8b36-64305b4fda74"
"2-s2.0-85076836502","0919326b-3e99-441d-a559-2f3f438d7068"
"2-s2.0-85076836502","853b7b4d-4424-4736-871d-6ddae966b6b2"
"2-s2.0-85076836502","e6887e86-6807-4875-a2c1-0c2da2a9ae9c"
"2-s2.0-85076836502","0f7e818e-6573-4a83-8c42-ae28edfa5c98"
"2-s2.0-85076836502","f70460a9-0c80-408d-8059-0f208ec2b85f"
"2-s2.0-85076836502","4c68e011-c107-48b4-9875-b1ddde76421c"
"2-s2.0-85076836502","9160fb13-b3b3-4bb5-b67d-abc319ec75f0"
"2-s2.0-85076836502","cf40f815-559c-43f8-9446-1f7e92a45810"
"2-s2.0-85076836502","26677a71-c169-4a8a-ad8c-a3ef0b6a5757"
"2-s2.0-85076836502","04ca34a0-fc16-42c7-9394-eb57b79ad998"
"2-s2.0-85078486162","59d22818-be62-42d4-822d-ff959057227e"
"2-s2.0-85078486162","cdc35d8c-ce23-4dbb-bb1f-6bb466e10300"
"2-s2.0-85078486162","ad6c34a9-a2f8-45d4-b3ef-4076495a2fc0"
"2-s2.0-85078486162","5e266d2a-fcd9-4a40-bb19-ac6a1bcc8ea3"
"2-s2.0-85078486162","cf87bf81-4fee-4572-9e83-fde40782e6d1"
"2-s2.0-85078486162","6b1709b2-5d76-42d6-b93a-139e024939e6"
"2-s2.0-85078486162","32a37e04-5ce2-40c7-8233-d1818fff4229"
"2-s2.0-85078486162","82d3de5c-f282-4aea-998f-3def416f23ba"
"2-s2.0-85078486162","86cd8f8b-e699-4de2-b16b-91aa105ca929"
"2-s2.0-85078486162","15f0077e-2bbe-4bdf-99ec-b5605730b767"
"2-s2.0-85078486162","a2b857d1-6789-42f8-ba09-1399ebfa63b8"
"2-s2.0-85078486162","275516d5-ec5d-4db5-b44b-f9ef40dfb790"
"2-s2.0-85078486162","59328ff5-0eb3-41b3-8792-cf6338853821"
"2-s2.0-85078486162","0cd87b5c-0071-45ac-94a3-0aa6ae447da5"
"2-s2.0-85078486162","93219415-ac08-4c0a-bb83-cf7d8e6fd4e6"
"2-s2.0-85078486162","a237c9a3-5724-49b9-bb1a-8dad1d397dbb"
"2-s2.0-85078486162","6d495590-e4db-4dc9-b0c0-505ec8cc3fc2"
"2-s2.0-85078486162","d09f9ead-a7f0-4cfd-9e72-8da987f180bf"
"2-s2.0-85078486162","e5b3a1de-a36f-4f92-8f02-c78b3f8f435c"
"2-s2.0-85078486162","55c52912-effe-46d4-a43f-23a465d08543"
"2-s2.0-85078486162","6d4ca3e1-b8ec-4348-a621-2c3df5f33871"
"2-s2.0-85078486162","c1945aff-242e-4f3d-8a7c-02fa9f3170b8"
"2-s2.0-85078486162","9f09d05f-c23f-4e5b-9ac1-65a1529f0716"
"2-s2.0-85078486162","fc2ee9f9-6edc-41e7-9b1a-30d7c4c0cabc"
"2-s2.0-85078486162","855fa7c9-e756-4204-be4a-5a962e38c984"
"2-s2.0-85078486162","0d40538f-96cf-43d0-b0f0-c12f695255d0"
"2-s2.0-85078486162","3e0c768b-06a8-4840-9e31-e21317a51622"
"2-s2.0-85078486162","4d4c0838-ca9c-42a6-9c2c-cc4869c936ae"
"2-s2.0-85078486162","8db6681e-5be3-4802-b741-5a8ae030fe69"
"2-s2.0-85078486162","eaf114a3-c97d-4b2f-aa68-603aefa083ca"
"2-s2.0-85078486162","c474e1b6-3024-439c-a828-492e44629305"
"2-s2.0-85078486162","e4ba59de-9d14-49d0-a669-2074853ef79a"
"2-s2.0-85078486162","8e78f94d-76e5-4df1-8993-f6859f9796be"
"2-s2.0-85078486162","27234e9c-0ea1-4d59-8d53-477b1f631931"
"2-s2.0-85078486162","468175c6-5346-4eaa-8d65-ca9cec7dde3a"
"2-s2.0-85078486162","8cd27da4-d3f7-4fb8-a3f6-b2213e9d6137"
"2-s2.0-85078486162","df6ef8d9-f4a0-4fea-8b15-c9e78c1736be"
"2-s2.0-85078486162","853b7b4d-4424-4736-871d-6ddae966b6b2"
"2-s2.0-85078486162","cf55f7f0-69ce-45c1-b0d7-2906d66f169a"
"2-s2.0-85078486162","0f7e818e-6573-4a83-8c42-ae28edfa5c98"
"2-s2.0-85054190130","2da8088b-f518-43c5-af9c-e5bcd1871205"
"2-s2.0-85054190130","f8c551a8-70bb-479c-a933-78bcb18d3fe9"
"2-s2.0-85054190130","6c4f4a86-bc25-46ca-bdae-190047db0ff2"
"2-s2.0-85054190130","8a6eba84-e4e8-4c46-a1c1-8f3bc002b36a"
"2-s2.0-85054190130","dc7e078a-ba06-434f-a559-038c70508db0"
"2-s2.0-85054190130","731577c1-7b1f-486f-9c24-bb712f1758f3"
"2-s2.0-85054190130","3ef41ab3-6073-4257-b1d3-ac9b5eeca608"
"2-s2.0-85054190130","a66c3d1d-97b9-4ede-8f52-83a392eeaf7e"
"2-s2.0-85054190130","5ad0bd56-a798-4cc3-8233-814f970c1e00"
"2-s2.0-85054190130","b7f10514-29b8-4fd8-b73f-3e5a2d2ef573"
"2-s2.0-85054190130","5dc9865a-7106-4156-abda-e77d02c3ae82"
"2-s2.0-85054190130","f2073fd0-fd3e-435a-8dc8-f85051442819"
"2-s2.0-85054190130","06d07808-c7be-401a-a640-c4ec0ba92507"
"2-s2.0-85054190130","560492ec-4ff1-40c2-8c49-f93845106ee6"
"2-s2.0-85054190130","8236085b-f0ae-477b-8b24-80e16cd1aa4c"
"2-s2.0-85054190130","34565437-4585-44b6-9c1b-4df38da37828"
"2-s2.0-85101466130","9647bb07-707d-43c5-95e3-15f8ee4eeb8d"
"2-s2.0-85101466130","bd7d19ad-437c-42a6-a9e9-c12b2004bb82"
"2-s2.0-85101466130","7961056e-25dd-4459-af93-c31cc70da05e"
"2-s2.0-85101466130","eb1946b5-0d50-47f9-ab5a-d8fabc0fa102"
"2-s2.0-85101466130","eebcd138-4cb2-4126-9ef8-d9a05eb83523"
"2-s2.0-85101466130","5f7c38bf-a74b-42e5-a4ca-dc0d6c437e6e"
"2-s2.0-85101466130","9f6de1b8-5b8d-4c1a-b118-36e88974cff7"
"2-s2.0-85101466130","fcbda0f5-8208-49da-94c5-2f4a5d7ecd64"
"2-s2.0-85101466130","734c58f1-bdc9-47ee-831a-62574ad80d9e"
"2-s2.0-85101466130","84004219-38ce-4be4-a86f-754d17d04b02"
"2-s2.0-85101466130","57f8e466-d6a6-4557-9c22-471980383f5a"
"2-s2.0-85101466130","a301e924-366c-40d6-805c-e7662752c0cc"
"2-s2.0-85101466130","32a37e04-5ce2-40c7-8233-d1818fff4229"
"2-s2.0-85101466130","4c68e011-c107-48b4-9875-b1ddde76421c"
"2-s2.0-85101466130","c1945aff-242e-4f3d-8a7c-02fa9f3170b8"
"2-s2.0-85101466130","c99c462e-c205-460c-a5af-70b85eadb6cb"
"2-s2.0-85101466130","ef4ca86c-b23d-4f0a-8ce5-49b6a104cfc2"
"2-s2.0-85101466130","62b38f6c-f87d-4141-b9cd-ec8b4b3a9720"
"2-s2.0-85101466130","cb963a3d-2a28-4da4-9616-2a657ed3f5b3"
"2-s2.0-85101466130","9a436e5b-2dd8-4cc6-b758-58e4875e0f78"
"2-s2.0-85101466130","62e7a80d-191d-47ea-ae98-c594563c6a25"
"2-s2.0-85098183763","10561c46-10c3-43ca-97af-507fd5ea8c6e"
"2-s2.0-85098183763","c9ea1578-d58a-4ef3-b4b1-25d83f1704ad"
"2-s2.0-85098183763","099182bd-0620-43e0-b168-c01f33f4be46"
"2-s2.0-85098183763","785156eb-db04-4cbe-81d0-a0596c9e2435"
"2-s2.0-85098183763","fc36f64f-9fbb-47bd-bee3-e71a9559bddc"
"2-s2.0-85098183763","487958e8-6e82-43d9-ac76-42db77386fe7"
"2-s2.0-85098183763","8fb3f827-9739-4691-8d7f-b7ce104d4403"
"2-s2.0-85098183763","89b5c934-d923-4a70-8f43-1404839d8151"
"2-s2.0-85098183763","7dee06e6-3026-42e4-80fe-620a4b745ba2"
"2-s2.0-85098183763","71ccc16f-45dc-4149-9e9d-7a86e2ac2506"
"2-s2.0-85098183763","456cd5ce-ec32-4f43-bbb6-9c3c17b0bd0a"
"2-s2.0-85098183763","4e5ba02e-c9e0-42a3-9681-7d65d50f39bd"
"2-s2.0-85098183763","ef88d6ab-9a5a-4e31-8ed3-12c966c581d1"
"2-s2.0-85098183763","0d2ef849-ae29-4fae-b033-ae802868fe34"
"2-s2.0-85098183763","5683d0e7-ac4e-4233-ad7f-5d96d186287a"
"2-s2.0-85098183763","cfa352f4-dfd2-481f-8c83-81c6b2b063ea"
"2-s2.0-85098183763","98919180-341f-426f-a9fb-269e46824c36"
"2-s2.0-85074599806","c0f257d5-9d0b-4bfe-9d25-0ae143e17854"
"2-s2.0-85074599806","cdb98501-9c16-46f9-bc30-a3bf1fdc2c38"
"2-s2.0-85074599806","3fbea59f-4afb-4d3b-84d3-65839a575dd4"
"2-s2.0-85074599806","17f72a0e-4c9f-4c95-beda-6602c6d62be4"
"2-s2.0-85074599806","81e9ed6f-b368-422b-bdfe-1c23fba076e3"
"2-s2.0-85074599806","9fe0fccf-5307-48d6-8dcb-94503538f7c1"
"2-s2.0-85074599806","33b6b868-4ee5-4281-a87e-59ba908a2846"
"2-s2.0-85074599806","d16e31f8-cf75-4166-b672-5ff347397fd7"
"2-s2.0-85074599806","e089f537-f4e4-414e-af6a-9ed3f0b37a25"
"2-s2.0-85074599806","a09e84c7-bf87-47fa-8dd9-7dbca2d94be3"
"2-s2.0-85074599806","f6c23677-4f9c-4f91-9a66-51a92c259396"
"2-s2.0-85074599806","e9f4195e-0751-42d7-b22b-5ae0c3dcc67f"
"2-s2.0-85074599806","25fc68ad-a1c5-4103-b72d-83f400eb22df"
"2-s2.0-85074599806","33d8bb47-f7fa-4768-a90b-bd2df54b353b"
"2-s2.0-85074599806","4d6a2750-b270-4993-b822-1368d13640aa"
"2-s2.0-85074599806","eebcd138-4cb2-4126-9ef8-d9a05eb83523"
"2-s2.0-85074599806","e25b5897-1c2b-4097-a6f2-381fbd834251"
"2-s2.0-85074599806","ef2aa77e-54f9-40a6-8089-366793194fcd"
"2-s2.0-85074599806","4487459a-2713-4190-a6b4-57bd1dedd85e"
"2-s2.0-85074599806","bc73d815-a5f0-4e7f-969f-4b61388afdad"
"2-s2.0-85087099287","23da088e-fe5e-4efb-a107-df55d9d59647"
"2-s2.0-85087099287","f34ffd39-778f-460f-868f-29314bd0ac29"
"2-s2.0-85087099287","e20560d7-0ae4-4289-8d68-297ef7396612"
"2-s2.0-85087099287","d690e1f6-545b-42ff-bf9b-376dbeca011c"
"2-s2.0-85087099287","b501c951-5fac-42aa-97be-2ad56a3017e9"
"2-s2.0-85087099287","40a81d3f-f588-43bd-8f26-05feb4558c57"
"2-s2.0-85087099287","568d93c5-7e69-4662-af3f-c4dd33cac420"
"2-s2.0-85087099287","7c398be5-8532-4933-ab98-e13f860fe9f0"
"2-s2.0-85087099287","da14d5f4-71d2-41d5-b8a1-11fbcf5df5f8"
"2-s2.0-85087099287","52843a9c-b685-45a1-a5ec-2723b2a684ed"
"2-s2.0-85087099287","05b014d2-ba03-49be-b61f-d912bcc66a23"
"2-s2.0-85087099287","f553c422-a15d-42b4-aab1-f6fb9d7b5451"
"2-s2.0-85087099287","739d9400-0ecc-48ba-8cb7-e14d9e2179ab"
"2-s2.0-85087099287","6a3a5eaa-7c80-4eb8-a42b-e1d8bf82070d"
"2-s2.0-85087099287","2d7e9c83-4211-437d-b6ab-090f0ca152dd"
"2-s2.0-85087099287","ee5f515b-9d4b-4421-ad66-8ada3fbbd23d"
"2-s2.0-85087099287","3b300ec6-4735-4699-bb4e-47922d182ef2"
"2-s2.0-85087099287","47cb67b6-5338-46e7-9fea-543c395ab731"
"2-s2.0-85087099287","93219415-ac08-4c0a-bb83-cf7d8e6fd4e6"
"2-s2.0-85087099287","adf41a62-72a0-4506-8ee0-2441089751f7"
"2-s2.0-85087099287","f266f2f1-c7de-427d-b430-81fd9587b2ef"
"2-s2.0-85087099287","d09f9ead-a7f0-4cfd-9e72-8da987f180bf"
"2-s2.0-85087099287","423a7a8e-9ff9-46ba-9d33-56f06227a935"
"2-s2.0-85087099287","43d62eb2-f78d-4a90-bee5-2c432405c97c"
"2-s2.0-85087099287","4fd5baf8-acfd-4517-9502-5f80b3a7d119"
"2-s2.0-85087099287","8c5ca90f-0201-4754-a53f-1c7d88312feb"
"2-s2.0-85087099287","26a1b45d-0b99-44c2-9346-49edf212d35f"
"2-s2.0-85087099287","27234e9c-0ea1-4d59-8d53-477b1f631931"
"2-s2.0-85087099287","699e0e17-f6fa-4118-83c7-6764a26bf028"
"2-s2.0-85087099287","cb963a3d-2a28-4da4-9616-2a657ed3f5b3"
"2-s2.0-85087099287","9160fb13-b3b3-4bb5-b67d-abc319ec75f0"
"2-s2.0-85087099287","62b38f6c-f87d-4141-b9cd-ec8b4b3a9720"
"2-s2.0-85078610926","524c42cb-bd0c-4dcb-b2bb-e72a68f1be0d"
"2-s2.0-85078610926","61d17382-fb5b-4d7b-9a40-befb15c4d897"
"2-s2.0-85078610926","b84271df-2e13-485e-b2e2-4ce081d3d107"
"2-s2.0-85078610926","fce56fbb-b2e2-41c1-93a0-ed080b1c76f0"
"2-s2.0-85078610926","0a24b3ff-9147-4a82-a658-1efaf49da7d4"
"2-s2.0-85078610926","7b6a3d81-ff6c-42e5-a09d-98b979cbfcdf"
"2-s2.0-85078610926","89b5c934-d923-4a70-8f43-1404839d8151"
"2-s2.0-85078610926","f17ae6e7-be67-438e-a963-d52ee9a22cc5"
"2-s2.0-85078610926","f70460a9-0c80-408d-8059-0f208ec2b85f"
"2-s2.0-85078610926","4a422b8d-d8eb-41be-b6eb-ef54db30e7ed"
"2-s2.0-85078610926","2ee547cf-9308-4a32-8b65-6be09f8729c9"
"2-s2.0-85078610926","c7759abe-84e6-4e55-8b6c-ab9ec3777ab6"
"2-s2.0-85078610926","d54aae91-3bba-4482-b697-00f3d80b75b6"
"2-s2.0-85078610926","31c6a0af-ba5a-43dc-8089-489df11888f1"
"2-s2.0-85094201510","5808301a-528d-47f9-b294-4a64a794d813"
"2-s2.0-85094201510","31d4cfdf-eb21-4c2c-99f2-f918acfa96dc"
"2-s2.0-85094201510","8992477c-915e-4bd9-b932-109f98d1a523"
"2-s2.0-85094201510","68f0834a-0a3d-41b5-9906-367dad2c9ecb"
"2-s2.0-85094201510","500eda99-c14c-496d-8ee8-e196f7886ff7"
"2-s2.0-85094201510","c50ac50a-ddc4-4896-bf92-375eac316cf4"
"2-s2.0-85094201510","c3fe8e5d-72da-4332-9379-b93fdbb0ad2f"
"2-s2.0-85094201510","f62d928b-1fc5-4c8f-8210-b97ed5fdb486"
"2-s2.0-85094201510","52f087f0-d505-43ec-bb54-cb74f04a9b0e"
"2-s2.0-85094201510","0f2575a4-8da9-4ad1-a258-173c8c3e48a6"
"2-s2.0-85094201510","5471c264-fdbb-42e7-8d4c-ac09005a9c4b"
"2-s2.0-85094201510","2ed6e130-0ccf-4237-b4eb-ea3996b49d2f"
"2-s2.0-85094201510","1e182161-c84a-4f83-8c98-baa9028b7190"
"2-s2.0-85094201510","bc411a75-577a-4698-a837-080a1e2c6129"
"2-s2.0-85094201510","3aaaebec-a29b-458f-ac42-9640f46a1059"
"2-s2.0-85094201510","7721c23f-50a9-4c00-91eb-3831ff611bc7"
"2-s2.0-85094201510","f6e19d2e-4f91-4f3b-ad06-c89a4be24f75"
"2-s2.0-85094201510","3dd99cc5-6677-46fa-aa20-5f5f0f570af2"
"2-s2.0-85094201510","81d28497-cbcc-4b00-9399-fea2ab808d39"
"2-s2.0-85094201510","8bef63a4-9f6e-464d-9256-81c2213737b0"
"2-s2.0-85094201510","1ec0c3b4-e5dd-41ae-b6d8-563314675920"
"2-s2.0-85094201510","ff89f48e-2f6c-4b0c-88b1-79b7ef78433f"
"2-s2.0-85094201510","49ed81b5-8063-4a8f-8239-7bdbb2aa6918"
"2-s2.0-85094201510","fcd4efb5-74af-4962-b97c-41a5ae8f0a5b"
"2-s2.0-85094201510","d77bf848-c54c-4a30-bae1-a6426085d889"
"2-s2.0-85094201510","d06edc06-57a0-4d79-922f-39d3d60b74cb"
"2-s2.0-85094201510","c4d4dcf3-a754-4977-b116-dedaca9bb230"
"2-s2.0-85094201510","fc7e6583-4d04-43e1-8a08-9231a4141006"
"2-s2.0-85094201510","0ab50085-79c9-4efc-831e-04ec67763ee4"
"2-s2.0-85094201510","880b97ac-178c-47e2-b82a-3d7e127545cd"
"2-s2.0-85094201510","785156eb-db04-4cbe-81d0-a0596c9e2435"
"2-s2.0-85053032973","f5eb383a-faf3-4728-a94c-e03ba1307fe7"
"2-s2.0-85053032973","c8af7966-b1e5-457c-8c10-67dd7ddc5e87"
"2-s2.0-85053032973","eafe050c-fb2e-496e-beb3-1f778e88df6e"
"2-s2.0-85053032973","b2afd5bc-116a-4993-88af-f1a0cda1f73e"
"2-s2.0-85053032973","36356f61-45be-419d-a674-8ac21d0d0a63"
"2-s2.0-85053032973","7520d484-ac41-423b-a024-1e69a4e73772"
"2-s2.0-85053032973","cdc35d8c-ce23-4dbb-bb1f-6bb466e10300"
"2-s2.0-85053032973","e970f624-cbea-4146-9aaf-5aafc05ff8e3"
"2-s2.0-85053032973","46e9525e-3695-4d75-bf0b-c5c98a67d2c6"
"2-s2.0-85053032973","a1aa4994-1b52-4913-b74f-26556283c832"
"2-s2.0-85053032973","6eacf96e-e003-4f5b-90e9-8a6d09b4a02d"
"2-s2.0-85053032973","6691642c-0038-433b-85a5-4391ef69ba60"
"2-s2.0-85053032973","a6ff6f9e-adcb-4b72-a6f1-29366b94aef1"
"2-s2.0-85125010911","2b0a07b3-afa4-41eb-aef8-0eea81310cd7"
"2-s2.0-85125010911","785156eb-db04-4cbe-81d0-a0596c9e2435"
"2-s2.0-85125010911","8d1e34f0-d498-41fc-963f-66bdd0d2dc07"
"2-s2.0-85125010911","280e7542-b69c-4c65-b1bb-ff21d80580a2"
"2-s2.0-85125010911","88f15b19-26f3-456a-85e3-cda801ee377a"
"2-s2.0-85125010911","d821a92a-d0d8-45b8-b3e4-78471743b97f"
"2-s2.0-85125010911","104190c3-34ac-4fbd-948a-69333c03b6fa"
"2-s2.0-85125010911","dfaca646-8ae0-4b61-9d21-612405637faf"
"2-s2.0-85125010911","cf2b7f05-2a41-4a48-9647-40ffc2b08af8"
"2-s2.0-85125010911","7721c23f-50a9-4c00-91eb-3831ff611bc7"
"2-s2.0-85125010911","b494bca8-ba7b-4c92-bb98-b74a4730089a"
"2-s2.0-85125010911","0d2f4a3e-0ce3-48e0-9a48-cbcdc1d70b38"
"2-s2.0-85125010911","aa71569b-83df-4721-8268-e2172195e4c1"
"2-s2.0-85125010911","284de729-6e7d-4b75-923f-59b410e8dadc"
"2-s2.0-85125010911","8cbe8a3c-dd64-4cbd-a2b3-b137a1f9237d"
"2-s2.0-85125010911","c1ae0dbf-cb39-4814-bffe-3e21cf7d8c9d"
"2-s2.0-85125010911","a28aa2a4-b1d7-48c9-b83d-bd3ebde49465"
"2-s2.0-85125010911","efa48e9d-7b85-498e-a265-85ac6033ade3"
"2-s2.0-85078231596","4323694c-2ae4-456a-a79b-1ab039389f56"
"2-s2.0-85078231596","35fecf89-2aed-4a48-9b6d-627900e0eca6"
"2-s2.0-85078231596","859bb78f-810b-4804-9e7f-f4a874182889"
"2-s2.0-85078231596","1c0e2600-92bc-4624-b890-569af97bd818"
"2-s2.0-85078231596","96d7614f-7efb-45ff-b38c-616bc45ce8ef"
"2-s2.0-85078231596","db737a88-dba0-4d16-b2b0-f565c6120bea"
"2-s2.0-85078231596","480ce9ba-576f-4bdf-8501-8cf3b9d811ba"
"2-s2.0-85078231596","d6b1a214-ca83-4c5c-8014-941867590222"
"2-s2.0-85078231596","978d18eb-ea33-4527-b43f-3bbb4d2d773f"
"2-s2.0-85078231596","23b78725-beda-4142-aecc-199af97116b1"
"2-s2.0-85078231596","9c6b8ee9-c137-4a2a-8ad0-95cb75a37adb"
"2-s2.0-85078231596","931b001f-2f47-4a83-80ff-35029a583670"
"2-s2.0-85078231596","ce1c2ed1-c598-4349-9587-5a7fcfe34c8a"
"2-s2.0-85078231596","76543a70-c42f-47f9-a861-2c5be4279d17"
"2-s2.0-85078231596","bea2b0ff-6a41-4b35-b1a1-8126691b1c6f"
"2-s2.0-85078231596","76a68867-86db-4ca2-a0fa-a80d885b32a3"
"2-s2.0-85078231596","5e4fde7a-1e39-481e-b000-4969cde8bede"
"2-s2.0-85078231596","e4392d29-562a-4d93-958a-1a320630b9d5"
"2-s2.0-85078231596","ff75d5e5-5e11-451d-9ec0-a4e597d6d4cd"
"2-s2.0-85078231596","66f83316-605e-4b49-8bb1-1520662d7853"
"2-s2.0-85078231596","1fea0e61-bc2d-4766-87b3-dfc1666d2404"
"2-s2.0-85054192575","59403d00-d505-4e03-ab3a-9571031a6d5c"
"2-s2.0-85054192575","02cb1fee-33c8-41cb-be79-edbab95ec202"
"2-s2.0-85054192575","7980059a-198a-4806-aa1a-d9b2f1d74b1f"
"2-s2.0-85054192575","f42f0c74-e1a0-4253-849b-745c41b8de17"
"2-s2.0-85054192575","1fa597cb-436f-46e8-a480-b06421b77e21"
"2-s2.0-85054192575","9f6de1b8-5b8d-4c1a-b118-36e88974cff7"
"2-s2.0-85054192575","315f40d6-b411-4ef1-9af5-13c56bfe4e3b"
"2-s2.0-85054192575","a01057f2-1269-42fe-a91a-4cc973c9c129"
"2-s2.0-85054192575","c83cfa6b-d29d-4e68-8bce-d6478fc65851"
"2-s2.0-85054192575","be7ae9fd-7660-47b3-9c94-d18fd1505c2b"
"2-s2.0-85054192575","626eaa4d-a20b-439a-8e9a-a118d668ad21"
"2-s2.0-85054192575","8ed23168-52ac-45c8-a292-18e23a95e9f8"
"2-s2.0-85054192575","292fe07a-9caa-415f-89fb-a7b1a4cd93a0"
"2-s2.0-85054192575","3661e2a9-43ef-4102-84f8-cd50e3d196d7"
"2-s2.0-85054192575","8485f048-35f2-4c4b-b6ee-3ec5a38d6f4c"
"2-s2.0-85075999750","524c42cb-bd0c-4dcb-b2bb-e72a68f1be0d"
"2-s2.0-85075999750","be0e79ed-c255-4b5f-a8ef-4d5659066061"
"2-s2.0-85075999750","252c031c-a24c-47a5-ba8c-606db32b9509"
"2-s2.0-85075999750","52f087f0-d505-43ec-bb54-cb74f04a9b0e"
"2-s2.0-85075999750","97ff6fe0-df49-4d75-b8f8-e602fcdffbd8"
"2-s2.0-85075999750","98f162b1-9213-439b-b3ee-9aa58dbc4513"
"2-s2.0-85075999750","076c2a90-94ee-4480-b8e1-52dc6287af40"
"2-s2.0-85075999750","d12e2a98-b208-4bf7-ba05-a9f0999e92f9"
"2-s2.0-85075999750","c754ac1b-3acc-493c-8eb5-0dbd0ecf2e45"
"2-s2.0-85075999750","fcf855a5-e3c9-4a66-9827-cd2946f112d3"
"2-s2.0-85075999750","e6acef70-bdc2-476d-81d4-8df09ed39bac"
"2-s2.0-85075999750","e53490f3-f860-409b-9433-45ea5e3b7ce5"
"2-s2.0-85075999750","f70460a9-0c80-408d-8059-0f208ec2b85f"
"2-s2.0-85075999750","1e363375-5743-41ac-8138-8c82efef186c"
"2-s2.0-85075999750","7509b825-c6f2-4656-8866-4cddf500f93d"
"2-s2.0-85075999750","b6b4f4c1-0779-4aa1-b2c2-94464f5ae8db"
"2-s2.0-85075999750","61368831-0967-46a9-93ad-eed965d19052"
"2-s2.0-85075999750","545dff2a-482a-48fd-a604-1f24202bd886"
"2-s2.0-85075999750","64c34844-d127-430a-8495-126d00ddbb9d"
"2-s2.0-85075999750","9c347188-a2e9-499f-87ec-777a9b959f11"
"2-s2.0-85075999750","d815129b-16b1-4ca6-bbf2-a6dec47058b2"
"2-s2.0-85083049251","4323694c-2ae4-456a-a79b-1ab039389f56"
"2-s2.0-85083049251","bbf49d8c-0a48-4e89-8702-d461ffb04015"
"2-s2.0-85083049251","0f2575a4-8da9-4ad1-a258-173c8c3e48a6"
"2-s2.0-85083049251","bc29f0eb-960e-4547-a0e4-ac29c6fb0c92"
"2-s2.0-85083049251","0d293416-8002-4cfd-a30d-3f2ff0f06128"
"2-s2.0-85083049251","5471c264-fdbb-42e7-8d4c-ac09005a9c4b"
"2-s2.0-85083049251","4397358b-3867-4dcc-a9e1-83931d880ad3"
"2-s2.0-85083049251","28355640-d2f3-46fa-aeaf-c4f933a5561e"
"2-s2.0-85083049251","b94339fa-86e5-497a-bfdd-f9982dc01d63"
"2-s2.0-85083049251","443f1915-b96f-4cc3-9a74-04140dc6894f"
"2-s2.0-85083049251","27e12fb2-c46e-413e-aaf7-25a19f02d4ca"
"2-s2.0-85083049251","c7759abe-84e6-4e55-8b6c-ab9ec3777ab6"
"2-s2.0-85083049251","b45e1497-54ff-436b-857a-cc6124e32723"
"2-s2.0-85083049251","a746cbe9-bc5a-4c64-9a11-49c9530140a3"
"2-s2.0-85083049251","f55bc781-a4c6-4ba5-9272-7c6544bf0796"
"2-s2.0-85083049251","23b84ba7-c66a-4cdd-b841-d1afaadc4e9d"
"2-s2.0-85083049251","8c644170-215a-4f69-ac26-ac6c030cc510"
"2-s2.0-85083049251","7d443cd5-58db-4c46-b524-704ea3ddd6ad"
"2-s2.0-85083049251","a5aeefc7-34c5-4d6a-9eee-c046c0b71633"
"2-s2.0-85083049251","89b5c934-d923-4a70-8f43-1404839d8151"
"2-s2.0-85083049251","07f11f75-4883-4003-8e8c-200597ea1bff"
"2-s2.0-85068854718","4323694c-2ae4-456a-a79b-1ab039389f56"
"2-s2.0-85068854718","52f087f0-d505-43ec-bb54-cb74f04a9b0e"
"2-s2.0-85068854718","becff3c1-d5f1-4494-b0b6-c74da8f68a2b"
"2-s2.0-85068854718","e7d0f67f-6c93-44a9-8f91-64022d2bc91e"
"2-s2.0-85068854718","6f9189be-e3e8-4752-aa24-3378954185fc"
"2-s2.0-85068854718","6a23ef98-0ecf-4ba4-bd58-ba56c4660eef"
"2-s2.0-85068854718","048e7908-2c05-4992-87cf-2e62eebf675c"
"2-s2.0-85068854718","2d135c75-9598-423e-8442-3318ec9d0e85"
"2-s2.0-85068854718","c4ff6508-59b2-40d7-8168-c4327d2448d0"
"2-s2.0-85068854718","92db1fe4-5226-48f3-87ff-ec9f4b065c30"
"2-s2.0-85068854718","ef1f1e85-bf0f-4ecb-838b-80c19b93312c"
"2-s2.0-85068854718","06cf3c14-103b-4447-9a72-2f91edf1aadb"
"2-s2.0-85091243022","4323694c-2ae4-456a-a79b-1ab039389f56"
"2-s2.0-85091243022","52f087f0-d505-43ec-bb54-cb74f04a9b0e"
"2-s2.0-85091243022","7f415b2a-74ae-4848-bf98-c1ad6fcf1dd8"
"2-s2.0-85091243022","bd30be0d-0a5b-4fd6-aa98-7a43f1031320"
"2-s2.0-85091243022","fcf855a5-e3c9-4a66-9827-cd2946f112d3"
"2-s2.0-85091243022","9019d447-8626-4a90-95f1-eda93902416d"
"2-s2.0-85091243022","30bce5c7-4e6a-4af0-a32d-dab1d5d45af3"
"2-s2.0-85091243022","33fd2639-6b40-4124-b605-120948a92de6"
"2-s2.0-85091243022","81e3797a-7a26-4681-8913-b0f7aec6b86a"
"2-s2.0-85091243022","c7a578e1-9157-48df-bb58-349c0df7e6bb"
"2-s2.0-85091243022","b42a9c3d-b4ac-4673-b32d-f05606752c57"
"2-s2.0-85091243022","930c5de5-a9ba-45e8-9184-07406c53eb3e"
"2-s2.0-85091243022","c547a99b-243c-4c23-b2a6-90f77238bbde"
"2-s2.0-85091243022","01f9e2e3-407d-44ac-92d7-b43b0aa972e7"
"2-s2.0-85091243022","9a790356-583c-4e2f-a500-06a6eecec911"
"2-s2.0-85087055718","f34ffd39-778f-460f-868f-29314bd0ac29"
"2-s2.0-85087055718","1b995dc8-36a7-4bf7-8dbb-4858c1f6df5a"
"2-s2.0-85087055718","539e3086-7623-4fb7-ba0d-a1ff5416c962"
"2-s2.0-85087055718","d7bfb000-f9f1-4440-a65d-f59e5305deaf"
"2-s2.0-85087055718","fcbda0f5-8208-49da-94c5-2f4a5d7ecd64"
"2-s2.0-85087055718","2d7e9c83-4211-437d-b6ab-090f0ca152dd"
"2-s2.0-85087055718","f228e295-7581-4aa6-b6ad-9efc8a3668f9"
"2-s2.0-85087055718","48dd83bd-3f9a-4f6b-b17d-3de048a3f8dd"
"2-s2.0-85087055718","732ef9a5-4881-42c4-8753-70c5e5a2cc77"
"2-s2.0-85087055718","07925b33-c202-490d-a9c9-4f104cefa9fe"
"2-s2.0-85087055718","00f7c9c5-b037-40f0-b3c2-fe13f17f4ba2"
"2-s2.0-85087055718","07acaec8-6843-42ef-a6d1-e7c7ad5e23cf"
"2-s2.0-85087055718","82d3de5c-f282-4aea-998f-3def416f23ba"
"2-s2.0-85087055718","d5637c32-4bcd-4450-9bb0-cec2f0509434"
"2-s2.0-85087055718","47cb67b6-5338-46e7-9fea-543c395ab731"
"2-s2.0-85087055718","93219415-ac08-4c0a-bb83-cf7d8e6fd4e6"
"2-s2.0-85087055718","f518bc33-3ed4-43ba-a41c-2870ad8caa43"
"2-s2.0-85087055718","cc4bf925-b51d-414d-a36f-81f748bf6765"
"2-s2.0-85087055718","d09f9ead-a7f0-4cfd-9e72-8da987f180bf"
"2-s2.0-85087055718","e0e1673e-85ce-4c1a-bd0a-b5050224d0f6"
"2-s2.0-85087055718","423a7a8e-9ff9-46ba-9d33-56f06227a935"
"2-s2.0-85087055718","490120bb-c15a-4e89-b8e8-c41cdeeb89d0"
"2-s2.0-85087055718","0b90833a-fd5d-455f-be03-c7a0851ad36d"
"2-s2.0-85087055718","5394fb0f-05d0-44f9-8a63-9eb967f5e146"
"2-s2.0-85087055718","ef4ca86c-b23d-4f0a-8ce5-49b6a104cfc2"
"2-s2.0-85087055718","27234e9c-0ea1-4d59-8d53-477b1f631931"
"2-s2.0-85087055718","a2518768-20ca-4af8-b8d6-0a15130e4c2c"
"2-s2.0-85087055718","73651c4e-ed2c-40f2-80d3-7d25a3520193"
"2-s2.0-85087055718","97c27754-a334-4711-bda3-8eaa19f46849"
"2-s2.0-85087055718","ad5c7150-a31b-44c2-9607-81c98c88574b"
"2-s2.0-85087055718","2d81d45b-3285-4f45-b9da-7d99ede3bcce"
"2-s2.0-85087055718","cb963a3d-2a28-4da4-9616-2a657ed3f5b3"
"2-s2.0-85087055718","445ccf8d-7400-418b-aba4-1043be60a7d2"
"2-s2.0-85071738507","87055a89-c462-424a-a1a8-02169119e1a4"
"2-s2.0-85071738507","52013c4a-3194-4d46-b88f-8814b3ccf908"
"2-s2.0-85071738507","91836a72-91c8-441b-992a-104dbecb623d"
"2-s2.0-85071738507","f57b7098-40ee-4e11-8c2a-2087f89bd1b8"
"2-s2.0-85071738507","dd2e1d8d-452d-4263-85a7-a575a5ebefc8"
"2-s2.0-85071738507","9df4e20f-4351-4a1a-8f21-77be2f1ea431"
"2-s2.0-85071738507","5526a72f-257e-4b6a-a44e-d19965331e77"
"2-s2.0-85071738507","9a0afdab-d698-4bb6-b49b-0af616d8a292"
"2-s2.0-85071738507","89b5c934-d923-4a70-8f43-1404839d8151"
"2-s2.0-85071738507","cd0a61d9-81c0-460c-8da8-14166df558de"
"2-s2.0-85071738507","8a0dc1c6-f72d-490e-8045-24c2084694d8"
"2-s2.0-85071738507","0e014de9-e349-4611-82c1-09d341e5e3b0"
"2-s2.0-85071738507","15f0077e-2bbe-4bdf-99ec-b5605730b767"
"2-s2.0-85071738507","93219415-ac08-4c0a-bb83-cf7d8e6fd4e6"
"2-s2.0-85071738507","3284b585-a3f2-4fa7-97d0-f6a1aeee8dd4"
"2-s2.0-85071738507","d4c9e8e0-8c0f-4611-aab1-ac96e235536b"
"2-s2.0-85071738507","83b2ca2b-c5be-445f-a985-151736f5fbce"
"2-s2.0-85071738507","8df0d3d0-89f1-4698-a709-1ed1ee7e0b48"
"2-s2.0-85071738507","7de4a9b3-575f-4d9b-b8d3-5a4366d9530e"
"2-s2.0-85071738507","5861f58f-7cf7-43f0-8103-69b64e7db8c9"
"2-s2.0-85071738507","94c4fcdc-ea37-4400-9d2f-394f977b3ac8"
"2-s2.0-85071738507","d1868e50-739e-4b8e-9767-9828b8e7b811"
"2-s2.0-85071738507","810df41b-cf94-459b-adeb-798462a65a8c"
"2-s2.0-85071738507","d20b7e7f-6eca-4ee1-92a3-5ab2a5e3dae9"
"2-s2.0-85071738507","83d8be46-32ef-4d66-aa05-2774b8d8ae1e"
"2-s2.0-85071738507","1d2ca83d-9e9c-41b8-aa41-f734a7de21a9"
"2-s2.0-85071738507","2d6efeb2-b259-4732-8747-935078886dd3"
"2-s2.0-85071738507","1fd5f907-8f3b-494b-9b60-5214f47cdea5"
"2-s2.0-85071738507","7c06a8ae-3d37-4077-8b97-a40e286eaad3"
"2-s2.0-85071738507","972c9a3c-2160-4d73-85cd-2f862cd8e265"
"2-s2.0-85071738507","ca5c6d9d-7ed5-4ba1-aa3d-33df30209979"
"2-s2.0-85071738507","75c30b1a-1f31-48f8-a954-f67de7e58534"
"2-s2.0-85071738507","d8f46c93-c069-4f49-91f5-0bf5bd576661"
"2-s2.0-85067600018","3ebb3350-1ca0-4286-9380-05fd0ef2440b"
"2-s2.0-85067600018","694868fe-0dc1-4e47-b562-abf38606a07f"
"2-s2.0-85067600018","41911144-bc7f-4153-9605-e3d57eda8721"
"2-s2.0-85067600018","785156eb-db04-4cbe-81d0-a0596c9e2435"
"2-s2.0-85067600018","1d8853fb-22c3-418c-a5cb-c4ecaf6b0c5e"
"2-s2.0-85067600018","8b2bf844-1af6-4272-9920-7d1ee72ede02"
"2-s2.0-85067600018","6b4519ae-c26b-49dc-b6ae-331f2ddcd920"
"2-s2.0-85067600018","7b6a3d81-ff6c-42e5-a09d-98b979cbfcdf"
"2-s2.0-85067600018","c11f22b0-6827-41e5-9dac-9b51f52fd59f"
"2-s2.0-85067600018","1e1b68c6-950d-43f5-a92a-b265b65fffd0"
"2-s2.0-85067600018","dc2f3240-d4ee-4301-96c5-358d70ca65e0"
"2-s2.0-85067600018","1dacbbf2-cc45-4b29-bbf1-d5d5896e4e99"
"2-s2.0-85067600018","3850c161-d8a7-4834-9365-d96409d06d16"
"2-s2.0-85067600018","2a495439-f908-4670-9371-42b2305a2414"
"2-s2.0-85067600018","781011b8-00ad-4088-ac02-c53326bcdefe"
"2-s2.0-85067600018","fc618649-8e4f-4d8f-8bd3-50cb7daf21b4"
"2-s2.0-85067600018","8a05c39c-46ca-4c60-967a-6861b33b4489"
"2-s2.0-85067600018","2d09cc5b-a495-4702-8c37-290b428dd333"
"2-s2.0-85062621183","524c42cb-bd0c-4dcb-b2bb-e72a68f1be0d"
"2-s2.0-85062621183","3af7e431-c631-4432-a3ec-2d69b8c7eda8"
"2-s2.0-85062621183","f34ffd39-778f-460f-868f-29314bd0ac29"
"2-s2.0-85062621183","a0ba5c79-cca1-4351-b017-9edac5da04b7"
"2-s2.0-85062621183","50af61a5-2ec0-468f-93ac-70fba28734be"
"2-s2.0-85062621183","088460d0-922d-4235-9a87-1d9e16e3a19a"
"2-s2.0-85062621183","9647bb07-707d-43c5-95e3-15f8ee4eeb8d"
"2-s2.0-85062621183","d8df61d8-55c4-42da-a6de-93eeee495414"
"2-s2.0-85062621183","dd2e1d8d-452d-4263-85a7-a575a5ebefc8"
"2-s2.0-85062621183","8621e7e2-38f7-4def-a80c-1e9d40602771"
"2-s2.0-85062621183","3f5fddeb-dac2-47db-89b4-d325d5024230"
"2-s2.0-85062621183","e2ff0852-48ef-42eb-ab5d-e9242a6f6ed4"
"2-s2.0-85062621183","699e0e17-f6fa-4118-83c7-6764a26bf028"
"2-s2.0-85062621183","ed3ce537-165a-4bda-92db-67d6c6a090b4"
"2-s2.0-85062621183","a32285e4-c1f8-45a1-9fa3-5ec27adffb92"
"2-s2.0-85062621183","fce56fbb-b2e2-41c1-93a0-ed080b1c76f0"
"2-s2.0-85062621183","9f6de1b8-5b8d-4c1a-b118-36e88974cff7"
"2-s2.0-85062621183","037f6f66-da0f-415d-8138-a538b546f597"
"2-s2.0-85062621183","cfd575d1-cf2e-4ea8-aa31-d22ca3162516"
"2-s2.0-85062621183","2d7e9c83-4211-437d-b6ab-090f0ca152dd"
"2-s2.0-85062621183","f947f259-2417-4573-ac73-78351ef08215"
"2-s2.0-85062621183","cdc35d8c-ce23-4dbb-bb1f-6bb466e10300"
"2-s2.0-85062621183","485adbf9-0189-421f-b60f-0ea9559294dd"
"2-s2.0-85062621183","3d219340-7dab-464e-8923-8b8c261828a6"
"2-s2.0-85062621183","32a37e04-5ce2-40c7-8233-d1818fff4229"
"2-s2.0-85062621183","f70460a9-0c80-408d-8059-0f208ec2b85f"
"2-s2.0-85062621183","4a422b8d-d8eb-41be-b6eb-ef54db30e7ed"
"2-s2.0-85062621183","2126435c-7f2a-4f93-bd15-78339a5d206c"
"2-s2.0-85062621183","4c68e011-c107-48b4-9875-b1ddde76421c"
"2-s2.0-85062621183","9160fb13-b3b3-4bb5-b67d-abc319ec75f0"
"2-s2.0-85062621183","c1945aff-242e-4f3d-8a7c-02fa9f3170b8"
"2-s2.0-85062621183","d1868e50-739e-4b8e-9767-9828b8e7b811"
"2-s2.0-85062621183","9cc11c0b-e741-42f9-9551-b7283140bd04"
"2-s2.0-85062621183","62b38f6c-f87d-4141-b9cd-ec8b4b3a9720"
"2-s2.0-85062621183","62e7a80d-191d-47ea-ae98-c594563c6a25"
"2-s2.0-85054805733","fbd72ef3-c2ff-4bed-ad55-0443f0debb26"
"2-s2.0-85054805733","84783263-a3d7-4fff-bb80-225d5e82141d"
"2-s2.0-85054805733","b77c71e1-88d5-4df7-ba77-cdc8028b62b4"
"2-s2.0-85054805733","da695a03-cae2-44b0-8d74-ddc1f46a8959"
"2-s2.0-85054805733","decb4ee3-9ba7-4d72-b986-b17123ddaf0c"
"2-s2.0-85054805733","a355409d-88dc-45fd-9d7e-6d8e6d654d68"
"2-s2.0-85054805733","62130cd2-b3b9-4dd6-af83-10edd61e25f4"
"2-s2.0-85054805733","89b5c934-d923-4a70-8f43-1404839d8151"
"2-s2.0-85054805733","8be4b62f-8cd4-4863-9c8f-6a4c526bc86d"
"2-s2.0-85054805733","be43d084-329e-4e50-b5a0-61659de79fd4"
"2-s2.0-85054805733","c08317b4-68ef-4563-8470-1681078ea20d"
"2-s2.0-85054805733","02f577c9-292c-45c5-b21b-6b646b3c6373"
"2-s2.0-85054805733","cafecd97-118a-4ee0-b9fb-8d5c78f26ee6"
"2-s2.0-85054805733","45aa693f-145c-4a43-80d3-1d573282edbf"
"2-s2.0-85054805733","7477a6a6-f92c-4feb-9e26-933b7c84a737"
"2-s2.0-85054805733","8a5272e2-f17c-4547-89fb-c6800712e5a9"
"2-s2.0-85054805733","d8d3c582-d5f0-4884-aa21-18251330621e"
"2-s2.0-85054805733","28d8264d-19e1-4923-8e07-fcbbe5e33940"
"2-s2.0-85054805733","dfd6fcd9-c82d-49be-82dc-7d6b2dd0be5e"
"2-s2.0-85054805733","5f253d38-93e4-4bd3-a5dc-f90122cef02d"
"2-s2.0-85054805733","05814de5-7ab7-4ca2-9d52-ff04e9620cd6"
"2-s2.0-85054805733","1c8f7dce-33fd-4c51-8207-16eb8b544c2a"
"2-s2.0-85054805733","83240838-2fde-49fa-991b-2e8cfe4bb0b6"
"2-s2.0-85043512672","bec8caba-5341-47f3-b64d-9e820bddcbd5"
"2-s2.0-85043512672","07925b33-c202-490d-a9c9-4f104cefa9fe"
"2-s2.0-85043512672","b80d5486-5d2f-427f-89b4-859ce3a66af2"
"2-s2.0-85043512672","a8ba60ac-e849-4360-bc42-80e90e5382f3"
"2-s2.0-85043512672","2c661b40-e335-4a69-8c74-913c762f8d90"
"2-s2.0-85043512672","d6a7f0ad-56c4-491c-9b9f-517522770c63"
"2-s2.0-85043512672","cb4bc12c-a259-4dec-8183-22104e88c8ba"
"2-s2.0-85043512672","47cb67b6-5338-46e7-9fea-543c395ab731"
"2-s2.0-85043512672","267b4fb7-3c30-40d7-97bc-0fdce6ced940"
"2-s2.0-85043512672","93219415-ac08-4c0a-bb83-cf7d8e6fd4e6"
"2-s2.0-85043512672","5d24da41-37be-4115-9d63-74c4a41c9f2f"
"2-s2.0-85043512672","cc4bf925-b51d-414d-a36f-81f748bf6765"
"2-s2.0-85043512672","d09f9ead-a7f0-4cfd-9e72-8da987f180bf"
"2-s2.0-85043512672","5ebf3a05-9f27-44a5-9f0b-3124c4d5211f"
"2-s2.0-85043512672","d16e31f8-cf75-4166-b672-5ff347397fd7"
"2-s2.0-85043512672","84c43184-2562-4094-afa7-5e5d8ea82ee6"
"2-s2.0-85043512672","3e0c768b-06a8-4840-9e31-e21317a51622"
"2-s2.0-85043512672","488c7388-b8bf-4090-85c5-1441a594ff8b"
"2-s2.0-85043512672","ef4ca86c-b23d-4f0a-8ce5-49b6a104cfc2"
"2-s2.0-85043512672","27234e9c-0ea1-4d59-8d53-477b1f631931"
"2-s2.0-85043512672","9026501c-b52b-45b9-aae6-518c464cb044"
"2-s2.0-85043512672","e52131cc-09c5-4d9e-a560-e88b0143712f"
"2-s2.0-85026677594","4323694c-2ae4-456a-a79b-1ab039389f56"
"2-s2.0-85026677594","7e251cf3-feae-4ee0-aaf9-7b36abda52f5"
"2-s2.0-85026677594","8019eb86-0c9a-416a-a830-60a4afc02310"
"2-s2.0-85026677594","d620159e-aff7-4c8e-8df5-ff8bbd8cb1c1"
"2-s2.0-85026677594","029cac92-e9cc-439b-8ea7-8835d759e9e9"
"2-s2.0-85026677594","977cda3f-2294-4e16-a4c8-457dfa3e0360"
"2-s2.0-85026677594","f410adc2-3e9b-44f1-99a8-91ae5107425d"
"2-s2.0-85026677594","785156eb-db04-4cbe-81d0-a0596c9e2435"
"2-s2.0-85026677594","4fa76854-925d-4d91-a66d-9150676220ff"
"2-s2.0-85026677594","9db0b01d-ce7a-49b9-a9b0-86dfda94bddd"
"2-s2.0-85026677594","0e1ce956-af70-4177-bd23-ae163ba93bd6"
"2-s2.0-85026677594","4a202336-e3c0-4b5f-bd60-285583e3c8d2"
"2-s2.0-85026677594","7752af5f-52cc-4d9e-a838-08537808c8c1"
"2-s2.0-85026677594","28139201-c063-4ab7-8c3d-c4611f7a855b"
"2-s2.0-85026677594","96a036bf-5ce1-4a08-8253-cac978ca04c1"
"2-s2.0-85026677594","d5642123-0c67-4815-9858-f71f5b273905"
"2-s2.0-85026677594","88950cfa-9e8a-406b-a49c-a1b5d2e93257"
"2-s2.0-85026677594","a01cffdc-0442-4c7e-99f8-325444608280"
"2-s2.0-85026677594","7efe7f2b-3e95-4821-a39b-048b6b3ac4a8"
"2-s2.0-85026677594","c9844dd5-e1ee-45d1-8359-8e4e7e1f701d"
"2-s2.0-85026677594","5d28d616-f6fc-474c-bd7f-ece70c158f05"
"2-s2.0-85026677594","9019d447-8626-4a90-95f1-eda93902416d"
"2-s2.0-85026677594","b0747f28-0344-47e4-beec-48bee674bc10"
"2-s2.0-85026677594","cd2d4aa5-1ba2-40ea-a10a-3af92ff1aa0f"
"2-s2.0-85026677594","c48e3aea-963f-4153-a29a-81a978c8e8bb"
"2-s2.0-85026677594","05aa2ff1-f4d2-493a-b45e-81301185c441"
"2-s2.0-85026677594","8b193ab6-22fa-491b-bb23-3bb7bd9260b9"
"2-s2.0-85026677594","445ccf8d-7400-418b-aba4-1043be60a7d2"
"2-s2.0-85026677594","4e7478af-1dfc-447c-805d-1a4b0cd8bfbc"
"2-s2.0-85026677594","e103496f-f5a2-493e-91e4-10082f79b627"
"2-s2.0-85026677594","6ff71d8c-ff98-4782-84e9-166a22f5cb62"
"2-s2.0-85026677594","95e32a90-ee3f-45e5-acd0-f72f776046c8"
"2-s2.0-85034583263","d949353e-e594-4d46-8cf8-47d0d26dbf22"
"2-s2.0-85034583263","db2b049f-a6b7-46e0-9d1a-a9cba42686ba"
"2-s2.0-85034583263","c2a85da1-ff82-4aa2-9c4d-99d82f943764"
"2-s2.0-85034583263","17ef90ec-78b7-49b1-b044-90fcec8b96e4"
"2-s2.0-85034583263","617e016a-1f71-4ef9-a810-0c6712b5bc8a"
"2-s2.0-85034583263","b9a5d0c6-2eb8-4576-b346-68b53d161780"
"2-s2.0-85034583263","4ab8715f-378d-42fc-9b29-d882102723d2"
"2-s2.0-85034583263","8c2f0458-b716-47d4-a90b-47007a587802"
"2-s2.0-85034583263","d6e0b372-a23b-4574-b1ad-6188bc3c64a0"
"2-s2.0-85034583263","c0c72b7f-1885-43b6-a43e-817ea4a15da8"
"2-s2.0-85034583263","82d3de5c-f282-4aea-998f-3def416f23ba"
"2-s2.0-85034583263","ebca1bbc-1023-4daa-bce9-c1814279b735"
"2-s2.0-85034583263","93219415-ac08-4c0a-bb83-cf7d8e6fd4e6"
"2-s2.0-85034583263","fa50f8b8-93e3-4369-8f3f-75d1e0ba34aa"
"2-s2.0-85034583263","698928a4-680c-4a19-862a-4cbfdf8f9af5"
"2-s2.0-85034583263","b246e94a-a2dd-409e-94ae-b0aa5fed1698"
"2-s2.0-85034583263","81e9ed6f-b368-422b-bdfe-1c23fba076e3"
"2-s2.0-85034583263","36fa0a78-84c2-4ffe-a6bc-bffe7d468d16"
"2-s2.0-85034583263","d09f9ead-a7f0-4cfd-9e72-8da987f180bf"
"2-s2.0-85034583263","81e2d3af-8fae-47f6-9c71-54c1374e5dcc"
"2-s2.0-85034583263","941c6ace-d9c1-4bbe-8a60-08f88248f54f"
"2-s2.0-85034583263","4fd5baf8-acfd-4517-9502-5f80b3a7d119"
"2-s2.0-85034583263","e50a9b35-f110-4e00-b401-da32129539ad"
"2-s2.0-85034583263","56152137-58c3-4a7f-907f-c93488c6c543"
"2-s2.0-85034583263","204b2c7d-f66b-43b7-a294-373109b3179b"
"2-s2.0-85034583263","6d4ca3e1-b8ec-4348-a621-2c3df5f33871"
"2-s2.0-85034583263","9c0e81d7-6de8-42d6-8c63-f9b0a1374880"
"2-s2.0-85034583263","62505702-bba5-417d-8620-cd4d8634ce41"
"2-s2.0-85034583263","acc2d565-b8f0-4c71-9ade-abd18b01cde3"
"2-s2.0-85034583263","e4520641-99f5-4f74-8c0c-9c99d1e4f489"
"2-s2.0-85034583263","d1868e50-739e-4b8e-9767-9828b8e7b811"
"2-s2.0-85034583263","d3f1a493-195d-4cea-b6b1-163443552522"
"2-s2.0-85034583263","52888c44-8bc0-44c1-af43-26aaa45bd810"
"2-s2.0-85034583263","47b492ea-0b56-4c1e-81a4-0aecdd4cb7b3"
"2-s2.0-85034583263","6067a65b-2930-4003-826e-f8a59dd3270a"
"2-s2.0-85034583263","1f81ce8b-0b85-43f4-ab8e-4537f1b08a01"
"2-s2.0-85034583263","9bd1ee82-354a-464a-bc57-85bc0490d557"
"2-s2.0-85034583263","27234e9c-0ea1-4d59-8d53-477b1f631931"
"2-s2.0-85034583263","9026501c-b52b-45b9-aae6-518c464cb044"
"2-s2.0-85034583263","0ec449d5-40bc-4e12-8708-17d95a10a86b"
"2-s2.0-85034583263","7bb0ecb4-1089-4ac2-a895-6c56331ccf84"
"2-s2.0-85034583263","e3315ada-97f5-4bce-8f82-b794291c9583"
"2-s2.0-85036657232","77db04dd-ba98-49e7-821f-df22c8f90cd1"
"2-s2.0-85036657232","52f087f0-d505-43ec-bb54-cb74f04a9b0e"
"2-s2.0-85036657232","1a195058-4fcf-40f3-ad07-b443bd2134f6"
"2-s2.0-85036657232","9da05686-468b-4376-ac80-7bcecbde5ea4"
"2-s2.0-85036657232","eee11f7b-1b03-48b7-bf60-89912a44571e"
"2-s2.0-85036657232","61c33e61-813b-4af6-9387-c3354ba4265c"
"2-s2.0-85036657232","5808301a-528d-47f9-b294-4a64a794d813"
"2-s2.0-85036657232","0ad24eb0-a279-41d2-a980-0d8441fec918"
"2-s2.0-85036657232","85f2f149-709b-460c-958b-fa944a26e7c0"
"2-s2.0-85036657232","71fb84ca-3cf1-4dd0-8dd8-4e2a84551de1"
"2-s2.0-85036657232","8f274f82-4f81-402b-9394-324d2a0a5855"
"2-s2.0-85036657232","28cb8adb-927a-436e-bbb1-df53177eca3d"
"2-s2.0-85036657232","dbba53ef-a833-4c69-88b0-1063e1699507"
"2-s2.0-85036657232","aac431ac-3eb5-4623-82c6-471667e56ee1"
"2-s2.0-85036657232","02270ed1-41e7-4694-a099-08390760a611"
"2-s2.0-85036657232","93219415-ac08-4c0a-bb83-cf7d8e6fd4e6"
"2-s2.0-85036657232","1e182161-c84a-4f83-8c98-baa9028b7190"
"2-s2.0-85036657232","d09f9ead-a7f0-4cfd-9e72-8da987f180bf"
"2-s2.0-85036657232","059e3fe5-2f8c-4640-af49-d9d79ad9a76c"
"2-s2.0-85036657232","f1c91cb1-190d-4c9d-99fb-ce5eb4b63272"
"2-s2.0-85036657232","f274de93-23d2-4b3b-8f42-03d47b2da343"
"2-s2.0-85036657232","4f0eac4d-9285-4e1e-8147-b2db2c0d1a92"
"2-s2.0-85036657232","1c932202-ea6d-42ce-930a-9772ccc76737"
"2-s2.0-85036657232","41a68c4c-4c03-470f-b4ff-c3ddc6dd3345"
"2-s2.0-85036657232","0811a9ac-7643-4bc0-b4c2-30897a01d24d"
"2-s2.0-85036657232","db2c9a94-9ae8-4763-8cc0-14428e9119a1"
"2-s2.0-85036657232","afa61f50-4694-4310-b457-4d782841d6f1"
"2-s2.0-85036657232","27234e9c-0ea1-4d59-8d53-477b1f631931"
"2-s2.0-85036657232","9b11eebb-0cb0-40ca-af87-8580d6619f8a"
"2-s2.0-85036657232","dd66673d-9604-413f-8d42-9f95822db447"
"2-s2.0-85036657232","98520f54-1b42-4c9b-8b63-2b609467fef1"
"2-s2.0-85036657232","45d27806-a017-41e1-8b36-64305b4fda74"
"2-s2.0-85036657232","6fd6d54b-19de-4e71-8a48-16fa9d528524"
"2-s2.0-85036657232","62b38f6c-f87d-4141-b9cd-ec8b4b3a9720"
"2-s2.0-85070564939","fc3c3b34-80a5-439c-bd24-32bdd9933cdb"
"2-s2.0-85070564939","732ef9a5-4881-42c4-8753-70c5e5a2cc77"
"2-s2.0-85070564939","07925b33-c202-490d-a9c9-4f104cefa9fe"
"2-s2.0-85070564939","ef2aa77e-54f9-40a6-8089-366793194fcd"
"2-s2.0-85070564939","07acaec8-6843-42ef-a6d1-e7c7ad5e23cf"
"2-s2.0-85070564939","30900ca1-dffd-4673-9019-20bfa5cf533a"
"2-s2.0-85070564939","82d3de5c-f282-4aea-998f-3def416f23ba"
"2-s2.0-85070564939","93219415-ac08-4c0a-bb83-cf7d8e6fd4e6"
"2-s2.0-85070564939","f518bc33-3ed4-43ba-a41c-2870ad8caa43"
"2-s2.0-85070564939","cc4bf925-b51d-414d-a36f-81f748bf6765"
"2-s2.0-85070564939","d09f9ead-a7f0-4cfd-9e72-8da987f180bf"
"2-s2.0-85070564939","5ebf3a05-9f27-44a5-9f0b-3124c4d5211f"
"2-s2.0-85070564939","5394fb0f-05d0-44f9-8a63-9eb967f5e146"
"2-s2.0-85070564939","289f7f30-896f-4fc7-a230-a1fd48da26ae"
"2-s2.0-85070564939","ef4ca86c-b23d-4f0a-8ce5-49b6a104cfc2"
"2-s2.0-85070564939","27234e9c-0ea1-4d59-8d53-477b1f631931"
"2-s2.0-85070564939","a2518768-20ca-4af8-b8d6-0a15130e4c2c"
"2-s2.0-85070564939","03114bc3-b594-49be-999e-c97e9c5655ef"
"2-s2.0-85070564939","44c76b26-41b3-4c0e-ab11-24c3146e7fe8"
"2-s2.0-85070564939","cb963a3d-2a28-4da4-9616-2a657ed3f5b3"
"2-s2.0-85059746200","52f087f0-d505-43ec-bb54-cb74f04a9b0e"
"2-s2.0-85059746200","2c653cd6-dd98-4bd0-8f20-3318c04eddc1"
"2-s2.0-85059746200","7b6a3d81-ff6c-42e5-a09d-98b979cbfcdf"
"2-s2.0-85059746200","89b5c934-d923-4a70-8f43-1404839d8151"
"2-s2.0-85059746200","de0730b4-c303-43bf-b262-6721d1c43a90"
"2-s2.0-85059746200","4c68e011-c107-48b4-9875-b1ddde76421c"
"2-s2.0-85059746200","d87115b2-da32-4d83-b335-6cd020483f5d"
"2-s2.0-85059746200","31c6a0af-ba5a-43dc-8089-489df11888f1"
"2-s2.0-85041496493","524c42cb-bd0c-4dcb-b2bb-e72a68f1be0d"
"2-s2.0-85041496493","163a9823-8c55-400e-885c-6337029036b7"
"2-s2.0-85041496493","2c6ea7cb-dac4-443b-becb-5e73612f178c"
"2-s2.0-85041496493","fad1328e-aa24-4dda-8e0d-aee57287e9ee"
"2-s2.0-85041496493","abdd649c-99de-4465-80b1-03b785a76872"
"2-s2.0-85041496493","21eb6a23-7c1a-4623-ad9c-168f19751ba3"
"2-s2.0-85041496493","86ebcbb6-67a0-400a-89f1-8d959226d011"
"2-s2.0-85041496493","14f7afe8-7be2-4126-8f48-145839c55846"
"2-s2.0-85041496493","dd2e1d8d-452d-4263-85a7-a575a5ebefc8"
"2-s2.0-85041496493","35d031a1-ba55-4670-86a7-d1b2d4b27f79"
"2-s2.0-85041496493","cf2b5c45-ec89-4794-97f4-59babadeb3fb"
"2-s2.0-85041496493","dc50d363-5c0b-4c27-bea7-4f767c5daccd"
"2-s2.0-85041496493","1158ab14-f19d-4982-bc0e-50dc44a7fa98"
"2-s2.0-85041496493","ba8434e0-571d-4a14-a3fd-f4f8b311ce3d"
"2-s2.0-85041496493","830b9304-249a-4f9a-b2e8-5f6d5187648c"
"2-s2.0-85041496493","6229b1eb-21de-418a-85f9-e05b2858a129"
"2-s2.0-85041496493","5cb69549-7d80-4103-afee-7c74fa2d3b77"
"2-s2.0-85041496493","7a32c53a-513e-43ed-99d5-783faeb396f2"
"2-s2.0-85041496493","060568ab-0fb8-4c60-868d-eeadac451c05"
"2-s2.0-85041496493","2ab667dd-84c6-4293-b0d2-02616617c38d"
"2-s2.0-85041496493","1cf461a7-0aa2-442e-8bf5-07ecfb2aa8ba"
"2-s2.0-85041496493","e91e2cc2-2bdf-40db-a883-bbff4e9cb9f1"
"2-s2.0-85041496493","3e3af9e8-5f74-4415-b991-5e13cb09f9b0"
"2-s2.0-85041496493","2cb14c2f-4b3a-435d-8def-fc832b56642c"
"2-s2.0-85041496493","f99988c2-9431-4cdc-a8da-fa0231aab184"
"2-s2.0-85041496493","f61b6185-f16a-4b8a-b8e0-9ea20b9e4247"
"2-s2.0-85041496493","d949353e-e594-4d46-8cf8-47d0d26dbf22"
"2-s2.0-85041496493","e24e0587-2a0f-49a3-b343-8ccebf5e4fa0"
"2-s2.0-85041496493","d33126a9-cd3a-4ca3-a0a1-8c65da8354eb"
"2-s2.0-85041496493","17ef90ec-78b7-49b1-b044-90fcec8b96e4"
"2-s2.0-85041496493","617e016a-1f71-4ef9-a810-0c6712b5bc8a"
"2-s2.0-85041496493","42143b2b-f5b9-494d-83ab-f2016bb1f68c"
"2-s2.0-85041496493","82d3de5c-f282-4aea-998f-3def416f23ba"
"2-s2.0-85041496493","fd1e45db-d5fe-4183-8a6b-45e61d55291c"
"2-s2.0-85041496493","e103cb14-df4a-4319-bdaf-5afc874216ac"
"2-s2.0-85041496493","4a923d89-21b7-4d89-ad0d-f708a5a5309e"
"2-s2.0-85041496493","e95a5739-0bfa-4812-a267-8f04f6b9f915"
"2-s2.0-85041496493","ebca1bbc-1023-4daa-bce9-c1814279b735"
"2-s2.0-85041496493","cce86c20-4ba3-4358-8c73-f00752fa5395"
"2-s2.0-85041496493","93219415-ac08-4c0a-bb83-cf7d8e6fd4e6"
"2-s2.0-85041496493","f0595087-99b6-4b8e-8547-d7ddc3562e74"
"2-s2.0-85041496493","23f57931-6c70-4e33-924e-a1244093483a"
"2-s2.0-85041496493","d09f9ead-a7f0-4cfd-9e72-8da987f180bf"
"2-s2.0-85041496493","811646fc-5ce5-4c33-b1f9-de7ce60ab630"
"2-s2.0-85041496493","91c83850-9d15-44e2-b1dc-ee1945ce907f"
"2-s2.0-85041496493","f8ff69eb-9030-4d5c-aa22-fbaa10871b31"
"2-s2.0-85041496493","31a88e65-3bff-4c04-99c7-d7650bfacfea"
"2-s2.0-85041496493","b00b234c-5348-48b5-bfcb-f926b0129ac8"
"2-s2.0-85041496493","9c0e81d7-6de8-42d6-8c63-f9b0a1374880"
"2-s2.0-85041496493","f698c518-8b5e-4161-b256-87c686c59ef0"
"2-s2.0-85041496493","4d2a3088-c2c7-48e5-9ecd-f5269f6f1027"
"2-s2.0-85041496493","8c0af756-f450-42c3-bb5c-f9eb63b9a257"
"2-s2.0-85041496493","d1868e50-739e-4b8e-9767-9828b8e7b811"
"2-s2.0-85041496493","d3f1a493-195d-4cea-b6b1-163443552522"
"2-s2.0-85041496493","52888c44-8bc0-44c1-af43-26aaa45bd810"
"2-s2.0-85041496493","f2073fd0-fd3e-435a-8dc8-f85051442819"
"2-s2.0-85041496493","1f81ce8b-0b85-43f4-ab8e-4537f1b08a01"
"2-s2.0-85041496493","27234e9c-0ea1-4d59-8d53-477b1f631931"
"2-s2.0-85041496493","2c3eef6f-63bf-4a0a-a3c3-0c605ed86f27"
"2-s2.0-85041496493","df6ef8d9-f4a0-4fea-8b15-c9e78c1736be"
"2-s2.0-85041496493","93b5d462-6bdc-4aa6-95a2-b4bcf22db4e9"
"2-s2.0-85041496493","398b8fd8-cf33-47dd-9458-417c4f7b5c71"
"2-s2.0-85041496493","f70460a9-0c80-408d-8059-0f208ec2b85f"
"2-s2.0-85041496493","d5688d54-b59d-4c9f-ac8e-010dc3ae3583"
"2-s2.0-85041496493","785245f5-6fd4-459c-952e-a12052ea6f1f"
"2-s2.0-85041496493","4c68e011-c107-48b4-9875-b1ddde76421c"
"2-s2.0-85041496493","ca6b2927-39ce-4da3-8bf1-8c093ace6e2e"
"2-s2.0-85041496493","9c3e80b0-4649-452a-a8a9-bc95e047bc75"
"2-s2.0-85041496493","62b38f6c-f87d-4141-b9cd-ec8b4b3a9720"
"2-s2.0-85041496493","31135ea2-f752-4ef9-b453-b188ba43165f"
"2-s2.0-85041496493","dde40d89-8f37-41d0-9c8d-0c75bc209fe7"
"2-s2.0-85045750751","831ce2ed-e3d5-4d05-8407-ab6243492999"
"2-s2.0-85045750751","4f3b74d0-9cdf-46f5-acdb-039f70498c07"
"2-s2.0-85045750751","68ebeb67-732d-41fd-88c8-3919eaeba0b6"
"2-s2.0-85045750751","6f9189be-e3e8-4752-aa24-3378954185fc"
"2-s2.0-85045750751","0ed5deb7-2e1e-41cb-84bc-27cf80d6e756"
"2-s2.0-85045750751","f9da727d-ce81-4e19-ac15-2ca8c80b7ca4"
"2-s2.0-85045750751","a09e84c7-bf87-47fa-8dd9-7dbca2d94be3"
"2-s2.0-85045750751","ba0e1cba-19e1-4455-9963-6ca28209fdcb"
"2-s2.0-85045750751","1b074ee0-631c-40f9-ad30-f1f681039e03"
"2-s2.0-85045750751","49a07a08-c2e7-47c0-b817-6a5c03c4d766"
"2-s2.0-85045750751","193fadb5-9a12-41ba-8ff6-0b9f6b01d0dd"
"2-s2.0-85045750751","f2228744-0001-4fa0-b6f0-38cc031dbc82"
"2-s2.0-85045750751","62c2a7fc-9312-42bf-a998-392280fdb7be"
"2-s2.0-85045750751","cf2f2806-5ba3-43b2-a81e-5e4555c8a291"
"2-s2.0-85045750751","5d110423-bc9c-4383-a200-d58a6ff2c006"
"2-s2.0-85045750751","bc4ddc76-45e6-4668-8655-fa75e1339a59"
"2-s2.0-85045750751","422f2cfb-511e-46d9-9467-c51298501d67"
"2-s2.0-85045750751","4c68e011-c107-48b4-9875-b1ddde76421c"
"2-s2.0-85045750751","9160fb13-b3b3-4bb5-b67d-abc319ec75f0"
"2-s2.0-85045750751","dafff6b8-b307-4f9b-b4f1-9aab67309218"
"2-s2.0-85045750751","aab74364-b800-44b2-9122-fba443d21af5"
"2-s2.0-85045750751","c99c462e-c205-460c-a5af-70b85eadb6cb"
"2-s2.0-85045750751","9026501c-b52b-45b9-aae6-518c464cb044"
"2-s2.0-85045750751","96c88c54-4db2-4bb5-9162-31b7683c8847"
"2-s2.0-85045750751","4635518d-5bdc-433a-b76a-2ca0ae45423b"
"2-s2.0-85033463828","b84271df-2e13-485e-b2e2-4ce081d3d107"
"2-s2.0-85033463828","8a0d846f-a12a-4477-8d53-e8ca18d50b25"
"2-s2.0-85033463828","7b6a3d81-ff6c-42e5-a09d-98b979cbfcdf"
"2-s2.0-85033463828","4f1f24e0-4411-4c78-b346-6bf332972841"
"2-s2.0-85033463828","7721c23f-50a9-4c00-91eb-3831ff611bc7"
"2-s2.0-85033463828","461b293d-d2b1-493b-b4d2-bbcd44e17e37"
"2-s2.0-85033463828","8e0bcf8c-ab55-42ab-a6ab-266f0a1991dd"
"2-s2.0-85033463828","106b3e75-7025-4fd1-b9e0-310bdaa9b3e0"
"2-s2.0-85033463828","11bf33d1-d386-4737-a677-99e723863beb"
"2-s2.0-85033463828","8ca94b53-a06b-4707-bd99-b2e0d8a127ac"
"2-s2.0-85033463828","aeef89a0-1311-46a7-8132-b872372bea9c"
"2-s2.0-85033463828","e9e1630d-44ed-4622-a4a2-cfb00762bd5f"
"2-s2.0-85033463828","e958e7e5-b264-4840-a419-571c054c54a2"
"2-s2.0-85033463828","785156eb-db04-4cbe-81d0-a0596c9e2435"
"2-s2.0-85034069093","a3cd9a7b-a589-4213-b071-fb0797dcd5f6"
"2-s2.0-85034069093","4323694c-2ae4-456a-a79b-1ab039389f56"
"2-s2.0-85034069093","52f087f0-d505-43ec-bb54-cb74f04a9b0e"
"2-s2.0-85034069093","10597d6e-cafc-4689-b01f-adc8435ac69d"
"2-s2.0-85034069093","f19fb9c3-0f91-4ba2-98e5-ff86c36257ed"
"2-s2.0-85034069093","1b7b1459-54bf-42f9-8af3-e95a9fc429bf"
"2-s2.0-85034069093","1a6057fe-f444-4cbb-9d3b-8e641f622492"
"2-s2.0-85034069093","bb7c7094-a737-4ca6-9082-bbdc565e0a9c"
"2-s2.0-85034069093","7ec0d050-a9a6-4d4c-abb0-b123dba67b8d"
"2-s2.0-85034069093","3554d277-4127-48b1-b231-b9071a595196"
"2-s2.0-85034069093","3ebb3350-1ca0-4286-9380-05fd0ef2440b"
"2-s2.0-85034069093","956ae4cf-4aa3-4cfc-9b7e-0ecefe2b8fdd"
"2-s2.0-85034069093","71cd1b3b-991b-49ea-8a46-8717f9c6e95b"
"2-s2.0-85034069093","c1372062-641a-4d38-9fdb-f9e6f14bf896"
"2-s2.0-85034069093","e6cfe0c5-ad35-4db1-a57f-80afb1924c2c"
"2-s2.0-85034069093","6ff71d8c-ff98-4782-84e9-166a22f5cb62"
"2-s2.0-85049580816","4323694c-2ae4-456a-a79b-1ab039389f56"
"2-s2.0-85049580816","32c23ec6-bb5e-49a2-84f8-1e18f55a9cc8"
"2-s2.0-85049580816","52f087f0-d505-43ec-bb54-cb74f04a9b0e"
"2-s2.0-85049580816","77b4a71d-9f79-4481-b645-24b36766a86e"
"2-s2.0-85049580816","ff67932f-0ca2-4888-8321-d8beb9e86807"
"2-s2.0-85049580816","46320eb4-2a36-44f9-b8c6-07c91e741d8b"
"2-s2.0-85049580816","affa05a6-fc5f-4010-ba32-c5129a4af088"
"2-s2.0-85049580816","9c19d9c2-84b9-4246-9da9-e3a0651c31f9"
"2-s2.0-85049580816","8400e885-434e-4707-88c0-3b8af362708f"
"2-s2.0-85049580816","95924b2a-6318-43e8-ab88-d7dab31bf078"
"2-s2.0-85049580816","956ae4cf-4aa3-4cfc-9b7e-0ecefe2b8fdd"
"2-s2.0-85049580816","71cd1b3b-991b-49ea-8a46-8717f9c6e95b"
"2-s2.0-85049580816","420ea4f7-b6e4-4eb2-85b1-f21afc363991"
"2-s2.0-85049580816","fb56e2f2-10d0-45a3-aa2f-228fb8c073ca"
"2-s2.0-85049580816","b853e1b8-56d4-4e82-8ae2-377531c03b5e"
"2-s2.0-85049580816","78f3f455-ee91-438e-a60b-17553eb068e1"
"2-s2.0-85049580816","270549da-5072-4ba2-ae08-042af24cb9ad"
"2-s2.0-85056630858","eb25ce23-4b87-4c6e-ad6c-c175c53a6959"
"2-s2.0-85056630858","b7faae78-915e-4fbf-97e4-47386519b8b3"
"2-s2.0-85056630858","cfd575d1-cf2e-4ea8-aa31-d22ca3162516"
"2-s2.0-85056630858","7cbb0891-5189-48a2-9390-059865c00637"
"2-s2.0-85056630858","13fa59d2-025d-4595-8488-67eddcafa8af"
"2-s2.0-85056630858","d3af62be-0fee-4292-8f86-2c603e7cb03e"
"2-s2.0-85056630858","8d18cfb7-87ab-426a-afdb-f411af99321f"
"2-s2.0-85056630858","3c0d45a7-7b42-4e4c-b6ed-b34f315e4678"
"2-s2.0-85056630858","f13868c3-5ea4-4787-8977-abd51135e1dd"
"2-s2.0-85056630858","57f8e466-d6a6-4557-9c22-471980383f5a"
"2-s2.0-85056630858","45067b21-cb81-45da-8489-08f9b1aa0f94"
"2-s2.0-85056630858","da3fa8fa-bf27-4569-81ef-83a85191216a"
"2-s2.0-85056630858","a700a6e9-944c-4958-8978-707b4fa7ff25"
"2-s2.0-85056630858","32a37e04-5ce2-40c7-8233-d1818fff4229"
"2-s2.0-85056630858","edfcfb0e-c84f-4ae8-bbba-cb8c283fc01c"
"2-s2.0-85056630858","4dd8b95b-b5e1-4a4e-b193-83587b28c9f3"
"2-s2.0-85056630858","66d993f3-be7c-4e3a-8fec-23b2afd9ea8d"
"2-s2.0-85056630858","eb39aee7-a1b2-464b-8ee3-29b19d22e26d"
"2-s2.0-85056630858","5ed34c86-9b2c-432e-b6f7-f92a0351509a"
"2-s2.0-85056630858","893dff0f-8e9e-4717-a1d3-1ef769efe2c3"
"2-s2.0-85056630858","82d3de5c-f282-4aea-998f-3def416f23ba"
"2-s2.0-85056630858","654af7d0-eed9-4c6d-997a-f5da1d6c6339"
"2-s2.0-85056630858","93219415-ac08-4c0a-bb83-cf7d8e6fd4e6"
"2-s2.0-85056630858","49aa74ab-2a75-4ac7-b10a-326970517a0d"
"2-s2.0-85056630858","6ec6bf2e-378e-4b90-8302-08b3dbcfdb3a"
"2-s2.0-85056630858","e592d017-f843-4719-a7d5-56f7665c1054"
"2-s2.0-85056630858","550afe94-8ef4-4712-965b-499379edaa9c"
"2-s2.0-85056630858","d09f9ead-a7f0-4cfd-9e72-8da987f180bf"
"2-s2.0-85056630858","9c3e80b0-4649-452a-a8a9-bc95e047bc75"
"2-s2.0-85056630858","7f4484e7-53cc-4700-a2e8-b862eb0d70f7"
"2-s2.0-85056630858","e6afe55d-5d52-4a62-8a41-1ef2438fc0ef"
"2-s2.0-85056630858","8c5ca90f-0201-4754-a53f-1c7d88312feb"
"2-s2.0-85056630858","ff09f15b-3219-4c50-8a41-439f047793c1"
"2-s2.0-85056630858","27234e9c-0ea1-4d59-8d53-477b1f631931"
"2-s2.0-85056630858","d9a59779-c7c5-4570-be65-5178bb26d85a"
"2-s2.0-85056630858","c980ea66-5a0f-46c4-a881-fb177023b5fc"
"2-s2.0-85056630858","c2a61ce8-b4b6-47b6-804b-217798e4b6c6"
"2-s2.0-85056630858","cb963a3d-2a28-4da4-9616-2a657ed3f5b3"
"2-s2.0-85056630858","9f93a677-c14c-4bed-a6e4-a96db3808499"
"2-s2.0-85056630858","cf8e80de-14cf-4c59-a143-3ac3d7ee7661"
"2-s2.0-85056630858","39076a15-b1c8-4735-9db5-d6ab25ab4d68"
"2-s2.0-85056630858","fb5446dc-8729-43cb-b288-179e0d729fca"
"2-s2.0-85056630858","ae620dc5-f957-46b1-8720-b45e4e670a6e"
"2-s2.0-85031812464","e55e9027-8a99-4b4f-a3fb-0374167d2064"
"2-s2.0-85031812464","8d681604-eb14-465a-a742-662514586578"
"2-s2.0-85031812464","90db879a-63dd-4e53-b736-d9b0b2ac3ad9"
"2-s2.0-85031812464","eed0ce25-8676-48f9-a1e8-129259949bfb"
"2-s2.0-85031812464","83cf7a3b-b9de-4174-a7be-f925763acad1"
"2-s2.0-85031812464","b1706b6c-c5e4-46e8-b974-ae4be0d59bf4"
"2-s2.0-85031812464","532149ce-f6d9-41a9-95fc-fc376b44c786"
"2-s2.0-85031812464","fce56fbb-b2e2-41c1-93a0-ed080b1c76f0"
"2-s2.0-85031812464","de9299e6-2bad-4f54-b275-0ee9be4822a0"
"2-s2.0-85031812464","62d588d1-a677-466f-ae5e-f824f49af53e"
"2-s2.0-85031812464","d2c4c49f-2184-41d5-9efc-b8117ca5b6c0"
"2-s2.0-85031812464","76739638-b363-465c-958a-eb23028d62dd"
"2-s2.0-85031812464","591db2ad-5e02-4c69-b46c-53d1e7c9e661"
"2-s2.0-85031812464","6eed319e-bcc4-4266-bbaf-02045fd9dfd3"
"2-s2.0-85031812464","b2586551-7c55-417b-94c7-1fcc53e0d9d2"
"2-s2.0-85031812464","6edf1234-d7d9-4cc8-b48d-6014746538f9"
"2-s2.0-85031812464","d17059ea-3602-411a-8ada-35c5ac6d1763"
"2-s2.0-85031812464","4a422b8d-d8eb-41be-b6eb-ef54db30e7ed"
"2-s2.0-85031812464","cc86c886-c4a3-4b7a-bb8f-69e7618916df"
"2-s2.0-85031812464","4c68e011-c107-48b4-9875-b1ddde76421c"
"2-s2.0-85031812464","26d0acb0-9e19-477e-aaf9-1b5e655a0748"
"2-s2.0-85031812464","93107da8-85a3-4fbe-acba-899b03317a8a"
"2-s2.0-85031812464","c99c462e-c205-460c-a5af-70b85eadb6cb"
"2-s2.0-85031812464","62b38f6c-f87d-4141-b9cd-ec8b4b3a9720"
"2-s2.0-85031812464","04b9b8c9-f94c-4461-b64a-2dc802fddfcc"
"2-s2.0-85031812464","73d0b6c6-24d8-4b19-9097-988ed8aef451"
"2-s2.0-85040964417","cc75b0b5-6ded-4d8b-92d0-ddf45e53c30e"
"2-s2.0-85040964417","8e78f94d-76e5-4df1-8993-f6859f9796be"
"2-s2.0-85040964417","29fad14f-3939-4457-8cd5-d051bd9d148b"
"2-s2.0-85040964417","6b39b083-c9fe-455b-a405-1d24c978fdd2"
"2-s2.0-85040964417","ed1d4de8-ffce-4c39-b44e-be2e21dd28b5"
"2-s2.0-85040964417","50a967a6-c47c-461b-a846-da627e616cca"
"2-s2.0-85040964417","334cf54e-70dd-49fd-b3c0-a5f819627d16"
"2-s2.0-85040964417","f21a5e32-33f6-4b79-b1b2-0602f2830f77"
"2-s2.0-85040964417","785156eb-db04-4cbe-81d0-a0596c9e2435"
"2-s2.0-85040964417","7a973bcc-c4fd-4506-9825-86e0489da5a7"
"2-s2.0-85040964417","02b2044a-bcaa-478b-8f80-6d533ec89473"
"2-s2.0-85040964417","8ca94b53-a06b-4707-bd99-b2e0d8a127ac"
"2-s2.0-85040964417","39c91a3c-03a4-4078-9f5f-c0fe0fea14a3"
"2-s2.0-85040964417","4b42414f-3f7e-4366-83a9-60e349659c80"
"2-s2.0-85040964417","a19ea92a-9944-4739-93e6-3ceb6c506c43"
"2-s2.0-85040964417","16ffdc65-8ff6-470a-b612-7b0068f1fd1f"
"2-s2.0-85040964417","e97a382c-1946-472a-a75c-0299ea85fcef"
"2-s2.0-85040964417","9019d447-8626-4a90-95f1-eda93902416d"
"2-s2.0-85040964417","2c0dde85-24e2-4ffa-83f9-4a9e15fd6c4c"
"2-s2.0-85040964417","039f2c65-2b7f-474d-9d63-95acc5b2a2ff"
"2-s2.0-85040964417","62ab4fa4-6f76-4b7e-aad7-0e32ea3d4456"
"2-s2.0-85068444503","0f02879c-9f60-4e98-8835-6cd1d9c6f540"
"2-s2.0-85068444503","cfd575d1-cf2e-4ea8-aa31-d22ca3162516"
"2-s2.0-85068444503","568d93c5-7e69-4662-af3f-c4dd33cac420"
"2-s2.0-85068444503","a73854ee-c442-4148-91d8-080a10f3babc"
"2-s2.0-85068444503","2ee1a149-5cd0-42ae-8201-e3b2f06a3b7e"
"2-s2.0-85068444503","96919ca1-a108-4d58-9bf1-525ddc117f3e"
"2-s2.0-85068444503","32a37e04-5ce2-40c7-8233-d1818fff4229"
"2-s2.0-85068444503","a048ada2-1a59-4130-9fcf-9fd9515886c5"
"2-s2.0-85068444503","f92c5a14-36ed-4822-a866-a00eef162898"
"2-s2.0-85068444503","82d3de5c-f282-4aea-998f-3def416f23ba"
"2-s2.0-85068444503","654af7d0-eed9-4c6d-997a-f5da1d6c6339"
"2-s2.0-85068444503","41ee91be-b8ab-44bd-94b0-3ce00a8088e0"
"2-s2.0-85068444503","93219415-ac08-4c0a-bb83-cf7d8e6fd4e6"
"2-s2.0-85068444503","9ff89a22-33a9-429d-8cea-12ded2c4dabc"
"2-s2.0-85068444503","9f679075-8e9e-4f56-9330-9ec0b3fe7594"
"2-s2.0-85068444503","59521075-e23a-49c8-bdad-5bd97b44acf3"
"2-s2.0-85068444503","43d62eb2-f78d-4a90-bee5-2c432405c97c"
"2-s2.0-85068444503","7f4484e7-53cc-4700-a2e8-b862eb0d70f7"
"2-s2.0-85068444503","13e3ac9e-200e-431c-8aab-36e02b62f7e5"
"2-s2.0-85068444503","ff09f15b-3219-4c50-8a41-439f047793c1"
"2-s2.0-85068444503","27234e9c-0ea1-4d59-8d53-477b1f631931"
"2-s2.0-85068444503","a2518768-20ca-4af8-b8d6-0a15130e4c2c"
"2-s2.0-85068444503","f4b7c7c5-0b6c-431a-9a22-96ac7d9ee5fb"
"2-s2.0-85018764259","15f0077e-2bbe-4bdf-99ec-b5605730b767"
"2-s2.0-85018764259","50494ea3-5cf3-4c7f-927f-edb3fe042982"
"2-s2.0-85018764259","52f087f0-d505-43ec-bb54-cb74f04a9b0e"
"2-s2.0-85018764259","427094c6-6029-4772-b7a5-bbe2b82c1e67"
"2-s2.0-85018764259","dca6a249-0344-4e68-a75c-305eca3337eb"
"2-s2.0-85018764259","6d4ca3e1-b8ec-4348-a621-2c3df5f33871"
"2-s2.0-85018764259","b6d0d44e-f6ee-487a-92db-7d052af4d5f8"
"2-s2.0-85018764259","dd2e1d8d-452d-4263-85a7-a575a5ebefc8"
"2-s2.0-85018764259","9df4e20f-4351-4a1a-8f21-77be2f1ea431"
"2-s2.0-85018764259","e73de94c-c868-41c1-8518-67bfd939efa7"
"2-s2.0-85018764259","5526a72f-257e-4b6a-a44e-d19965331e77"
"2-s2.0-85018764259","dd775f46-0c82-4db1-b743-0fc8ab619f02"
"2-s2.0-85018764259","0de30d13-ba09-4e46-a6bd-209fd65de4fe"
"2-s2.0-85018764259","837a4303-640f-4284-b022-3d0b291376e2"
"2-s2.0-85018764259","de254191-fa27-474b-8cfc-2e0c81f48445"
"2-s2.0-85018764259","dae775d1-3902-4a18-98bc-41ba399e0e88"
"2-s2.0-85018764259","82556767-8f68-4837-bb2b-3b6be7be7490"
"2-s2.0-85018764259","c044c626-08d0-4512-a74e-3f4972299b55"
"2-s2.0-85018764259","32a37e04-5ce2-40c7-8233-d1818fff4229"
"2-s2.0-85018764259","f2121e8c-4971-4871-9551-7b7dd9b63e80"
"2-s2.0-85018764259","82d3de5c-f282-4aea-998f-3def416f23ba"
"2-s2.0-85018764259","f0d42cb2-b89d-4a5c-8ddd-33d28c583b01"
"2-s2.0-85018764259","15578787-c1c4-4a86-a1ff-68c35671ac76"
"2-s2.0-85018764259","6a272337-9d06-494b-b1a1-bd579b26d9f3"
"2-s2.0-85018764259","bfb1a62b-c2e6-468a-be6e-7219980febe3"
"2-s2.0-85018764259","f075d3df-f6b8-4da0-a674-4c998397b327"
"2-s2.0-85018764259","c7f794bf-5df6-41df-ac55-46977be9921d"
"2-s2.0-85018764259","7b78ab4f-5d23-4e6b-904a-fe21d6350546"
"2-s2.0-85018764259","bc3759d6-11cd-48f1-be13-9ead15228691"
"2-s2.0-85018764259","e68794e9-ce89-4c9e-9e4b-e6c6f5b28b3c"
"2-s2.0-85018764259","b1d74558-c090-45fd-9131-04c9e3b9911e"
"2-s2.0-85018764259","049c91ba-ba5d-4026-be08-5f7a70e94562"
"2-s2.0-85018764259","f7c8aa34-ed59-457e-9b0b-121be17c3e81"
"2-s2.0-85018764259","f075bfd6-5cf0-4222-84e8-f6fa25ad0614"
"2-s2.0-85018764259","8e9291ae-0845-4da7-92a7-877c032fc07a"
"2-s2.0-85018764259","c0f1d3ea-9826-43ea-9034-43b05ca2db89"
"2-s2.0-85018764259","1a16e525-440f-4bde-8e8f-db892c8b809a"
"2-s2.0-85018764259","671d8d5d-89a1-47b3-be8c-c61c4643583f"
"2-s2.0-85018764259","016ee9f5-b372-4b2c-88ae-8e2004248656"
"2-s2.0-85018764259","d925d6a4-43f7-462a-b3ee-6eb5901f2b86"
"2-s2.0-85018764259","7ec6296c-d0c2-4aa1-a9b5-c910726f21b7"
"2-s2.0-85018764259","8a9a1dab-ecaf-4f7d-9fc0-eb9b5b4f4a45"
"2-s2.0-85018764259","6951da14-0871-4c83-9b12-bae60a8d392e"
"2-s2.0-85018764259","fda22bba-d3cd-4cd5-844c-363ee1bdda70"
"2-s2.0-85018764259","5ee1e63b-6ffd-4cc8-9016-39e9ec549244"
"2-s2.0-85018764259","49f0ca7a-fd75-41cc-8858-ae552ec007b0"
"2-s2.0-85018764259","a7527fe5-5b08-482a-a38d-f97e64dd69b0"
"2-s2.0-85018764259","002cff96-d8f5-4967-ad52-134993f6461a"
"2-s2.0-85018764259","c6ef61d3-90dc-439b-8f44-782820884295"
"2-s2.0-85018764259","6d36a0a7-cad2-40a1-bd04-9822081548bb"
"2-s2.0-85018764259","9f0a1b6e-de3e-4e6a-89d3-a511f0972de6"
"2-s2.0-85018764259","59c71f48-5030-4064-890e-918b2ac9754c"
"2-s2.0-85018764259","b388f64e-147a-4aed-8be4-a3d398c2e37a"
"2-s2.0-85018764259","cfe9338c-6167-4575-8201-9c6bba21bb5b"
"2-s2.0-85018764259","e65c00d3-3fdb-4f2f-97b0-32fed7226838"
"2-s2.0-85018764259","00094842-da7b-4274-920a-f7cdebfcdef1"
"2-s2.0-85018764259","4913bbf1-482e-44bf-9ae5-df165ac697de"
"2-s2.0-85018764259","5489117b-8167-4146-ba7c-1e6aff54a082"
"2-s2.0-85018764259","a21916cd-a9bd-432b-b7fd-221294d5835d"
"2-s2.0-85018764259","d11ef2d4-d8e3-43c3-ab11-b840f327fef2"
"2-s2.0-85018764259","93219415-ac08-4c0a-bb83-cf7d8e6fd4e6"
"2-s2.0-85018764259","39af9c3e-8c9b-434f-b1b1-1aaac2ce55d8"
"2-s2.0-85018764259","1446531f-05b8-48bb-8078-b9bfaf71d277"
"2-s2.0-85018764259","3541ad18-d985-4c12-bbf3-711f48f65a29"
"2-s2.0-85018764259","8563374c-d20b-47ae-877c-e249faf0f61f"
"2-s2.0-85018764259","45a633f4-604b-4a99-9758-9474689a71ae"
"2-s2.0-85018764259","b7972e11-ec6a-4d93-882d-34fbe54f9640"
"2-s2.0-85018764259","c346f434-b637-4e29-92c7-04f90d470d8f"
"2-s2.0-85018764259","c6a15eed-ced2-4db2-aca1-f168da7a52bf"
"2-s2.0-85018764259","31515dc3-79d1-4b8e-89a8-51616de1af1d"
"2-s2.0-85018764259","641d73af-be98-48ab-8bf3-ca3d0e4d6664"
"2-s2.0-85018764259","08c3d637-5bd1-4ca0-af5b-034fef48f999"
"2-s2.0-85018764259","a6d4ea86-be80-4020-958a-88f2803c1028"
"2-s2.0-85018764259","d1e21fcf-43cf-4473-b169-e6a194e363c0"
"2-s2.0-85018764259","becff3c1-d5f1-4494-b0b6-c74da8f68a2b"
"2-s2.0-85018764259","c061844c-aa97-44d1-8ccb-fc1af5e6ac1f"
"2-s2.0-85018764259","f4c9ad53-48e7-421d-bfe6-f59a78d41864"
"2-s2.0-85018764259","da28c256-e95b-4a78-9599-62af213447f3"
"2-s2.0-85018764259","3cac2b09-a1b1-4a9d-bfb9-ae606c97fac0"
"2-s2.0-85018764259","a0be0c4d-934f-47fa-90b1-0ae071ac6821"
"2-s2.0-85018764259","081330aa-9ee8-4f47-8cd9-f63731c8ee88"
"2-s2.0-85018764259","55930a16-44bf-4da3-9933-b7ea9660dd3e"
"2-s2.0-85018764259","f5a6cb99-aaee-477f-94fc-7c4f7e024188"
"2-s2.0-85018764259","b20a28e3-ef0d-477e-99f7-6de54317584c"
"2-s2.0-85018764259","c0b6e2ca-498e-4e98-997f-f6c300201f2e"
"2-s2.0-85018764259","8002e567-bd20-475a-a037-b013223f56d2"
"2-s2.0-85018764259","1efa6cb6-b309-4bbf-a862-ac08d69632bf"
"2-s2.0-85018764259","4e6e9142-8d9c-4ec0-9701-0ab5e2f98f6b"
"2-s2.0-85018764259","3427fa10-e92b-438e-a06b-aa20fe763aea"
"2-s2.0-85018764259","beb16519-c8a8-4919-a03c-435af5ffe1be"
"2-s2.0-85018764259","2102aebf-eb44-4825-a0f7-08ae025b3562"
"2-s2.0-85018764259","6132e7a2-d04c-43a1-811e-056cfbe50c1e"
"2-s2.0-85018764259","878a9bec-6a6e-4947-8f27-71bc95958e9b"
"2-s2.0-85018764259","5d98210c-0e4b-4753-b220-60eb04af5ffd"
"2-s2.0-85018764259","deb97230-5e54-409c-844f-8d7ff1bc18a2"
"2-s2.0-85018764259","aef03b5d-956a-4067-94cc-82cf0bf76a67"
"2-s2.0-85018764259","43c20da6-6c09-4796-9c55-c36b81a4dd91"
"2-s2.0-85018764259","db27c8a4-86f1-4852-b66f-1896d318a0ea"
"2-s2.0-85018764259","62ecd90d-a3f4-4488-aaa0-320b46de287b"
"2-s2.0-85018764259","2b1506eb-7bd1-4e91-b765-7f769ff3e3fd"
"2-s2.0-85018764259","a968cbb5-644f-4a10-8ca6-e680c67b97c9"
"2-s2.0-85018764259","99514159-06ab-4c6e-8afb-25d92c0b9add"
"2-s2.0-85018764259","69ce968f-707e-4d31-833d-316561b5c5d8"
"2-s2.0-85018764259","21bb7e76-50f0-4fca-8d91-31b5484f5205"
"2-s2.0-85018764259","29282632-8d6c-4d97-b320-a364d0bef03f"
"2-s2.0-85018764259","5a7ea226-c6e3-4dd1-8ef4-ffc40d82776c"
"2-s2.0-85018764259","2d1fe9d6-0253-44d0-8a2c-66ebdc5a0d48"
"2-s2.0-85018764259","b35ff9f5-6245-4f52-8d47-65f39bd44941"
"2-s2.0-85018764259","22987722-d3bd-4653-a280-b2a91ac006b5"
"2-s2.0-85018764259","80defba6-fc37-4b78-ba1f-326aeddaaddf"
"2-s2.0-85018764259","4c44c879-3616-4568-9d35-a5c52eece4b8"
"2-s2.0-85018764259","c010d790-8ffa-4e57-a59a-4bcdf5b92a53"
"2-s2.0-85018764259","3a9f3547-f86d-4627-a54e-63d2a4231ada"
"2-s2.0-85018764259","4dcf1ddc-1ecd-427c-ab98-5ea81dfaae3d"
"2-s2.0-85018764259","0ad0c020-34d8-468b-abb4-61a87acb7eff"
"2-s2.0-85018764259","39bec5fc-e4fd-4799-8805-519375f16892"
"2-s2.0-85018764259","b5e6b61e-c3d0-4d8e-81ad-5830f4160880"
"2-s2.0-85018764259","78ccf550-935a-4b60-bf3c-0863cc541cdf"
"2-s2.0-85018764259","1db9f0a1-c67b-42ba-adfd-a550255db324"
"2-s2.0-85018764259","83316df5-ab98-4c88-899d-9ca83dea0552"
"2-s2.0-85018764259","3c25791b-b072-49c7-9784-ffe84e4886bb"
"2-s2.0-85018764259","a4c87418-83cf-49ee-aa06-b8670cbd731e"
"2-s2.0-85018764259","4f01f6db-ecc8-4777-8751-6d919d80ea2b"
"2-s2.0-85018764259","8727643a-56d3-400b-bd93-43bb2ff6aa19"
"2-s2.0-85018764259","be62fe61-25ba-4349-83e2-26289c60f26b"
"2-s2.0-85018764259","907eec47-fc82-4bd1-b474-ca7eb99cb462"
"2-s2.0-85018764259","01962447-c172-4f29-8f2e-84eb5f439474"
"2-s2.0-85018764259","d09f9ead-a7f0-4cfd-9e72-8da987f180bf"
"2-s2.0-85018764259","824a9dcd-5cd9-4b20-92d8-249f51bc7117"
"2-s2.0-85018764259","d4573a99-154e-4f38-afeb-ee14ef3ab4e2"
"2-s2.0-85018764259","c1410b5c-0ee4-49a8-8a96-838a50323ceb"
"2-s2.0-85018764259","3c0cff44-32b8-4752-a7ee-b310811017f2"
"2-s2.0-85018764259","a4849041-a483-4465-950d-02b7f615afc6"
"2-s2.0-85018764259","c5512dec-efd5-413f-b4fc-b63082c7a226"
"2-s2.0-85018764259","a0693369-2d98-4634-8877-0efd9104d896"
"2-s2.0-85018764259","d9af2f45-3a94-4a4c-8bc5-9bb22a52f4f9"
"2-s2.0-85018764259","8bd3a2e3-4195-45c8-8207-f205cabb2fb2"
"2-s2.0-85018764259","33861093-9999-4e4e-8121-9a2bf0b05032"
"2-s2.0-85018764259","ad8574d3-8f3a-4f7c-96ee-4726a2016ed6"
"2-s2.0-85018764259","97f41d29-964a-4338-af5e-0dcb00172b81"
"2-s2.0-85018764259","9a020b64-5a5b-4f9e-97ad-489aa8e8e1de"
"2-s2.0-85018764259","52c9228c-6d33-4c64-9af4-49e477761f14"
"2-s2.0-85018764259","f383a721-71eb-40d3-a3e7-f067e5875a77"
"2-s2.0-85018764259","9df14f93-2ec9-40d3-8bdb-3e5aa26e1ce5"
"2-s2.0-85018764259","3c86a059-5342-4e77-a333-e84d95a0a8d6"
"2-s2.0-85018764259","29de799c-1526-42bb-a252-65d7e71c0c74"
"2-s2.0-85018764259","3b98d712-9139-444f-8baa-03d31bc64134"
"2-s2.0-85018764259","18bbfef5-f246-432f-9128-436a626ec9ca"
"2-s2.0-85018764259","d638595e-857b-41d6-8efc-b7e142eb8041"
"2-s2.0-85018764259","62db1e23-554f-4557-9b7b-c1bc164e796f"
"2-s2.0-85018764259","5363d4e9-57f3-4c8a-aca9-d35aec19a0e8"
"2-s2.0-85018764259","4395ad6e-e687-44e5-bfbb-6df77008cb43"
"2-s2.0-85018764259","9559eb22-3873-476a-b951-57a4d5888ed7"
"2-s2.0-85018764259","fe050a3d-399b-441e-a612-0cf6c9f7994d"
"2-s2.0-85018764259","a63d7e37-ad03-4248-9915-a34acedf4847"
"2-s2.0-85018764259","59e125ba-273e-4a97-8ccc-33da8d589fb1"
"2-s2.0-85018764259","e1460d7f-1215-4693-8386-0725d25c00af"
"2-s2.0-85018764259","b5dde5d1-97c5-4bb9-bffe-4446e11ce83a"
"2-s2.0-85018764259","3d650308-bbf6-4171-85ef-0681d298acdf"
"2-s2.0-85018764259","4f6e6c72-37dc-4cbd-8881-f41b1f5a5025"
"2-s2.0-85018764259","9b0e0261-561b-40a8-b452-91e52722c654"
"2-s2.0-85018764259","d69988e2-cde5-4e79-be05-12820dc922c5"
"2-s2.0-85018764259","99ffb706-4968-4f5b-bcdd-1b5e23b93309"
"2-s2.0-85018764259","908fd5b0-dede-4a0d-882d-c75ca2a41627"
"2-s2.0-85018764259","673018de-feb1-4d43-804c-d1c9dfc96c48"
"2-s2.0-85018764259","c47236c3-98f9-4f9b-bd66-467154e7f456"
"2-s2.0-85018764259","937b8f62-685f-4a42-bb20-f99f674af476"
"2-s2.0-85018764259","70d3077a-167f-4493-af55-460da4e73718"
"2-s2.0-85018764259","2450b076-e696-4fe9-ac04-fef2b7e285b5"
"2-s2.0-85018764259","247ac589-0c52-4c7f-9d5e-1214f5464c6a"
"2-s2.0-85018764259","12403142-2cce-4920-b6f7-b16fb8c3a980"
"2-s2.0-85018764259","45c63be1-c9f8-4191-a85c-f53c1ac3c5dd"
"2-s2.0-85018764259","e5227d06-29b8-4e8b-beaa-81b4bcde3a00"
"2-s2.0-85018764259","cd7a4a32-d510-476c-be5f-d369ab858f83"
"2-s2.0-85018764259","5d9670e3-be82-4ff3-bcbd-44f1050e7222"
"2-s2.0-85018764259","ae2c3280-b375-4f7f-80f6-2cfd2cb3b87b"
"2-s2.0-85018764259","b097557b-a353-4358-9ae3-4b8032b36240"
"2-s2.0-85018764259","9739c37f-4ac3-427a-bc7c-32fa5d32e38a"
"2-s2.0-85018764259","c20bcb48-9093-49cf-b5b5-708d2d8ba9db"
"2-s2.0-85018764259","8e7161e1-b78f-473a-80de-4b2adc3455c9"
"2-s2.0-85018764259","904a7d1c-b539-457b-88a2-87841b0c643d"
"2-s2.0-85018764259","bd7d19ad-437c-42a6-a9e9-c12b2004bb82"
"2-s2.0-85018764259","6aedeff0-6df0-4f4b-9125-ccb43bac6981"
"2-s2.0-85018764259","ef6db42b-c83c-4b7e-88f5-61b8392ed835"
"2-s2.0-85018764259","e6c34684-a758-4de5-acec-f2c138857aea"
"2-s2.0-85018764259","463a3cfc-9d1d-4ca4-8802-978462aa7b01"
"2-s2.0-85018764259","7c715372-deb6-498a-bd83-28e0617aeb03"
"2-s2.0-85018764259","ab63537d-8fa5-4ef1-8ae2-fa6ab9b77572"
"2-s2.0-85018764259","f0a5b61d-5a68-443f-8fbe-028de8399f58"
"2-s2.0-85018764259","3e58d2e1-5ce1-460e-8f91-7d3ea8b58361"
"2-s2.0-85018764259","6dc4e1d9-fa2b-4cae-ab75-a801b1915317"
"2-s2.0-85018764259","052987a1-8789-4a44-9629-9c42fe37e78a"
"2-s2.0-85018764259","471e7402-58be-4d57-9162-91d3525e0de0"
"2-s2.0-85018764259","ad48e60e-08f1-4b7f-bc23-25ad183706ee"
"2-s2.0-85018764259","8a396e9b-3ba5-44db-8756-fadbe5c8b380"
"2-s2.0-85018764259","0e9ab57d-44f3-47ff-b356-462e0212b8dd"
"2-s2.0-85018764259","770f27b9-61e9-4a8b-bda5-37c6b286e620"
"2-s2.0-85018764259","61582199-4ed7-4ec9-9762-0b388cc6f31b"
"2-s2.0-85018764259","0c4b5245-aa68-4347-a2e3-0ce4cf2a373b"
"2-s2.0-85018764259","c5140b04-8958-44c9-9756-729e1e74cb47"
"2-s2.0-85018764259","052e7a33-9e84-4620-aeae-3646967a3e4c"
"2-s2.0-85018764259","a2149521-1e86-44cb-9428-e73958e1c952"
"2-s2.0-85018764259","6e5bc8c6-3090-49ed-ac13-f7dc1012843e"
"2-s2.0-85018764259","d52a135a-2f5f-4522-ad6a-9c5bd1b7b3b6"
"2-s2.0-85018764259","9cc57041-4c38-4ab8-a799-b5ecafa7166a"
"2-s2.0-85018764259","24b22e88-6bea-469b-985c-d93e7285a6a3"
"2-s2.0-85018764259","70c18025-bd08-4e68-9db4-c37a7eeadc61"
"2-s2.0-85018764259","c5a77a02-5b27-429f-a6b9-c3a678f3625f"
"2-s2.0-85018764259","f4601e82-00b2-49f0-b7c7-35c6c28363d9"
"2-s2.0-85018764259","e48c77e9-758d-4c1e-bc28-c88bdf4b475f"
"2-s2.0-85018764259","394a1c10-4ae8-4f5e-8624-24f3908f5666"
"2-s2.0-85018764259","5861f58f-7cf7-43f0-8103-69b64e7db8c9"
"2-s2.0-85018764259","983d05b9-7048-4af4-8474-97ef799a4df7"
"2-s2.0-85018764259","e2706210-e3d8-4c96-9789-3385225dccef"
"2-s2.0-85018764259","791ece03-35b7-4b83-a93c-4d3944d8a0b4"
"2-s2.0-85018764259","dbe6d8ab-f97a-465b-b42c-4583b77fe65e"
"2-s2.0-85018764259","d1868e50-739e-4b8e-9767-9828b8e7b811"
"2-s2.0-85018764259","f7377e20-f918-4281-b3b0-b4abf290209b"
"2-s2.0-85018764259","4397358b-3867-4dcc-a9e1-83931d880ad3"
"2-s2.0-85018764259","32096aef-2e7c-4b7c-9ad4-72f0aa0e1e05"
"2-s2.0-85018764259","1ac6576a-f1cb-41eb-aa24-9a5eec4c9319"
"2-s2.0-85018764259","191bf3b1-1b10-44e0-a55c-537b500ad9fc"
"2-s2.0-85018764259","d9e8b234-33fb-41fb-8065-5c798d429465"
"2-s2.0-85018764259","4ed580ce-dd46-4598-b2fb-e8a3b93f0ff3"
"2-s2.0-85018764259","68c96525-c688-4889-b533-23ab26b08460"
"2-s2.0-85018764259","e14e3d24-607d-450d-8e2f-4b87a3174ec1"
"2-s2.0-85018764259","45f392d1-a01a-4bf9-8b1e-3f84a3dd4b7e"
"2-s2.0-85018764259","172f4859-b444-470c-aa37-749620f1d194"
"2-s2.0-85018764259","3d1c41c1-cc08-4a5c-a160-159df95b18cb"
"2-s2.0-85018764259","f1fdb333-e436-4bf6-8d8a-0065d58bd580"
"2-s2.0-85018764259","e54566f6-bab7-436c-b8cb-1b5aa829b0ae"
"2-s2.0-85018764259","6bd61eb0-46e0-4f3d-b36b-c8d2956a1d74"
"2-s2.0-85018764259","b7a1a4bb-f0d2-492d-9c59-1a5ea3e817ec"
"2-s2.0-85018764259","55215fff-ea76-4cb2-ab1e-5600784aea0d"
"2-s2.0-85018764259","f631adc4-6795-4017-837b-e4a0eeb744f4"
"2-s2.0-85018764259","89f37824-e314-4239-a399-e6f35cf75ec8"
"2-s2.0-85018764259","c0bb3e7d-8e35-49cf-8e7f-9ae39804b138"
"2-s2.0-85018764259","0b97b08a-e4f4-4569-a7e6-19e2d1d6bc70"
"2-s2.0-85018764259","90824000-1c0e-44e8-8685-7f615b9b5895"
"2-s2.0-85018764259","4f135c10-1224-4d57-82f6-dc49bf36fb95"
"2-s2.0-85018764259","7c740061-3346-4c23-a09e-8bbccd893012"
"2-s2.0-85018764259","84c43184-2562-4094-afa7-5e5d8ea82ee6"
"2-s2.0-85018764259","d65ae6ef-f54a-43f1-800f-c16a24696e8f"
"2-s2.0-85018764259","78f2d246-02d0-4aa1-8a79-f739ee0483e0"
"2-s2.0-85018764259","d8e1d319-d30f-4703-920e-858df909dff6"
"2-s2.0-85018764259","bf47dc70-4929-407f-8e8c-4dbb8457cad4"
"2-s2.0-85018764259","6d70e4dd-15bf-4d22-b775-133686d8569f"
"2-s2.0-85018764259","76ba6efb-fa54-4fcf-9703-85ad38494696"
"2-s2.0-85018764259","2975ce0a-3d2a-499f-b4bc-d0a83684e7c0"
"2-s2.0-85018764259","330d879b-6ada-4884-b50d-cac41912f035"
"2-s2.0-85018764259","955e228c-ed74-44ae-a311-19e2177a5c8a"
"2-s2.0-85018764259","282ee155-1c74-4935-8d79-7b0cbd9eeabe"
"2-s2.0-85018764259","c336af45-98c5-44e7-91bf-1d9a99b45057"
"2-s2.0-85018764259","a777b845-f8aa-406e-8d25-e2d566b2a2dd"
"2-s2.0-85018764259","857243a8-a54f-4424-90eb-635f307c2b8b"
"2-s2.0-85018764259","1971ff00-c92d-4e0b-80b3-abfc47159a9a"
"2-s2.0-85018764259","5fdb810a-0509-46ca-9faf-434698b0879d"
"2-s2.0-85018764259","4f744744-7549-4d67-98ae-f7eaaf00e8fb"
"2-s2.0-85018764259","540a813d-a221-4468-ae50-52784219da41"
"2-s2.0-85018764259","4dd1a2f1-6b1f-4642-89a2-ff8b9e4c35f5"
"2-s2.0-85018764259","64727cd2-034d-4aba-b12f-46a2747e6853"
"2-s2.0-85018764259","73d2a839-4870-452e-8c64-d1385aa6e708"
"2-s2.0-85018764259","b1a49a33-ae5f-44cd-b7cf-c3d0ce77856a"
"2-s2.0-85018764259","970077b8-691d-4818-8c29-0000ddb70a8d"
"2-s2.0-85018764259","21471f8b-2f14-4045-bbe4-506641eb4d9b"
"2-s2.0-85018764259","681bfb1c-e093-45c0-9ac4-debbf653ca92"
"2-s2.0-85018764259","44423746-f8d6-45e9-b83b-8685b9a2b18b"
"2-s2.0-85018764259","46b74619-4f1e-4d35-81b0-28354066eb77"
"2-s2.0-85018764259","004297e9-22eb-4c0a-ab27-108fb93d6814"
"2-s2.0-85018764259","d0123fff-7e45-43b2-9e8a-4e625dac3589"
"2-s2.0-85018764259","c74e1de0-46f4-4abd-a0d1-4a48da907ec3"
"2-s2.0-85018764259","39f98ce9-cfe4-483e-9c57-72ce23eee0b7"
"2-s2.0-85018764259","535e776f-1ae7-431f-8382-e002d7fa7ab9"
"2-s2.0-85018764259","6067a65b-2930-4003-826e-f8a59dd3270a"
"2-s2.0-85018764259","0061793f-c76d-4f58-a6ae-aab574b3c3ae"
"2-s2.0-85018764259","9d8dfb4b-c485-4dd1-bdec-7fa8a70ea9df"
"2-s2.0-85018764259","24fea576-9584-4ae6-bf96-5a5948aa1584"
"2-s2.0-85018764259","6a7c6133-2ee4-4ee2-8108-4f3a43e95e67"
"2-s2.0-85018764259","d95d451f-cde7-4682-8bc8-68f597acd1ef"
"2-s2.0-85018764259","15e72738-0053-4107-9c62-dde468938dfc"
"2-s2.0-85018764259","d574b30a-88e0-4ba8-b2a2-f6bcc82261f6"
"2-s2.0-85018764259","db5d7170-b50e-46e3-981e-69b49f36b462"
"2-s2.0-85018764259","ff8bdb7d-587d-4873-b7dd-0fd77ae0770b"
"2-s2.0-85018764259","8ff40cd9-69a1-49bf-91ab-30bc3508a4b2"
"2-s2.0-85018764259","1d5e9d39-f578-4a11-9cd4-b66a9c9e6db3"
"2-s2.0-85018764259","e2a71a49-8245-45ac-8407-d0ced4acf431"
"2-s2.0-85018764259","1758faac-d7a1-48c2-9871-dc89ea642d89"
"2-s2.0-85018764259","0c76b3eb-d838-4b06-8b21-6ff57e26a387"
"2-s2.0-85018764259","6890dae5-828a-43e7-9536-018995fefae6"
"2-s2.0-85018764259","d739bf0f-da79-4b7b-81e8-53f174501366"
"2-s2.0-85018764259","1f470074-781f-46fb-8e77-5f0140b05459"
"2-s2.0-85018764259","f913c2ab-8df1-4c6d-9420-cce5438067f5"
"2-s2.0-85018764259","477435b6-79d2-4d85-867a-dea287933bd9"
"2-s2.0-85018764259","1b1e87b8-cf96-4526-95f2-e5d6ce3036f8"
"2-s2.0-85018764259","c4c82f65-cdb9-488d-b631-672d9d51293e"
"2-s2.0-85018764259","27234e9c-0ea1-4d59-8d53-477b1f631931"
"2-s2.0-85018764259","3f0d2ce3-35b1-4609-b75d-20f8c866b189"
"2-s2.0-85018764259","8c2356de-e463-4c75-9afc-84888cd1954a"
"2-s2.0-85018764259","aaeee01b-74f3-4e1c-a6be-0b3442c87dd3"
"2-s2.0-85018764259","50b12638-27bb-43d3-a5a3-e7993f42e871"
"2-s2.0-85018764259","ffe8e1d3-2cba-4ff6-a549-d7e7eabf24e2"
"2-s2.0-85018764259","6fc38e94-86e8-4d10-83f0-84323e9ac274"
"2-s2.0-85018764259","0f4450b8-4a2d-4216-9cdb-fe7e469d7b48"
"2-s2.0-85018764259","c768fdff-108c-41c6-8ed4-89f79786ccf5"
"2-s2.0-85018764259","ca6e4f23-9033-44bb-90a1-1d3703bab475"
"2-s2.0-85018764259","5a6c9866-10ae-4457-8106-0ec54e7d41c8"
"2-s2.0-85018764259","94173af8-d083-4d41-b6f1-904063470e31"
"2-s2.0-85018764259","6ff8482e-32f6-4012-a42b-3fc959c756f2"
"2-s2.0-85018764259","117a6044-37c7-4e0b-a597-2cd6e9e036f0"
"2-s2.0-85018764259","10a94b82-54d5-4809-a367-2123beaad24c"
"2-s2.0-85018764259","5684a426-549b-496c-b9ec-e1d72650050f"
"2-s2.0-85018764259","32fc5bf9-b565-4fc9-a0a1-e97631746837"
"2-s2.0-85018764259","ea46edd5-d024-4ace-a997-ca32f34fcfef"
"2-s2.0-85018764259","3c401407-1d7b-49df-9f76-721336dddcb1"
"2-s2.0-85018764259","f70f93e7-8611-4262-bbe1-652f8cd46a08"
"2-s2.0-85018764259","b04e8a9c-b3f1-4f55-8fb2-a8e20e0ee62c"
"2-s2.0-85018764259","f48d5859-1d4f-4350-b0a4-d5f713ced1ed"
"2-s2.0-85018764259","dae277b0-c5fc-4b61-ae87-5895798436d5"
"2-s2.0-85018764259","32cbe73c-2dc3-480e-9635-6c94459abdc0"
"2-s2.0-85018764259","b6bbe03d-4765-4e75-8c05-70c2e747646b"
"2-s2.0-85018764259","3b1f6915-8a0a-4d38-afa2-699084f46c70"
"2-s2.0-85018764259","540b1907-1f07-43cd-831e-e7ad8d7e60e0"
"2-s2.0-85018764259","3504a088-0df0-499c-b1e8-c29401040f1c"
"2-s2.0-85018764259","a2518768-20ca-4af8-b8d6-0a15130e4c2c"
"2-s2.0-85018764259","6542965f-b96e-4b6f-a46d-8f5b2be3a7f7"
"2-s2.0-85018764259","eab51eb8-76c1-4ecc-b8de-3bb62d48e934"
"2-s2.0-85018764259","cb963a3d-2a28-4da4-9616-2a657ed3f5b3"
"2-s2.0-85018764259","af3da199-b1ef-41a5-b1ed-7bef3978e076"
"2-s2.0-85018764259","1082cd7c-211a-4673-b956-a28144580038"
"2-s2.0-85018764259","3e1295af-0746-411b-914e-b963e10dc8ca"
"2-s2.0-85018764259","19b9b4a2-fa1c-410f-8ec5-ac7478819420"
"2-s2.0-85018764259","00ca17bc-6185-4856-989c-45b1384e6432"
"2-s2.0-85018764259","fddb698c-2f3c-451d-a22e-cf16326e96a9"
"2-s2.0-85018764259","f3c3e4a0-9ff3-4e99-9119-da047980c6ba"
"2-s2.0-85018764259","c32ed2a6-bc66-41d2-b102-04716ee39c70"
"2-s2.0-85018764259","cd8344ba-41b9-438b-834b-d010faa815f8"
"2-s2.0-85018764259","71f1d587-67d7-4dd9-9bd7-8bf057ab2eb1"
"2-s2.0-85018764259","37349e63-7b1f-4a4a-83c3-815ca7ec7ee0"
"2-s2.0-85018764259","8e1f98da-6eef-421d-a534-8fa60751421a"
"2-s2.0-85018764259","443f1915-b96f-4cc3-9a74-04140dc6894f"
"2-s2.0-85018764259","377abe01-162a-4d95-96c8-1cd1987206dd"
"2-s2.0-85018764259","1ba8cd69-6887-4aea-a60d-82510deebaf4"
"2-s2.0-85018764259","c3f6193b-709b-4b84-9850-5706100c34aa"
"2-s2.0-85018764259","03af1925-c151-4a40-85e6-7df79e220d34"
"2-s2.0-85018764259","d4107aed-a365-46b4-bf5e-54539a5b5bc3"
"2-s2.0-85018764259","146d6c82-bdd6-421e-8057-5acae73c0bf9"
"2-s2.0-85018764259","3dc37f94-e9d9-42c8-ac31-cc005f582841"
"2-s2.0-85018764259","c1d069c3-0b93-46b8-8dc9-42a3751ba655"
"2-s2.0-85018764259","477cfff8-c010-43ba-9d0c-78a64519f14f"
"2-s2.0-85018764259","dcc093ca-1586-41c2-a1c5-5128b863437e"
"2-s2.0-85018764259","b6079269-c10f-4a18-a800-c0861a0fc389"
"2-s2.0-85018764259","1a7520de-e7e8-4a58-955c-1b91195c5045"
"2-s2.0-85018764259","6cb4995e-c75f-4984-9d83-8e3d9e6926ff"
"2-s2.0-85018764259","db36006d-8421-4c3b-bdb2-0b89dffc4cb5"
"2-s2.0-85018764259","eb033e1d-3aab-4ce4-b843-7b4f80553d02"
"2-s2.0-85018764259","f0c0fd62-4d80-49cf-82ed-3f0ac76582c3"
"2-s2.0-85018764259","456f10dc-1bc8-42c3-9219-1e25596da624"
"2-s2.0-85018764259","5b58a03b-1093-4883-8deb-f41b7aab264f"
"2-s2.0-85018764259","6a0b5db6-96aa-4151-be0a-ba4b471dd06b"
"2-s2.0-85018764259","eecbe5fe-fa1e-40b8-872f-5e26bcce2edd"
"2-s2.0-85018764259","040ac58d-ca7a-4d20-a778-1384351a3345"
"2-s2.0-85018764259","b1b1b85b-2d78-423e-a405-71f259e33110"
"2-s2.0-85018764259","f0b0d2eb-5d22-4ce2-bd9b-782c24ca8dc8"
"2-s2.0-85018764259","ad3e496e-4264-47f0-9a1d-e1a169036601"
"2-s2.0-85018764259","063c495e-e041-4de7-8bc8-dc8647581992"
"2-s2.0-85018764259","9bca79ef-c8b9-49c5-a1b9-384de9fe2388"
"2-s2.0-85018764259","753591c7-7ca0-4bb2-b4ee-36530669c639"
"2-s2.0-85018764259","2223e42c-16dd-4d9e-8898-d891871e6dc2"
"2-s2.0-85018764259","b2681611-bbf7-470a-9874-8cc0d731f35a"
"2-s2.0-85018764259","bb64ea8b-b32b-4f70-aeb2-b7b69262a6e5"
"2-s2.0-85018764259","bf9683d6-3e17-417e-a10d-57686db942bf"
"2-s2.0-85018764259","a4951816-205e-4951-971c-debc69501d73"
"2-s2.0-85018764259","a1d93483-015f-4d8b-9a22-dcef0ef74430"
"2-s2.0-85018764259","d8f46c93-c069-4f49-91f5-0bf5bd576661"
"2-s2.0-85018764259","6b2a4291-e709-4b4a-a953-45902b22ffdf"
"2-s2.0-85018764259","f9b70ced-e28c-48c9-ba58-69e8a61dbd00"
"2-s2.0-85018764259","30276293-0740-4e2d-a848-c94acebd2153"
"2-s2.0-85018764259","97b5933c-e060-47ff-8527-e5c3389fbfc2"
"2-s2.0-85018764259","66714ab3-43be-4211-9ea7-63294bbb6d6b"
"2-s2.0-85018764259","6266d2dc-f6b1-47f2-a18b-722ceef4b311"
"2-s2.0-85018764259","4c8ba57a-d764-4ae1-934d-e2837139788d"
"2-s2.0-85018764259","e9ece617-5dcc-4733-ae76-30e0b1f30129"
"2-s2.0-85018764259","1d079d4d-7c7d-488e-ab1b-3e198e05b4a3"
"2-s2.0-85018764259","9b94a049-67b4-4ba2-b47e-43e523a28cdb"
"2-s2.0-85018764259","f94c1b63-80f7-4cc6-a361-3ff182f94ceb"
"2-s2.0-85018764259","4df5917a-9749-4f42-b41e-e35564d3f288"
"2-s2.0-85018764259","2c817e5d-43ec-45d3-b4a3-78311f47a6dc"
"2-s2.0-85018764259","060b0f63-08ab-4aea-81b5-87dff7d59b22"
"2-s2.0-85018764259","54791cc8-7344-4160-b809-7b9e4590fbef"
"2-s2.0-85018764259","c04e2ed4-e327-408b-a3d7-19caf0bbbbd9"
"2-s2.0-85018764259","0b661346-501a-42cc-8add-9e239fee537e"
"2-s2.0-85018764259","91ef16e8-5be1-47c6-8d5d-a23b0d6d4fba"
"2-s2.0-85018764259","2fa07368-3079-4193-9ddd-38244201bd6a"
"2-s2.0-85018764259","e6778578-8f2e-48fa-a807-2fffed6e2380"
"2-s2.0-85018764259","d6935805-46dc-4033-ace7-cebb91dd8105"
"2-s2.0-85018764259","71de5723-2989-408c-94b0-debbd517b534"
"2-s2.0-85018764259","884d5cc5-1688-4755-b72f-a4c5b95fe96e"
"2-s2.0-85018764259","932a1d4d-35b0-48f7-beb3-7b029c19c381"
"2-s2.0-85018764259","b0e82d8f-5840-44db-9a26-16ca5ec94224"
"2-s2.0-85018764259","bc3b8572-cf29-49f7-8cf6-82db0663e69a"
"2-s2.0-85018764259","564890a9-faa8-4015-a458-749ec233ef34"
"2-s2.0-85018764259","64811b70-ffa5-41e1-9534-29288210b616"
"2-s2.0-85018764259","fdb18907-8efd-4bf2-99dc-ab435f59c888"
"2-s2.0-85018764259","e01d16e2-3c9e-49be-b462-faab176c8c38"
"2-s2.0-85018764259","1790d78b-7b21-49c2-939d-a3d4b809a3df"
"2-s2.0-85018764259","8f25255e-9872-4d03-8f81-8768d733ebe4"
"2-s2.0-85018764259","c7cae124-4c26-4a68-9467-9a7343a4cb89"
"2-s2.0-85018764259","fe023bbb-ad8f-46a8-9802-2827dd9c6004"
"2-s2.0-85018764259","1eaafc57-75e4-4f2d-808f-d55d75f7b18f"
"2-s2.0-85018764259","e793ee1a-ed5d-4535-bc86-aa1e3c3680b3"
"2-s2.0-85018764259","486989e4-cad0-4c22-aeff-c1e049079ff3"
"2-s2.0-85018764259","b90a21c9-bb19-4441-a79f-2127e6e40597"
"2-s2.0-85018764259","9b25c4c2-257d-4f54-91c4-0c0445d84df4"
"2-s2.0-85018764259","52e6ba0c-f338-49fd-aa9d-eac68dee3285"
"2-s2.0-85018764259","875ae104-6066-4348-9688-b15fc0fcec11"
"2-s2.0-85018764259","f4385eee-2694-4c78-b3bc-d02395f02191"
"2-s2.0-85018764259","c9fbb0dd-4e78-4bdd-ba23-74c6e7e95868"
"2-s2.0-85018764259","926d8203-3c49-4dcf-8f52-1b7a69767ac9"
"2-s2.0-85018764259","e2cd0a0e-f864-436f-9efd-dbcf9daa0faa"
"2-s2.0-85018764259","aa4118bd-6612-4e94-ba34-b8c29c8307ec"
"2-s2.0-85018764259","9c6d6fd0-1c68-4b3f-961d-db3f2f9f1741"
"2-s2.0-85018764259","601bb063-6e33-4ef6-93c7-76a4eb3951af"
"2-s2.0-85018764259","b424d449-9af5-4281-9106-9f979331c2b2"
"2-s2.0-85018764259","cb49d216-9c47-4136-be55-5c3cb2c41296"
"2-s2.0-85018764259","79b4737c-da3d-40f8-9483-edcf571c1d8c"
"2-s2.0-85018764259","e3702f15-ef3e-4645-9949-c68eb2ef8a82"
"2-s2.0-85018764259","9fd29b8c-410f-4a66-a5d0-ff2b1dec0e6c"
"2-s2.0-85018764259","2883c853-f049-4673-8f19-312c3adc2f39"
"2-s2.0-85018764259","e72bb7bf-7cf0-464d-a1ee-c919fee95066"
"2-s2.0-85018764259","b3fdd65e-d090-4328-9fd7-f9efcb8794f3"
"2-s2.0-85018764259","104dc9cd-9e1a-41f6-b2c7-b814e6f6b6de"
"2-s2.0-85018764259","86fc5e0b-8632-480c-a38f-d6c5b37d4238"
"2-s2.0-85018764259","fb5446dc-8729-43cb-b288-179e0d729fca"
"2-s2.0-85002213830","4323694c-2ae4-456a-a79b-1ab039389f56"
"2-s2.0-85002213830","2acec056-b2b2-4540-b06b-a76c1f6489b1"
"2-s2.0-85002213830","9ef53e4e-b799-417b-b0bd-10d1d89ee923"
"2-s2.0-85002213830","e0ee3727-1093-494b-96fd-6bcd7db51ee6"
"2-s2.0-85002213830","fd811a1f-45fd-4bf0-b4c8-365c97ffb6f7"
"2-s2.0-85002213830","abf895e4-b08e-48cc-bfe7-80b099078737"
"2-s2.0-85002213830","358c5467-f174-485e-861e-14f1cdb3ec37"
"2-s2.0-85002213830","77db04dd-ba98-49e7-821f-df22c8f90cd1"
"2-s2.0-85002213830","cc4bf925-b51d-414d-a36f-81f748bf6765"
"2-s2.0-85002213830","f880fa1b-d7ed-4a3c-ad2c-ccb5f338dfd6"
"2-s2.0-85002213830","059e3fe5-2f8c-4640-af49-d9d79ad9a76c"
"2-s2.0-85002213830","956ae4cf-4aa3-4cfc-9b7e-0ecefe2b8fdd"
"2-s2.0-85002213830","1319429c-de3b-4f35-9e5c-a2b07ce00431"
"2-s2.0-85002213830","0a947abd-84a0-4134-8bb7-2e8a89969c66"
"2-s2.0-85002213830","70d5bdf0-c347-403b-a7bb-9ee6eb5bcaea"
"2-s2.0-85002213830","afa61f50-4694-4310-b457-4d782841d6f1"
"2-s2.0-85002213830","b75485c4-f696-4ea5-981f-a64941409a5a"
"2-s2.0-85002213830","c8922d1b-5a00-45d4-b81e-d014e7dad618"
"2-s2.0-85002213830","ba7c50d1-f849-4c27-bae7-b786ddfaabda"
"2-s2.0-85002213830","ee639520-f1cc-41df-83f4-421e64a740f4"
"2-s2.0-84979516711","f518bc33-3ed4-43ba-a41c-2870ad8caa43"
"2-s2.0-84979516711","b906c5ae-c965-422c-b243-68a6fcf7ff99"
"2-s2.0-84979516711","c4e54626-5c81-4c05-bfe6-4caff474e30a"
"2-s2.0-84979516711","96a934ba-ffe6-4711-a851-16b902368a76"
"2-s2.0-84979516711","67ae8ff2-ae56-4336-99ab-e0b0520eb90b"
"2-s2.0-84979516711","15df6f32-90ce-4ead-b75a-c0858aa41b88"
"2-s2.0-84979516711","3ba784d9-e497-44a6-8a52-63ad4e1ae6c8"
"2-s2.0-84979516711","ffaf367f-1491-4f39-a53d-81da4816b532"
"2-s2.0-84979516711","11c3a367-90ae-402e-964b-86276f867f50"
"2-s2.0-84979516711","7d7feea4-862d-4253-b10a-6cf5d21d1444"
"2-s2.0-84979516711","e191c0be-3e33-4864-8e67-622d3a8b95a2"
"2-s2.0-84979516711","bc73d815-a5f0-4e7f-969f-4b61388afdad"
"2-s2.0-85021065218","271e595b-2abf-4df2-824a-b4936ce416fb"
"2-s2.0-85021065218","90a1df64-428c-4bd5-a493-5427f47386ee"
"2-s2.0-85021065218","97439e62-51be-43df-82b6-2b4426f2a743"
"2-s2.0-85021065218","8d78d562-8949-4eb1-b69f-e997d3698a61"
"2-s2.0-85021065218","3567c17f-64bf-4b33-9c66-55e2f4552861"
"2-s2.0-85021065218","532149ce-f6d9-41a9-95fc-fc376b44c786"
"2-s2.0-85021065218","1c20b64c-c82c-4307-bfc0-7df5b778f074"
"2-s2.0-85021065218","28e3ff3d-06e5-464d-bbd9-fae65ed63e52"
"2-s2.0-85021065218","d7bfb000-f9f1-4440-a65d-f59e5305deaf"
"2-s2.0-85021065218","de9299e6-2bad-4f54-b275-0ee9be4822a0"
"2-s2.0-85021065218","91b830b7-ac19-40e9-a99e-5ed66464e3db"
"2-s2.0-85021065218","439abe7e-7d5b-45bc-bf68-b484d0317cfa"
"2-s2.0-85021065218","1c77a9c2-2022-4643-a7b8-7774410f6063"
"2-s2.0-85021065218","56376745-f34e-4c2b-b7d7-29d05501d172"
"2-s2.0-85021065218","4bc4f0a8-d8d7-4cb5-a409-3e1e085a0552"
"2-s2.0-85021065218","52134bb8-fc75-4270-928b-b97ec76133f9"
"2-s2.0-85021065218","d027b6c7-4396-409e-8fd5-e0fda2d7689b"
"2-s2.0-85021065218","d6a7f0ad-56c4-491c-9b9f-517522770c63"
"2-s2.0-85021065218","cc86c886-c4a3-4b7a-bb8f-69e7618916df"
"2-s2.0-85021065218","4c68e011-c107-48b4-9875-b1ddde76421c"
"2-s2.0-85021065218","c7759abe-84e6-4e55-8b6c-ab9ec3777ab6"
"2-s2.0-85021065218","c99c462e-c205-460c-a5af-70b85eadb6cb"
"2-s2.0-85021065218","7576e147-3945-4300-a266-f25ac9492f1a"
"2-s2.0-85021065218","2c3eef6f-63bf-4a0a-a3c3-0c605ed86f27"
"2-s2.0-85021065218","a2518768-20ca-4af8-b8d6-0a15130e4c2c"
"2-s2.0-85021065218","04b9b8c9-f94c-4461-b64a-2dc802fddfcc"
"2-s2.0-85021065218","62e7a80d-191d-47ea-ae98-c594563c6a25"
"2-s2.0-85054463852","7366b7b3-c002-49dd-b10d-ecd5104f8560"
"2-s2.0-85054463852","94e58538-ead2-4d6a-98db-739038b4ed37"
"2-s2.0-85054463852","730ff875-138e-409b-ab03-b4ce5598161f"
"2-s2.0-85054463852","fc1a676d-137f-4dd7-a946-16adc1525726"
"2-s2.0-85054463852","af6e2d50-6019-4cba-b73c-d78b8787f1be"
"2-s2.0-85054463852","883078bd-71ed-491d-aa3f-e7177111755f"
"2-s2.0-85054463852","958f1de2-cdc7-48dd-aae1-c3925db0849e"
"2-s2.0-85054463852","4aeed109-1aeb-44f6-a4c4-608a3feaaf71"
"2-s2.0-85054463852","560c2e69-dd71-4ad1-ac83-917f46744737"
"2-s2.0-85054463852","439abe7e-7d5b-45bc-bf68-b484d0317cfa"
"2-s2.0-85054463852","8de2afe5-8b33-48ed-b9ee-dfa23abfc535"
"2-s2.0-85054463852","516327d7-7b1d-4ea4-8093-930ed5001d3c"
"2-s2.0-85054463852","11a860ad-2f7a-4762-a694-eb85b98671a9"
"2-s2.0-85054463852","57f8e466-d6a6-4557-9c22-471980383f5a"
"2-s2.0-85054463852","32a37e04-5ce2-40c7-8233-d1818fff4229"
"2-s2.0-85054463852","07acaec8-6843-42ef-a6d1-e7c7ad5e23cf"
"2-s2.0-85054463852","82d3de5c-f282-4aea-998f-3def416f23ba"
"2-s2.0-85054463852","44bc7601-7fd9-4a6f-9316-286cfb0c7c56"
"2-s2.0-85054463852","156d8271-0ce4-431b-9318-2c70794042e5"
"2-s2.0-85054463852","93219415-ac08-4c0a-bb83-cf7d8e6fd4e6"
"2-s2.0-85054463852","7f3c565a-1311-4b31-82a0-8f0a6c93afd9"
"2-s2.0-85054463852","f47b065f-9f37-43e6-9bc3-548d515b5786"
"2-s2.0-85054463852","92f93860-6d61-47dc-98d5-d91a1f00464a"
"2-s2.0-85054463852","811646fc-5ce5-4c33-b1f9-de7ce60ab630"
"2-s2.0-85054463852","ad7d4ce3-e59d-4c0f-99c6-a0646f95a9b2"
"2-s2.0-85054463852","4d4c0838-ca9c-42a6-9c2c-cc4869c936ae"
"2-s2.0-85054463852","ff09f15b-3219-4c50-8a41-439f047793c1"
"2-s2.0-85054463852","27234e9c-0ea1-4d59-8d53-477b1f631931"
"2-s2.0-85054463852","c980ea66-5a0f-46c4-a881-fb177023b5fc"
"2-s2.0-85054463852","5971aab4-6e65-418d-bc5a-899b0a48f65f"
"2-s2.0-85055352826","29968238-924a-44ee-8742-55846e8fc1bb"
"2-s2.0-85055352826","9de3095f-fb7a-4c2e-b4c1-0a208a05dd0f"
"2-s2.0-85055352826","119d0f27-3c89-472d-89df-6ab4bbe07a3e"
"2-s2.0-85055352826","4cf474fd-06b9-4d91-b81d-da2af17627f1"
"2-s2.0-85055352826","93219415-ac08-4c0a-bb83-cf7d8e6fd4e6"
"2-s2.0-85055352826","1ee80f70-1b05-4fff-be73-abf12a10dc98"
"2-s2.0-85055352826","db2d9b49-3fd8-4943-a671-4ad6000931ec"
"2-s2.0-85055352826","5f41c099-e4d8-46d1-a4c9-07ccacd9c3aa"
"2-s2.0-85055352826","2d6d5b23-3f79-42fa-9160-36a01c99df6e"
"2-s2.0-85055352826","6bd84d81-399e-4ddd-b46c-9aa48c5d637e"
"2-s2.0-85055352826","c6472d24-12bf-46d9-89b1-fdd781e50603"
"2-s2.0-85055352826","ea53a78b-5667-459a-bff3-2fdb511b398d"
"2-s2.0-85055352826","ec90c4c4-a69f-4915-9fb0-778f49471edc"
"2-s2.0-85055352826","27234e9c-0ea1-4d59-8d53-477b1f631931"
"2-s2.0-85055352826","a5fdc677-2614-48a2-a593-80d93275d97b"
"2-s2.0-85055352826","7cb2d388-918c-45c1-bf11-f82c5a7a8cc8"
"2-s2.0-85055352826","65268b8c-48fd-4d67-afc3-db5aebc6f062"
"2-s2.0-85055352826","a1b811c0-5c6d-4425-ac9f-be7ebc9763e8"
"2-s2.0-85055352826","85ddfa61-032d-4f74-bc88-082fb7d96fad"
"2-s2.0-85055352826","c81324d1-89a6-4969-a797-ff8124eb707f"
"2-s2.0-85055352826","ccdb623b-3df4-4b0b-8bf9-2ea589a85ee0"
"2-s2.0-85055352826","63a62184-b3c9-4d4e-8ccf-041c63844bd5"
"2-s2.0-85055352826","44d19753-e992-496b-9674-2abba6bbccaa"
"2-s2.0-85055352826","aaf1f7f3-5415-427c-9127-88fa777ab1b7"
"2-s2.0-85055352826","6576b3da-4ea5-4a5e-8ec6-80e56109f2c7"
"2-s2.0-85055352826","869bd6b6-3d4d-4d11-ad8a-8452d33bf24b"
"2-s2.0-85055352826","28aa8209-70cf-4907-933a-6b90aa508a63"
"2-s2.0-85045903329","30bce5c7-4e6a-4af0-a32d-dab1d5d45af3"
"2-s2.0-85045903329","b2a7cb8c-dca0-45e4-b581-8b0788bec37c"
"2-s2.0-85045903329","9b6927a7-f956-48cf-b9ce-afd2e1150ab2"
"2-s2.0-85045903329","9da05686-468b-4376-ac80-7bcecbde5ea4"
"2-s2.0-85045903329","dca6a249-0344-4e68-a75c-305eca3337eb"
"2-s2.0-85045903329","77ad4096-2e6f-4cf7-b771-3ffeece4004f"
"2-s2.0-85045903329","b75841e3-00d5-4cae-88f5-8cc0deaeabbc"
"2-s2.0-85045903329","37d067fb-9b01-4fcb-bb53-3173a2b6b1ea"
"2-s2.0-85045903329","54effd2b-19f3-42e6-8df6-4d69ae49d84e"
"2-s2.0-85045903329","89b5c934-d923-4a70-8f43-1404839d8151"
"2-s2.0-85045903329","15f0077e-2bbe-4bdf-99ec-b5605730b767"
"2-s2.0-85045903329","93219415-ac08-4c0a-bb83-cf7d8e6fd4e6"
"2-s2.0-85045903329","d4c9e8e0-8c0f-4611-aab1-ac96e235536b"
"2-s2.0-85045903329","d54aae91-3bba-4482-b697-00f3d80b75b6"
"2-s2.0-85045903329","36f7f8c2-0dcb-4390-9e25-2a5a93705974"
"2-s2.0-85045903329","d1868e50-739e-4b8e-9767-9828b8e7b811"
"2-s2.0-85045903329","65b85ade-431c-4591-8ba2-9ac9dbbb4b46"
"2-s2.0-85045903329","2bb0f3dd-93ed-476a-9302-884cd7485bd3"
"2-s2.0-85045903329","9df4e20f-4351-4a1a-8f21-77be2f1ea431"
"2-s2.0-85045903329","0db6286b-741f-4004-b688-acbde0ac28f3"
"2-s2.0-85045903329","27234e9c-0ea1-4d59-8d53-477b1f631931"
"2-s2.0-85045903329","dd579a4d-33fe-498b-9e10-2373195da95f"
"2-s2.0-85045903329","d335ee60-9a4c-477f-b77c-16f6028a2919"
"2-s2.0-85045903329","4518a85e-197d-44c5-9910-5f15270a5496"
"2-s2.0-85045903329","daae3418-f055-48a7-aaaa-77c89df6e58d"
"2-s2.0-85045903329","ab9fa564-9658-4958-b358-932521c86182"
"2-s2.0-85045903329","54bfbd1c-6631-4693-86db-007e7823a48f"
"2-s2.0-85045952219","3ebb3350-1ca0-4286-9380-05fd0ef2440b"
"2-s2.0-85045952219","694868fe-0dc1-4e47-b562-abf38606a07f"
"2-s2.0-85045952219","785156eb-db04-4cbe-81d0-a0596c9e2435"
"2-s2.0-85045952219","1d8853fb-22c3-418c-a5cb-c4ecaf6b0c5e"
"2-s2.0-85045952219","170fd069-0891-4edf-b2ed-08852a0dbc2c"
"2-s2.0-85045952219","f299bb80-0bab-4cbc-bc02-9d3161a66349"
"2-s2.0-85045952219","997d6552-216a-413d-9cff-cba1a602b947"
"2-s2.0-85045952219","94625caa-5848-493e-8828-b64ecccfc718"
"2-s2.0-85045952219","b84271df-2e13-485e-b2e2-4ce081d3d107"
"2-s2.0-85045952219","964f48c8-06cb-4b5f-943e-2c1ae3346974"
"2-s2.0-85045952219","7721c23f-50a9-4c00-91eb-3831ff611bc7"
"2-s2.0-85045952219","4f1f24e0-4411-4c78-b346-6bf332972841"
"2-s2.0-85045952219","bc20aad0-a057-4f6c-b99c-9b564cf0ab11"
"2-s2.0-85045952219","b361310f-8404-4f5b-8c5a-e2eb4a51e9cf"
"2-s2.0-85045952219","3850c161-d8a7-4834-9365-d96409d06d16"
"2-s2.0-85045952219","2ae37382-7eb2-45ce-943d-f7e7af1e8133"
"2-s2.0-85045952219","bf90a3f8-b314-4835-a24b-e61e7f294e85"
"2-s2.0-85045952219","27ceaf0f-bd73-4a04-94f6-de58f651c4cd"
"2-s2.0-85045952219","d8e206ad-173d-4e53-8b22-cfb7c89a3679"
"2-s2.0-85045952219","b8308bf8-8aab-46b6-891b-825a1170da7b"
"2-s2.0-85045952219","4323694c-2ae4-456a-a79b-1ab039389f56"
"2-s2.0-85045952219","f0495351-77b1-48bb-ba4c-9ca53b970b07"
"2-s2.0-85045952219","0090141c-ed94-48a2-8b6c-dfe250ec7062"
"2-s2.0-85045952219","399f8adf-d9b5-44bf-b430-e365a884bdf2"
"2-s2.0-85045952219","c18e7996-a369-45e4-8d0a-45c1dd1be26d"
"2-s2.0-85045952219","b94a654b-b011-4bc6-9dd5-82f9cb439aba"
"2-s2.0-85028248668","524c42cb-bd0c-4dcb-b2bb-e72a68f1be0d"
"2-s2.0-85028248668","a538ada5-59e6-49c7-b2e7-b2776a1579d0"
"2-s2.0-85028248668","f51b72d1-9237-4578-9314-325e1d57b8da"
"2-s2.0-85028248668","f60f1923-3d0f-434b-b84f-60625573feec"
"2-s2.0-85028248668","93895b07-679d-49e5-ab81-1a0fd76a8a34"
"2-s2.0-85028248668","db2c9a94-9ae8-4763-8cc0-14428e9119a1"
"2-s2.0-85028248668","10a94b82-54d5-4809-a367-2123beaad24c"
"2-s2.0-85028248668","7ac907ec-df07-44d7-bb06-f01bc7006b4d"
"2-s2.0-85028248668","f70460a9-0c80-408d-8059-0f208ec2b85f"
"2-s2.0-85028248668","f9f68372-b910-408c-856e-5861cf096369"
"2-s2.0-85028248668","f4da1c52-b169-4099-8c20-93abc5570a47"
"2-s2.0-85028248668","61368831-0967-46a9-93ad-eed965d19052"
"2-s2.0-85028248668","c82394ea-d208-4f0b-bdbb-afaf2b8bb191"
"2-s2.0-85041619190","9bb9f0f4-969b-458e-8fe8-3c5abf6c51e1"
"2-s2.0-85041619190","9647bb07-707d-43c5-95e3-15f8ee4eeb8d"
"2-s2.0-85041619190","98246dd9-3341-4f49-ae74-c5844b41b903"
"2-s2.0-85041619190","21ea1aa7-ae34-4dea-afea-5e08ce88c08b"
"2-s2.0-85041619190","94c3b57b-8681-464e-a4c2-cca6bf34419d"
"2-s2.0-85041619190","145db083-69a7-4594-b7e4-4e5ae41af730"
"2-s2.0-85041619190","310eca9f-2c9a-42d5-97a2-940b2a107357"
"2-s2.0-85041619190","869cd8b4-1a70-46be-9938-4c12d6642c16"
"2-s2.0-85041619190","eeb9d23a-d00c-4c9f-8b13-532db6a51434"
"2-s2.0-85041619190","9f6de1b8-5b8d-4c1a-b118-36e88974cff7"
"2-s2.0-85041619190","7243be48-bc91-4745-9c16-6e1a91c5e2ba"
"2-s2.0-85041619190","67174957-339c-4db2-b855-837ee4860aed"
"2-s2.0-85041619190","14921563-b0ec-4437-b912-dba120fdbcf5"
"2-s2.0-85041619190","d93205de-6b78-4173-9a48-e36c72d511f7"
"2-s2.0-85041619190","748626be-bf4c-4fc9-a94a-49066ebc216a"
"2-s2.0-85041619190","f13868c3-5ea4-4787-8977-abd51135e1dd"
"2-s2.0-85041619190","23fe828e-cbbe-4b3e-80a7-d71a505e55b6"
"2-s2.0-85041619190","d33126a9-cd3a-4ca3-a0a1-8c65da8354eb"
"2-s2.0-85041619190","57f8e466-d6a6-4557-9c22-471980383f5a"
"2-s2.0-85041619190","d56b58cd-159e-4362-a16f-ffda62cd73f5"
"2-s2.0-85041619190","e55f72b4-40bb-4d4f-b0c3-e701f70c829b"
"2-s2.0-85041619190","f3dfc736-14b3-49ec-a4c9-693019923960"
"2-s2.0-85041619190","0cbb7a75-2f6c-4761-a12b-c4bb68376338"
"2-s2.0-85041619190","e7c2aa1a-591a-47da-a7e4-ec216bf63bc9"
"2-s2.0-85041619190","1c360791-897c-44c0-b7bf-291f5140c8ca"
"2-s2.0-85041619190","0edcbed5-c7dd-4c26-831b-134de5c66e57"
"2-s2.0-85041619190","076932d7-6713-4674-9698-35be1ebbcabc"
"2-s2.0-85041619190","6b1249fe-d20b-4576-8d95-f193053950ee"
"2-s2.0-85041619190","5d5e2ffc-9e7f-48a5-a0f7-1185fdf84e52"
"2-s2.0-85041619190","32a37e04-5ce2-40c7-8233-d1818fff4229"
"2-s2.0-85041619190","82d3de5c-f282-4aea-998f-3def416f23ba"
"2-s2.0-85041619190","6e4389e0-9ca3-42f8-965b-d132f5c709ca"
"2-s2.0-85041619190","b1c94683-da85-409b-826c-73efcbf69054"
"2-s2.0-85041619190","743ac547-b49c-468d-9903-597c1c8b301d"
"2-s2.0-85041619190","a5cd0669-ef32-439e-9068-d4d9bcec2ad7"
"2-s2.0-85041619190","c0f1d3ea-9826-43ea-9034-43b05ca2db89"
"2-s2.0-85041619190","93219415-ac08-4c0a-bb83-cf7d8e6fd4e6"
"2-s2.0-85041619190","d09f9ead-a7f0-4cfd-9e72-8da987f180bf"
"2-s2.0-85041619190","9c3e80b0-4649-452a-a8a9-bc95e047bc75"
"2-s2.0-85041619190","1aa95db3-fb44-4a30-a51b-a2baf7b30674"
"2-s2.0-85041619190","4fd5baf8-acfd-4517-9502-5f80b3a7d119"
"2-s2.0-85041619190","2e722b1e-a0f2-4644-a1b3-579f18266404"
"2-s2.0-85041619190","e50a9b35-f110-4e00-b401-da32129539ad"
"2-s2.0-85041619190","c1945aff-242e-4f3d-8a7c-02fa9f3170b8"
"2-s2.0-85041619190","8da1a9f7-732d-4805-91e9-0bcbf87f8086"
"2-s2.0-85041619190","5f4f528e-352e-4bc4-8256-7e249559c181"
"2-s2.0-85041619190","52888c44-8bc0-44c1-af43-26aaa45bd810"
"2-s2.0-85041619190","8a773625-5b2c-4fb4-9e0a-ee275f0c7de6"
"2-s2.0-85041619190","233010b7-619a-47e3-8d14-0eec5fe914ab"
"2-s2.0-85041619190","95a5191a-92b7-42d3-80bf-2de6a1a2981d"
"2-s2.0-85041619190","4cfca0ee-3a7a-4741-bdbf-040558b7eda2"
"2-s2.0-85041619190","1095ad2d-3968-416b-afe7-c83590893492"
"2-s2.0-85041619190","9e46411d-345f-4976-9427-56396ad27f4f"
"2-s2.0-85041619190","6ba28216-fc74-4161-a60c-37b2e97c59c7"
"2-s2.0-85041619190","7a0560cd-2c97-42b0-8278-e8aca265da7c"
"2-s2.0-85041619190","25a8b955-de99-474f-997a-6f39f912f564"
"2-s2.0-85041619190","cb963a3d-2a28-4da4-9616-2a657ed3f5b3"
"2-s2.0-85041619190","04b9b8c9-f94c-4461-b64a-2dc802fddfcc"
"2-s2.0-85041619190","df6ef8d9-f4a0-4fea-8b15-c9e78c1736be"
"2-s2.0-85041619190","eccdd672-c0bb-4ab3-b0ef-e82a78ad8b62"
"2-s2.0-85041619190","9af9c47d-b2d1-4812-bc07-c8ebe83c2be2"
"2-s2.0-85041619190","580c9b8e-2db4-4168-bbf1-700005c7f0ec"
"2-s2.0-85041619190","d17059ea-3602-411a-8ada-35c5ac6d1763"
"2-s2.0-85041619190","4c68e011-c107-48b4-9875-b1ddde76421c"
"2-s2.0-85041619190","24ffdc47-25d4-420f-8440-2903592b7902"
"2-s2.0-85041619190","e7fdae15-5a75-481f-9e02-32458d265060"
"2-s2.0-85041619190","62b38f6c-f87d-4141-b9cd-ec8b4b3a9720"
"2-s2.0-85041619190","d93bdc58-804d-4ceb-a1a3-2118d8398a9f"
"2-s2.0-85041619190","c1103931-d560-42b3-a5f9-e6e43b46a550"
"2-s2.0-85041619190","62e7a80d-191d-47ea-ae98-c594563c6a25"
"2-s2.0-85041619190","dab13e60-ffd3-4952-8183-6415abd2758c"
"2-s2.0-85041619190","32d1c4f4-291b-40f0-a1e4-d6a0fb2b4b3b"
"2-s2.0-85032023093","524c42cb-bd0c-4dcb-b2bb-e72a68f1be0d"
"2-s2.0-85032023093","fe6a6110-02ea-40b6-97d5-edb534eebcbf"
"2-s2.0-85032023093","7c740061-3346-4c23-a09e-8bbccd893012"
"2-s2.0-85032023093","84c43184-2562-4094-afa7-5e5d8ea82ee6"
"2-s2.0-85032023093","9df4e20f-4351-4a1a-8f21-77be2f1ea431"
"2-s2.0-85032023093","1c20b64c-c82c-4307-bfc0-7df5b778f074"
"2-s2.0-85032023093","539e3086-7623-4fb7-ba0d-a1ff5416c962"
"2-s2.0-85032023093","fb346cba-2eec-48f8-92db-af852e703a06"
"2-s2.0-85032023093","3d03291e-ad32-4f9b-9631-99616d46ef62"
"2-s2.0-85032023093","5c8912af-1d1a-44a4-bfd1-735e23ce91cb"
"2-s2.0-85032023093","ff321e45-4486-46b6-9913-68a1b28d0c83"
"2-s2.0-85032023093","84bb3f3e-a365-444a-88dd-add2087fc920"
"2-s2.0-85032023093","39b08d0d-b875-4dde-b8fc-6d5fb1c0cae7"
"2-s2.0-85032023093","ff73a6de-9c5d-4e85-b65e-50576d711f54"
"2-s2.0-85032023093","07925b33-c202-490d-a9c9-4f104cefa9fe"
"2-s2.0-85032023093","ef2aa77e-54f9-40a6-8089-366793194fcd"
"2-s2.0-85032023093","3a522169-2cbc-4584-8e50-f53d17d0e1d3"
"2-s2.0-85032023093","ca5cd084-83c5-4d1f-8512-bae757a87214"
"2-s2.0-85032023093","82d3de5c-f282-4aea-998f-3def416f23ba"
"2-s2.0-85032023093","d6a7f0ad-56c4-491c-9b9f-517522770c63"
"2-s2.0-85032023093","e7fa858e-a248-471b-89b1-d5a51baf7dd0"
"2-s2.0-85032023093","c2319926-f3e4-4ce4-8c70-c49897e45c00"
"2-s2.0-85032023093","93219415-ac08-4c0a-bb83-cf7d8e6fd4e6"
"2-s2.0-85032023093","cc4bf925-b51d-414d-a36f-81f748bf6765"
"2-s2.0-85032023093","d09f9ead-a7f0-4cfd-9e72-8da987f180bf"
"2-s2.0-85032023093","3375fdf1-2c2b-4c33-92c3-36d550a7bf79"
"2-s2.0-85032023093","2511c2b8-5846-4e8e-a192-9c71b72b7074"
"2-s2.0-85032023093","d16e31f8-cf75-4166-b672-5ff347397fd7"
"2-s2.0-85032023093","ca714513-ef04-4135-8ca6-458bbd728fbe"
"2-s2.0-85032023093","ef4ca86c-b23d-4f0a-8ce5-49b6a104cfc2"
"2-s2.0-85032023093","9727b0bb-a673-48dc-92c8-b41a48996b70"
"2-s2.0-85032023093","27234e9c-0ea1-4d59-8d53-477b1f631931"
"2-s2.0-85032023093","7ba608bf-2130-49fb-830b-d2272b401625"
"2-s2.0-85032023093","bfb7e3c9-d791-4d58-a22e-10be16d976c5"
"2-s2.0-85032023093","d45536ec-e620-4736-bb26-0823e47d7010"
"2-s2.0-85032023093","55290770-45a4-458f-800f-a170c52f5405"
"2-s2.0-85032023093","f70460a9-0c80-408d-8059-0f208ec2b85f"
"2-s2.0-85032023093","4c68e011-c107-48b4-9875-b1ddde76421c"
"2-s2.0-85032023093","13b92ca9-ae59-4e3f-83bf-5b476daa19ba"
"2-s2.0-85037639863","e46b7d0f-a403-4327-b782-2d7353da0a1c"
"2-s2.0-85037639863","4f04c811-4dae-46f5-9e7b-d183cebaee6e"
"2-s2.0-85037639863","922e8a80-546c-4d20-be99-d97f69f69d8c"
"2-s2.0-85037639863","d748f02a-0eba-4e96-85ba-47e84c903ac5"
"2-s2.0-85037639863","1e363375-5743-41ac-8138-8c82efef186c"
"2-s2.0-85037639863","956ae4cf-4aa3-4cfc-9b7e-0ecefe2b8fdd"
"2-s2.0-85037639863","8f8064fe-e8ec-4308-b91d-a33ab6978286"
"2-s2.0-85037639863","f51e5dc1-f75f-4ce6-b13d-552faa06b61f"
"2-s2.0-85037639863","b6b4f4c1-0779-4aa1-b2c2-94464f5ae8db"
"2-s2.0-85037639863","531e3c26-37e9-46a3-96bb-34b84800cd2a"
"2-s2.0-85037639863","fb56e2f2-10d0-45a3-aa2f-228fb8c073ca"
"2-s2.0-85037639863","9730910e-cfbd-4412-8f02-aa5b54a22946"
"2-s2.0-85037639863","2c05f1b9-3370-438b-b2da-b9a28a462ecf"
"2-s2.0-85067632025","3ebb3350-1ca0-4286-9380-05fd0ef2440b"
"2-s2.0-85067632025","694868fe-0dc1-4e47-b562-abf38606a07f"
"2-s2.0-85067632025","41911144-bc7f-4153-9605-e3d57eda8721"
"2-s2.0-85067632025","785156eb-db04-4cbe-81d0-a0596c9e2435"
"2-s2.0-85067632025","1d8853fb-22c3-418c-a5cb-c4ecaf6b0c5e"
"2-s2.0-85067632025","8b2bf844-1af6-4272-9920-7d1ee72ede02"
"2-s2.0-85067632025","6b4519ae-c26b-49dc-b6ae-331f2ddcd920"
"2-s2.0-85067632025","7b6a3d81-ff6c-42e5-a09d-98b979cbfcdf"
"2-s2.0-85067632025","c11f22b0-6827-41e5-9dac-9b51f52fd59f"
"2-s2.0-85067632025","1e1b68c6-950d-43f5-a92a-b265b65fffd0"
"2-s2.0-85067632025","dc2f3240-d4ee-4301-96c5-358d70ca65e0"
"2-s2.0-85067632025","1dacbbf2-cc45-4b29-bbf1-d5d5896e4e99"
"2-s2.0-85067632025","3850c161-d8a7-4834-9365-d96409d06d16"
"2-s2.0-85067632025","2a495439-f908-4670-9371-42b2305a2414"
"2-s2.0-85067632025","781011b8-00ad-4088-ac02-c53326bcdefe"
"2-s2.0-85067632025","fc618649-8e4f-4d8f-8bd3-50cb7daf21b4"
"2-s2.0-85067632025","8a05c39c-46ca-4c60-967a-6861b33b4489"
"2-s2.0-85067632025","2d09cc5b-a495-4702-8c37-290b428dd333"
"2-s2.0-85027097994","ef4464d8-4526-41af-ac38-c1bbb1fc6b94"
"2-s2.0-85027097994","52f087f0-d505-43ec-bb54-cb74f04a9b0e"
"2-s2.0-85027097994","04e1c4e3-0d04-4509-add4-a65a09effffb"
"2-s2.0-85027097994","c216bf6f-0bd7-438e-9983-a1ea4decc858"
"2-s2.0-85027097994","0cd202d1-fb62-4022-b605-94db0cece274"
"2-s2.0-85027097994","43d48c71-ded2-45cb-a66e-12d8b436e194"
"2-s2.0-85027097994","98f162b1-9213-439b-b3ee-9aa58dbc4513"
"2-s2.0-85027097994","0fa05e63-fb13-4fd3-9b75-2767b9ed1fcb"
"2-s2.0-85027097994","d12e2a98-b208-4bf7-ba05-a9f0999e92f9"
"2-s2.0-85027097994","9b476b57-efa3-4aa9-8ef3-d8e9d9f2ada0"
"2-s2.0-85027097994","fcf855a5-e3c9-4a66-9827-cd2946f112d3"
"2-s2.0-85027097994","dc50d363-5c0b-4c27-bea7-4f767c5daccd"
"2-s2.0-85027097994","28e3ff3d-06e5-464d-bbd9-fae65ed63e52"
"2-s2.0-85027097994","badddb47-ea85-4f8c-927c-64f35336d4c3"
"2-s2.0-85027097994","193fadb5-9a12-41ba-8ff6-0b9f6b01d0dd"
"2-s2.0-85027097994","e24e0587-2a0f-49a3-b343-8ccebf5e4fa0"
"2-s2.0-85027097994","ab1218c6-40db-434b-8b6f-f628fa6af18b"
"2-s2.0-85027097994","e0bd5976-11aa-41e2-b6e3-fe54c09ea467"
"2-s2.0-85027097994","4c68e011-c107-48b4-9875-b1ddde76421c"
"2-s2.0-85027097994","c7759abe-84e6-4e55-8b6c-ab9ec3777ab6"
"2-s2.0-85027097994","ca6b2927-39ce-4da3-8bf1-8c093ace6e2e"
"2-s2.0-85027097994","dd75a44d-ccee-45a6-95ef-71f9337d3140"
"2-s2.0-85027097994","61368831-0967-46a9-93ad-eed965d19052"
"2-s2.0-85027097994","e8fc68b5-3caf-4fb9-9347-5db64fc1013a"
"2-s2.0-85027097994","62b38f6c-f87d-4141-b9cd-ec8b4b3a9720"
"2-s2.0-85027097994","e793a67f-b76c-4950-b4f4-c32a6a92b0c8"
"2-s2.0-85027097994","4635518d-5bdc-433a-b76a-2ca0ae45423b"
"2-s2.0-85027097994","d815129b-16b1-4ca6-bbf2-a6dec47058b2"
"2-s2.0-85027097994","00fad238-de91-4337-a247-bb3a45db901e"
"2-s2.0-85044294782","b56ceea8-970b-4c3e-9356-4eb810954f3f"
"2-s2.0-85044294782","52f087f0-d505-43ec-bb54-cb74f04a9b0e"
"2-s2.0-85044294782","af0b9dc6-e370-428a-9bc7-5a79a1c76bad"
"2-s2.0-85044294782","c17f204e-c552-4e62-89ee-d41f092c3e66"
"2-s2.0-85044294782","4b3bb1a6-2b6d-4944-81c8-dd173a53b39a"
"2-s2.0-85044294782","c25f76e7-fe23-4a21-a2be-39e2a4d34d91"
"2-s2.0-85044294782","eda15c93-da89-4f34-b381-794d34d56c35"
"2-s2.0-85044294782","45ea1a9b-f9bc-4a10-9816-0acaf5c480e3"
"2-s2.0-85044294782","06f0964e-0d6d-4add-aada-cd149d748ff9"
"2-s2.0-85044294782","5d88c6bf-9e0c-4df6-8608-df106693b7ba"
"2-s2.0-85044294782","9019d447-8626-4a90-95f1-eda93902416d"
"2-s2.0-85044294782","c92d1788-1265-4cc3-8854-11daa242f9d8"
"2-s2.0-85044294782","f679f07a-3029-4098-80db-29d1196f627c"
"2-s2.0-85044294782","cd2d4aa5-1ba2-40ea-a10a-3af92ff1aa0f"
"2-s2.0-85044294782","fb56e2f2-10d0-45a3-aa2f-228fb8c073ca"
"2-s2.0-85044294782","b853e1b8-56d4-4e82-8ae2-377531c03b5e"
"2-s2.0-85044294782","7eab1aaa-e581-476b-a371-36ba2162d76f"
"2-s2.0-85054344762","002cff96-d8f5-4967-ad52-134993f6461a"
"2-s2.0-85054344762","e55e9027-8a99-4b4f-a3fb-0374167d2064"
"2-s2.0-85054344762","84350ba8-ec7d-41b6-904f-a369fa0fd960"
"2-s2.0-85054344762","e3c5d165-86b5-4e74-a460-a33af1b489b8"
"2-s2.0-85054344762","da0d28eb-0651-42bd-b73c-3e49215c7739"
"2-s2.0-85054344762","fcbda0f5-8208-49da-94c5-2f4a5d7ecd64"
"2-s2.0-85054344762","84004219-38ce-4be4-a86f-754d17d04b02"
"2-s2.0-85054344762","a197b3ab-4bfc-44f9-bd16-70b18d795fdb"
"2-s2.0-85054344762","6eed319e-bcc4-4266-bbaf-02045fd9dfd3"
"2-s2.0-85054344762","a3249149-5071-44fe-af0e-9c36910f353f"
"2-s2.0-85054344762","1ccf857b-2eb9-4aee-9574-a0b9c2119d70"
"2-s2.0-85054344762","30417dd4-c9c7-440e-ba5b-f803e6161dd8"
"2-s2.0-85054344762","f87a974f-1543-4840-8962-6ecf348f4c48"
"2-s2.0-85054344762","5f0d5579-c7b3-4207-b30c-3037308959fb"
"2-s2.0-85054344762","93219415-ac08-4c0a-bb83-cf7d8e6fd4e6"
"2-s2.0-85054344762","7c913b62-b612-4c16-82b5-2a4eb74213ee"
"2-s2.0-85054344762","a132cbac-6327-426f-a453-f0f49506c10e"
"2-s2.0-85054344762","6c7b23c9-ad61-4f5b-8c1f-7cf3a9e334e8"
"2-s2.0-85054344762","233010b7-619a-47e3-8d14-0eec5fe914ab"
"2-s2.0-85054344762","95a5191a-92b7-42d3-80bf-2de6a1a2981d"
"2-s2.0-85054344762","4d4c0838-ca9c-42a6-9c2c-cc4869c936ae"
"2-s2.0-85054344762","27234e9c-0ea1-4d59-8d53-477b1f631931"
"2-s2.0-85054344762","cb963a3d-2a28-4da4-9616-2a657ed3f5b3"
"2-s2.0-85054344762","504fcff6-494b-439f-a5c7-f1789b2cab91"
"2-s2.0-85054344762","32d1c4f4-291b-40f0-a1e4-d6a0fb2b4b3b"
"2-s2.0-85054344762","cf183914-047f-45f6-955f-d26438ab3fa6"
"2-s2.0-85054344762","4c68e011-c107-48b4-9875-b1ddde76421c"
"2-s2.0-85054344762","08c1528e-4a54-4239-9327-0e82a8909b38"
"2-s2.0-85054344762","62e7a80d-191d-47ea-ae98-c594563c6a25"
"2-s2.0-85054344762","81506a98-60f1-4f35-be27-9b837fe50afe"
"2-s2.0-84957998578","52f087f0-d505-43ec-bb54-cb74f04a9b0e"
"2-s2.0-84957998578","7b4d40f3-8f63-4084-9766-ae14ed4fc56b"
"2-s2.0-84957998578","04e9b799-702b-43ec-bd88-a62c0f9a5d18"
"2-s2.0-84957998578","3f958ce4-cc54-47ae-95ff-ae0b6f0ab6ea"
"2-s2.0-84957998578","ca48fa14-d626-4a92-aea7-9ed9662e6302"
"2-s2.0-84957998578","ecb5a5ef-bc68-43db-a75d-83fdbf5d4b69"
"2-s2.0-84957998578","fb56e2f2-10d0-45a3-aa2f-228fb8c073ca"
"2-s2.0-84957998578","b853e1b8-56d4-4e82-8ae2-377531c03b5e"
"2-s2.0-84951336297","653c63a3-bcfd-4493-b0ef-65a321591e1c"
"2-s2.0-84951336297","524c42cb-bd0c-4dcb-b2bb-e72a68f1be0d"
"2-s2.0-84951336297","8903e0a7-6a23-4e86-bb97-f01346e19cf3"
"2-s2.0-84951336297","52f087f0-d505-43ec-bb54-cb74f04a9b0e"
"2-s2.0-84951336297","9df4e20f-4351-4a1a-8f21-77be2f1ea431"
"2-s2.0-84951336297","540a813d-a221-4468-ae50-52784219da41"
"2-s2.0-84951336297","f87a974f-1543-4840-8962-6ecf348f4c48"
"2-s2.0-84951336297","961e5b2d-1f91-4a49-a469-5f00b5c419e4"
"2-s2.0-84951336297","532149ce-f6d9-41a9-95fc-fc376b44c786"
"2-s2.0-84951336297","fce56fbb-b2e2-41c1-93a0-ed080b1c76f0"
"2-s2.0-84951336297","9f6de1b8-5b8d-4c1a-b118-36e88974cff7"
"2-s2.0-84951336297","de9299e6-2bad-4f54-b275-0ee9be4822a0"
"2-s2.0-84951336297","dd775f46-0c82-4db1-b743-0fc8ab619f02"
"2-s2.0-84951336297","dd45444e-0909-4ee8-8f0b-f84a369aaeb9"
"2-s2.0-84951336297","fd3d1a1c-bb28-4858-8de3-18d5c86e00a3"
"2-s2.0-84951336297","f7949997-38ba-4613-88dc-e330ac6b1938"
"2-s2.0-84951336297","80b35a0b-9c87-4790-9458-fda03e9bafc7"
"2-s2.0-84951336297","fcf17138-5366-47ca-b4f0-84bbf7951e10"
"2-s2.0-84951336297","642a6457-7404-4fa1-93f7-e82e6453ffef"
"2-s2.0-84951336297","0a496986-f38a-44b2-91cd-a5f4a1254415"
"2-s2.0-84951336297","a733f2f4-a9bf-42db-93b0-b54fe00acbbf"
"2-s2.0-84951336297","da3fa8fa-bf27-4569-81ef-83a85191216a"
"2-s2.0-84951336297","6c431d12-5868-4ae7-b95c-23c0d5cdf47a"
"2-s2.0-84951336297","32a37e04-5ce2-40c7-8233-d1818fff4229"
"2-s2.0-84951336297","4c346cdc-2c64-492b-ad11-bff3148b86cb"
"2-s2.0-84951336297","f73cc842-42fa-45d9-97dc-dbc9b337c6fd"
"2-s2.0-84951336297","f7e80352-2fda-4413-9314-52b30e206094"
"2-s2.0-84951336297","82d3de5c-f282-4aea-998f-3def416f23ba"
"2-s2.0-84951336297","716dfa74-7a92-4f2d-bd0f-cc251c8a183a"
"2-s2.0-84951336297","e2d05258-5df7-45de-b7b1-f58461dc3d9d"
"2-s2.0-84951336297","59328ff5-0eb3-41b3-8792-cf6338853821"
"2-s2.0-84951336297","bfd59a9c-3ee8-4390-971d-bf874752e531"
"2-s2.0-84951336297","93219415-ac08-4c0a-bb83-cf7d8e6fd4e6"
"2-s2.0-84951336297","4a422b8d-d8eb-41be-b6eb-ef54db30e7ed"
"2-s2.0-84951336297","01962447-c172-4f29-8f2e-84eb5f439474"
"2-s2.0-84951336297","d09f9ead-a7f0-4cfd-9e72-8da987f180bf"
"2-s2.0-84951336297","9160fb13-b3b3-4bb5-b67d-abc319ec75f0"
"2-s2.0-84951336297","e2ee8f85-5e8d-4dca-a18c-fd859fafb1c6"
"2-s2.0-84951336297","bce78486-02e2-428a-b4b1-71dd7d5e2eb9"
"2-s2.0-84951336297","c0990913-3834-4d62-b7fc-d5e84e442e13"
"2-s2.0-84951336297","ca06f290-abe3-4988-b1e8-06c9edc3ec39"
"2-s2.0-84951336297","e1be4b0f-62ea-4e30-aad5-1bc5cb033891"
"2-s2.0-84951336297","6067a65b-2930-4003-826e-f8a59dd3270a"
"2-s2.0-84951336297","1f81ce8b-0b85-43f4-ab8e-4537f1b08a01"
"2-s2.0-84951336297","d05f439e-aa06-4500-87bd-960840dec50a"
"2-s2.0-84951336297","27234e9c-0ea1-4d59-8d53-477b1f631931"
"2-s2.0-84951336297","7ba608bf-2130-49fb-830b-d2272b401625"
"2-s2.0-84951336297","15682153-dd4f-4cc9-8f37-53b603f5e6ff"
"2-s2.0-84951336297","93198d85-088f-49c0-bb6e-7b8602e55a72"
"2-s2.0-84951336297","c980ea66-5a0f-46c4-a881-fb177023b5fc"
"2-s2.0-84951336297","04b9b8c9-f94c-4461-b64a-2dc802fddfcc"
"2-s2.0-84951336297","92c62716-8e29-4b79-be32-275251ba38b2"
"2-s2.0-84951336297","9bd579c2-a41e-47cf-bc69-400c72273dae"
"2-s2.0-84951336297","f70460a9-0c80-408d-8059-0f208ec2b85f"
"2-s2.0-84951336297","cc86c886-c4a3-4b7a-bb8f-69e7618916df"
"2-s2.0-84951336297","4c68e011-c107-48b4-9875-b1ddde76421c"
"2-s2.0-84951336297","c99c462e-c205-460c-a5af-70b85eadb6cb"
"2-s2.0-84929247128","9afdcf7c-0671-4bae-ab43-b8089acc22f0"
"2-s2.0-84929247128","893dff0f-8e9e-4717-a1d3-1ef769efe2c3"
"2-s2.0-84929247128","82d3de5c-f282-4aea-998f-3def416f23ba"
"2-s2.0-84929247128","002cff96-d8f5-4967-ad52-134993f6461a"
"2-s2.0-84929247128","1fb2ae42-0534-406a-81bc-31dd6228f63a"
"2-s2.0-84929247128","93219415-ac08-4c0a-bb83-cf7d8e6fd4e6"
"2-s2.0-84929247128","367497c1-99ca-4a2d-bf23-56ef1e72a25d"
"2-s2.0-84929247128","d23d1930-d9db-456c-a378-961384f12f58"
"2-s2.0-84929247128","46d76092-96b2-4958-ab0b-6d137fcdddfe"
"2-s2.0-84929247128","7ad17c33-07eb-4a7a-86bd-abbd423d5f39"
"2-s2.0-84929247128","7f4484e7-53cc-4700-a2e8-b862eb0d70f7"
"2-s2.0-84929247128","a09e84c7-bf87-47fa-8dd9-7dbca2d94be3"
"2-s2.0-84929247128","6067a65b-2930-4003-826e-f8a59dd3270a"
"2-s2.0-84929247128","ff09f15b-3219-4c50-8a41-439f047793c1"
"2-s2.0-84929247128","27234e9c-0ea1-4d59-8d53-477b1f631931"
"2-s2.0-84929247128","019aa378-6836-4167-b26a-ca1f02a33821"
"2-s2.0-84929247128","78121250-f5d7-47b1-97a0-48e4e746bfb1"
"2-s2.0-84929247128","39076a15-b1c8-4735-9db5-d6ab25ab4d68"
"2-s2.0-84929247128","006750b6-678b-48bd-b4db-f8fbabe6dc0d"
"2-s2.0-84929247128","53718e74-d257-4505-91b0-909f57e1bc14"
"2-s2.0-84929247128","504fcff6-494b-439f-a5c7-f1789b2cab91"
"2-s2.0-84963705379","1766c833-8bee-4c8d-adaf-31fb20538c3c"
"2-s2.0-84963705379","fad1328e-aa24-4dda-8e0d-aee57287e9ee"
"2-s2.0-84963705379","abdd649c-99de-4465-80b1-03b785a76872"
"2-s2.0-84963705379","dbd12268-1ea6-453b-a2dd-722e63fc78bb"
"2-s2.0-84963705379","72a27f9d-f47c-4eb4-8acd-17b46b77cc7d"
"2-s2.0-84963705379","6f9189be-e3e8-4752-aa24-3378954185fc"
"2-s2.0-84963705379","7961056e-25dd-4459-af93-c31cc70da05e"
"2-s2.0-84963705379","dd2e1d8d-452d-4263-85a7-a575a5ebefc8"
"2-s2.0-84963705379","6f3e936b-683f-4abf-bc2d-a736f7d46793"
"2-s2.0-84963705379","0bc664b7-4a13-405d-a862-92349c4dc020"
"2-s2.0-84963705379","9f6de1b8-5b8d-4c1a-b118-36e88974cff7"
"2-s2.0-84963705379","712806dc-3af1-49f2-91f9-81b80003d593"
"2-s2.0-84963705379","7eb34f98-894e-46f1-8fd1-02e7e664e8ad"
"2-s2.0-84963705379","57f8e466-d6a6-4557-9c22-471980383f5a"
"2-s2.0-84963705379","7fe808e6-110a-4370-a7e2-944b99b7abf5"
"2-s2.0-84963705379","c3a0022c-5a25-4245-a65a-b00754b30754"
"2-s2.0-84963705379","32a37e04-5ce2-40c7-8233-d1818fff4229"
"2-s2.0-84963705379","4c68e011-c107-48b4-9875-b1ddde76421c"
"2-s2.0-84963705379","93107da8-85a3-4fbe-acba-899b03317a8a"
"2-s2.0-84963705379","d1868e50-739e-4b8e-9767-9828b8e7b811"
"2-s2.0-84963705379","c99c462e-c205-460c-a5af-70b85eadb6cb"
"2-s2.0-84963705379","62b38f6c-f87d-4141-b9cd-ec8b4b3a9720"
"2-s2.0-84963705379","96f92062-322d-4347-9e05-a0d738587eac"
"2-s2.0-84963705379","dde40d89-8f37-41d0-9c8d-0c75bc209fe7"
"2-s2.0-84886743843","34ef16e9-70c2-494b-af4f-14e683e3d196"
"2-s2.0-84886743843","609f826f-dfee-4bb4-8cd3-a5546eab4ada"
"2-s2.0-84886743843","81e9ed6f-b368-422b-bdfe-1c23fba076e3"
"2-s2.0-84886743843","8d681604-eb14-465a-a742-662514586578"
"2-s2.0-84886743843","71490d88-45a9-4e82-b666-97f79de387f6"
"2-s2.0-84886743843","71f66fc3-4214-4d40-b322-c44e7d9960ff"
"2-s2.0-84886743843","dd2e1d8d-452d-4263-85a7-a575a5ebefc8"
"2-s2.0-84886743843","fce56fbb-b2e2-41c1-93a0-ed080b1c76f0"
"2-s2.0-84886743843","752f9a4b-1c9f-4500-a44c-583e9a3ae487"
"2-s2.0-84886743843","f866ab68-b112-407d-a6fb-c3e3fb5da89e"
"2-s2.0-84886743843","f7639bce-429c-467f-a21a-e51f5ce2d006"
"2-s2.0-84886743843","1d6247e5-eaad-4420-9adb-0085396e177e"
"2-s2.0-84886743843","811646fc-5ce5-4c33-b1f9-de7ce60ab630"
"2-s2.0-84886743843","55c52912-effe-46d4-a43f-23a465d08543"
"2-s2.0-84886743843","d949353e-e594-4d46-8cf8-47d0d26dbf22"
"2-s2.0-84886743843","10670232-9309-4d1c-bd71-1eaf6129bb72"
"2-s2.0-84886743843","3f91d04a-0249-46e8-9c2b-63c747fb214b"
"2-s2.0-84886743843","36fa0a78-84c2-4ffe-a6bc-bffe7d468d16"
"2-s2.0-84886743843","e5215158-a054-4e98-856a-879bde43d7b7"
"2-s2.0-84886743843","cebebe41-4468-44fc-b8a9-bf8b52a743bd"
"2-s2.0-84886743843","e4a0bc07-8b51-44de-9896-da176de7a642"
"2-s2.0-84886743843","4ae8ec39-e271-4599-9b3a-a404b7b9b711"
"2-s2.0-84886743843","9019d447-8626-4a90-95f1-eda93902416d"
"2-s2.0-84886743843","93219415-ac08-4c0a-bb83-cf7d8e6fd4e6"
"2-s2.0-84886743843","4a422b8d-d8eb-41be-b6eb-ef54db30e7ed"
"2-s2.0-84886743843","4c68e011-c107-48b4-9875-b1ddde76421c"
"2-s2.0-84886743843","26d0acb0-9e19-477e-aaf9-1b5e655a0748"
"2-s2.0-84886743843","9160fb13-b3b3-4bb5-b67d-abc319ec75f0"
"2-s2.0-84886743843","0900620b-eee5-45a0-a49e-03a4d0653544"
"2-s2.0-84886743843","d1868e50-739e-4b8e-9767-9828b8e7b811"
"2-s2.0-84886743843","c99c462e-c205-460c-a5af-70b85eadb6cb"
"2-s2.0-84947087101","99ce7268-7dfe-4182-ab03-bb19e7cdfd29"
"2-s2.0-84947087101","6f9189be-e3e8-4752-aa24-3378954185fc"
"2-s2.0-84947087101","97ff6fe0-df49-4d75-b8f8-e602fcdffbd8"
"2-s2.0-84947087101","4323694c-2ae4-456a-a79b-1ab039389f56"
"2-s2.0-84947087101","6785d014-5f74-46b5-8de0-fb4c4765cc90"
"2-s2.0-84947087101","5c075e73-beda-4d85-9764-1f01f76250cc"
"2-s2.0-84947087101","655d237a-576c-43dc-a204-9097be2859ca"
"2-s2.0-84947087101","d748f02a-0eba-4e96-85ba-47e84c903ac5"
"2-s2.0-84947087101","956ae4cf-4aa3-4cfc-9b7e-0ecefe2b8fdd"
"2-s2.0-84947087101","74279f22-f68a-4a1f-8571-1b0471b56e0b"
"2-s2.0-84947087101","69b3b7ac-7d27-47af-b8f9-2bae47dda310"
"2-s2.0-84947087101","b82a596b-b976-47e1-844a-1804518a96a7"
"2-s2.0-84947087101","fb3fbe50-c7ab-4428-ad2d-8bfbe4eed579"
"2-s2.0-84947087101","fb56e2f2-10d0-45a3-aa2f-228fb8c073ca"
"2-s2.0-84947087101","6b64d920-336b-4b9e-9117-0cb1ad5bf9bc"
"2-s2.0-84947087101","005248f5-2c6a-49e4-a339-71aec01ec42d"
"2-s2.0-84947087101","f17ae6e7-be67-438e-a963-d52ee9a22cc5"
"2-s2.0-84947087101","0831d545-3cff-44c5-afab-5922256ff8ec"
"2-s2.0-84947087101","b6b4f4c1-0779-4aa1-b2c2-94464f5ae8db"
"2-s2.0-84947087101","61368831-0967-46a9-93ad-eed965d19052"
"2-s2.0-84947087101","545dff2a-482a-48fd-a604-1f24202bd886"
"2-s2.0-84932139355","1c0e2600-92bc-4624-b890-569af97bd818"
"2-s2.0-84932139355","dee3734c-0fba-422a-8840-bee79ebdc96b"
"2-s2.0-84932139355","9f18f83c-d442-4436-a095-7dcbda3dfed8"
"2-s2.0-84932139355","95924b2a-6318-43e8-ab88-d7dab31bf078"
"2-s2.0-84932139355","696984cd-a3aa-4e57-a6ec-f46efa58bce0"
"2-s2.0-84932139355","038b09f5-dccc-41e5-81d7-0a50c91ce5f7"
"2-s2.0-84940096134","524c42cb-bd0c-4dcb-b2bb-e72a68f1be0d"
"2-s2.0-84940096134","f351d4c9-21d4-45d3-97fd-b3dab4ed71ed"
"2-s2.0-84940096134","52f087f0-d505-43ec-bb54-cb74f04a9b0e"
"2-s2.0-84940096134","abdd649c-99de-4465-80b1-03b785a76872"
"2-s2.0-84940096134","294ad546-cfe3-4323-ad35-2784d78f0eab"
"2-s2.0-84940096134","49a7dedf-b126-4b1c-8f51-cd77608a7736"
"2-s2.0-84940096134","dd2e1d8d-452d-4263-85a7-a575a5ebefc8"
"2-s2.0-84940096134","03d6ee57-56ed-4813-a75f-057f9c73d478"
"2-s2.0-84940096134","5fdb810a-0509-46ca-9faf-434698b0879d"
"2-s2.0-84940096134","192b86e5-3b47-404b-8374-38b2dc460f21"
"2-s2.0-84940096134","270c4a6d-4e4f-4f4d-871a-0429baf68ace"
"2-s2.0-84940096134","2d147ab5-d053-482b-8db4-dca9751c349c"
"2-s2.0-84940096134","9f6de1b8-5b8d-4c1a-b118-36e88974cff7"
"2-s2.0-84940096134","8231d8ad-9a9c-41a0-b9a5-9e2e8162781e"
"2-s2.0-84940096134","362ff0e4-828f-4138-872b-6ee5379f3dd2"
"2-s2.0-84940096134","191d5376-6676-4706-9752-53c7c8ac5849"
"2-s2.0-84940096134","d682232f-369f-42f4-9ce2-430eb39c3c61"
"2-s2.0-84940096134","59d22818-be62-42d4-822d-ff959057227e"
"2-s2.0-84940096134","f0c7bdea-95ee-43ea-98ba-c61ec29c9dba"
"2-s2.0-84940096134","b5bf1515-22f6-4aff-9808-98aa6d1565e8"
"2-s2.0-84940096134","a3249149-5071-44fe-af0e-9c36910f353f"
"2-s2.0-84940096134","2bb43fa6-9203-4577-9d37-bccb5e8fe10f"
"2-s2.0-84940096134","d682fc1f-b7bd-4331-9e3c-cb9835f6ea5a"
"2-s2.0-84940096134","fb7c79b4-e611-4739-a1a6-f230497299a5"
"2-s2.0-84940096134","555e4954-72ed-44a0-bc42-d55460df4a97"
"2-s2.0-84940096134","150ace7c-8c82-4ac0-836c-aba9a662d439"
"2-s2.0-84940096134","f87a974f-1543-4840-8962-6ecf348f4c48"
"2-s2.0-84940096134","c8b8321a-c3d9-4f0e-85b3-97f2d9834ec1"
"2-s2.0-84940096134","9155f1ff-9a67-49e4-8f83-9c18cc160d9b"
"2-s2.0-84940096134","b8838f33-85f4-4e5e-a625-f7b1daa1f277"
"2-s2.0-84940096134","32a37e04-5ce2-40c7-8233-d1818fff4229"
"2-s2.0-84940096134","0a5ac1c1-746c-48a7-bb15-64aedeb8d277"
"2-s2.0-84940096134","82d3de5c-f282-4aea-998f-3def416f23ba"
"2-s2.0-84940096134","8f06c4be-fd2c-4e78-b14a-54df7bcec999"
"2-s2.0-84940096134","07a9283d-6a16-4ff6-b6c0-6cf0ed859a8e"
"2-s2.0-84940096134","38a3c3f2-dbe8-44dc-83f8-f83fd05434a1"
"2-s2.0-84940096134","15f0077e-2bbe-4bdf-99ec-b5605730b767"
"2-s2.0-84940096134","e89b1e34-9034-4565-acb2-d391bfe3f40a"
"2-s2.0-84940096134","a48e4ce8-3e5a-4188-985f-b635d9248a03"
"2-s2.0-84940096134","ebca1bbc-1023-4daa-bce9-c1814279b735"
"2-s2.0-84940096134","275516d5-ec5d-4db5-b44b-f9ef40dfb790"
"2-s2.0-84940096134","59328ff5-0eb3-41b3-8792-cf6338853821"
"2-s2.0-84940096134","96a934ba-ffe6-4711-a851-16b902368a76"
"2-s2.0-84940096134","2056f1ca-75f8-421a-b51d-9ac178bb2f99"
"2-s2.0-84940096134","93219415-ac08-4c0a-bb83-cf7d8e6fd4e6"
"2-s2.0-84940096134","fef748d1-2986-468a-8bf8-4e825baa9e6d"
"2-s2.0-84940096134","36fa0a78-84c2-4ffe-a6bc-bffe7d468d16"
"2-s2.0-84940096134","426b231a-9899-4973-b376-a248422a11a5"
"2-s2.0-84940096134","d09f9ead-a7f0-4cfd-9e72-8da987f180bf"
"2-s2.0-84940096134","ad8574d3-8f3a-4f7c-96ee-4726a2016ed6"
"2-s2.0-84940096134","e39a379b-ced2-491d-8568-bd27ef20dde9"
"2-s2.0-84940096134","3c23e544-fa8a-4ef6-b78b-8f70adb087a9"
"2-s2.0-84940096134","63fe0b08-c6cd-450e-a1e5-1113bba9efbd"
"2-s2.0-84940096134","941c6ace-d9c1-4bbe-8a60-08f88248f54f"
"2-s2.0-84940096134","9c3e80b0-4649-452a-a8a9-bc95e047bc75"
"2-s2.0-84940096134","b901ae0e-1318-4592-9ead-efb0b5d480bb"
"2-s2.0-84940096134","b00b234c-5348-48b5-bfcb-f926b0129ac8"
"2-s2.0-84940096134","50ff10d4-de0a-4f9f-b181-2985f342b227"
"2-s2.0-84940096134","6f9189be-e3e8-4752-aa24-3378954185fc"
"2-s2.0-84940096134","53090ac6-1640-42b8-b03d-f4008bd3af12"
"2-s2.0-84940096134","d1868e50-739e-4b8e-9767-9828b8e7b811"
"2-s2.0-84940096134","d3f1a493-195d-4cea-b6b1-163443552522"
"2-s2.0-84940096134","52888c44-8bc0-44c1-af43-26aaa45bd810"
"2-s2.0-84940096134","8c5ca90f-0201-4754-a53f-1c7d88312feb"
"2-s2.0-84940096134","fc2ee9f9-6edc-41e7-9b1a-30d7c4c0cabc"
"2-s2.0-84940096134","a8b7a707-1429-4fb6-86e3-7336d2ba8ceb"
"2-s2.0-84940096134","540a813d-a221-4468-ae50-52784219da41"
"2-s2.0-84940096134","6067a65b-2930-4003-826e-f8a59dd3270a"
"2-s2.0-84940096134","aa09e5fd-24f3-4d39-8cd0-332ff2dce575"
"2-s2.0-84940096134","0061793f-c76d-4f58-a6ae-aab574b3c3ae"
"2-s2.0-84940096134","4e8d42ec-ffa0-4f63-a7ad-efb5bc30a2a4"
"2-s2.0-84940096134","1f81ce8b-0b85-43f4-ab8e-4537f1b08a01"
"2-s2.0-84940096134","27234e9c-0ea1-4d59-8d53-477b1f631931"
"2-s2.0-84940096134","30b532a4-aa1c-4f6d-8ffa-be598cbb094d"
"2-s2.0-84940096134","cb963a3d-2a28-4da4-9616-2a657ed3f5b3"
"2-s2.0-84940096134","3136a724-2d5c-4c3c-8d5f-029faec35aa0"
"2-s2.0-84940096134","32a9efb7-181d-4931-b398-a32f0fb6a478"
"2-s2.0-84940096134","e3ff6cc8-038d-4b62-afd6-ad77803db5c4"
"2-s2.0-84940096134","92f1efa3-b1c1-40f8-98ee-5e16cfa2698c"
"2-s2.0-84940096134","f6b8820d-c907-47ba-80ef-8eb9aafe7daf"
"2-s2.0-84940096134","4518a85e-197d-44c5-9910-5f15270a5496"
"2-s2.0-84940096134","2e34eaa5-b316-4e68-9ce9-1ed458fac64f"
"2-s2.0-84940096134","2883c853-f049-4673-8f19-312c3adc2f39"
"2-s2.0-84940096134","b9533701-49e0-4542-87b9-31ba78e3e6f9"
"2-s2.0-84940096134","f70460a9-0c80-408d-8059-0f208ec2b85f"
"2-s2.0-84940096134","416783a9-2373-4f80-ab54-3b45ba49727c"
"2-s2.0-84940096134","6c4f4a86-bc25-46ca-bdae-190047db0ff2"
"2-s2.0-84940096134","4c68e011-c107-48b4-9875-b1ddde76421c"
"2-s2.0-84940096134","a7a6d9ee-8ef4-4714-aaa4-cb1d59ba0c43"
"2-s2.0-84940096134","93107da8-85a3-4fbe-acba-899b03317a8a"
"2-s2.0-84940096134","831cbe70-244a-4fb3-8c5c-01adeeff54a2"
"2-s2.0-84940096134","c99c462e-c205-460c-a5af-70b85eadb6cb"
"2-s2.0-84940096134","2d6efeb2-b259-4732-8747-935078886dd3"
"2-s2.0-84939248793","f8ad25fc-de1e-438e-9104-53b5ccc3f8ce"
"2-s2.0-84939248793","8f2cecdb-8a4a-4d97-ac40-7d26562aca2a"
"2-s2.0-84939248793","d6b1a214-ca83-4c5c-8014-941867590222"
"2-s2.0-84939248793","46e37f1f-2ac8-44cc-bf6f-3ece9e7a4990"
"2-s2.0-84939248793","040b7ab2-91a3-4469-a798-fed9747fb1e8"
"2-s2.0-84939248793","69353af4-25e6-43ac-85cd-3fbaa15ce3d0"
"2-s2.0-84948958232","eda15c93-da89-4f34-b381-794d34d56c35"
"2-s2.0-84948958232","58b32d76-03ff-4cd6-ba94-76f9acd7229d"
"2-s2.0-84948958232","9cbf4462-ce5c-4ced-9905-5fd0f47cb8f6"
"2-s2.0-84948958232","956ae4cf-4aa3-4cfc-9b7e-0ecefe2b8fdd"
"2-s2.0-84948958232","64753b28-7a2e-4380-9e11-9e6a2a0d4a13"
"2-s2.0-84948958232","7527b599-92f1-43fe-8601-a81dee8ca60c"
"2-s2.0-84948958232","07f11f75-4883-4003-8e8c-200597ea1bff"
"2-s2.0-84948958232","b8f55f2a-4cfe-4462-9bc0-f3478d4b7759"
"2-s2.0-84944384828","1cb70d73-e480-48b7-83dc-f451740f67c5"
"2-s2.0-84944384828","997ae603-5c5c-497c-b5bd-9d343925c632"
"2-s2.0-84944384828","524c42cb-bd0c-4dcb-b2bb-e72a68f1be0d"
"2-s2.0-84944384828","ec68a486-62ee-4c4f-be2f-71e126ce1ad8"
"2-s2.0-84944384828","48f7ee37-ae29-4589-9efb-2af20dfb4b01"
"2-s2.0-84944384828","6d4ca3e1-b8ec-4348-a621-2c3df5f33871"
"2-s2.0-84944384828","8f5bdaba-bdfb-4992-ad53-87d5749ed827"
"2-s2.0-84944384828","db2c9a94-9ae8-4763-8cc0-14428e9119a1"
"2-s2.0-84944384828","9df4e20f-4351-4a1a-8f21-77be2f1ea431"
"2-s2.0-84944384828","18c239d6-213c-4bcb-a9a2-53ad53d55d53"
"2-s2.0-84944384828","43a6b6c9-a02c-45fc-a08a-2617698496a8"
"2-s2.0-84944384828","54a4adf2-f743-4bef-bd34-fafc44e0b89e"
"2-s2.0-84944384828","95924b2a-6318-43e8-ab88-d7dab31bf078"
"2-s2.0-84944384828","f17ae6e7-be67-438e-a963-d52ee9a22cc5"
"2-s2.0-84944384828","f70460a9-0c80-408d-8059-0f208ec2b85f"
"2-s2.0-84944384828","a36ea4b5-455a-4b6d-b834-035ad2a3d9e5"
"2-s2.0-84944384828","c7759abe-84e6-4e55-8b6c-ab9ec3777ab6"
"2-s2.0-84944384828","545dff2a-482a-48fd-a604-1f24202bd886"
"2-s2.0-84944384828","43671423-3071-4816-aba5-349c8fd13836"
"2-s2.0-84944384828","eeede883-c6d0-4ebe-ae6d-c4799e4d9943"
"2-s2.0-84882602636","524c42cb-bd0c-4dcb-b2bb-e72a68f1be0d"
"2-s2.0-84882602636","a538ada5-59e6-49c7-b2e7-b2776a1579d0"
"2-s2.0-84882602636","86eb301e-e523-4da8-ad36-1d19d51ddf19"
"2-s2.0-84882602636","9da05686-468b-4376-ac80-7bcecbde5ea4"
"2-s2.0-84882602636","4477ac5d-7ec7-46aa-84c8-3cf6e76527d4"
"2-s2.0-84882602636","db2c9a94-9ae8-4763-8cc0-14428e9119a1"
"2-s2.0-84882602636","792402b6-23ed-48e4-ad9e-86349db22974"
"2-s2.0-84882602636","10a94b82-54d5-4809-a367-2123beaad24c"
"2-s2.0-84882602636","795301ea-e3e4-4856-8f60-9a70a92e6e1a"
"2-s2.0-84882602636","11597da4-278f-4bfa-bfaf-8adc385f49f8"
"2-s2.0-84882602636","a21bc75e-9119-4178-964f-8795a802919f"
"2-s2.0-84882602636","bd390827-e044-479a-b94f-d3ea54437a93"
"2-s2.0-84882602636","1a6a2f66-747e-4860-aead-0b862a861011"
"2-s2.0-84882602636","dfc19cb8-1278-433f-9632-6eabd3daabf1"
"2-s2.0-84882602636","29e4d481-63a3-4e0f-a86b-e35c6aa1cd3b"
"2-s2.0-84882602636","6206bc1e-8ae3-49c5-9fce-93c8771e3c92"
"2-s2.0-84882602636","8d443b47-5d77-42b5-a819-61c7dd3fe5e9"
"2-s2.0-84882602636","5c075e73-beda-4d85-9764-1f01f76250cc"
"2-s2.0-84882602636","0e51b9af-8b4e-4ef0-bb05-f7427b49ae5e"
"2-s2.0-84882602636","36b72a9b-e4b2-40a9-af35-b54c80097bbe"
"2-s2.0-84882602636","4dde3795-9ad0-4a9e-a179-9c639907f28b"
"2-s2.0-84882602636","f51db4e5-d457-4cab-ba18-d8b0d044f961"
"2-s2.0-84882602636","7b5e5cfd-ad1e-4816-866c-3cdd9b9102bb"
"2-s2.0-84882602636","f9f68372-b910-408c-856e-5861cf096369"
"2-s2.0-84882602636","54fa11a2-26b3-45a6-93f5-af0a94fa7ecf"
"2-s2.0-84882602636","de24287e-384a-4695-8eb0-76b764f3025f"
"2-s2.0-84882602636","aa705110-cd3d-49b3-b9b2-65fa26dc80b6"
"2-s2.0-84882602636","f679f07a-3029-4098-80db-29d1196f627c"
"2-s2.0-84882602636","21652e98-861c-458b-9d23-f3ce4c54b679"
"2-s2.0-84882602636","ff6bb82c-c014-42fa-8c92-31983ff0ce54"
"2-s2.0-84882602636","98e158c0-cf91-46d3-b341-9cb50881ef41"
"2-s2.0-84882602636","c942d853-3d6e-4287-8fe2-d94d1548f0ca"
"2-s2.0-84882602636","f70460a9-0c80-408d-8059-0f208ec2b85f"
"2-s2.0-84882602636","93219415-ac08-4c0a-bb83-cf7d8e6fd4e6"
"2-s2.0-84882602636","384bb5a8-a794-4389-bee6-0d3143295659"
"2-s2.0-84882602636","368768cf-7dd7-4c1e-b398-f77dc7062d02"
"2-s2.0-84882602636","61368831-0967-46a9-93ad-eed965d19052"
"2-s2.0-84882602636","43671423-3071-4816-aba5-349c8fd13836"
"2-s2.0-84882602636","9c347188-a2e9-499f-87ec-777a9b959f11"
"2-s2.0-84882602636","52a7f003-b341-44d5-a125-77131ab6b935"
"2-s2.0-84882602636","d815129b-16b1-4ca6-bbf2-a6dec47058b2"
"2-s2.0-84882602636","baa21e0b-3185-46dc-a601-ca6509d62a26"
"2-s2.0-84958757484","8e5ce074-35f9-499b-ad81-c17774f52e3b"
"2-s2.0-84958757484","694868fe-0dc1-4e47-b562-abf38606a07f"
"2-s2.0-84958757484","29fad14f-3939-4457-8cd5-d051bd9d148b"
"2-s2.0-84958757484","8c5525c4-d13a-4a4e-951f-3b430ead84e8"
"2-s2.0-84958757484","ae79f5d7-b671-4ecd-ba84-5ea85c4dc593"
"2-s2.0-84958757484","dc137d1d-0dca-45ec-92d1-ff54019225c8"
"2-s2.0-84958757484","d4644a67-3b41-492f-9c11-4250fd3ae178"
"2-s2.0-84958757484","40fd4a80-d127-4fb3-955e-73f9f9472b23"
"2-s2.0-84958757484","f6946792-c833-4cd7-8fa9-717fa6b65d3f"
"2-s2.0-84958757484","aef9ff63-36a7-40e9-8001-e7a67a265c12"
"2-s2.0-84958757484","d69a645b-3c82-476c-a3c7-551d1a62fae3"
"2-s2.0-84958757484","30bce5c7-4e6a-4af0-a32d-dab1d5d45af3"
"2-s2.0-84947944527","23da088e-fe5e-4efb-a107-df55d9d59647"
"2-s2.0-84947944527","f6c5c703-6b3b-4ed7-be3c-dbcc44ade28e"
"2-s2.0-84947944527","886877d9-5029-4f81-afdb-01b939e08ead"
"2-s2.0-84947944527","2d7e9c83-4211-437d-b6ab-090f0ca152dd"
"2-s2.0-84947944527","cdc35d8c-ce23-4dbb-bb1f-6bb466e10300"
"2-s2.0-84947944527","f727d606-1cac-4c23-b871-9c821883039e"
"2-s2.0-84947944527","6b1709b2-5d76-42d6-b93a-139e024939e6"
"2-s2.0-84947944527","1ead4eb9-2a96-434b-a0d0-492a549f646c"
"2-s2.0-84947944527","32a37e04-5ce2-40c7-8233-d1818fff4229"
"2-s2.0-84947944527","82d3de5c-f282-4aea-998f-3def416f23ba"
"2-s2.0-84947944527","654af7d0-eed9-4c6d-997a-f5da1d6c6339"
"2-s2.0-84947944527","47cb67b6-5338-46e7-9fea-543c395ab731"
"2-s2.0-84947944527","93219415-ac08-4c0a-bb83-cf7d8e6fd4e6"
"2-s2.0-84947944527","e02f2bd0-9092-4a6b-bfd1-359e33fb3f85"
"2-s2.0-84947944527","49aa74ab-2a75-4ac7-b10a-326970517a0d"
"2-s2.0-84947944527","4a422b8d-d8eb-41be-b6eb-ef54db30e7ed"
"2-s2.0-84947944527","36fa0a78-84c2-4ffe-a6bc-bffe7d468d16"
"2-s2.0-84947944527","d09f9ead-a7f0-4cfd-9e72-8da987f180bf"
"2-s2.0-84947944527","811646fc-5ce5-4c33-b1f9-de7ce60ab630"
"2-s2.0-84947944527","423a7a8e-9ff9-46ba-9d33-56f06227a935"
"2-s2.0-84947944527","b415a373-2cc4-4e36-b9ad-5dbd12c1b173"
"2-s2.0-84947944527","6c7b23c9-ad61-4f5b-8c1f-7cf3a9e334e8"
"2-s2.0-84947944527","9c3e80b0-4649-452a-a8a9-bc95e047bc75"
"2-s2.0-84947944527","55c52912-effe-46d4-a43f-23a465d08543"
"2-s2.0-84947944527","d5976293-f4ec-43e5-9bce-70866e060620"
"2-s2.0-84947944527","4fd5baf8-acfd-4517-9502-5f80b3a7d119"
"2-s2.0-84947944527","e50a9b35-f110-4e00-b401-da32129539ad"
"2-s2.0-84947944527","7f4484e7-53cc-4700-a2e8-b862eb0d70f7"
"2-s2.0-84947944527","13e3ac9e-200e-431c-8aab-36e02b62f7e5"
"2-s2.0-84947944527","d1868e50-739e-4b8e-9767-9828b8e7b811"
"2-s2.0-84947944527","d3f1a493-195d-4cea-b6b1-163443552522"
"2-s2.0-84947944527","52888c44-8bc0-44c1-af43-26aaa45bd810"
"2-s2.0-84947944527","8c5ca90f-0201-4754-a53f-1c7d88312feb"
"2-s2.0-84947944527","d573e295-8c11-4157-bf42-dc268a0b1519"
"2-s2.0-84947944527","6067a65b-2930-4003-826e-f8a59dd3270a"
"2-s2.0-84947944527","8fbdc197-9151-40c4-b3ed-14f8e9d9f3b4"
"2-s2.0-84947944527","ff09f15b-3219-4c50-8a41-439f047793c1"
"2-s2.0-84947944527","27234e9c-0ea1-4d59-8d53-477b1f631931"
"2-s2.0-84947944527","df6ef8d9-f4a0-4fea-8b15-c9e78c1736be"
"2-s2.0-84947944527","4240d278-558d-4838-af7e-a062e8c4e9a0"
"2-s2.0-84947944527","54e58ce2-5b5f-4c2f-8a0a-6f422d7452c8"
"2-s2.0-84947944527","cf8e80de-14cf-4c59-a143-3ac3d7ee7661"
"2-s2.0-84947944527","39076a15-b1c8-4735-9db5-d6ab25ab4d68"
"2-s2.0-84947944527","006750b6-678b-48bd-b4db-f8fbabe6dc0d"
"2-s2.0-84931832385","604a7358-2766-4e2a-935e-cf34d67004fd"
"2-s2.0-84931832385","0a235530-9034-4616-859f-837bfd252d4e"
"2-s2.0-84931832385","f0111964-2e6f-4e59-8eb8-698c1d8ba690"
"2-s2.0-84906687740","524c42cb-bd0c-4dcb-b2bb-e72a68f1be0d"
"2-s2.0-84906687740","15df6f32-90ce-4ead-b75a-c0858aa41b88"
"2-s2.0-84906687740","74c9118a-dc33-445a-a63d-53a07975f105"
"2-s2.0-84906687740","52f087f0-d505-43ec-bb54-cb74f04a9b0e"
"2-s2.0-84906687740","d91a9026-0e40-47ff-9d1e-ad639103488e"
"2-s2.0-84906687740","d18c2f37-ba58-4c8a-a9bf-669f954a6d40"
"2-s2.0-84906687740","7cf7d954-d3d8-4115-a3a2-7212d3a3d3d2"
"2-s2.0-84906687740","dd2e1d8d-452d-4263-85a7-a575a5ebefc8"
"2-s2.0-84906687740","7436aa44-40be-4bb7-9280-a3fc15eb288d"
"2-s2.0-84906687740","b98608fc-9c60-41c8-ab42-e7b09ec412a2"
"2-s2.0-84906687740","4b8a8fe4-ef7c-40b4-bfb4-d86da3d41fbb"
"2-s2.0-84906687740","3567c17f-64bf-4b33-9c66-55e2f4552861"
"2-s2.0-84906687740","532149ce-f6d9-41a9-95fc-fc376b44c786"
"2-s2.0-84906687740","9f6de1b8-5b8d-4c1a-b118-36e88974cff7"
"2-s2.0-84906687740","cd6fbc2c-5f4f-42e4-bd8b-09d34347ab7e"
"2-s2.0-84906687740","2d6c900b-8e5b-47a1-9cfe-411f900fc904"
"2-s2.0-84906687740","0d0f08c0-ebc2-4d8e-9dcd-f246bd69cf83"
"2-s2.0-84906687740","decbba31-dd4c-46d7-941d-2d86f5754d96"
"2-s2.0-84906687740","1fdf4824-8421-4a07-8ac2-f7a5b2a382f9"
"2-s2.0-84906687740","7e59a2d1-2ecd-4f19-b2f8-29358acdf4e7"
"2-s2.0-84906687740","a5be359d-b091-433f-962c-55e7b212db60"
"2-s2.0-84906687740","65744d6e-2940-4f31-afb3-1e6ec06dce36"
"2-s2.0-84906687740","3e2d9256-f2c1-492e-b3cf-050688028a8e"
"2-s2.0-84906687740","dc6940ab-54f7-4523-ab15-af62d573b64a"
"2-s2.0-84906687740","176bd25d-5ef2-4796-b5d8-1dcd151dd60c"
"2-s2.0-84906687740","f0fa6581-87a3-46ce-9fc2-8d298e9ef515"
"2-s2.0-84906687740","5df2f418-be45-4c16-8232-ea83d0d872e1"
"2-s2.0-84906687740","bc9fa0db-d02d-44ba-96de-314f09fd96ad"
"2-s2.0-84906687740","7230bd98-3bc2-4065-a8a2-7a6423c24040"
"2-s2.0-84906687740","993f8768-cd0b-413e-8847-5385e7d5eee6"
"2-s2.0-84906687740","57039915-d017-4ae5-b2e1-e99eee92ac97"
"2-s2.0-84906687740","32a37e04-5ce2-40c7-8233-d1818fff4229"
"2-s2.0-84906687740","6959903e-1038-4347-ad2e-ec276399d16b"
"2-s2.0-84906687740","a601c1cb-2732-4a6f-a1a7-69685b670678"
"2-s2.0-84906687740","9664687e-2acd-4d3a-8170-3b9e1aaa1201"
"2-s2.0-84906687740","0592cc58-569e-4752-b031-63f0381760e9"
"2-s2.0-84906687740","82d3de5c-f282-4aea-998f-3def416f23ba"
"2-s2.0-84906687740","93219415-ac08-4c0a-bb83-cf7d8e6fd4e6"
"2-s2.0-84906687740","9a9bee36-2f62-40d4-aa1c-bbd578361da4"
"2-s2.0-84906687740","39af9c3e-8c9b-434f-b1b1-1aaac2ce55d8"
"2-s2.0-84906687740","4a422b8d-d8eb-41be-b6eb-ef54db30e7ed"
"2-s2.0-84906687740","7f3c565a-1311-4b31-82a0-8f0a6c93afd9"
"2-s2.0-84906687740","cc0d7332-bd77-4f07-981a-d6ae31587d4b"
"2-s2.0-84906687740","811646fc-5ce5-4c33-b1f9-de7ce60ab630"
"2-s2.0-84906687740","31a88e65-3bff-4c04-99c7-d7650bfacfea"
"2-s2.0-84906687740","b6b4f4c1-0779-4aa1-b2c2-94464f5ae8db"
"2-s2.0-84906687740","f470d1d8-3009-4dba-8644-ab32c8746522"
"2-s2.0-84906687740","bce78486-02e2-428a-b4b1-71dd7d5e2eb9"
"2-s2.0-84906687740","5cd30744-5304-41be-aae2-1bc896ba235a"
"2-s2.0-84906687740","aacd0c02-b4b9-494a-90b3-0bfb8aaca573"
"2-s2.0-84906687740","a09e84c7-bf87-47fa-8dd9-7dbca2d94be3"
"2-s2.0-84906687740","27234e9c-0ea1-4d59-8d53-477b1f631931"
"2-s2.0-84906687740","8894f30c-ec1c-4f5a-a226-8fa3916d81c0"
"2-s2.0-84906687740","affa05a6-fc5f-4010-ba32-c5129a4af088"
"2-s2.0-84906687740","cb963a3d-2a28-4da4-9616-2a657ed3f5b3"
"2-s2.0-84906687740","9a436e5b-2dd8-4cc6-b758-58e4875e0f78"
"2-s2.0-84906687740","04b9b8c9-f94c-4461-b64a-2dc802fddfcc"
"2-s2.0-84906687740","5971aab4-6e65-418d-bc5a-899b0a48f65f"
"2-s2.0-84906687740","c9d0b6ed-70ce-4879-9f09-f2001be8680d"
"2-s2.0-84906687740","3f3f3f2b-a4d0-467c-bb30-8b114dc84cfc"
"2-s2.0-84906687740","95034c0a-1122-46c0-aba1-ef65177e5f0f"
"2-s2.0-84930933045","209dfcc6-69b4-47dc-bb35-eccd1d872bdd"
"2-s2.0-84930933045","3a2d9cff-2730-4a74-be8c-114ac7cf882d"
"2-s2.0-84930933045","55012d2b-979b-4774-8ba2-f5cf97bfbfdc"
"2-s2.0-84930933045","956ae4cf-4aa3-4cfc-9b7e-0ecefe2b8fdd"
"2-s2.0-84930933045","8ce4e20c-04e4-40fc-9ccd-cdca8b05cecd"
"2-s2.0-84930933045","e95a5739-0bfa-4812-a267-8f04f6b9f915"
"2-s2.0-84930933045","c980ea66-5a0f-46c4-a881-fb177023b5fc"
"2-s2.0-84930933045","d6a7f0ad-56c4-491c-9b9f-517522770c63"
"2-s2.0-84994633797","30bce5c7-4e6a-4af0-a32d-dab1d5d45af3"
"2-s2.0-84994633797","52f087f0-d505-43ec-bb54-cb74f04a9b0e"
"2-s2.0-84994633797","c216bf6f-0bd7-438e-9983-a1ea4decc858"
"2-s2.0-84994633797","b84271df-2e13-485e-b2e2-4ce081d3d107"
"2-s2.0-84994633797","6b39b083-c9fe-455b-a405-1d24c978fdd2"
"2-s2.0-84994633797","7b6a3d81-ff6c-42e5-a09d-98b979cbfcdf"
"2-s2.0-84994633797","dd75a44d-ccee-45a6-95ef-71f9337d3140"
"2-s2.0-84994633797","d54aae91-3bba-4482-b697-00f3d80b75b6"
"2-s2.0-84994633797","1bac4934-b549-401d-86d1-92441deb18ed"
"2-s2.0-84994633797","31c6a0af-ba5a-43dc-8089-489df11888f1"
"2-s2.0-84979913023","59d22818-be62-42d4-822d-ff959057227e"
"2-s2.0-84979913023","57f8e466-d6a6-4557-9c22-471980383f5a"
"2-s2.0-84979913023","30417dd4-c9c7-440e-ba5b-f803e6161dd8"
"2-s2.0-84979913023","fc54c5ae-d8bb-46e4-8076-0c6913594cbd"
"2-s2.0-84979913023","07acaec8-6843-42ef-a6d1-e7c7ad5e23cf"
"2-s2.0-84979913023","82d3de5c-f282-4aea-998f-3def416f23ba"
"2-s2.0-84979913023","156d8271-0ce4-431b-9318-2c70794042e5"
"2-s2.0-84979913023","1fb2ae42-0534-406a-81bc-31dd6228f63a"
"2-s2.0-84979913023","93219415-ac08-4c0a-bb83-cf7d8e6fd4e6"
"2-s2.0-84979913023","49aa74ab-2a75-4ac7-b10a-326970517a0d"
"2-s2.0-84979913023","42a033ea-b8dd-41d0-aaf3-2e8f73803e19"
"2-s2.0-84979913023","46d76092-96b2-4958-ab0b-6d137fcdddfe"
"2-s2.0-84979913023","7dbe7c83-f196-43ca-8c29-4bd2189fdeea"
"2-s2.0-84979913023","aa2df6da-2860-4e67-8999-8ca5e9edd410"
"2-s2.0-84979913023","f5eb383a-faf3-4728-a94c-e03ba1307fe7"
"2-s2.0-84979913023","9f679075-8e9e-4f56-9330-9ec0b3fe7594"
"2-s2.0-84979913023","7f4484e7-53cc-4700-a2e8-b862eb0d70f7"
"2-s2.0-84979913023","6ed2b67f-2cac-48c4-ac4f-cc8a8b77ba7e"
"2-s2.0-84979913023","cb341c4f-19a7-424b-961e-e33095b17fc3"
"2-s2.0-84979913023","6067a65b-2930-4003-826e-f8a59dd3270a"
"2-s2.0-84979913023","ff09f15b-3219-4c50-8a41-439f047793c1"
"2-s2.0-84979913023","a2518768-20ca-4af8-b8d6-0a15130e4c2c"
"2-s2.0-84979913023","f4b7c7c5-0b6c-431a-9a22-96ac7d9ee5fb"
"2-s2.0-84979913023","54e58ce2-5b5f-4c2f-8a0a-6f422d7452c8"
"2-s2.0-84979913023","39076a15-b1c8-4735-9db5-d6ab25ab4d68"
"2-s2.0-84940372528","15f0077e-2bbe-4bdf-99ec-b5605730b767"
"2-s2.0-84940372528","50494ea3-5cf3-4c7f-927f-edb3fe042982"
"2-s2.0-84940372528","1712e9b9-ec45-42b2-935e-27f7b30cdfe0"
"2-s2.0-84940372528","f351d4c9-21d4-45d3-97fd-b3dab4ed71ed"
"2-s2.0-84940372528","52f087f0-d505-43ec-bb54-cb74f04a9b0e"
"2-s2.0-84940372528","5ce4035e-ca55-43a0-acbf-3abf82a0a52a"
"2-s2.0-84940372528","6d4ca3e1-b8ec-4348-a621-2c3df5f33871"
"2-s2.0-84940372528","dd2e1d8d-452d-4263-85a7-a575a5ebefc8"
"2-s2.0-84940372528","03d6ee57-56ed-4813-a75f-057f9c73d478"
"2-s2.0-84940372528","5fdb810a-0509-46ca-9faf-434698b0879d"
"2-s2.0-84940372528","9df4e20f-4351-4a1a-8f21-77be2f1ea431"
"2-s2.0-84940372528","e73de94c-c868-41c1-8518-67bfd939efa7"
"2-s2.0-84940372528","5526a72f-257e-4b6a-a44e-d19965331e77"
"2-s2.0-84940372528","fb346cba-2eec-48f8-92db-af852e703a06"
"2-s2.0-84940372528","9f6de1b8-5b8d-4c1a-b118-36e88974cff7"
"2-s2.0-84940372528","dd775f46-0c82-4db1-b743-0fc8ab619f02"
"2-s2.0-84940372528","191d5376-6676-4706-9752-53c7c8ac5849"
"2-s2.0-84940372528","42415ffb-3c2f-434f-9b98-efd251e8d4ab"
"2-s2.0-84940372528","d6c268ec-6b9f-4b52-97a1-2d38a372f1cd"
"2-s2.0-84940372528","74c9118a-dc33-445a-a63d-53a07975f105"
"2-s2.0-84940372528","c2cc5297-7a71-4127-acd2-0882744fa12b"
"2-s2.0-84940372528","2bb0f3dd-93ed-476a-9302-884cd7485bd3"
"2-s2.0-84940372528","ebeafa31-2410-4d98-981e-158bc694533e"
"2-s2.0-84940372528","4433f91d-d110-4814-9aad-8b3aea7c9f86"
"2-s2.0-84940372528","aa3ab8ef-7ccd-4617-94c3-bd15c8b8e244"
"2-s2.0-84940372528","38a3c3f2-dbe8-44dc-83f8-f83fd05434a1"
"2-s2.0-84940372528","4e43b10f-62b0-4e5d-8af6-6dc89dd3257f"
"2-s2.0-84940372528","eeb86db5-5964-4de9-8c76-f23630044b73"
"2-s2.0-84940372528","dc39a514-b385-4f95-8e0c-c1defd52fb26"
"2-s2.0-84940372528","143743f8-4a97-4255-b837-5d867b3b97eb"
"2-s2.0-84940372528","c4fdc792-00a0-4d6f-8723-b9b74abceb10"
"2-s2.0-84940372528","1f87d5d0-21f3-4e44-9b06-1c7cc41b453f"
"2-s2.0-84940372528","fd8dd45e-5e23-400e-ae01-acb5b9d4123d"
"2-s2.0-84940372528","48bd4d7c-45c5-448a-8d2f-383ef5f2b3c3"
"2-s2.0-84940372528","bbd852a6-77b7-449a-98b4-dcbbb92cd830"
"2-s2.0-84940372528","fb7c79b4-e611-4739-a1a6-f230497299a5"
"2-s2.0-84940372528","4359c787-7d4e-4aa5-904b-8dd4a6eb3769"
"2-s2.0-84940372528","5400132d-f518-4edb-9ebd-edbc720d416a"
"2-s2.0-84940372528","44bc79d5-cf43-41ce-9c14-4b898e99ec1f"
"2-s2.0-84940372528","fc1a2719-3385-45a5-94d1-8a8f8e22822e"
"2-s2.0-84940372528","0b64440c-8c7a-4029-bb35-8fb8d02a6d9e"
"2-s2.0-84940372528","fd347285-414d-4859-86a9-d1a11919f57f"
"2-s2.0-84940372528","5ac0619f-8cf3-4c95-b631-a624a295feee"
"2-s2.0-84940372528","e5b4f36a-aa6f-49f5-a4fd-0533822686c5"
"2-s2.0-84940372528","09661d18-c9fc-46e0-9726-5ff65e04387e"
"2-s2.0-84940372528","3af9f852-ee01-4cad-b462-387cf9b0944b"
"2-s2.0-84940372528","32a37e04-5ce2-40c7-8233-d1818fff4229"
"2-s2.0-84940372528","722654f0-38d0-4e9b-a2bc-2016b8ce97e7"
"2-s2.0-84940372528","56e8e522-7ff5-43af-9aa6-045eed51dc0f"
"2-s2.0-84940372528","d6b8e299-901b-4684-a0cc-232896cb9594"
"2-s2.0-84940372528","87e93223-a9a3-41eb-9923-b22a97bda94b"
"2-s2.0-84940372528","d773f888-53e7-4d42-b80b-3fb9804b203e"
"2-s2.0-84940372528","47c5c559-bcf4-4787-80c2-ebc9435c32dc"
"2-s2.0-84940372528","82d3de5c-f282-4aea-998f-3def416f23ba"
"2-s2.0-84940372528","b3cd135d-4722-4a85-bfde-08db066de05f"
"2-s2.0-84940372528","1e9cf602-bee9-47cc-9527-2c5898107291"
"2-s2.0-84940372528","6951da14-0871-4c83-9b12-bae60a8d392e"
"2-s2.0-84940372528","93219415-ac08-4c0a-bb83-cf7d8e6fd4e6"
"2-s2.0-84940372528","47786e80-9f2c-4b3a-b5a5-0a8cdd3bdb72"
"2-s2.0-84940372528","e1a7f4ab-cbdf-460e-a98e-f7b5425c965d"
"2-s2.0-84940372528","3541ad18-d985-4c12-bbf3-711f48f65a29"
"2-s2.0-84940372528","9d7300fb-3ec4-4662-b6d9-acc334024bc5"
"2-s2.0-84940372528","7e207322-98f6-4104-8b89-edb1a977b370"
"2-s2.0-84940372528","43c20da6-6c09-4796-9c55-c36b81a4dd91"
"2-s2.0-84940372528","df810e4b-fbb3-4402-870a-4a060dafc55e"
"2-s2.0-84940372528","0bd2e78a-45a1-47e8-8aed-a3e7611de398"
"2-s2.0-84940372528","55012d2b-979b-4774-8ba2-f5cf97bfbfdc"
"2-s2.0-84940372528","e39a379b-ced2-491d-8568-bd27ef20dde9"
"2-s2.0-84940372528","12a0d74b-f006-4438-abd4-9919f6590576"
"2-s2.0-84940372528","ef6db42b-c83c-4b7e-88f5-61b8392ed835"
"2-s2.0-84940372528","71dc4972-82f5-4348-b236-0aa9528f971c"
"2-s2.0-84940372528","7e8e2a4c-3901-494d-8c92-95cde6408e45"
"2-s2.0-84940372528","e48c77e9-758d-4c1e-bc28-c88bdf4b475f"
"2-s2.0-84940372528","d1868e50-739e-4b8e-9767-9828b8e7b811"
"2-s2.0-84940372528","8c5ca90f-0201-4754-a53f-1c7d88312feb"
"2-s2.0-84940372528","ac3d1ad8-4e77-42bf-a994-db5176929f4a"
"2-s2.0-84940372528","282ee155-1c74-4935-8d79-7b0cbd9eeabe"
"2-s2.0-84940372528","002dcbec-bf6c-45ef-938e-dff1a12eff6c"
"2-s2.0-84940372528","6067a65b-2930-4003-826e-f8a59dd3270a"
"2-s2.0-84940372528","7475e136-6398-407a-87d8-6a3d720431c5"
"2-s2.0-84940372528","a5918487-52dd-4215-9b5f-a05813125588"
"2-s2.0-84940372528","0f4450b8-4a2d-4216-9cdb-fe7e469d7b48"
"2-s2.0-84940372528","15682153-dd4f-4cc9-8f37-53b603f5e6ff"
"2-s2.0-84940372528","c337cd8c-e7d4-441d-9c33-e45ba2e0b373"
"2-s2.0-84940372528","7a81ac76-84a3-4cde-b978-9417907f2299"
"2-s2.0-84940372528","fddb698c-2f3c-451d-a22e-cf16326e96a9"
"2-s2.0-84940372528","f779277c-05ed-4707-867b-ff44808fe3e8"
"2-s2.0-84940372528","e0bc1c35-314c-4454-9407-55a13b57850b"
"2-s2.0-84940372528","1eaafc57-75e4-4f2d-808f-d55d75f7b18f"
"2-s2.0-84940372528","7df0202d-a0c5-4dc3-bc23-933e44b58514"
"2-s2.0-84940372528","93107da8-85a3-4fbe-acba-899b03317a8a"
"2-s2.0-84940372528","52888c44-8bc0-44c1-af43-26aaa45bd810"
"2-s2.0-84940372528","fb5446dc-8729-43cb-b288-179e0d729fca"
"2-s2.0-84940372528","ec8b8a97-2bba-425c-90c6-eec909910a66"
"2-s2.0-84940839512","33f8c3c5-fd66-471d-8b8a-456905dede84"
"2-s2.0-84940839512","9647bb07-707d-43c5-95e3-15f8ee4eeb8d"
"2-s2.0-84940839512","922e8a80-546c-4d20-be99-d97f69f69d8c"
"2-s2.0-84940839512","b45e1497-54ff-436b-857a-cc6124e32723"
"2-s2.0-84940839512","8d681604-eb14-465a-a742-662514586578"
"2-s2.0-84940839512","97ff6fe0-df49-4d75-b8f8-e602fcdffbd8"
"2-s2.0-84940839512","f74c20ff-f21d-4f2c-9cf1-524166a0a82d"
"2-s2.0-84940839512","eb1946b5-0d50-47f9-ab5a-d8fabc0fa102"
"2-s2.0-84940839512","3ef26c84-dbc5-4c57-9bbe-30eb69ed2717"
"2-s2.0-84940839512","7bc26f86-0c27-471e-a5ff-6c15d6b479e6"
"2-s2.0-84940839512","fb346cba-2eec-48f8-92db-af852e703a06"
"2-s2.0-84940839512","fce56fbb-b2e2-41c1-93a0-ed080b1c76f0"
"2-s2.0-84940839512","9f6de1b8-5b8d-4c1a-b118-36e88974cff7"
"2-s2.0-84940839512","fcbda0f5-8208-49da-94c5-2f4a5d7ecd64"
"2-s2.0-84940839512","de9299e6-2bad-4f54-b275-0ee9be4822a0"
"2-s2.0-84940839512","dd775f46-0c82-4db1-b743-0fc8ab619f02"
"2-s2.0-84940839512","6f6c287f-13f4-4a72-a4af-a32d942a1c63"
"2-s2.0-84940839512","afbd7077-aa89-49e0-834f-502db7b58e8b"
"2-s2.0-84940839512","e4285a2b-3da6-4d1a-9567-1b86d39743af"
"2-s2.0-84940839512","f61499d7-9d5d-4f51-80fd-f938af712984"
"2-s2.0-84940839512","84004219-38ce-4be4-a86f-754d17d04b02"
"2-s2.0-84940839512","568d93c5-7e69-4662-af3f-c4dd33cac420"
"2-s2.0-84940839512","11de4d90-40e8-4efc-8bc8-b3de2002ea22"
"2-s2.0-84940839512","8d18cfb7-87ab-426a-afdb-f411af99321f"
"2-s2.0-84940839512","ea1a0deb-f162-46dd-95b9-58b47ed8a6f1"
"2-s2.0-84940839512","42143b2b-f5b9-494d-83ab-f2016bb1f68c"
"2-s2.0-84940839512","2878ad7e-60fc-4794-b07e-876d65256927"
"2-s2.0-84940839512","b501c951-5fac-42aa-97be-2ad56a3017e9"
"2-s2.0-84940839512","d920b390-a0b1-4522-9172-e1e80587343f"
"2-s2.0-84940839512","71a3e2c3-bc74-4b3e-8c69-6bae94c20102"
"2-s2.0-84940839512","6b1249fe-d20b-4576-8d95-f193053950ee"
"2-s2.0-84940839512","32a37e04-5ce2-40c7-8233-d1818fff4229"
"2-s2.0-84940839512","92f071c2-1cbf-4653-80ac-e91dad68a542"
"2-s2.0-84940839512","69ea8319-c753-4cb6-94b8-f1c3b97c0b56"
"2-s2.0-84940839512","0b51db06-4e20-4a2f-a967-294f0c5b51c2"
"2-s2.0-84940839512","00b3577c-ed93-4064-bc7b-43a31c83499b"
"2-s2.0-84940839512","05f4ee4a-5cce-4051-aa06-7cbd990d5e7d"
"2-s2.0-84940839512","82d3de5c-f282-4aea-998f-3def416f23ba"
"2-s2.0-84940839512","bcaef31f-3bc4-4bc0-8dbe-6b72a2aece38"
"2-s2.0-84940839512","10c1900b-b2a3-4df1-909e-566a8815aa5d"
"2-s2.0-84940839512","8e73c494-307d-47a1-b86a-2115edf59c9d"
"2-s2.0-84940839512","93219415-ac08-4c0a-bb83-cf7d8e6fd4e6"
"2-s2.0-84940839512","4a422b8d-d8eb-41be-b6eb-ef54db30e7ed"
"2-s2.0-84940839512","d09f9ead-a7f0-4cfd-9e72-8da987f180bf"
"2-s2.0-84940839512","466ee5b4-8c81-42a6-a4a5-5fa342c78957"
"2-s2.0-84940839512","e277a3b7-7655-4568-8ffb-ff827a9a3b4f"
"2-s2.0-84940839512","b6b4f4c1-0779-4aa1-b2c2-94464f5ae8db"
"2-s2.0-84940839512","c1945aff-242e-4f3d-8a7c-02fa9f3170b8"
"2-s2.0-84940839512","52888c44-8bc0-44c1-af43-26aaa45bd810"
"2-s2.0-84940839512","6067a65b-2930-4003-826e-f8a59dd3270a"
"2-s2.0-84940839512","27234e9c-0ea1-4d59-8d53-477b1f631931"
"2-s2.0-84940839512","cb963a3d-2a28-4da4-9616-2a657ed3f5b3"
"2-s2.0-84940839512","04b9b8c9-f94c-4461-b64a-2dc802fddfcc"
"2-s2.0-84940839512","a4cd7aa1-aebc-45f4-96f7-3c6adb8eb74d"
"2-s2.0-84940839512","4c68e011-c107-48b4-9875-b1ddde76421c"
"2-s2.0-84940839512","01962447-c172-4f29-8f2e-84eb5f439474"
"2-s2.0-84940839512","26d0acb0-9e19-477e-aaf9-1b5e655a0748"
"2-s2.0-84940839512","c99c462e-c205-460c-a5af-70b85eadb6cb"
"2-s2.0-84940839512","6c8c172d-ed64-4ea0-ab77-da46c348579c"
"2-s2.0-84940839512","62b38f6c-f87d-4141-b9cd-ec8b4b3a9720"
"2-s2.0-84940839512","adde514f-81ed-4571-8a92-80b6e7c8ebf8"
"2-s2.0-84939258722","52f087f0-d505-43ec-bb54-cb74f04a9b0e"
"2-s2.0-84939258722","7f415b2a-74ae-4848-bf98-c1ad6fcf1dd8"
"2-s2.0-84939258722","bd30be0d-0a5b-4fd6-aa98-7a43f1031320"
"2-s2.0-84939258722","9f0a1b6e-de3e-4e6a-89d3-a511f0972de6"
"2-s2.0-84939258722","60180868-d0ef-47bf-9553-49033a18fd6d"
"2-s2.0-84939258722","5300e6bb-b0e7-4b95-a6eb-d5960686ef2e"
"2-s2.0-84939258722","00759877-469c-4d4e-ae2a-4f152d84c527"
"2-s2.0-84939258722","01962447-c172-4f29-8f2e-84eb5f439474"
"2-s2.0-84939258722","81e3797a-7a26-4681-8913-b0f7aec6b86a"
"2-s2.0-84939258722","ecb5a5ef-bc68-43db-a75d-83fdbf5d4b69"
"2-s2.0-84939258722","485f6a1e-10c9-4b3f-8d79-a0beee9e0587"
"2-s2.0-84939258722","b853e1b8-56d4-4e82-8ae2-377531c03b5e"
"2-s2.0-84939258722","63b42be8-ad85-4651-8b1c-bca9ee9efcaf"
"2-s2.0-84939258722","c942d853-3d6e-4287-8fe2-d94d1548f0ca"
"2-s2.0-84932093110","d6c268ec-6b9f-4b52-97a1-2d38a372f1cd"
"2-s2.0-84932093110","0cf81a41-3230-467f-81c6-0a1337fddc55"
"2-s2.0-84932093110","69a12c09-ef2e-4691-9123-24f70d9eb106"
"2-s2.0-84932093110","6a132fe8-4a54-45fe-9849-7c756f314fb0"
"2-s2.0-84932093110","36f14e85-7cec-40dc-89f5-35a826028bdf"
"2-s2.0-84932093110","7db119f2-1e82-4f28-bf97-3c224889ac16"
"2-s2.0-85020318732","15f0077e-2bbe-4bdf-99ec-b5605730b767"
"2-s2.0-85020318732","766acb7f-41ce-4441-b930-cf6b30a2a06d"
"2-s2.0-85020318732","50494ea3-5cf3-4c7f-927f-edb3fe042982"
"2-s2.0-85020318732","f351d4c9-21d4-45d3-97fd-b3dab4ed71ed"
"2-s2.0-85020318732","cfe9338c-6167-4575-8201-9c6bba21bb5b"
"2-s2.0-85020318732","52f087f0-d505-43ec-bb54-cb74f04a9b0e"
"2-s2.0-85020318732","5ce4035e-ca55-43a0-acbf-3abf82a0a52a"
"2-s2.0-85020318732","bd7d19ad-437c-42a6-a9e9-c12b2004bb82"
"2-s2.0-85020318732","6f9189be-e3e8-4752-aa24-3378954185fc"
"2-s2.0-85020318732","6d4ca3e1-b8ec-4348-a621-2c3df5f33871"
"2-s2.0-85020318732","b6d0d44e-f6ee-487a-92db-7d052af4d5f8"
"2-s2.0-85020318732","dd2e1d8d-452d-4263-85a7-a575a5ebefc8"
"2-s2.0-85020318732","5fdb810a-0509-46ca-9faf-434698b0879d"
"2-s2.0-85020318732","9df4e20f-4351-4a1a-8f21-77be2f1ea431"
"2-s2.0-85020318732","3b7e8fbf-40f0-4c29-b912-3c8b3a55d6cf"
"2-s2.0-85020318732","5526a72f-257e-4b6a-a44e-d19965331e77"
"2-s2.0-85020318732","72f942fd-4496-406d-9cad-24f5a57793fa"
"2-s2.0-85020318732","dd775f46-0c82-4db1-b743-0fc8ab619f02"
"2-s2.0-85020318732","2409aeca-4d0a-4651-b291-740beefa2cd9"
"2-s2.0-85020318732","97f1338c-dad8-4fad-9234-5a33ca5430dc"
"2-s2.0-85020318732","42415ffb-3c2f-434f-9b98-efd251e8d4ab"
"2-s2.0-85020318732","38a3c3f2-dbe8-44dc-83f8-f83fd05434a1"
"2-s2.0-85020318732","2f76e58c-fb6c-416a-b877-e168daaa3eb6"
"2-s2.0-85020318732","07acaec8-6843-42ef-a6d1-e7c7ad5e23cf"
"2-s2.0-85020318732","5d491007-c66a-4933-9bce-13669aa83780"
"2-s2.0-85020318732","aac431ac-3eb5-4623-82c6-471667e56ee1"
"2-s2.0-85020318732","1e9cf602-bee9-47cc-9527-2c5898107291"
"2-s2.0-85020318732","96a934ba-ffe6-4711-a851-16b902368a76"
"2-s2.0-85020318732","93219415-ac08-4c0a-bb83-cf7d8e6fd4e6"
"2-s2.0-85020318732","74c9118a-dc33-445a-a63d-53a07975f105"
"2-s2.0-85020318732","085516bb-778c-4013-a2e6-686467ec8e75"
"2-s2.0-85020318732","641d73af-be98-48ab-8bf3-ca3d0e4d6664"
"2-s2.0-85020318732","7f42090a-dea4-4b60-bef9-4448853a293e"
"2-s2.0-85020318732","49bc80c8-bd3e-4ed1-96f2-708dd6a18e60"
"2-s2.0-85020318732","4a422b8d-d8eb-41be-b6eb-ef54db30e7ed"
"2-s2.0-85020318732","a0be0c4d-934f-47fa-90b1-0ae071ac6821"
"2-s2.0-85020318732","081330aa-9ee8-4f47-8cd9-f63731c8ee88"
"2-s2.0-85020318732","8727643a-56d3-400b-bd93-43bb2ff6aa19"
"2-s2.0-85020318732","62db1e23-554f-4557-9b7b-c1bc164e796f"
"2-s2.0-85020318732","c8d00f54-e67b-416c-be94-e90141554a17"
"2-s2.0-85020318732","dca6a249-0344-4e68-a75c-305eca3337eb"
"2-s2.0-85020318732","6a590e61-0b77-410f-b071-8e07bb461edd"
"2-s2.0-85020318732","6bd224a3-f304-4776-b470-dcdb1830939f"
"2-s2.0-85020318732","30b3c1a3-5cdb-4252-8a38-b678a6d521d8"
"2-s2.0-85020318732","eb1946b5-0d50-47f9-ab5a-d8fabc0fa102"
"2-s2.0-85020318732","ad48e60e-08f1-4b7f-bc23-25ad183706ee"
"2-s2.0-85020318732","2750c22f-c464-4952-bec2-2c68ca6ee820"
"2-s2.0-85020318732","d1868e50-739e-4b8e-9767-9828b8e7b811"
"2-s2.0-85020318732","172f4859-b444-470c-aa37-749620f1d194"
"2-s2.0-85020318732","96835da8-e4ab-48e3-b2c1-01a225735421"
"2-s2.0-85020318732","524675ff-4ebd-4c5d-ba93-53eb9a751231"
"2-s2.0-85020318732","1971ff00-c92d-4e0b-80b3-abfc47159a9a"
"2-s2.0-85020318732","6067a65b-2930-4003-826e-f8a59dd3270a"
"2-s2.0-85020318732","a48eb7ec-c7f8-49bd-9ac6-2e5f09f4b453"
"2-s2.0-85020318732","6ff8482e-32f6-4012-a42b-3fc959c756f2"
"2-s2.0-85020318732","186be4fc-d24a-4bee-9088-d1cdb1d2e001"
"2-s2.0-85020318732","2a130136-4096-4fe7-98cd-b44802fe0534"
"2-s2.0-85020318732","2d8be1b8-fcf8-4651-a3b4-72dbf7d3e448"
"2-s2.0-85020318732","3d90331b-8166-4e59-83ab-2de1120e8ac9"
"2-s2.0-85020318732","c980ea66-5a0f-46c4-a881-fb177023b5fc"
"2-s2.0-85020318732","0ddb73dd-6ea5-4f8d-a4e2-09521a95f3f1"
"2-s2.0-85020318732","cb963a3d-2a28-4da4-9616-2a657ed3f5b3"
"2-s2.0-85020318732","9a436e5b-2dd8-4cc6-b758-58e4875e0f78"
"2-s2.0-85020318732","9026501c-b52b-45b9-aae6-518c464cb044"
"2-s2.0-85020318732","04b9b8c9-f94c-4461-b64a-2dc802fddfcc"
"2-s2.0-85020318732","f779277c-05ed-4707-867b-ff44808fe3e8"
"2-s2.0-85020318732","95924b2a-6318-43e8-ab88-d7dab31bf078"
"2-s2.0-85020318732","4d1c4f6b-99d8-4d38-ad28-ac4dea89dcf8"
"2-s2.0-85020318732","f49a1636-e890-40e5-8fd2-88199091cd56"
"2-s2.0-85020318732","333cc9c9-357d-4429-936f-ff8fe6be887d"
"2-s2.0-85020318732","bf83fc8b-7eca-4a82-8511-cf339481ec69"
"2-s2.0-85020318732","e803bf70-72ea-4b47-8dac-2bce45425b9f"
"2-s2.0-85020318732","b3fdd65e-d090-4328-9fd7-f9efcb8794f3"
"2-s2.0-85020318732","120a761f-6ad1-4d8e-817a-2fc52b9ba6ea"
"2-s2.0-85020318732","4c68e011-c107-48b4-9875-b1ddde76421c"
"2-s2.0-85020318732","4f4e3c04-a2a6-4624-b18a-76f4afa532a6"
"2-s2.0-85020318732","62e7a80d-191d-47ea-ae98-c594563c6a25"
"2-s2.0-85020318732","fe6250b1-cdf2-489b-9d14-1d4cc452f23e"
"2-s2.0-84932099731","edc103a9-fe06-46e1-a1bc-70698b850f8f"
"2-s2.0-84932099731","c97724c1-e263-42fa-8fe0-43aee2f0770e"
"2-s2.0-84949472145","524c42cb-bd0c-4dcb-b2bb-e72a68f1be0d"
"2-s2.0-84949472145","3686a233-eed4-4c64-a8dc-f1e120bf8eac"
"2-s2.0-84949472145","b84271df-2e13-485e-b2e2-4ce081d3d107"
"2-s2.0-84949472145","93895b07-679d-49e5-ab81-1a0fd76a8a34"
"2-s2.0-84949472145","28e3ff3d-06e5-464d-bbd9-fae65ed63e52"
"2-s2.0-84949472145","8231d8ad-9a9c-41a0-b9a5-9e2e8162781e"
"2-s2.0-84949472145","8254f0fe-7409-4e91-bfeb-28385e3541a0"
"2-s2.0-84949472145","ebbb9602-82f8-4f38-b458-1761d582dfc8"
"2-s2.0-84949472145","8cad0720-d93f-4a26-99bb-3685c7868222"
"2-s2.0-84949472145","93219415-ac08-4c0a-bb83-cf7d8e6fd4e6"
"2-s2.0-84949472145","7509b825-c6f2-4656-8866-4cddf500f93d"
"2-s2.0-84949472145","713e8421-4d11-4fd0-89ae-29afaed0af5b"
"2-s2.0-84949472145","7f121eb6-1ac5-4685-8b1a-522ce58d49eb"
"2-s2.0-84949472145","83599250-7fbf-43ef-85b9-fe845c48efdb"
"2-s2.0-84949472145","53a1dd92-f788-49c3-a82e-aa2cf582b34e"
"2-s2.0-84949472145","350f6d77-1e69-4ca8-90ef-7bd11af498ae"
"2-s2.0-84949472145","9e1c3a1d-8dfe-4ce6-a258-28768506d1af"
"2-s2.0-84949472145","5de9cec0-0128-4d03-b05d-b6e85c689c51"
"2-s2.0-84949472145","235f8644-d201-4717-9340-bf9a523285b0"
"2-s2.0-84949472145","ec0adb08-0e34-435b-86ce-b34695782bd3"
"2-s2.0-84949472145","487071eb-3d65-48fd-89cd-e5943cf1b416"
"2-s2.0-84949472145","3d995ff1-b18f-4d90-a633-f19c143a7449"
"2-s2.0-84949472145","62d680c2-2f14-4e86-9b87-73b5d8a3e5a4"
"2-s2.0-84949472145","ef2c581a-5e37-4572-b87a-fa5a58b25016"
"2-s2.0-84949472145","06c1d501-e05f-4dd2-a2ab-5de4c9fd6bee"
"2-s2.0-84949472145","c36232cf-1cfe-418c-ae45-a768675f492e"
"2-s2.0-84949472145","6eb3f446-5022-4fbd-b04a-142c837aec5b"
"2-s2.0-84949472145","5939289a-78a2-4c10-8a2e-24b30681b9b8"
"2-s2.0-84949472145","b10e40f1-9ba7-42b8-ae01-30c5e537724d"
"2-s2.0-84949472145","bef814c7-d00c-475d-876a-6cf4af1ed9a0"
"2-s2.0-84949472145","6f47e310-0365-4947-bae8-11392ca5406a"
"2-s2.0-84949472145","d5b23d09-acab-472f-ba0d-44dcb901d3d3"
"2-s2.0-84949472145","24ca9de6-9088-48f1-ae74-c833b3ea3197"
"2-s2.0-84949472145","74919e8f-d258-401e-afa9-c88e01b01125"
"2-s2.0-84949472145","3b323ca8-5b0b-4eaf-a0c6-cf9edd61f0d6"
"2-s2.0-84949472145","270f8477-1baf-4909-b7e2-110b9656f089"
"2-s2.0-84949472145","58eba32d-7c12-4aeb-b1c9-ff156143e3de"
"2-s2.0-84949472145","eb1946b5-0d50-47f9-ab5a-d8fabc0fa102"
"2-s2.0-84949472145","ece141ad-2dbc-4c0b-9d26-d17bbc5a14bc"
"2-s2.0-84949472145","37e6a794-28bf-48ca-983a-552fd1141df2"
"2-s2.0-84949472145","83cf7a3b-b9de-4174-a7be-f925763acad1"
"2-s2.0-84949472145","ef1ce72d-97d5-40f5-a0aa-83882defb999"
"2-s2.0-84949472145","5ebead55-a412-4393-a25f-84d2b44d8431"
"2-s2.0-84949472145","8d9789a8-f6cf-4c99-be32-fd6f4cd80afd"
"2-s2.0-84949472145","2379cad2-7b83-4057-8476-317f2cac672d"
"2-s2.0-84949472145","522a7b3a-bc7d-403b-93b0-f024116a1b1d"
"2-s2.0-84949472145","f43a6528-1d6a-41eb-9d2b-c6c45dbdab1c"
"2-s2.0-84949472145","eda15c93-da89-4f34-b381-794d34d56c35"
"2-s2.0-84949472145","676087a3-f0fa-48ba-bf84-fcfef3d78003"
"2-s2.0-84949472145","35fcf6c4-4f27-4af2-ae65-6ae2ea2a8ae0"
"2-s2.0-84949472145","1ab26774-6112-4632-b63e-74ae2fe84871"
"2-s2.0-84949472145","557a6fdc-68f4-43c6-b4f2-07e6f4b9f679"
"2-s2.0-84949472145","6d2f6cb5-f821-4c77-8aa1-d2e99cedf255"
"2-s2.0-84949472145","00362d62-1d15-4526-9be8-4d4020f2a071"
"2-s2.0-84949472145","0bb09d85-05a4-4269-850c-390dc73dd162"
"2-s2.0-84949472145","50ad5eac-acc1-4786-a344-d4e3372c60b9"
"2-s2.0-84949472145","792afcd7-86da-440b-b42f-e84322d8fa2c"
"2-s2.0-84949472145","9bda695c-0b92-4d6d-b85d-7f4c7ca1569f"
"2-s2.0-84949472145","39f98ce9-cfe4-483e-9c57-72ce23eee0b7"
"2-s2.0-84949472145","ac647bbc-7007-464d-9feb-84170a1692f0"
"2-s2.0-84949472145","c300f45d-616e-42de-893e-7e9c8e85d2a3"
"2-s2.0-84949472145","27234e9c-0ea1-4d59-8d53-477b1f631931"
"2-s2.0-84949472145","2ab0a108-5e9e-4a94-9dd3-569ebb947f20"
"2-s2.0-84949472145","3b5b3101-4287-471b-aaa5-9d4354d03feb"
"2-s2.0-84949472145","dd4b01ed-6945-433d-8b03-d60a152794d2"
"2-s2.0-84949472145","3e7f1fdc-4ab7-4836-8a5c-667f109da336"
"2-s2.0-84949472145","2d6efeb2-b259-4732-8747-935078886dd3"
"2-s2.0-84949472145","085ed69e-336b-4532-8205-ddfd822480c4"
"2-s2.0-84949472145","587a0d61-96bf-48a3-88f4-39dff8573505"
"2-s2.0-84949472145","fb5174db-fee7-48b4-a168-af4abf854384"
"2-s2.0-84949472145","504a603f-1f70-424a-a202-7d89bb017788"
"2-s2.0-84949472145","3e0fa2ab-8d04-49d5-958f-0f06720df092"
"2-s2.0-84949472145","4938a701-8583-4d6d-bcac-83090c3d9492"
"2-s2.0-84949472145","9736c01a-8b45-4625-9744-f5345c18ce6c"
"2-s2.0-84949472145","44daa11e-66a2-4ba2-8b05-2d773d95f79b"
"2-s2.0-84949472145","29a27fc0-ecd5-40ee-9574-adad8045dafd"
"2-s2.0-84949472145","0257e442-4478-4176-a3ca-22b9ee2bbeef"
"2-s2.0-84949472145","f904a29b-82b0-4852-9105-1ebb5c76a1b6"
"2-s2.0-84949472145","525dc4b7-bd47-4c04-bb9f-7ac393dfe3bd"
"2-s2.0-84949472145","92ac32a3-43bd-477b-a267-55f3818a199c"
"2-s2.0-84949472145","486d298f-2fa5-4c9b-b3f6-2f627b000176"
"2-s2.0-84949472145","4fae337a-2c0c-47dc-ba93-58e6cb58bbb6"
"2-s2.0-84949472145","a006e174-787f-4033-abfb-093ee3e22aec"
"2-s2.0-84949472145","09ba6635-14ad-4670-9f6c-50ed1b07aa72"
"2-s2.0-84949472145","2c817e5d-43ec-45d3-b4a3-78311f47a6dc"
"2-s2.0-84949472145","0e1fbdf0-4f35-40c6-b713-42a4473e152e"
"2-s2.0-84949472145","58b32d76-03ff-4cd6-ba94-76f9acd7229d"
"2-s2.0-84949472145","38e2b94e-0a0b-4a73-81b5-7d5207db7f20"
"2-s2.0-84949472145","9db1724e-6b8b-4db3-bdab-ba6e16254dbb"
"2-s2.0-84949472145","40295bd2-1c39-4d93-a92d-1d16d14cee0f"
"2-s2.0-84949472145","e8009c91-55ea-4aae-a055-1fde09f737c2"
"2-s2.0-84949472145","b18e14b2-0f30-4438-80dc-bb579c492270"
"2-s2.0-84949472145","267db259-9463-42bf-a24b-407a45cf9341"
"2-s2.0-84949472145","ae280a05-5510-4416-a6a7-6223d026c549"
"2-s2.0-84949472145","f70460a9-0c80-408d-8059-0f208ec2b85f"
"2-s2.0-84949472145","d54aae91-3bba-4482-b697-00f3d80b75b6"
"2-s2.0-84949472145","43671423-3071-4816-aba5-349c8fd13836"
"2-s2.0-84949472145","9c347188-a2e9-499f-87ec-777a9b959f11"
"2-s2.0-84948465589","524c42cb-bd0c-4dcb-b2bb-e72a68f1be0d"
"2-s2.0-84948465589","52f087f0-d505-43ec-bb54-cb74f04a9b0e"
"2-s2.0-84948465589","da6e27ae-8a64-42af-b9b9-fc266df35893"
"2-s2.0-84948465589","479976b7-3e14-4960-8dc9-04678ead14df"
"2-s2.0-84948465589","95924b2a-6318-43e8-ab88-d7dab31bf078"
"2-s2.0-84948465589","8822d284-afff-4256-907e-273fb0f0ee15"
"2-s2.0-84948465589","5dfc67a0-14ff-42d7-86ff-e2cc4011b8ad"
"2-s2.0-84948465589","82d3de5c-f282-4aea-998f-3def416f23ba"
"2-s2.0-84948465589","275516d5-ec5d-4db5-b44b-f9ef40dfb790"
"2-s2.0-84948465589","93219415-ac08-4c0a-bb83-cf7d8e6fd4e6"
"2-s2.0-84948465589","628fd5fb-3aca-494d-9a4a-ba1400a2de57"
"2-s2.0-84948465589","d09f9ead-a7f0-4cfd-9e72-8da987f180bf"
"2-s2.0-84948465589","7e08169d-55a1-4c41-bf9c-7e579f2e395d"
"2-s2.0-84948465589","c1945aff-242e-4f3d-8a7c-02fa9f3170b8"
"2-s2.0-84948465589","a09e84c7-bf87-47fa-8dd9-7dbca2d94be3"
"2-s2.0-84948465589","fbca2ac3-79e8-4ee0-99eb-2ffd1d7b34d3"
"2-s2.0-84948465589","27234e9c-0ea1-4d59-8d53-477b1f631931"
"2-s2.0-84948465589","7cb2d388-918c-45c1-bf11-f82c5a7a8cc8"
"2-s2.0-84948465589","a5e5b2a3-c578-484e-bbc9-9c2aed99c0c1"
"2-s2.0-84948465589","a1b811c0-5c6d-4425-ac9f-be7ebc9763e8"
"2-s2.0-84948465589","be3b8e09-f3ed-4769-ab39-ef716d2b9b78"
"2-s2.0-84948465589","cb963a3d-2a28-4da4-9616-2a657ed3f5b3"
"2-s2.0-84948465589","df6ef8d9-f4a0-4fea-8b15-c9e78c1736be"
"2-s2.0-84948465589","22dfd9d4-5982-4dc2-8c48-007b0c56a413"
"2-s2.0-84948465589","5ca67efe-cedb-4656-9ea3-edc899b37aa2"
"2-s2.0-84948465589","ceae757c-cc77-4235-80a1-94d6ce0a095e"
"2-s2.0-84948465589","db92e637-0d9b-43d5-97a0-9fd4031432a2"
"2-s2.0-84948465589","71ce99d2-bf8b-41f5-852c-bb6625cde18b"
"2-s2.0-84948465589","f70460a9-0c80-408d-8059-0f208ec2b85f"
"2-s2.0-84948465589","c7759abe-84e6-4e55-8b6c-ab9ec3777ab6"
"2-s2.0-84948465589","737e1322-d6e1-41b0-bdc1-55c20738f266"
"2-s2.0-84923999814","d6431720-32a2-4b14-9605-3beacd67212e"
"2-s2.0-84923999814","8231d8ad-9a9c-41a0-b9a5-9e2e8162781e"
"2-s2.0-84923999814","89b5c934-d923-4a70-8f43-1404839d8151"
"2-s2.0-84923999814","edf4f706-aa53-4227-a5f2-face239f4b2d"
"2-s2.0-84923999814","785156eb-db04-4cbe-81d0-a0596c9e2435"
"2-s2.0-84923999814","a09e84c7-bf87-47fa-8dd9-7dbca2d94be3"
"2-s2.0-84923999814","c123f1ad-5ff0-45f8-99e7-1afc5ba591cf"
"2-s2.0-84923999814","b1d24758-a3d1-489b-8f83-2bd0dfdfa267"
"2-s2.0-84923999814","d6d9db1f-3161-46cd-b0fb-d3e70de5331d"
"2-s2.0-84923999814","11668890-5471-4d01-9841-5e91666a55f9"
"2-s2.0-84923999814","b470cd48-8d94-4a13-be72-fe6d65f68486"
"2-s2.0-84923999814","6944a8ee-9da7-489a-a172-d097ed1ee28b"
"2-s2.0-84923999814","eb75be0d-5730-44e6-95ca-2269df223995"
"2-s2.0-84923999814","b5641917-7969-471c-b720-488bb3a453de"
"2-s2.0-84923999814","7fd0ddfb-6f74-4d61-916c-53e3e52be092"
"2-s2.0-84923999814","27c0858d-e495-4a1e-99cf-1b887cfc5bd0"
"2-s2.0-84923999814","445ccf8d-7400-418b-aba4-1043be60a7d2"
"2-s2.0-84951284607","30bce5c7-4e6a-4af0-a32d-dab1d5d45af3"
"2-s2.0-84951284607","52f087f0-d505-43ec-bb54-cb74f04a9b0e"
"2-s2.0-84951284607","8e45d900-ae5a-4f3e-bd56-5d164d412d93"
"2-s2.0-84951284607","18607e0e-2880-47df-80b4-d0173b756bb2"
"2-s2.0-84951284607","193fadb5-9a12-41ba-8ff6-0b9f6b01d0dd"
"2-s2.0-84951284607","7b6a3d81-ff6c-42e5-a09d-98b979cbfcdf"
"2-s2.0-84951284607","a0273a5b-5af4-4c0f-9789-2a2b4051eb04"
"2-s2.0-84951284607","9c347188-a2e9-499f-87ec-777a9b959f11"
"2-s2.0-84951284607","4635518d-5bdc-433a-b76a-2ca0ae45423b"
"2-s2.0-84951284607","31c6a0af-ba5a-43dc-8089-489df11888f1"
"2-s2.0-84932124900","10a94b82-54d5-4809-a367-2123beaad24c"
"2-s2.0-84932124900","be9ebdf1-06e0-4a58-9115-14e1ac2f779e"
"2-s2.0-84932173755","528b31bf-8c97-4a3f-a4f4-f50363a230ca"
"2-s2.0-84932173755","1e186819-81cd-4676-b4e4-cdd9b83b8bad"
"2-s2.0-84932173755","149c1d97-432f-456a-a5b6-37607e54d6b7"
"2-s2.0-84932173755","43826f37-0230-4954-b0cc-8fd5f3524c3c"
"2-s2.0-84896394540","653c63a3-bcfd-4493-b0ef-65a321591e1c"
"2-s2.0-84896394540","524c42cb-bd0c-4dcb-b2bb-e72a68f1be0d"
"2-s2.0-84896394540","8903e0a7-6a23-4e86-bb97-f01346e19cf3"
"2-s2.0-84896394540","26808117-bc41-4f99-98b3-edae2aa82e18"
"2-s2.0-84896394540","49a7dedf-b126-4b1c-8f51-cd77608a7736"
"2-s2.0-84896394540","34bd2324-68b8-4e47-ad10-2230b043b435"
"2-s2.0-84896394540","7961056e-25dd-4459-af93-c31cc70da05e"
"2-s2.0-84896394540","036f6abb-2d71-4096-b46e-1e63bdaf5799"
"2-s2.0-84896394540","9df4e20f-4351-4a1a-8f21-77be2f1ea431"
"2-s2.0-84896394540","961e5b2d-1f91-4a49-a469-5f00b5c419e4"
"2-s2.0-84896394540","532149ce-f6d9-41a9-95fc-fc376b44c786"
"2-s2.0-84896394540","15682153-dd4f-4cc9-8f37-53b603f5e6ff"
"2-s2.0-84896394540","754a72f0-ddfe-4188-8512-563880bc82fb"
"2-s2.0-84896394540","d7bfb000-f9f1-4440-a65d-f59e5305deaf"
"2-s2.0-84896394540","bd5494d1-f937-45ef-b049-4b8225a65c8e"
"2-s2.0-84896394540","cf9ae6a0-298f-46b0-a1a1-59b271eeee8e"
"2-s2.0-84896394540","b02df24a-e127-41b3-8c84-ae1206901bab"
"2-s2.0-84896394540","035addef-67eb-4c26-8f8f-c1519c2cb59b"
"2-s2.0-84896394540","28038efb-c674-4c6f-b0be-3f7162afb438"
"2-s2.0-84896394540","f7949997-38ba-4613-88dc-e330ac6b1938"
"2-s2.0-84896394540","80b35a0b-9c87-4790-9458-fda03e9bafc7"
"2-s2.0-84896394540","24041d70-cbf1-49f2-bd6f-5a66f44625c5"
"2-s2.0-84896394540","57f8e466-d6a6-4557-9c22-471980383f5a"
"2-s2.0-84896394540","ed5d7580-d6d0-432a-a263-965d5c745efa"
"2-s2.0-84896394540","82d3de5c-f282-4aea-998f-3def416f23ba"
"2-s2.0-84896394540","275516d5-ec5d-4db5-b44b-f9ef40dfb790"
"2-s2.0-84896394540","bfd59a9c-3ee8-4390-971d-bf874752e531"
"2-s2.0-84896394540","6bed5ea2-f650-42d5-bbce-811855980612"
"2-s2.0-84896394540","93219415-ac08-4c0a-bb83-cf7d8e6fd4e6"
"2-s2.0-84896394540","2660cc1c-48ad-4948-8627-8c76307070dd"
"2-s2.0-84896394540","de3a36c8-f4da-4996-9035-ac385b23fc23"
"2-s2.0-84896394540","7ff29e05-2fd1-48b5-8f9d-78ebdd22b0de"
"2-s2.0-84896394540","b498776d-f2c1-4c9b-bd30-0f7c6c05896d"
"2-s2.0-84896394540","b211e596-1d14-4ab3-8b26-b91abe432318"
"2-s2.0-84896394540","c0990913-3834-4d62-b7fc-d5e84e442e13"
"2-s2.0-84896394540","1f81ce8b-0b85-43f4-ab8e-4537f1b08a01"
"2-s2.0-84896394540","27234e9c-0ea1-4d59-8d53-477b1f631931"
"2-s2.0-84896394540","639562c3-9a90-4f70-bfb3-9b76d1a072c7"
"2-s2.0-84896394540","a2518768-20ca-4af8-b8d6-0a15130e4c2c"
"2-s2.0-84896394540","f4b7c7c5-0b6c-431a-9a22-96ac7d9ee5fb"
"2-s2.0-84896394540","cd7aaefb-d318-49fa-9d0a-6059239f3e81"
"2-s2.0-84896394540","73d0b6c6-24d8-4b19-9097-988ed8aef451"
"2-s2.0-84896394540","9bd579c2-a41e-47cf-bc69-400c72273dae"
"2-s2.0-84938966349","afc6926d-5d98-42d9-9b58-2f11e58171e5"
"2-s2.0-84938966349","d335ee60-9a4c-477f-b77c-16f6028a2919"
"2-s2.0-84906308993","1cb70d73-e480-48b7-83dc-f451740f67c5"
"2-s2.0-84906308993","997ae603-5c5c-497c-b5bd-9d343925c632"
"2-s2.0-84906308993","524c42cb-bd0c-4dcb-b2bb-e72a68f1be0d"
"2-s2.0-84906308993","cfe9338c-6167-4575-8201-9c6bba21bb5b"
"2-s2.0-84906308993","208dde9d-b0e7-49f5-af5f-8c7204425772"
"2-s2.0-84906308993","9da05686-468b-4376-ac80-7bcecbde5ea4"
"2-s2.0-84906308993","6d4ca3e1-b8ec-4348-a621-2c3df5f33871"
"2-s2.0-84906308993","d5a06236-944b-4650-b382-9824048dd0d1"
"2-s2.0-84906308993","9df4e20f-4351-4a1a-8f21-77be2f1ea431"
"2-s2.0-84906308993","43a6b6c9-a02c-45fc-a08a-2617698496a8"
"2-s2.0-84906308993","f70460a9-0c80-408d-8059-0f208ec2b85f"
"2-s2.0-84906308993","a36ea4b5-455a-4b6d-b834-035ad2a3d9e5"
"2-s2.0-84906308993","93219415-ac08-4c0a-bb83-cf7d8e6fd4e6"
"2-s2.0-84906308993","2ee547cf-9308-4a32-8b65-6be09f8729c9"
"2-s2.0-84906308993","c7759abe-84e6-4e55-8b6c-ab9ec3777ab6"
"2-s2.0-84906308993","74405e02-6feb-453e-a374-ce2f66602aea"
"2-s2.0-84906308993","a5e8f6e8-cbdf-406e-95fb-29925f526b87"
"2-s2.0-84906308993","43671423-3071-4816-aba5-349c8fd13836"
"2-s2.0-84906308993","9c347188-a2e9-499f-87ec-777a9b959f11"
"2-s2.0-84906308993","eeede883-c6d0-4ebe-ae6d-c4799e4d9943"
"2-s2.0-84976449636","2da8088b-f518-43c5-af9c-e5bcd1871205"
"2-s2.0-84976449636","524c42cb-bd0c-4dcb-b2bb-e72a68f1be0d"
"2-s2.0-84976449636","f122518b-d02f-4d4c-9266-064dc55ec512"
"2-s2.0-84976449636","e55e9027-8a99-4b4f-a3fb-0374167d2064"
"2-s2.0-84976449636","52f087f0-d505-43ec-bb54-cb74f04a9b0e"
"2-s2.0-84976449636","14f7afe8-7be2-4126-8f48-145839c55846"
"2-s2.0-84976449636","83cf7a3b-b9de-4174-a7be-f925763acad1"
"2-s2.0-84976449636","4afc54c5-584c-4344-8c4d-edd90cd102e3"
"2-s2.0-84976449636","6d3eab05-3126-442b-b349-4c5cc0decb84"
"2-s2.0-84976449636","dd2e1d8d-452d-4263-85a7-a575a5ebefc8"
"2-s2.0-84976449636","961e5b2d-1f91-4a49-a469-5f00b5c419e4"
"2-s2.0-84976449636","532149ce-f6d9-41a9-95fc-fc376b44c786"
"2-s2.0-84976449636","fe9dd93f-14ce-45fc-9298-63b4b89c268d"
"2-s2.0-84976449636","fce56fbb-b2e2-41c1-93a0-ed080b1c76f0"
"2-s2.0-84976449636","35d35bae-60d9-4262-b1d8-089abeda4b0d"
"2-s2.0-84976449636","3131b74d-4d18-43c7-b38e-63ca11faa226"
"2-s2.0-84976449636","e89b1cfb-aa18-4d0e-bfd5-b8490cd0c34e"
"2-s2.0-84976449636","33103535-8336-4e1d-95b1-15a4d2c331ff"
"2-s2.0-84976449636","36541b3e-d9fc-4bef-993a-25cdf51b4872"
"2-s2.0-84976449636","406f16c7-bafd-4c4c-808b-c77b0fd641cd"
"2-s2.0-84976449636","a9762265-9a75-4d0d-8df8-89cd421c69d5"
"2-s2.0-84976449636","a5ef133f-168c-48a0-af7c-6be0f7e83c4c"
"2-s2.0-84976449636","f77410a3-384a-43c4-b1a3-e6ffbb06d580"
"2-s2.0-84976449636","25084d72-a2de-496a-8726-0056b530ac1e"
"2-s2.0-84976449636","a11dc19b-90bc-40c8-8a5d-7e5230b66791"
"2-s2.0-84976449636","0de5b87e-1489-4aed-b879-ec04286f6882"
"2-s2.0-84976449636","eb25ce23-4b87-4c6e-ad6c-c175c53a6959"
"2-s2.0-84976449636","6eed319e-bcc4-4266-bbaf-02045fd9dfd3"
"2-s2.0-84976449636","7017bb56-6688-4904-afb3-fdb16adbe951"
"2-s2.0-84976449636","617e016a-1f71-4ef9-a810-0c6712b5bc8a"
"2-s2.0-84976449636","603f4e38-5746-46a7-941c-b3d4bf803c17"
"2-s2.0-84976449636","5622a1f0-4885-4ae6-b9b4-58d212810026"
"2-s2.0-84976449636","f5146bdc-2417-4fd1-9b62-909659121a18"
"2-s2.0-84976449636","52326099-e2b1-499c-bdd8-8d2f6eb2053b"
"2-s2.0-84976449636","90e13775-4872-4e39-b1fd-73187deded4f"
"2-s2.0-84976449636","32a37e04-5ce2-40c7-8233-d1818fff4229"
"2-s2.0-84976449636","82d3de5c-f282-4aea-998f-3def416f23ba"
"2-s2.0-84976449636","fd2ab339-f3f6-4670-ac6c-5318cd661425"
"2-s2.0-84976449636","d93205de-6b78-4173-9a48-e36c72d511f7"
"2-s2.0-84976449636","d949353e-e594-4d46-8cf8-47d0d26dbf22"
"2-s2.0-84976449636","15f0077e-2bbe-4bdf-99ec-b5605730b767"
"2-s2.0-84976449636","ebca1bbc-1023-4daa-bce9-c1814279b735"
"2-s2.0-84976449636","93219415-ac08-4c0a-bb83-cf7d8e6fd4e6"
"2-s2.0-84976449636","4a422b8d-d8eb-41be-b6eb-ef54db30e7ed"
"2-s2.0-84976449636","7f3c565a-1311-4b31-82a0-8f0a6c93afd9"
"2-s2.0-84976449636","36fa0a78-84c2-4ffe-a6bc-bffe7d468d16"
"2-s2.0-84976449636","ae3111a1-b549-46be-84eb-b95984534ba6"
"2-s2.0-84976449636","d09f9ead-a7f0-4cfd-9e72-8da987f180bf"
"2-s2.0-84976449636","811646fc-5ce5-4c33-b1f9-de7ce60ab630"
"2-s2.0-84976449636","e277a3b7-7655-4568-8ffb-ff827a9a3b4f"
"2-s2.0-84976449636","ffaf367f-1491-4f39-a53d-81da4816b532"
"2-s2.0-84976449636","f086d8bb-67f3-4272-9ad1-c4e1139ceb18"
"2-s2.0-84976449636","f470d1d8-3009-4dba-8644-ab32c8746522"
"2-s2.0-84976449636","c4745dc1-4437-45fa-a58f-44a7a7c491e6"
"2-s2.0-84976449636","d1868e50-739e-4b8e-9767-9828b8e7b811"
"2-s2.0-84976449636","d3f1a493-195d-4cea-b6b1-163443552522"
"2-s2.0-84976449636","52888c44-8bc0-44c1-af43-26aaa45bd810"
"2-s2.0-84976449636","5cd30744-5304-41be-aae2-1bc896ba235a"
"2-s2.0-84976449636","a8c1cc5a-83b2-4f7a-bbdf-02157c7da633"
"2-s2.0-84976449636","aa09e5fd-24f3-4d39-8cd0-332ff2dce575"
"2-s2.0-84976449636","1f81ce8b-0b85-43f4-ab8e-4537f1b08a01"
"2-s2.0-84976449636","27234e9c-0ea1-4d59-8d53-477b1f631931"
"2-s2.0-84976449636","3f4243fb-2f4a-46e3-b02a-ff1806986dd6"
"2-s2.0-84976449636","7bb0ecb4-1089-4ac2-a895-6c56331ccf84"
"2-s2.0-84976449636","3ef41ab3-6073-4257-b1d3-ac9b5eeca608"
"2-s2.0-84976449636","f70460a9-0c80-408d-8059-0f208ec2b85f"
"2-s2.0-84976449636","cc86c886-c4a3-4b7a-bb8f-69e7618916df"
"2-s2.0-84976449636","4c68e011-c107-48b4-9875-b1ddde76421c"
"2-s2.0-84976449636","9c3e80b0-4649-452a-a8a9-bc95e047bc75"
"2-s2.0-84976449636","4d2a3088-c2c7-48e5-9ecd-f5269f6f1027"
"2-s2.0-84976449636","8c0af756-f450-42c3-bb5c-f9eb63b9a257"
"2-s2.0-84976449636","c99c462e-c205-460c-a5af-70b85eadb6cb"
"2-s2.0-84976449636","019aa378-6836-4167-b26a-ca1f02a33821"
"2-s2.0-84902547001","002cff96-d8f5-4967-ad52-134993f6461a"
"2-s2.0-84902547001","83cf7a3b-b9de-4174-a7be-f925763acad1"
"2-s2.0-84902547001","f16bb942-5937-4a85-b17c-142894540292"
"2-s2.0-84902547001","6c4f4a86-bc25-46ca-bdae-190047db0ff2"
"2-s2.0-84902547001","dcc5aae8-c69e-48c7-9860-f2f437c170fa"
"2-s2.0-84902547001","17f72a0e-4c9f-4c95-beda-6602c6d62be4"
"2-s2.0-84902547001","81e9ed6f-b368-422b-bdfe-1c23fba076e3"
"2-s2.0-84902547001","6beeffff-272f-4b73-a685-63554fc72734"
"2-s2.0-84902547001","811646fc-5ce5-4c33-b1f9-de7ce60ab630"
"2-s2.0-84902547001","d4b1f5d3-193d-43a3-872e-7c6e0d4e70ec"
"2-s2.0-84902547001","29b297e7-ea90-4c2f-aa6c-ec353e0cdc6f"
"2-s2.0-84902547001","0ee7e0b5-4e64-4a9f-94ee-bac0e93f00c3"
"2-s2.0-84902547001","720cf187-7da4-4326-bbbe-f643c8243d1f"
"2-s2.0-84902547001","48dd83bd-3f9a-4f6b-b17d-3de048a3f8dd"
"2-s2.0-84902547001","732ef9a5-4881-42c4-8753-70c5e5a2cc77"
"2-s2.0-84902547001","11473d0c-cb0e-41a3-a28a-0743afefef8e"
"2-s2.0-84902547001","617e016a-1f71-4ef9-a810-0c6712b5bc8a"
"2-s2.0-84902547001","1cfd9e4a-7df7-4c3a-b7b7-e6b5630e0e9f"
"2-s2.0-84902547001","51c74c79-2db1-4879-bd9b-ae05323f3cb5"
"2-s2.0-84902547001","07925b33-c202-490d-a9c9-4f104cefa9fe"
"2-s2.0-84902547001","ed3dbbbf-edab-4986-8ac3-f1d1f5bd71d2"
"2-s2.0-84902547001","1b6ec316-cb20-4e16-85d3-76af09354f47"
"2-s2.0-84902547001","91e9bc97-57b0-412a-b7b2-f5b337f6aae0"
"2-s2.0-84902547001","2df22d5c-d296-42e7-ad06-53265564af4b"
"2-s2.0-84902547001","82d3de5c-f282-4aea-998f-3def416f23ba"
"2-s2.0-84902547001","150c533c-7a55-45f9-aeb0-fd0c822dee39"
"2-s2.0-84902547001","3a3e9739-4bd8-4f3a-99db-1ab325a52e2d"
"2-s2.0-84902547001","53bfd4ad-9421-4923-8717-b52508934a27"
"2-s2.0-84902547001","03bd6c59-4bad-420b-9aeb-c71132cf3bcc"
"2-s2.0-84902547001","3e613709-3024-44eb-abc3-67812c7b8c32"
"2-s2.0-84902547001","cbbb7b7d-4f97-4cf2-8601-16d88c8b1b38"
"2-s2.0-84902547001","6e42a8b2-db1a-45df-a26c-5856d4c2d6bb"
"2-s2.0-84902547001","cce86c20-4ba3-4358-8c73-f00752fa5395"
"2-s2.0-84902547001","41c6dc4b-2861-4294-ad96-0269b413fdd4"
"2-s2.0-84902547001","93219415-ac08-4c0a-bb83-cf7d8e6fd4e6"
"2-s2.0-84902547001","09642a3a-5b8d-4360-90fe-5fc27a944795"
"2-s2.0-84902547001","c6a2b12d-f884-4502-bf84-75a48c05cdca"
"2-s2.0-84902547001","b45e1497-54ff-436b-857a-cc6124e32723"
"2-s2.0-84902547001","d09f9ead-a7f0-4cfd-9e72-8da987f180bf"
"2-s2.0-84902547001","9381cd16-2f23-4242-b2ac-b9df1fac2d51"
"2-s2.0-84902547001","4baf76b0-b096-444e-91d0-ec1d6469d2f2"
"2-s2.0-84902547001","70e6f1cf-61a8-4837-bc2c-201134c06f9d"
"2-s2.0-84902547001","dafff6b8-b307-4f9b-b4f1-9aab67309218"
"2-s2.0-84902547001","d1868e50-739e-4b8e-9767-9828b8e7b811"
"2-s2.0-84902547001","d3f1a493-195d-4cea-b6b1-163443552522"
"2-s2.0-84902547001","cb963a3d-2a28-4da4-9616-2a657ed3f5b3"
"2-s2.0-84902547001","9523470a-faa5-4034-a7a5-e664a62cd345"
"2-s2.0-84902547001","dde40d89-8f37-41d0-9c8d-0c75bc209fe7"
"2-s2.0-84902547001","bc73d815-a5f0-4e7f-969f-4b61388afdad"
"2-s2.0-84890435572","ae3111a1-b549-46be-84eb-b95984534ba6"
"2-s2.0-84890435572","14f7afe8-7be2-4126-8f48-145839c55846"
"2-s2.0-84890435572","b0cd74ae-3f54-4438-9831-3db98ec6c29a"
"2-s2.0-84890435572","dd2e1d8d-452d-4263-85a7-a575a5ebefc8"
"2-s2.0-84890435572","03d6ee57-56ed-4813-a75f-057f9c73d478"
"2-s2.0-84890435572","fe9dd93f-14ce-45fc-9298-63b4b89c268d"
"2-s2.0-84890435572","d7bfb000-f9f1-4440-a65d-f59e5305deaf"
"2-s2.0-84890435572","323dd7f3-9e69-40f7-b32b-b390c21eea23"
"2-s2.0-84890435572","fc42c561-9f1f-4cd7-aab9-cfd8c835ef94"
"2-s2.0-84890435572","b02df24a-e127-41b3-8c84-ae1206901bab"
"2-s2.0-84890435572","3bfddcd1-ba53-45ef-8105-9f19b0444184"
"2-s2.0-84890435572","841c3f82-82ed-4300-8e78-8cf999dc425c"
"2-s2.0-84890435572","7c4730b5-c995-49b4-b2eb-0bd10bc294f3"
"2-s2.0-84890435572","bdb412d0-3b6f-429d-9093-9c65b729fc11"
"2-s2.0-84890435572","3ed360fa-087e-4209-bafd-17b09051e71a"
"2-s2.0-84890435572","dd117d8f-34ce-418e-8b0c-724c6fef1a2e"
"2-s2.0-84890435572","8b92eeb9-e1ef-4c5a-9a12-65cbcd519db1"
"2-s2.0-84890435572","93219415-ac08-4c0a-bb83-cf7d8e6fd4e6"
"2-s2.0-84890435572","4c68e011-c107-48b4-9875-b1ddde76421c"
"2-s2.0-84890435572","9c3e80b0-4649-452a-a8a9-bc95e047bc75"
"2-s2.0-84890435572","d1868e50-739e-4b8e-9767-9828b8e7b811"
"2-s2.0-84890435572","b211e596-1d14-4ab3-8b26-b91abe432318"
"2-s2.0-84890435572","c99c462e-c205-460c-a5af-70b85eadb6cb"
"2-s2.0-84890435572","019aa378-6836-4167-b26a-ca1f02a33821"
"2-s2.0-84890435572","a2518768-20ca-4af8-b8d6-0a15130e4c2c"
"2-s2.0-84939130787","a1926694-29d6-413d-82b2-ac03cda4941a"
"2-s2.0-84939130787","794e5232-6fbe-4ea1-83dd-567cacded19d"
"2-s2.0-84939130787","95924b2a-6318-43e8-ab88-d7dab31bf078"
"2-s2.0-84959461582","f89bb8c2-983d-4146-ac2a-54e7fe965c90"
"2-s2.0-84959461582","524c42cb-bd0c-4dcb-b2bb-e72a68f1be0d"
"2-s2.0-84959461582","52f087f0-d505-43ec-bb54-cb74f04a9b0e"
"2-s2.0-84959461582","2c6ea7cb-dac4-443b-becb-5e73612f178c"
"2-s2.0-84959461582","3c5b0ad0-ad93-4911-93b6-2c9d9b7d1f48"
"2-s2.0-84959461582","8d681604-eb14-465a-a742-662514586578"
"2-s2.0-84959461582","6d4ca3e1-b8ec-4348-a621-2c3df5f33871"
"2-s2.0-84959461582","8a396e9b-3ba5-44db-8756-fadbe5c8b380"
"2-s2.0-84959461582","db2c9a94-9ae8-4763-8cc0-14428e9119a1"
"2-s2.0-84959461582","c8b4c1ac-e34f-455b-b258-aec8407d27ac"
"2-s2.0-84959461582","539e3086-7623-4fb7-ba0d-a1ff5416c962"
"2-s2.0-84959461582","3d03291e-ad32-4f9b-9631-99616d46ef62"
"2-s2.0-84959461582","dd775f46-0c82-4db1-b743-0fc8ab619f02"
"2-s2.0-84959461582","2e0ffb85-939a-4d77-9846-a975927ec39d"
"2-s2.0-84959461582","45d27806-a017-41e1-8b36-64305b4fda74"
"2-s2.0-84959461582","f0e863f1-ceaa-46bb-8830-a9c568a71d4d"
"2-s2.0-84959461582","ac9b3cb4-c73b-441e-b97e-9785b94dd907"
"2-s2.0-84959461582","7e59a2d1-2ecd-4f19-b2f8-29358acdf4e7"
"2-s2.0-84959461582","fb7c79b4-e611-4739-a1a6-f230497299a5"
"2-s2.0-84959461582","96725a4f-a636-42eb-bcba-1c189e4b7e98"
"2-s2.0-84959461582","02388337-23b2-4e30-a0a0-baa3ea71e991"
"2-s2.0-84959461582","07925b33-c202-490d-a9c9-4f104cefa9fe"
"2-s2.0-84959461582","e808437c-a070-423a-8a69-5bdf38df75dd"
"2-s2.0-84959461582","b08b0540-9b85-4a49-b87e-bc2702bd5183"
"2-s2.0-84959461582","ba4f0297-0a55-455c-97b2-083f9a186774"
"2-s2.0-84959461582","7a70369d-58ae-4c1d-85be-3603dd050ab8"
"2-s2.0-84959461582","f33d9a43-dcb2-4761-b01d-09889a8ea6c7"
"2-s2.0-84959461582","dd79d9a8-95cf-44b4-be74-fb247333614b"
"2-s2.0-84959461582","d82ea7b4-96ee-4a87-8a3f-3aaddf3d8232"
"2-s2.0-84959461582","32a37e04-5ce2-40c7-8233-d1818fff4229"
"2-s2.0-84959461582","dc857036-6f34-4fbf-8ce3-7f7da26bcaab"
"2-s2.0-84959461582","82d3de5c-f282-4aea-998f-3def416f23ba"
"2-s2.0-84959461582","54015260-b132-46d4-8077-51f31dde8747"
"2-s2.0-84959461582","e7fa858e-a248-471b-89b1-d5a51baf7dd0"
"2-s2.0-84959461582","93219415-ac08-4c0a-bb83-cf7d8e6fd4e6"
"2-s2.0-84959461582","f518bc33-3ed4-43ba-a41c-2870ad8caa43"
"2-s2.0-84959461582","d09f9ead-a7f0-4cfd-9e72-8da987f180bf"
"2-s2.0-84959461582","ad8574d3-8f3a-4f7c-96ee-4726a2016ed6"
"2-s2.0-84959461582","e39a379b-ced2-491d-8568-bd27ef20dde9"
"2-s2.0-84959461582","b415a373-2cc4-4e36-b9ad-5dbd12c1b173"
"2-s2.0-84959461582","d16e31f8-cf75-4166-b672-5ff347397fd7"
"2-s2.0-84959461582","8c5ca90f-0201-4754-a53f-1c7d88312feb"
"2-s2.0-84959461582","6ce8fefc-af1a-41f6-9ca8-2e85ad9e8ab7"
"2-s2.0-84959461582","ef48d813-c397-4022-9532-ae498f31b7fd"
"2-s2.0-84959461582","3ee04b8f-4ded-472a-bdc9-500c3efe187b"
"2-s2.0-84959461582","76ba6efb-fa54-4fcf-9703-85ad38494696"
"2-s2.0-84959461582","af81309b-6311-4cb1-84d2-0a38149650ac"
"2-s2.0-84959461582","1a172104-f410-4410-a0ff-3f3be810d67b"
"2-s2.0-84959461582","919a822d-b76f-4086-8d14-776d39e235f1"
"2-s2.0-84959461582","a09e84c7-bf87-47fa-8dd9-7dbca2d94be3"
"2-s2.0-84959461582","d95d451f-cde7-4682-8bc8-68f597acd1ef"
"2-s2.0-84959461582","27234e9c-0ea1-4d59-8d53-477b1f631931"
"2-s2.0-84959461582","cb963a3d-2a28-4da4-9616-2a657ed3f5b3"
"2-s2.0-84959461582","04b9b8c9-f94c-4461-b64a-2dc802fddfcc"
"2-s2.0-84959461582","df6ef8d9-f4a0-4fea-8b15-c9e78c1736be"
"2-s2.0-84959461582","71d17387-39ab-4320-908c-4814e71faba1"
"2-s2.0-84959461582","36f2334d-1da2-4126-a2b8-29d775ff6c7e"
"2-s2.0-84959461582","73b30296-ffb5-4910-8dd5-74e858932646"
"2-s2.0-84959461582","f70460a9-0c80-408d-8059-0f208ec2b85f"
"2-s2.0-84959461582","785245f5-6fd4-459c-952e-a12052ea6f1f"
"2-s2.0-84959461582","4c68e011-c107-48b4-9875-b1ddde76421c"
"2-s2.0-84959461582","26d0acb0-9e19-477e-aaf9-1b5e655a0748"
"2-s2.0-84959461582","93107da8-85a3-4fbe-acba-899b03317a8a"
"2-s2.0-84959461582","545dff2a-482a-48fd-a604-1f24202bd886"
"2-s2.0-84959461582","c99c462e-c205-460c-a5af-70b85eadb6cb"
"2-s2.0-84959461582","6067a65b-2930-4003-826e-f8a59dd3270a"
"2-s2.0-84959461582","43671423-3071-4816-aba5-349c8fd13836"
"2-s2.0-84959461582","62e7a80d-191d-47ea-ae98-c594563c6a25"
"2-s2.0-84959461582","da4bdb10-b2d6-4af8-b539-501fb94b34f6"
"2-s2.0-84959461582","fa39f256-cd59-4b72-8603-994d950adfd2"
"2-s2.0-84908619466","15f0077e-2bbe-4bdf-99ec-b5605730b767"
"2-s2.0-84908619466","50494ea3-5cf3-4c7f-927f-edb3fe042982"
"2-s2.0-84908619466","93219415-ac08-4c0a-bb83-cf7d8e6fd4e6"
"2-s2.0-84908619466","2956cbcf-d2d8-422a-a3f8-778cca6665ef"
"2-s2.0-84908619466","52f087f0-d505-43ec-bb54-cb74f04a9b0e"
"2-s2.0-84908619466","e39a379b-ced2-491d-8568-bd27ef20dde9"
"2-s2.0-84908619466","dca6a249-0344-4e68-a75c-305eca3337eb"
"2-s2.0-84908619466","5ea18bfe-030e-4c22-8fea-b0b78479a6d3"
"2-s2.0-84908619466","6d4ca3e1-b8ec-4348-a621-2c3df5f33871"
"2-s2.0-84908619466","e7036f01-9533-48c5-9bcd-54b00a13e634"
"2-s2.0-84908619466","d1868e50-739e-4b8e-9767-9828b8e7b811"
"2-s2.0-84908619466","745b0f30-d7aa-4716-ab4a-4cd6aa04b0a0"
"2-s2.0-84908619466","f1fdb333-e436-4bf6-8d8a-0065d58bd580"
"2-s2.0-84908619466","c0990913-3834-4d62-b7fc-d5e84e442e13"
"2-s2.0-84908619466","e54566f6-bab7-436c-b8cb-1b5aa829b0ae"
"2-s2.0-84908619466","0b97b08a-e4f4-4569-a7e6-19e2d1d6bc70"
"2-s2.0-84908619466","5fdb810a-0509-46ca-9faf-434698b0879d"
"2-s2.0-84908619466","9df4e20f-4351-4a1a-8f21-77be2f1ea431"
"2-s2.0-84908619466","6067a65b-2930-4003-826e-f8a59dd3270a"
"2-s2.0-84908619466","c02e0587-105a-43ae-abeb-84f7bda324eb"
"2-s2.0-84908619466","5526a72f-257e-4b6a-a44e-d19965331e77"
"2-s2.0-84908619466","27234e9c-0ea1-4d59-8d53-477b1f631931"
"2-s2.0-84908619466","f566eaca-c692-478b-b1fa-b1b49005a8f2"
"2-s2.0-84908619466","11fc0ab5-1008-4715-b3c6-753614796217"
"2-s2.0-84908619466","cb963a3d-2a28-4da4-9616-2a657ed3f5b3"
"2-s2.0-84908619466","1ba10022-ae0d-4455-91ef-ebac7d33150b"
"2-s2.0-84908619466","2dbe2bb4-15e2-4f9c-8fe7-a07678ef3706"
"2-s2.0-84908619466","70b9da1f-cfac-410f-937f-5e469b3774fb"
"2-s2.0-84890556188","2da8088b-f518-43c5-af9c-e5bcd1871205"
"2-s2.0-84890556188","002cff96-d8f5-4967-ad52-134993f6461a"
"2-s2.0-84890556188","e55e9027-8a99-4b4f-a3fb-0374167d2064"
"2-s2.0-84890556188","19825464-bed8-4dfb-aa0e-38193db1eb95"
"2-s2.0-84890556188","fce56fbb-b2e2-41c1-93a0-ed080b1c76f0"
"2-s2.0-84890556188","fcbda0f5-8208-49da-94c5-2f4a5d7ecd64"
"2-s2.0-84890556188","f61499d7-9d5d-4f51-80fd-f938af712984"
"2-s2.0-84890556188","84004219-38ce-4be4-a86f-754d17d04b02"
"2-s2.0-84890556188","43c7e388-f90d-4988-94a1-86d89aeb2802"
"2-s2.0-84890556188","edf4f706-aa53-4227-a5f2-face239f4b2d"
"2-s2.0-84890556188","1f80d81e-6850-4940-8d27-0c4e969b283c"
"2-s2.0-84890556188","a09e84c7-bf87-47fa-8dd9-7dbca2d94be3"
"2-s2.0-84890556188","731577c1-7b1f-486f-9c24-bb712f1758f3"
"2-s2.0-84890556188","2b1e25fb-7320-45d9-bd5b-8fed7c7d2241"
"2-s2.0-84890556188","68ec2d4a-bf4e-4e70-b2cc-0a43fd05ef59"
"2-s2.0-84890556188","b56cfca7-2558-4515-9bfb-bd08bd9d7d4d"
"2-s2.0-84890556188","926e9268-a034-4257-8a9f-0700d7ebb9c5"
"2-s2.0-84890556188","1ccf857b-2eb9-4aee-9574-a0b9c2119d70"
"2-s2.0-84890556188","1e355eff-1b23-42b7-8b20-c33b8749fedf"
"2-s2.0-84890556188","14da1267-047c-4411-853e-02f7e2ac599c"
"2-s2.0-84890556188","504fcff6-494b-439f-a5c7-f1789b2cab91"
"2-s2.0-84890556188","eb25ce23-4b87-4c6e-ad6c-c175c53a6959"
"2-s2.0-84890556188","e5b06b4a-c4e3-4fa4-b6c7-c98cac676464"
"2-s2.0-84890556188","6eed319e-bcc4-4266-bbaf-02045fd9dfd3"
"2-s2.0-84890556188","c8a55754-66f3-419b-b19f-6b9f6f07a202"
"2-s2.0-84890556188","64008fbf-4b5e-4371-97fb-5c4eff090692"
"2-s2.0-84890556188","0abd7196-7749-4a15-b53c-22d28f60064f"
"2-s2.0-84890556188","df42fdad-313b-44c9-a8d0-62fa3e909c27"
"2-s2.0-84890556188","32a37e04-5ce2-40c7-8233-d1818fff4229"
"2-s2.0-84890556188","82d3de5c-f282-4aea-998f-3def416f23ba"
"2-s2.0-84890556188","1eb65382-ceb6-410e-8247-5e6708c5b385"
"2-s2.0-84890556188","b8d8a9f7-1953-4b0d-a253-50e8fffdabb6"
"2-s2.0-84890556188","a301e924-366c-40d6-805c-e7662752c0cc"
"2-s2.0-84890556188","053a2fb2-75e7-4d25-aa60-bee4b3f03981"
"2-s2.0-84890556188","93219415-ac08-4c0a-bb83-cf7d8e6fd4e6"
"2-s2.0-84890556188","4a422b8d-d8eb-41be-b6eb-ef54db30e7ed"
"2-s2.0-84890556188","f2870bd5-17b2-4530-bed6-fe4ac33d340d"
"2-s2.0-84890556188","a8fe2a9b-4b4a-4070-bf98-aa03ff5ec4bf"
"2-s2.0-84890556188","6067a65b-2930-4003-826e-f8a59dd3270a"
"2-s2.0-84890556188","27234e9c-0ea1-4d59-8d53-477b1f631931"
"2-s2.0-84890556188","c980ea66-5a0f-46c4-a881-fb177023b5fc"
"2-s2.0-84890556188","cb963a3d-2a28-4da4-9616-2a657ed3f5b3"
"2-s2.0-84888336724","2376e3b0-dd17-4980-88bc-3c79e681f04c"
"2-s2.0-84888336724","41a68c4c-4c03-470f-b4ff-c3ddc6dd3345"
"2-s2.0-84888336724","dc9aa1d9-18d4-4acd-b8a6-58582626f7d3"
"2-s2.0-84888336724","603d8248-2a06-4474-9d2f-3d7b1b865476"
"2-s2.0-84888336724","6d5a435e-ce4a-4aa3-88b9-09132b24bb5a"
"2-s2.0-84888336724","93219415-ac08-4c0a-bb83-cf7d8e6fd4e6"
"2-s2.0-84888336724","d09f9ead-a7f0-4cfd-9e72-8da987f180bf"
"2-s2.0-84888336724","86c3be11-0610-4c60-a840-7bb33129349c"
"2-s2.0-84888336724","f4da1c52-b169-4099-8c20-93abc5570a47"
"2-s2.0-84888336724","36320d0d-47f5-43a9-a507-99c9124daa76"
"2-s2.0-84888336724","31fce3db-4d11-494e-92b3-f284e3ca99e0"
"2-s2.0-84888336724","1e7c7bd9-3ddd-4964-80af-3c431be3ee82"
"2-s2.0-84888336724","aef9ff63-36a7-40e9-8001-e7a67a265c12"
"2-s2.0-84888336724","5d16e83a-54eb-4b4f-8d48-3e0960dac510"
"2-s2.0-84888336724","b0dd57f3-34ef-473b-bab2-1b5c9552e528"
"2-s2.0-84888336724","cd0e9fec-1f98-4a07-ba09-3d2cf53aeff6"
"2-s2.0-84888336724","e5d9f389-64fe-419a-918e-1045db677a9b"
"2-s2.0-84888336724","0811a9ac-7643-4bc0-b4c2-30897a01d24d"
"2-s2.0-84888336724","81c38ea9-1bfd-412f-947d-bc48aef1cbf6"
"2-s2.0-84888336724","27234e9c-0ea1-4d59-8d53-477b1f631931"
"2-s2.0-84888336724","b64a7301-b4ad-4aae-aef2-23a03746dfcb"
"2-s2.0-84888336724","3e8885db-bee0-4581-a4e4-30e153c67674"
"2-s2.0-84888336724","6ac9fd4e-ac49-4162-bf3b-055e65355d21"
"2-s2.0-84907571430","a553ec77-3892-4d6d-8c4e-d8418974a852"
"2-s2.0-84907571430","d620159e-aff7-4c8e-8df5-ff8bbd8cb1c1"
"2-s2.0-84979947918","49867903-72a8-4718-830e-14e7eac106f7"
"2-s2.0-84979947918","7a63c38e-0c0f-4c47-89f2-75a1e496802c"
"2-s2.0-84979947918","32b461ef-2ef9-43f7-88c9-9764ab68cfaa"
"2-s2.0-84979947918","d1868e50-739e-4b8e-9767-9828b8e7b811"
"2-s2.0-84979947918","58cc3c4d-c5eb-4cc3-ba7c-15798a34381f"
"2-s2.0-84979947918","cb963a3d-2a28-4da4-9616-2a657ed3f5b3"
"2-s2.0-84979947918","da695a03-cae2-44b0-8d74-ddc1f46a8959"
"2-s2.0-84979947918","1b6158d5-5cea-409b-8191-bed8b16ac4a9"
"2-s2.0-84979947918","8f29bdb3-4378-4c35-8fc1-8137910b057a"
"2-s2.0-84979947918","95924b2a-6318-43e8-ab88-d7dab31bf078"
"2-s2.0-84979947918","fa2eb370-7c94-46b8-8de1-ebe0c6ed9979"
"2-s2.0-84979947918","06e8643b-e0bd-4b84-8560-9152d172ba40"
"2-s2.0-84979947918","134b0633-1bd3-460d-b219-0e55f4a26eb2"
"2-s2.0-84896849261","1d6eaeed-1ebf-4186-9071-f6297f839aa6"
"2-s2.0-84896849261","affa05a6-fc5f-4010-ba32-c5129a4af088"
"2-s2.0-84896849261","e97a382c-1946-472a-a75c-0299ea85fcef"
"2-s2.0-84896849261","1faa0474-7744-4486-82ab-0865cf68f31d"
"2-s2.0-84896849261","4d382190-a527-4fe5-b6ae-1b7831f6efa3"
"2-s2.0-84896849261","86fd0c5f-d9fc-4771-9e84-3f88084ea998"
"2-s2.0-84896849261","3fdae477-4ac0-46cb-971b-a3d5f5bb501f"
"2-s2.0-84896849261","ecb5a5ef-bc68-43db-a75d-83fdbf5d4b69"
"2-s2.0-84896849261","17467def-26de-4d1f-956e-8a3e66799c5c"
"2-s2.0-84896849261","68e290c5-9df7-4165-839a-22b158d17779"
"2-s2.0-84896849261","31478e12-8f52-40e7-bf01-17e08410ed24"
"2-s2.0-84896849261","4678bdc6-3bb3-4087-a4a3-a3bb43a4e3f3"
"2-s2.0-84896849261","86dc8e56-d80c-4379-9df6-eac44b00a6c9"
"2-s2.0-84933505930","a0be0c4d-934f-47fa-90b1-0ae071ac6821"
"2-s2.0-84933505930","1a955049-1800-4589-9a83-e1681a0c3f45"
"2-s2.0-84933505930","a768dfcf-4611-45c1-b860-75a0f1529af9"
"2-s2.0-84933505930","c6706015-dab9-40ed-b84a-a014e33f8f6b"
"2-s2.0-84934950980","6f9189be-e3e8-4752-aa24-3378954185fc"
"2-s2.0-84934950980","eebcd138-4cb2-4126-9ef8-d9a05eb83523"
"2-s2.0-84934950980","532149ce-f6d9-41a9-95fc-fc376b44c786"
"2-s2.0-84934950980","780cc5d9-8f42-42c3-9cad-f84bfd58a7eb"
"2-s2.0-84934950980","fcbda0f5-8208-49da-94c5-2f4a5d7ecd64"
"2-s2.0-84934950980","323dd7f3-9e69-40f7-b32b-b390c21eea23"
"2-s2.0-84934950980","76c5d21e-5102-4a6e-b542-8f2db9cd251c"
"2-s2.0-84934950980","bbb540ca-3373-425f-958a-89c382455078"
"2-s2.0-84934950980","ddc77f70-ee5a-4780-90fb-5ab38edeb9e9"
"2-s2.0-84934950980","757d1dd9-5224-438b-8331-8cc3f1b715e0"
"2-s2.0-84934950980","8a41b66f-e02d-48cc-b8bd-4b26611644de"
"2-s2.0-84934950980","810df41b-cf94-459b-adeb-798462a65a8c"
"2-s2.0-84934950980","5c075e73-beda-4d85-9764-1f01f76250cc"
"2-s2.0-84934950980","1bb11b13-2e1f-4e58-9c68-39cbb35aad0c"
"2-s2.0-84934950980","72fde472-7118-4cd4-b1de-3ac7b0b0e8f9"
"2-s2.0-84934950980","56329d22-7c4a-4902-a18e-a160f4d89dd8"
"2-s2.0-84934950980","cc86c886-c4a3-4b7a-bb8f-69e7618916df"
"2-s2.0-84934950980","4c68e011-c107-48b4-9875-b1ddde76421c"
"2-s2.0-84934950980","c99c462e-c205-460c-a5af-70b85eadb6cb"
"2-s2.0-84934950980","ef4ca86c-b23d-4f0a-8ce5-49b6a104cfc2"
"2-s2.0-84934950980","cb963a3d-2a28-4da4-9616-2a657ed3f5b3"
"2-s2.0-84940765972","524c42cb-bd0c-4dcb-b2bb-e72a68f1be0d"
"2-s2.0-84940765972","cfe9338c-6167-4575-8201-9c6bba21bb5b"
"2-s2.0-84940765972","8c647fd2-71e3-4c4d-bffb-5b4601c7c8c8"
"2-s2.0-84940765972","6367878e-4eac-4fee-83bb-5edc37e394f0"
"2-s2.0-84940765972","36c14ca4-4b21-40bb-9902-92ab9de4e006"
"2-s2.0-84940765972","1993904f-98d7-424a-8751-0ff7abe139b6"
"2-s2.0-84940765972","eb1946b5-0d50-47f9-ab5a-d8fabc0fa102"
"2-s2.0-84940765972","28ccf90c-23f9-402e-88c5-d6dd359b5615"
"2-s2.0-84940765972","41a68c4c-4c03-470f-b4ff-c3ddc6dd3345"
"2-s2.0-84940765972","84b194fc-a287-40ac-a259-1a3ffb27d785"
"2-s2.0-84940765972","f17ae6e7-be67-438e-a963-d52ee9a22cc5"
"2-s2.0-84940765972","f70460a9-0c80-408d-8059-0f208ec2b85f"
"2-s2.0-84940765972","d81af090-b9c2-434b-aa4e-22742d428cf3"
"2-s2.0-84940765972","1dcab994-6712-4f87-bb5a-54b94a275ad5"
"2-s2.0-84940765972","9c2f8523-d138-4305-b8d1-5d419145caf3"
"2-s2.0-84932139147","5191aa66-5936-4f0e-beb0-3bf63899692e"
"2-s2.0-84932139147","3f958ce4-cc54-47ae-95ff-ae0b6f0ab6ea"
"2-s2.0-84932139147","974bab01-e697-4227-af8a-d05e1805d4fb"
"2-s2.0-84931559928","002cff96-d8f5-4967-ad52-134993f6461a"
"2-s2.0-84931559928","3af7e431-c631-4432-a3ec-2d69b8c7eda8"
"2-s2.0-84931559928","eebcd138-4cb2-4126-9ef8-d9a05eb83523"
"2-s2.0-84931559928","68899cbf-99a0-4fae-a463-902eb949f75e"
"2-s2.0-84931559928","539e3086-7623-4fb7-ba0d-a1ff5416c962"
"2-s2.0-84931559928","fce56fbb-b2e2-41c1-93a0-ed080b1c76f0"
"2-s2.0-84931559928","fcbda0f5-8208-49da-94c5-2f4a5d7ecd64"
"2-s2.0-84931559928","3d03291e-ad32-4f9b-9631-99616d46ef62"
"2-s2.0-84931559928","4fcd182f-a798-4bfb-8d60-0d65e902a5ce"
"2-s2.0-84931559928","3975d55e-6db9-4728-8610-27bef60f5e03"
"2-s2.0-84931559928","d23d1930-d9db-456c-a378-961384f12f58"
"2-s2.0-84931559928","46d76092-96b2-4958-ab0b-6d137fcdddfe"
"2-s2.0-84931559928","7ad17c33-07eb-4a7a-86bd-abbd423d5f39"
"2-s2.0-84931559928","7dbe7c83-f196-43ca-8c29-4bd2189fdeea"
"2-s2.0-84931559928","aa2df6da-2860-4e67-8999-8ca5e9edd410"
"2-s2.0-84931559928","52174854-3270-4bf7-b012-e4bd867709c9"
"2-s2.0-84931559928","7f4484e7-53cc-4700-a2e8-b862eb0d70f7"
"2-s2.0-84931559928","006750b6-678b-48bd-b4db-f8fbabe6dc0d"
"2-s2.0-84931559928","07925b33-c202-490d-a9c9-4f104cefa9fe"
"2-s2.0-84931559928","cfd575d1-cf2e-4ea8-aa31-d22ca3162516"
"2-s2.0-84931559928","d949790c-6921-423b-82c1-a6b601c2d6eb"
"2-s2.0-84931559928","6edf1234-d7d9-4cc8-b48d-6014746538f9"
"2-s2.0-84931559928","e7fa858e-a248-471b-89b1-d5a51baf7dd0"
"2-s2.0-84931559928","1fb2ae42-0534-406a-81bc-31dd6228f63a"
"2-s2.0-84931559928","47cb67b6-5338-46e7-9fea-543c395ab731"
"2-s2.0-84931559928","93219415-ac08-4c0a-bb83-cf7d8e6fd4e6"
"2-s2.0-84931559928","4a422b8d-d8eb-41be-b6eb-ef54db30e7ed"
"2-s2.0-84931559928","cc4bf925-b51d-414d-a36f-81f748bf6765"
"2-s2.0-84931559928","d16e31f8-cf75-4166-b672-5ff347397fd7"
"2-s2.0-84931559928","5394fb0f-05d0-44f9-8a63-9eb967f5e146"
"2-s2.0-84931559928","a09e84c7-bf87-47fa-8dd9-7dbca2d94be3"
"2-s2.0-84931559928","e31619a1-92fc-44f6-8bf2-f1b87645bf49"
"2-s2.0-84931559928","27234e9c-0ea1-4d59-8d53-477b1f631931"
"2-s2.0-84931559928","2d6efeb2-b259-4732-8747-935078886dd3"
"2-s2.0-84931559928","cb963a3d-2a28-4da4-9616-2a657ed3f5b3"
"2-s2.0-84931559928","4c68e011-c107-48b4-9875-b1ddde76421c"
"2-s2.0-84931559928","ef4ca86c-b23d-4f0a-8ce5-49b6a104cfc2"
"2-s2.0-84931559928","fea1afa8-13e5-49c7-b0cf-5ca38dc99aec"
"2-s2.0-84973299829","a0be0c4d-934f-47fa-90b1-0ae071ac6821"
"2-s2.0-84973299829","19efe7b1-5caa-476a-9bbb-dfce57adf9ed"
"2-s2.0-84973299829","97ff6fe0-df49-4d75-b8f8-e602fcdffbd8"
"2-s2.0-84973299829","4a81f730-2999-443c-87c8-9f8d88437dfe"
"2-s2.0-84973299829","300fcc9f-4239-4697-8630-8db681109a4e"
"2-s2.0-84973299829","827768a4-0035-4efd-bdcb-9b2815384fac"
"2-s2.0-84973299829","871dfa32-ecb5-4129-92f1-11e46510ec0e"
"2-s2.0-84973299829","97168dd3-ffe0-473f-86d3-2551c397c485"
"2-s2.0-84973299829","5fc502e8-27dd-4573-ad95-b8881f4f733d"
"2-s2.0-84973299829","f17ae6e7-be67-438e-a963-d52ee9a22cc5"
"2-s2.0-84973299829","c4e54626-5c81-4c05-bfe6-4caff474e30a"
"2-s2.0-84973299829","b6b4f4c1-0779-4aa1-b2c2-94464f5ae8db"
"2-s2.0-84973299829","3ea43938-13bf-4d4e-b150-54d7d22762d7"
"2-s2.0-84973299829","9c347188-a2e9-499f-87ec-777a9b959f11"
"2-s2.0-84973299829","2cfaa746-f15a-4dac-ad58-b1c24d629275"
"2-s2.0-84973299829","dd63f685-cce0-4f65-b9e2-1091f37ef2ea"
"2-s2.0-84973299829","00fad238-de91-4337-a247-bb3a45db901e"
"2-s2.0-84936936770","f8ad25fc-de1e-438e-9104-53b5ccc3f8ce"
"2-s2.0-84936936770","1530742d-533d-4c67-a24b-5de76e164d2e"
"2-s2.0-84936936770","d6b1a214-ca83-4c5c-8014-941867590222"
"2-s2.0-84936936770","040b7ab2-91a3-4469-a798-fed9747fb1e8"
"2-s2.0-84936936770","974bab01-e697-4227-af8a-d05e1805d4fb"
"2-s2.0-84883712497","1cb70d73-e480-48b7-83dc-f451740f67c5"
"2-s2.0-84883712497","997ae603-5c5c-497c-b5bd-9d343925c632"
"2-s2.0-84883712497","524c42cb-bd0c-4dcb-b2bb-e72a68f1be0d"
"2-s2.0-84883712497","cfe9338c-6167-4575-8201-9c6bba21bb5b"
"2-s2.0-84883712497","b1e89090-b68a-40dc-a250-b79510d7ec8f"
"2-s2.0-84883712497","ec68a486-62ee-4c4f-be2f-71e126ce1ad8"
"2-s2.0-84883712497","6d4ca3e1-b8ec-4348-a621-2c3df5f33871"
"2-s2.0-84883712497","9df4e20f-4351-4a1a-8f21-77be2f1ea431"
"2-s2.0-84883712497","18c239d6-213c-4bcb-a9a2-53ad53d55d53"
"2-s2.0-84883712497","fe328c46-2087-41aa-9bcb-537e88d2cc10"
"2-s2.0-84883712497","f17ae6e7-be67-438e-a963-d52ee9a22cc5"
"2-s2.0-84883712497","f70460a9-0c80-408d-8059-0f208ec2b85f"
"2-s2.0-84883712497","a36ea4b5-455a-4b6d-b834-035ad2a3d9e5"
"2-s2.0-84883712497","c7759abe-84e6-4e55-8b6c-ab9ec3777ab6"
"2-s2.0-84883712497","545dff2a-482a-48fd-a604-1f24202bd886"
"2-s2.0-84883712497","43671423-3071-4816-aba5-349c8fd13836"
"2-s2.0-84883712497","23621d0e-9b98-43ff-859e-e83a3e80e6e4"
"2-s2.0-84911488448","f34ffd39-778f-460f-868f-29314bd0ac29"
"2-s2.0-84911488448","568d93c5-7e69-4662-af3f-c4dd33cac420"
"2-s2.0-84911488448","52f087f0-d505-43ec-bb54-cb74f04a9b0e"
"2-s2.0-84911488448","9fed1ef4-0600-410e-972a-3a83120178f3"
"2-s2.0-84911488448","eb1946b5-0d50-47f9-ab5a-d8fabc0fa102"
"2-s2.0-84911488448","040b7ab2-91a3-4469-a798-fed9747fb1e8"
"2-s2.0-84911488448","7bc26f86-0c27-471e-a5ff-6c15d6b479e6"
"2-s2.0-84911488448","86f13f66-9fe0-4865-b037-1bf1a2373093"
"2-s2.0-84911488448","9c347188-a2e9-499f-87ec-777a9b959f11"
"2-s2.0-84911488448","c123f1ad-5ff0-45f8-99e7-1afc5ba591cf"
"2-s2.0-84911488448","2d7e9c83-4211-437d-b6ab-090f0ca152dd"
"2-s2.0-84911488448","67cee9f7-947e-4de5-9076-cf7981c2c428"
"2-s2.0-84911488448","6b1249fe-d20b-4576-8d95-f193053950ee"
"2-s2.0-84911488448","2f3cc079-b9e4-4492-b07c-6cceb5ffc5a1"
"2-s2.0-84911488448","b88b1fc5-0bb5-4750-9173-11e5f0640947"
"2-s2.0-84911488448","c131f6ff-012f-4d1d-bda3-e8b6942f9e4b"
"2-s2.0-84911488448","4fee46ea-337a-4464-b86c-dd1d328216cf"
"2-s2.0-84911488448","cd93de56-89a6-4b27-83ef-905664520d38"
"2-s2.0-84911488448","c8649afc-a18f-41fb-9557-0a9d6877a1b1"
"2-s2.0-84911488448","c0f1d3ea-9826-43ea-9034-43b05ca2db89"
"2-s2.0-84911488448","47cb67b6-5338-46e7-9fea-543c395ab731"
"2-s2.0-84911488448","cfe9338c-6167-4575-8201-9c6bba21bb5b"
"2-s2.0-84911488448","93219415-ac08-4c0a-bb83-cf7d8e6fd4e6"
"2-s2.0-84911488448","5684ba11-ace6-4610-a448-ae60935cfd60"
"2-s2.0-84911488448","d09f9ead-a7f0-4cfd-9e72-8da987f180bf"
"2-s2.0-84911488448","e7193a0b-3de1-43ba-8bb9-b3cc66ac4f1a"
"2-s2.0-84911488448","55c52912-effe-46d4-a43f-23a465d08543"
"2-s2.0-84911488448","a71ebe8c-aaf0-49ac-a500-14dc3cbeb191"
"2-s2.0-84911488448","30b3c1a3-5cdb-4252-8a38-b678a6d521d8"
"2-s2.0-84911488448","68bbced6-7ea5-4b0f-b794-9d3ae8848436"
"2-s2.0-84911488448","b82709a1-d9a5-42fc-ab0e-b7077cb23da5"
"2-s2.0-84911488448","540a813d-a221-4468-ae50-52784219da41"
"2-s2.0-84911488448","5cdd2b2f-51db-4d47-991c-ba3be09fbfad"
"2-s2.0-84911488448","477435b6-79d2-4d85-867a-dea287933bd9"
"2-s2.0-84911488448","27234e9c-0ea1-4d59-8d53-477b1f631931"
"2-s2.0-84911488448","8bcaabd0-b313-41e3-9851-c72a4893b042"
"2-s2.0-84911488448","264a6640-5278-4b20-a104-f09a4ae94774"
"2-s2.0-84911488448","a7db1b7e-ba79-4c74-b425-0353b509f99c"
"2-s2.0-84911488448","4c68e011-c107-48b4-9875-b1ddde76421c"
"2-s2.0-84911488448","acb6ec57-07c2-476a-9063-638b3da51f2c"
"2-s2.0-84911488448","545dff2a-482a-48fd-a604-1f24202bd886"
"2-s2.0-84911488448","19b4a5d3-8da3-4fe3-ac8a-771894b9dd4f"
"2-s2.0-85019155003","909614d3-706a-4703-b255-35691734965a"
"2-s2.0-85019155003","e6160853-bfd2-4bc7-b7ed-b1ca68a1a436"
"2-s2.0-85019155003","2371f538-6a45-4b7c-b4c3-448d26827d95"
"2-s2.0-85019155003","84a70ec6-e150-4d18-b3ba-f58b528404d5"
"2-s2.0-85019155003","6fb61585-ec5a-49ab-820f-8bd4faae4d81"
"2-s2.0-85019155003","d218d80f-8aea-4d1c-af88-23f7b3506546"
"2-s2.0-85019155003","720cf187-7da4-4326-bbbe-f643c8243d1f"
"2-s2.0-85019155003","cb449e0e-7db6-4500-aa2e-0f5a187ff377"
"2-s2.0-85019155003","c04c8888-6da4-4be8-8081-5043fe9e9553"
"2-s2.0-85019155003","48dd83bd-3f9a-4f6b-b17d-3de048a3f8dd"
"2-s2.0-85019155003","dfc92063-e832-4422-8052-f8b37a8deaaf"
"2-s2.0-85019155003","56d4a988-9d57-43b4-ba5f-4b778c4fccd9"
"2-s2.0-85019155003","07925b33-c202-490d-a9c9-4f104cefa9fe"
"2-s2.0-85019155003","4c4188ab-62ec-4bda-b4f1-6690b7224a37"
"2-s2.0-85019155003","58c8f0af-7406-4f21-8fb4-bd79dd0f245b"
"2-s2.0-85019155003","a1fd6b6f-f192-4845-b90c-941798050401"
"2-s2.0-85019155003","63759104-3568-4d45-b53d-c85bcd3bf3c9"
"2-s2.0-85019155003","1ead4eb9-2a96-434b-a0d0-492a549f646c"
"2-s2.0-85019155003","543dd89c-a1d6-4844-8ff0-1e77f91bcfa2"
"2-s2.0-85019155003","5b5a0e27-4297-4acb-928b-393291e8b474"
"2-s2.0-85019155003","ef2aa77e-54f9-40a6-8089-366793194fcd"
"2-s2.0-85019155003","00f7c9c5-b037-40f0-b3c2-fe13f17f4ba2"
"2-s2.0-85019155003","acca9a5d-9d40-4fd8-ab74-22f72814695e"
"2-s2.0-85019155003","e5968bd3-0bea-4079-bb36-f1cceccbf78b"
"2-s2.0-85019155003","cab15f35-7648-4d3c-bc19-91e20f3b1281"
"2-s2.0-85019155003","4ebb54ee-167a-47c9-9cdb-8f0e335f4829"
"2-s2.0-85019155003","bcf3b37d-967e-4edb-a112-7de06ef962ec"
"2-s2.0-85019155003","c2d23f5b-aaf0-4adb-b791-8cb0bab580d1"
"2-s2.0-85019155003","6a3a5eaa-7c80-4eb8-a42b-e1d8bf82070d"
"2-s2.0-85019155003","82d3de5c-f282-4aea-998f-3def416f23ba"
"2-s2.0-85019155003","b3cd135d-4722-4a85-bfde-08db066de05f"
"2-s2.0-85019155003","2b22af41-4a7a-4999-bd17-59412b084a64"
"2-s2.0-85019155003","1fb2ae42-0534-406a-81bc-31dd6228f63a"
"2-s2.0-85019155003","47cb67b6-5338-46e7-9fea-543c395ab731"
"2-s2.0-85019155003","93219415-ac08-4c0a-bb83-cf7d8e6fd4e6"
"2-s2.0-85019155003","e02f2bd0-9092-4a6b-bfd1-359e33fb3f85"
"2-s2.0-85019155003","cc4bf925-b51d-414d-a36f-81f748bf6765"
"2-s2.0-85019155003","d09f9ead-a7f0-4cfd-9e72-8da987f180bf"
"2-s2.0-85019155003","811646fc-5ce5-4c33-b1f9-de7ce60ab630"
"2-s2.0-85019155003","6c7b23c9-ad61-4f5b-8c1f-7cf3a9e334e8"
"2-s2.0-85019155003","7f4484e7-53cc-4700-a2e8-b862eb0d70f7"
"2-s2.0-85019155003","5394fb0f-05d0-44f9-8a63-9eb967f5e146"
"2-s2.0-85019155003","52888c44-8bc0-44c1-af43-26aaa45bd810"
"2-s2.0-85019155003","84c43184-2562-4094-afa7-5e5d8ea82ee6"
"2-s2.0-85019155003","ef4ca86c-b23d-4f0a-8ce5-49b6a104cfc2"
"2-s2.0-85019155003","ca35e44a-9241-444b-a426-236a66a420e6"
"2-s2.0-85019155003","27234e9c-0ea1-4d59-8d53-477b1f631931"
"2-s2.0-85019155003","cb963a3d-2a28-4da4-9616-2a657ed3f5b3"
"2-s2.0-85019155003","54e58ce2-5b5f-4c2f-8a0a-6f422d7452c8"
"2-s2.0-85019155003","39076a15-b1c8-4735-9db5-d6ab25ab4d68"
"2-s2.0-85019155003","006750b6-678b-48bd-b4db-f8fbabe6dc0d"
"2-s2.0-84939189558","2da8088b-f518-43c5-af9c-e5bcd1871205"
"2-s2.0-84939189558","002cff96-d8f5-4967-ad52-134993f6461a"
"2-s2.0-84939189558","e7c8aaf6-0565-46db-a763-ac4446e11674"
"2-s2.0-84939189558","22749987-5914-4b51-a7bb-fb58133fa350"
"2-s2.0-84939189558","3567c17f-64bf-4b33-9c66-55e2f4552861"
"2-s2.0-84939189558","532149ce-f6d9-41a9-95fc-fc376b44c786"
"2-s2.0-84939189558","fce56fbb-b2e2-41c1-93a0-ed080b1c76f0"
"2-s2.0-84939189558","45877c2e-cd28-4bd2-acb7-4ecd26530d1f"
"2-s2.0-84939189558","fcbda0f5-8208-49da-94c5-2f4a5d7ecd64"
"2-s2.0-84939189558","7243be48-bc91-4745-9c16-6e1a91c5e2ba"
"2-s2.0-84939189558","f61499d7-9d5d-4f51-80fd-f938af712984"
"2-s2.0-84939189558","84004219-38ce-4be4-a86f-754d17d04b02"
"2-s2.0-84939189558","3975d55e-6db9-4728-8610-27bef60f5e03"
"2-s2.0-84939189558","d23d1930-d9db-456c-a378-961384f12f58"
"2-s2.0-84939189558","f2347ad9-8afc-4be7-8ee4-ca59d1e473a7"
"2-s2.0-84939189558","d93205de-6b78-4173-9a48-e36c72d511f7"
"2-s2.0-84939189558","e5b06b4a-c4e3-4fa4-b6c7-c98cac676464"
"2-s2.0-84939189558","6eed319e-bcc4-4266-bbaf-02045fd9dfd3"
"2-s2.0-84939189558","c8a55754-66f3-419b-b19f-6b9f6f07a202"
"2-s2.0-84939189558","6bdfa7fe-507c-47c7-99ba-51d4a56f624e"
"2-s2.0-84939189558","07a6f32d-c8ea-4b5f-8c31-243df04540be"
"2-s2.0-84939189558","e0309f23-e933-4172-9951-27d7666ed4c6"
"2-s2.0-84939189558","019b7a24-bff5-4e05-b0c9-15de5a712e15"
"2-s2.0-84939189558","d16b0834-3ee8-4162-8b67-4f7309ffe746"
"2-s2.0-84939189558","df42fdad-313b-44c9-a8d0-62fa3e909c27"
"2-s2.0-84939189558","32a37e04-5ce2-40c7-8233-d1818fff4229"
"2-s2.0-84939189558","bde83467-12fc-4b0b-b209-3ac25f8c5d1f"
"2-s2.0-84939189558","63e2859a-6745-474c-b58c-a618928d210a"
"2-s2.0-84939189558","9ee959a5-8166-44d0-ba54-b4a562b9757f"
"2-s2.0-84939189558","82d3de5c-f282-4aea-998f-3def416f23ba"
"2-s2.0-84939189558","c17653dc-b047-4dd9-b0e9-f597e239d9a9"
"2-s2.0-84939189558","93219415-ac08-4c0a-bb83-cf7d8e6fd4e6"
"2-s2.0-84939189558","4a422b8d-d8eb-41be-b6eb-ef54db30e7ed"
"2-s2.0-84939189558","7f3c565a-1311-4b31-82a0-8f0a6c93afd9"
"2-s2.0-84939189558","6c7b23c9-ad61-4f5b-8c1f-7cf3a9e334e8"
"2-s2.0-84939189558","e277a3b7-7655-4568-8ffb-ff827a9a3b4f"
"2-s2.0-84939189558","94770095-90e5-4cf1-94ee-11e7927e66ad"
"2-s2.0-84939189558","f470d1d8-3009-4dba-8644-ab32c8746522"
"2-s2.0-84939189558","bce78486-02e2-428a-b4b1-71dd7d5e2eb9"
"2-s2.0-84939189558","a8fe2a9b-4b4a-4070-bf98-aa03ff5ec4bf"
"2-s2.0-84939189558","cb963a3d-2a28-4da4-9616-2a657ed3f5b3"
"2-s2.0-84939189558","7a3b75db-3d8f-4471-ad6b-a12e5bde348f"
"2-s2.0-84939189558","5971aab4-6e65-418d-bc5a-899b0a48f65f"
"2-s2.0-84939189558","2e868e28-f66b-470d-9599-856f4100ef7a"
"2-s2.0-84939189558","3bf0c5d4-9128-4671-b5f6-438ed45dd758"
"2-s2.0-84939189558","c7c1f524-cab8-435c-8140-a73aa013bc42"
"2-s2.0-84939189558","cc86c886-c4a3-4b7a-bb8f-69e7618916df"
"2-s2.0-84939189558","4c68e011-c107-48b4-9875-b1ddde76421c"
"2-s2.0-84939189558","4f42db32-09c4-41a5-ad5b-50c4ad3ae095"
"2-s2.0-84939189558","c99c462e-c205-460c-a5af-70b85eadb6cb"
"2-s2.0-84939189558","2c3eef6f-63bf-4a0a-a3c3-0c605ed86f27"
"2-s2.0-84939189558","62e7a80d-191d-47ea-ae98-c594563c6a25"
"2-s2.0-84939189558","dab13e60-ffd3-4952-8183-6415abd2758c"
"2-s2.0-84897476485","f21a5e32-33f6-4b79-b1b2-0602f2830f77"
"2-s2.0-84897476485","fc7e6583-4d04-43e1-8a08-9231a4141006"
"2-s2.0-84897476485","785156eb-db04-4cbe-81d0-a0596c9e2435"
"2-s2.0-84897476485","4acbf0b2-3be1-4058-8c34-083f1a4c8bcb"
"2-s2.0-84897476485","50a967a6-c47c-461b-a846-da627e616cca"
"2-s2.0-84897476485","819734c6-b710-4f20-8552-3155c9607648"
"2-s2.0-84897476485","ca30db75-4a12-4547-9b93-ed4e0af173d3"
"2-s2.0-84897476485","0520ec8f-6159-4325-96df-c58fecfedd9f"
"2-s2.0-84897476485","fb674571-6995-499d-ab05-f123d6947fb4"
"2-s2.0-84897476485","1e235e53-1c50-42c9-85a6-3d24c64080a3"
"2-s2.0-84897476485","ad4eeca5-a21d-43b1-ab55-bff07452be5c"
"2-s2.0-84897476485","2eeb2e37-a856-401f-9413-76b55170f5ce"
"2-s2.0-84897476485","2d09cc5b-a495-4702-8c37-290b428dd333"
"2-s2.0-84897476485","db34a390-f06f-4322-9c16-777228875f73"
"2-s2.0-84908511430","1772fb43-79bc-4418-90d2-4c296c98138f"
"2-s2.0-84908511430","6f9189be-e3e8-4752-aa24-3378954185fc"
"2-s2.0-84908511430","655d237a-576c-43dc-a204-9097be2859ca"
"2-s2.0-84945977356","f34ffd39-778f-460f-868f-29314bd0ac29"
"2-s2.0-84945977356","922e8a80-546c-4d20-be99-d97f69f69d8c"
"2-s2.0-84945977356","4c2fb67d-accf-4f87-a37c-a30e9e3e3f53"
"2-s2.0-84945977356","97ff6fe0-df49-4d75-b8f8-e602fcdffbd8"
"2-s2.0-84945977356","dd2e1d8d-452d-4263-85a7-a575a5ebefc8"
"2-s2.0-84945977356","26a1b45d-0b99-44c2-9346-49edf212d35f"
"2-s2.0-84945977356","fe8d21f5-4794-4b8a-b42c-650cf02a36ee"
"2-s2.0-84945977356","699e0e17-f6fa-4118-83c7-6764a26bf028"
"2-s2.0-84945977356","fce56fbb-b2e2-41c1-93a0-ed080b1c76f0"
"2-s2.0-84945977356","9f6de1b8-5b8d-4c1a-b118-36e88974cff7"
"2-s2.0-84945977356","de9299e6-2bad-4f54-b275-0ee9be4822a0"
"2-s2.0-84945977356","2d7bd9cf-50f5-448a-ace7-6ed8a9aebaec"
"2-s2.0-84945977356","2d7e9c83-4211-437d-b6ab-090f0ca152dd"
"2-s2.0-84945977356","9bb34f49-8103-4449-9669-caf2f05ce41a"
"2-s2.0-84945977356","0c784606-2618-4e2c-9eb7-121d828eedb4"
"2-s2.0-84945977356","b501c951-5fac-42aa-97be-2ad56a3017e9"
"2-s2.0-84945977356","32a37e04-5ce2-40c7-8233-d1818fff4229"
"2-s2.0-84945977356","87e0d2f1-1ea9-4b52-babd-6819a6c73308"
"2-s2.0-84945977356","82d3de5c-f282-4aea-998f-3def416f23ba"
"2-s2.0-84945977356","bcaef31f-3bc4-4bc0-8dbe-6b72a2aece38"
"2-s2.0-84945977356","47cb67b6-5338-46e7-9fea-543c395ab731"
"2-s2.0-84945977356","93219415-ac08-4c0a-bb83-cf7d8e6fd4e6"
"2-s2.0-84945977356","d09f9ead-a7f0-4cfd-9e72-8da987f180bf"
"2-s2.0-84945977356","5fe0c17d-ee4f-4d9c-86f3-3e51136c43c8"
"2-s2.0-84945977356","b6b4f4c1-0779-4aa1-b2c2-94464f5ae8db"
"2-s2.0-84945977356","b01dc8eb-4636-4aa9-8912-17cb064d0ccc"
"2-s2.0-84945977356","d1868e50-739e-4b8e-9767-9828b8e7b811"
"2-s2.0-84945977356","d3f1a493-195d-4cea-b6b1-163443552522"
"2-s2.0-84945977356","1ac6576a-f1cb-41eb-aa24-9a5eec4c9319"
"2-s2.0-84945977356","065d0f56-a67e-4c4f-845b-595f320e35b1"
"2-s2.0-84945977356","27234e9c-0ea1-4d59-8d53-477b1f631931"
"2-s2.0-84945977356","09b9f1d2-4ffa-432f-a16d-dd337e89540c"
"2-s2.0-84945977356","04b9b8c9-f94c-4461-b64a-2dc802fddfcc"
"2-s2.0-84945977356","a4cd7aa1-aebc-45f4-96f7-3c6adb8eb74d"
"2-s2.0-84945977356","4a422b8d-d8eb-41be-b6eb-ef54db30e7ed"
"2-s2.0-84945977356","93107da8-85a3-4fbe-acba-899b03317a8a"
"2-s2.0-84945977356","c99c462e-c205-460c-a5af-70b85eadb6cb"
"2-s2.0-84945977356","62b38f6c-f87d-4141-b9cd-ec8b4b3a9720"
"2-s2.0-84945977356","9c347188-a2e9-499f-87ec-777a9b959f11"
"2-s2.0-84919363688","9ef53e4e-b799-417b-b0bd-10d1d89ee923"
"2-s2.0-84919363688","6f9189be-e3e8-4752-aa24-3378954185fc"
"2-s2.0-84919363688","78bb75b4-348a-4107-a43c-0c7ecdd30d4c"
"2-s2.0-84919363688","732ef9a5-4881-42c4-8753-70c5e5a2cc77"
"2-s2.0-84919363688","89a7ea55-900e-4f26-9152-c5598c7d31ac"
"2-s2.0-84919363688","07925b33-c202-490d-a9c9-4f104cefa9fe"
"2-s2.0-84919363688","e5e97768-c767-42b3-bb07-dbff7800315b"
"2-s2.0-84919363688","5b5a0e27-4297-4acb-928b-393291e8b474"
"2-s2.0-84919363688","32a37e04-5ce2-40c7-8233-d1818fff4229"
"2-s2.0-84919363688","82d3de5c-f282-4aea-998f-3def416f23ba"
"2-s2.0-84919363688","93219415-ac08-4c0a-bb83-cf7d8e6fd4e6"
"2-s2.0-84919363688","cc4bf925-b51d-414d-a36f-81f748bf6765"
"2-s2.0-84919363688","811646fc-5ce5-4c33-b1f9-de7ce60ab630"
"2-s2.0-84919363688","d76e3332-955a-4e71-adc0-dd39f47db8e1"
"2-s2.0-84919363688","d16e31f8-cf75-4166-b672-5ff347397fd7"
"2-s2.0-84919363688","63278865-9e22-4b2f-a40b-bafae1c7f9fe"
"2-s2.0-84919363688","d1868e50-739e-4b8e-9767-9828b8e7b811"
"2-s2.0-84919363688","d3f1a493-195d-4cea-b6b1-163443552522"
"2-s2.0-84919363688","5394fb0f-05d0-44f9-8a63-9eb967f5e146"
"2-s2.0-84919363688","204ccda6-0332-4b34-9af0-7b537be59c80"
"2-s2.0-84919363688","ef4ca86c-b23d-4f0a-8ce5-49b6a104cfc2"
"2-s2.0-84919363688","a09e84c7-bf87-47fa-8dd9-7dbca2d94be3"
"2-s2.0-84919363688","27234e9c-0ea1-4d59-8d53-477b1f631931"
"2-s2.0-84919363688","cb963a3d-2a28-4da4-9616-2a657ed3f5b3"
"2-s2.0-84919363688","04b9b8c9-f94c-4461-b64a-2dc802fddfcc"
"2-s2.0-84956632805","4323694c-2ae4-456a-a79b-1ab039389f56"
"2-s2.0-84956632805","73618d7c-2ed0-462a-beb5-249d1c8e585b"
"2-s2.0-84956632805","6f9189be-e3e8-4752-aa24-3378954185fc"
"2-s2.0-84956632805","43826f37-0230-4954-b0cc-8fd5f3524c3c"
"2-s2.0-84956632805","df169ed4-f8ad-407b-a634-729a2f7d7a51"
"2-s2.0-84956632805","f732af7b-9ed2-4b9f-8a50-35b60e7121df"
"2-s2.0-84956632805","bee2f5fe-f34d-43bf-b1e4-66ba84d51853"
"2-s2.0-84956632805","1faa0474-7744-4486-82ab-0865cf68f31d"
"2-s2.0-84956632805","fb3fbe50-c7ab-4428-ad2d-8bfbe4eed579"
"2-s2.0-84956632805","193fadb5-9a12-41ba-8ff6-0b9f6b01d0dd"
"2-s2.0-84956632805","6ff71d8c-ff98-4782-84e9-166a22f5cb62"
"2-s2.0-84940024286","e5812f51-44d9-4279-a101-eec220d8fa5d"
"2-s2.0-84940024286","f351d4c9-21d4-45d3-97fd-b3dab4ed71ed"
"2-s2.0-84940024286","74c9118a-dc33-445a-a63d-53a07975f105"
"2-s2.0-84940024286","52f087f0-d505-43ec-bb54-cb74f04a9b0e"
"2-s2.0-84940024286","dca6a249-0344-4e68-a75c-305eca3337eb"
"2-s2.0-84940024286","6d4ca3e1-b8ec-4348-a621-2c3df5f33871"
"2-s2.0-84940024286","dd2e1d8d-452d-4263-85a7-a575a5ebefc8"
"2-s2.0-84940024286","ad5b0865-c655-42d1-b929-b617ddd20e7d"
"2-s2.0-84940024286","5fdb810a-0509-46ca-9faf-434698b0879d"
"2-s2.0-84940024286","9df4e20f-4351-4a1a-8f21-77be2f1ea431"
"2-s2.0-84940024286","dd775f46-0c82-4db1-b743-0fc8ab619f02"
"2-s2.0-84940024286","6b39b083-c9fe-455b-a405-1d24c978fdd2"
"2-s2.0-84940024286","97f1338c-dad8-4fad-9234-5a33ca5430dc"
"2-s2.0-84940024286","1e9cf602-bee9-47cc-9527-2c5898107291"
"2-s2.0-84940024286","38a3c3f2-dbe8-44dc-83f8-f83fd05434a1"
"2-s2.0-84940024286","f4e9d7b0-9991-4d7d-9023-546728e63d22"
"2-s2.0-84940024286","d93db84d-67a8-4fdd-87ad-f9cfdb3f128d"
"2-s2.0-84940024286","fb2d03d9-909a-4ed8-99b1-0fbfd3bb74d9"
"2-s2.0-84940024286","b730839d-ea9e-46eb-9016-1b5aeb8e0f9e"
"2-s2.0-84940024286","9ee19f7c-c7c5-48ca-890e-db0c36d137b0"
"2-s2.0-84940024286","0c84a41c-f6eb-4892-939d-de7ed20e9b7a"
"2-s2.0-84940024286","ce880946-3b29-472b-b796-eab3ca8d7d62"
"2-s2.0-84940024286","5d8a75a3-bdc7-4a0a-b74d-0e5e0d4d4a33"
"2-s2.0-84940024286","32a37e04-5ce2-40c7-8233-d1818fff4229"
"2-s2.0-84940024286","e7111e37-b2ef-4afa-9ddd-4e05f900ad16"
"2-s2.0-84940024286","66341441-10f8-4741-99e3-551717f6b7e8"
"2-s2.0-84940024286","71b49165-8a75-4436-846e-d7178e4ab351"
"2-s2.0-84940024286","82d3de5c-f282-4aea-998f-3def416f23ba"
"2-s2.0-84940024286","0b69d59b-dada-431a-8b54-194ebb4f5b5e"
"2-s2.0-84940024286","aa3ab8ef-7ccd-4617-94c3-bd15c8b8e244"
"2-s2.0-84940024286","016ee9f5-b372-4b2c-88ae-8e2004248656"
"2-s2.0-84940024286","6951da14-0871-4c83-9b12-bae60a8d392e"
"2-s2.0-84940024286","c531fa70-5e6c-416d-8879-a6ddd11861b9"
"2-s2.0-84940024286","96a934ba-ffe6-4711-a851-16b902368a76"
"2-s2.0-84940024286","9f0a1b6e-de3e-4e6a-89d3-a511f0972de6"
"2-s2.0-84940024286","cfe9338c-6167-4575-8201-9c6bba21bb5b"
"2-s2.0-84940024286","93219415-ac08-4c0a-bb83-cf7d8e6fd4e6"
"2-s2.0-84940024286","3541ad18-d985-4c12-bbf3-711f48f65a29"
"2-s2.0-84940024286","f19fb9c3-0f91-4ba2-98e5-ff86c36257ed"
"2-s2.0-84940024286","2223e0c6-ed2a-40e9-95f3-2305458bc5a8"
"2-s2.0-84940024286","641d73af-be98-48ab-8bf3-ca3d0e4d6664"
"2-s2.0-84940024286","4a422b8d-d8eb-41be-b6eb-ef54db30e7ed"
"2-s2.0-84940024286","da28c256-e95b-4a78-9599-62af213447f3"
"2-s2.0-84940024286","0f33fdc6-ba9d-4ad9-ad77-85986c7c2e45"
"2-s2.0-84940024286","a0be0c4d-934f-47fa-90b1-0ae071ac6821"
"2-s2.0-84940024286","042b885d-6ca5-4f87-9fc1-0c8a7e948d25"
"2-s2.0-84940024286","1b22fb68-2d2c-4c91-b842-0ae6d6f1d16b"
"2-s2.0-84940024286","7e207322-98f6-4104-8b89-edb1a977b370"
"2-s2.0-84940024286","fef748d1-2986-468a-8bf8-4e825baa9e6d"
"2-s2.0-84940024286","43c20da6-6c09-4796-9c55-c36b81a4dd91"
"2-s2.0-84940024286","79ff0571-e3e2-4dcd-9687-42e9abce1d81"
"2-s2.0-84940024286","22987722-d3bd-4653-a280-b2a91ac006b5"
"2-s2.0-84940024286","f732af7b-9ed2-4b9f-8a50-35b60e7121df"
"2-s2.0-84940024286","55012d2b-979b-4774-8ba2-f5cf97bfbfdc"
"2-s2.0-84940024286","63086b97-9953-4129-9908-8195b6c7ae86"
"2-s2.0-84940024286","1d3ea8fc-c761-4f8d-9b3b-b60bac6ad86a"
"2-s2.0-84940024286","75e5bdaa-48c4-43af-99f5-b6770294f3c9"
"2-s2.0-84940024286","f6f56927-4d7d-4d96-8a72-77e5fac82722"
"2-s2.0-84940024286","60a4b744-65c7-4538-9a70-dd3363d46d81"
"2-s2.0-84940024286","3c3b43a2-744c-4f5c-86b7-103b7c531b5d"
"2-s2.0-84940024286","62db1e23-554f-4557-9b7b-c1bc164e796f"
"2-s2.0-84940024286","389d2328-7dd0-48bc-9f88-6b999465820b"
"2-s2.0-84940024286","55c52912-effe-46d4-a43f-23a465d08543"
"2-s2.0-84940024286","396aaaf9-f5c5-4f5b-8e86-5d456daac903"
"2-s2.0-84940024286","38c1f5a1-5f54-42bf-a6bf-2009e0b18166"
"2-s2.0-84940024286","58a63528-b3ef-41fa-a295-56d52ed831ce"
"2-s2.0-84940024286","8e29fee7-bd0e-4ef7-948d-78c2fab40027"
"2-s2.0-84940024286","bd7d19ad-437c-42a6-a9e9-c12b2004bb82"
"2-s2.0-84940024286","758b5071-2a2f-4a54-9ab4-285c93b6c53a"
"2-s2.0-84940024286","7e1c42d3-e72a-4981-bc58-e917be062c6d"
"2-s2.0-84940024286","6f9189be-e3e8-4752-aa24-3378954185fc"
"2-s2.0-84940024286","ef6db42b-c83c-4b7e-88f5-61b8392ed835"
"2-s2.0-84940024286","d54aae91-3bba-4482-b697-00f3d80b75b6"
"2-s2.0-84940024286","dd9bc562-fba2-439f-aa71-ee7d144aeb9f"
"2-s2.0-84940024286","ad48e60e-08f1-4b7f-bc23-25ad183706ee"
"2-s2.0-84940024286","49ceda92-dd19-43bd-b046-716f9179feb2"
"2-s2.0-84940024286","7e8e2a4c-3901-494d-8c92-95cde6408e45"
"2-s2.0-84940024286","b988f8ae-81b1-41ed-a794-9a00220d26d5"
"2-s2.0-84940024286","d1868e50-739e-4b8e-9767-9828b8e7b811"
"2-s2.0-84940024286","172f4859-b444-470c-aa37-749620f1d194"
"2-s2.0-84940024286","6b3fcf88-fbfe-410c-a1d0-51131f2983d7"
"2-s2.0-84940024286","84c43184-2562-4094-afa7-5e5d8ea82ee6"
"2-s2.0-84940024286","0eb4074d-61bf-43de-b739-964e0c65bb58"
"2-s2.0-84940024286","76ba6efb-fa54-4fcf-9703-85ad38494696"
"2-s2.0-84940024286","282ee155-1c74-4935-8d79-7b0cbd9eeabe"
"2-s2.0-84940024286","b1a49a33-ae5f-44cd-b7cf-c3d0ce77856a"
"2-s2.0-84940024286","8088b9d9-4952-4321-9638-f5aea11b72e2"
"2-s2.0-84940024286","6067a65b-2930-4003-826e-f8a59dd3270a"
"2-s2.0-84940024286","9d8dfb4b-c485-4dd1-bdec-7fa8a70ea9df"
"2-s2.0-84940024286","a48eb7ec-c7f8-49bd-9ac6-2e5f09f4b453"
"2-s2.0-84940024286","040b7ab2-91a3-4469-a798-fed9747fb1e8"
"2-s2.0-84940024286","27234e9c-0ea1-4d59-8d53-477b1f631931"
"2-s2.0-84940024286","db9e00f7-d558-426f-ac7d-335dbc431137"
"2-s2.0-84940024286","05387ab4-4317-4692-baf1-6c9b024a1eb9"
"2-s2.0-84940024286","3d90331b-8166-4e59-83ab-2de1120e8ac9"
"2-s2.0-84940024286","cb963a3d-2a28-4da4-9616-2a657ed3f5b3"
"2-s2.0-84940024286","9a436e5b-2dd8-4cc6-b758-58e4875e0f78"
"2-s2.0-84940024286","191d5376-6676-4706-9752-53c7c8ac5849"
"2-s2.0-84940024286","d31fc0a0-b8ce-4ee7-bfc6-be07584bd7bd"
"2-s2.0-84940024286","19b9b4a2-fa1c-410f-8ec5-ac7478819420"
"2-s2.0-84940024286","b00055ea-131f-4ca8-b1c4-0c8b8f1377b1"
"2-s2.0-84940024286","a01dbc9a-5f95-4695-bedb-51f0fb64ded8"
"2-s2.0-84940024286","dc590266-8152-4691-9c06-9fc49d85ad9e"
"2-s2.0-84940024286","753591c7-7ca0-4bb2-b4ee-36530669c639"
"2-s2.0-84940024286","4433f91d-d110-4814-9aad-8b3aea7c9f86"
"2-s2.0-84940024286","e0bc1c35-314c-4454-9407-55a13b57850b"
"2-s2.0-84940024286","8585e283-5b41-47bc-b98a-47089465dca5"
"2-s2.0-84940024286","060b0f63-08ab-4aea-81b5-87dff7d59b22"
"2-s2.0-84940024286","333cc9c9-357d-4429-936f-ff8fe6be887d"
"2-s2.0-84940024286","3ec441c7-34ca-4c50-b44c-b7358f651acf"
"2-s2.0-84940024286","1eaafc57-75e4-4f2d-808f-d55d75f7b18f"
"2-s2.0-84940024286","9b25c4c2-257d-4f54-91c4-0c0445d84df4"
"2-s2.0-84940024286","ce7ba5d8-747f-433b-a8ad-24f120711d44"
"2-s2.0-84940024286","f31fda21-c0c8-43ae-a88e-3c6d11c478dd"
"2-s2.0-84940024286","eef7569b-4938-4b70-b00d-51fd1e788710"
"2-s2.0-84940024286","ea9c8627-9e6a-4f11-8c2f-9be9fcfd9dac"
"2-s2.0-84940024286","104dc9cd-9e1a-41f6-b2c7-b814e6f6b6de"
"2-s2.0-84940024286","c99c462e-c205-460c-a5af-70b85eadb6cb"
"2-s2.0-84940024286","62e7a80d-191d-47ea-ae98-c594563c6a25"
"2-s2.0-84940024286","fe6250b1-cdf2-489b-9d14-1d4cc452f23e"
"2-s2.0-84940024286","1bac4934-b549-401d-86d1-92441deb18ed"
"2-s2.0-80053187534","5536e0f9-8c2b-49ed-8919-fa2c9437df1c"
"2-s2.0-80053187534","cfe9338c-6167-4575-8201-9c6bba21bb5b"
"2-s2.0-80053187534","26ead49d-e69b-4dbe-aa41-fdd7c2fc34b3"
"2-s2.0-80053187534","7eebb2ef-dcfe-4a1f-a408-be62cc4349e8"
"2-s2.0-80053187534","c2cc5297-7a71-4127-acd2-0882744fa12b"
"2-s2.0-80053187534","a0be0c4d-934f-47fa-90b1-0ae071ac6821"
"2-s2.0-80053187534","26cabe9b-0278-4f71-9cb5-2a13264027a3"
"2-s2.0-80053187534","45181759-3dba-4d0d-98b1-88909a213c10"
"2-s2.0-80053187534","47cb9039-0137-43db-a71b-b2ecd9a74184"
"2-s2.0-80053187534","6eebe9a8-32e0-48d5-b2cd-95143016e122"
"2-s2.0-80053187534","71a1108f-a9ef-4c85-a07b-ff03e6b6e9dc"
"2-s2.0-80053187534","6f9189be-e3e8-4752-aa24-3378954185fc"
"2-s2.0-80053187534","2bb0f3dd-93ed-476a-9302-884cd7485bd3"
"2-s2.0-80053187534","b1a49a33-ae5f-44cd-b7cf-c3d0ce77856a"
"2-s2.0-80053187534","fcc28274-e291-4c06-824f-8fba50dfb629"
"2-s2.0-80053187534","9a2677f1-f35d-45d7-819f-b39f58683f2a"
"2-s2.0-80053187534","d335ee60-9a4c-477f-b77c-16f6028a2919"
"2-s2.0-80053187534","2c817e5d-43ec-45d3-b4a3-78311f47a6dc"
"2-s2.0-80053187534","c026d565-9a94-492d-b371-bac30be010a1"
"2-s2.0-84879270992","6f9189be-e3e8-4752-aa24-3378954185fc"
"2-s2.0-84879270992","655d237a-576c-43dc-a204-9097be2859ca"
"2-s2.0-84879270992","58b32d76-03ff-4cd6-ba94-76f9acd7229d"
"2-s2.0-84879270992","1907ce3f-12a2-4bc8-9476-341fb3e1abba"
"2-s2.0-84883301598","474816e1-2a2e-4bc8-b5ca-b9c652d1d4e4"
"2-s2.0-84883301598","2a68f10b-cbf1-4390-bd41-6a44a773a9fd"
"2-s2.0-84883301598","43826f37-0230-4954-b0cc-8fd5f3524c3c"
"2-s2.0-84883301598","d40504ad-166a-4e4e-93cf-69bd4203de1d"
"2-s2.0-84864314923","524c42cb-bd0c-4dcb-b2bb-e72a68f1be0d"
"2-s2.0-84864314923","a5780941-8086-47b1-ad17-bf27c5d0c916"
"2-s2.0-84864314923","52f087f0-d505-43ec-bb54-cb74f04a9b0e"
"2-s2.0-84864314923","9da05686-468b-4376-ac80-7bcecbde5ea4"
"2-s2.0-84864314923","3686a233-eed4-4c64-a8dc-f1e120bf8eac"
"2-s2.0-84864314923","6d4ca3e1-b8ec-4348-a621-2c3df5f33871"
"2-s2.0-84864314923","59344b69-191c-4a2f-81f3-e80c3692d2bf"
"2-s2.0-84864314923","9df4e20f-4351-4a1a-8f21-77be2f1ea431"
"2-s2.0-84864314923","84b194fc-a287-40ac-a259-1a3ffb27d785"
"2-s2.0-84864314923","a1f9cf69-814e-495c-ae69-c82e4b0fdf26"
"2-s2.0-84864314923","7b6a3d81-ff6c-42e5-a09d-98b979cbfcdf"
"2-s2.0-84864314923","4323694c-2ae4-456a-a79b-1ab039389f56"
"2-s2.0-84864314923","1eb8a464-79d4-4912-9fdd-10cf096ec6d8"
"2-s2.0-84864314923","81d004c6-0223-4bfc-9e1e-5b4e2393b506"
"2-s2.0-84864314923","bd7d19ad-437c-42a6-a9e9-c12b2004bb82"
"2-s2.0-84864314923","6f9189be-e3e8-4752-aa24-3378954185fc"
"2-s2.0-84864314923","b3ff0d1f-831c-42f5-b5c8-094d5d30a63d"
"2-s2.0-84864314923","3365ae3e-2831-418c-ab1d-f46c65dcd46c"
"2-s2.0-84864314923","5cd21934-4104-47cc-9e35-667a60a6aeb5"
"2-s2.0-84864314923","cab6553d-84f4-4296-9233-0f576d0ba346"
"2-s2.0-84864314923","88987972-78d8-483a-9880-39f5a28ebbca"
"2-s2.0-84864314923","becf89e9-8f67-438b-8716-64d7cac26cdc"
"2-s2.0-84864314923","f70460a9-0c80-408d-8059-0f208ec2b85f"
"2-s2.0-84864314923","a2b857d1-6789-42f8-ba09-1399ebfa63b8"
"2-s2.0-84864314923","93219415-ac08-4c0a-bb83-cf7d8e6fd4e6"
"2-s2.0-84864314923","74405e02-6feb-453e-a374-ce2f66602aea"
"2-s2.0-84864314923","8a53a9f5-da51-422b-ae9e-5693b7869698"
"2-s2.0-84864314923","31c6a0af-ba5a-43dc-8089-489df11888f1"
"2-s2.0-80053224124","30bce5c7-4e6a-4af0-a32d-dab1d5d45af3"
"2-s2.0-80053224124","77db04dd-ba98-49e7-821f-df22c8f90cd1"
"2-s2.0-80053224124","52f087f0-d505-43ec-bb54-cb74f04a9b0e"
"2-s2.0-80053224124","794b67da-cc55-4527-b0a9-9887321e7ae9"
"2-s2.0-80053224124","a21bc75e-9119-4178-964f-8795a802919f"
"2-s2.0-80053224124","7b6a3d81-ff6c-42e5-a09d-98b979cbfcdf"
"2-s2.0-80053224124","d727020d-e1b9-41b2-9455-50b1d00d6224"
"2-s2.0-80053224124","e62675fd-d685-448c-abd0-27f893bf606f"
"2-s2.0-80053224124","2ed6e130-0ccf-4237-b4eb-ea3996b49d2f"
"2-s2.0-80053224124","c97633c4-68bb-427c-bd50-2fb4deb1c44e"
"2-s2.0-80053224124","6f9189be-e3e8-4752-aa24-3378954185fc"
"2-s2.0-80053224124","84c43184-2562-4094-afa7-5e5d8ea82ee6"
"2-s2.0-80053224124","2bb0f3dd-93ed-476a-9302-884cd7485bd3"
"2-s2.0-80053224124","a3b59a76-b356-45a5-b2df-f0dd515886dc"
"2-s2.0-80053224124","8823421f-d300-4354-8aca-bff5f07208c5"
"2-s2.0-80053224124","dc7e5f38-e15a-429b-8be1-83fe2a3c1992"
"2-s2.0-80053224124","6c5dfcc0-3c95-4747-9e9a-b0e072ad02aa"
"2-s2.0-80053224124","655d237a-576c-43dc-a204-9097be2859ca"
"2-s2.0-80053224124","443f1915-b96f-4cc3-9a74-04140dc6894f"
"2-s2.0-80053224124","8c3ac2ee-acfb-4385-81e5-d7477501188e"
"2-s2.0-80053224124","00ccb56e-aadf-4d30-ba0e-89614fdc0e2c"
"2-s2.0-80053224124","139c91ff-1752-4a9c-a968-e7b62d28f5e7"
"2-s2.0-80053224124","d335ee60-9a4c-477f-b77c-16f6028a2919"
"2-s2.0-80053224124","8dcc1e9b-bbdc-4473-b96d-8ced89b39d5a"
"2-s2.0-80053224124","93219415-ac08-4c0a-bb83-cf7d8e6fd4e6"
"2-s2.0-80053224124","c7759abe-84e6-4e55-8b6c-ab9ec3777ab6"
"2-s2.0-80053224124","01962447-c172-4f29-8f2e-84eb5f439474"
"2-s2.0-80053224124","52a7f003-b341-44d5-a125-77131ab6b935"
"2-s2.0-80053224124","31c6a0af-ba5a-43dc-8089-489df11888f1"
"2-s2.0-80053224124","3629f3f1-e3e0-46ec-977a-1962c247aa8b"
"2-s2.0-84859445326","cb4bc12c-a259-4dec-8183-22104e88c8ba"
"2-s2.0-84859445326","002cff96-d8f5-4967-ad52-134993f6461a"
"2-s2.0-84859445326","d9a13ae7-c204-4eda-ad23-2df88ca2c828"
"2-s2.0-84859445326","48f7ee37-ae29-4589-9efb-2af20dfb4b01"
"2-s2.0-84859445326","83cf7a3b-b9de-4174-a7be-f925763acad1"
"2-s2.0-84859445326","6206bc1e-8ae3-49c5-9fce-93c8771e3c92"
"2-s2.0-84859445201","b35e1aa9-c1c4-4dee-9d94-a9a81a9a010b"
"2-s2.0-84859445201","524c42cb-bd0c-4dcb-b2bb-e72a68f1be0d"
"2-s2.0-84859445201","f122518b-d02f-4d4c-9266-064dc55ec512"
"2-s2.0-84859445201","52f087f0-d505-43ec-bb54-cb74f04a9b0e"
"2-s2.0-84859445201","fad1328e-aa24-4dda-8e0d-aee57287e9ee"
"2-s2.0-84859445201","6eb3f446-5022-4fbd-b04a-142c837aec5b"
"2-s2.0-84859445201","83cf7a3b-b9de-4174-a7be-f925763acad1"
"2-s2.0-84859445201","dd2e1d8d-452d-4263-85a7-a575a5ebefc8"
"2-s2.0-84859445201","03d6ee57-56ed-4813-a75f-057f9c73d478"
"2-s2.0-84859445201","ac9a9c77-8c31-4d00-a91d-1e0a865fa365"
"2-s2.0-84859445201","9df4e20f-4351-4a1a-8f21-77be2f1ea431"
"2-s2.0-84859445201","961e5b2d-1f91-4a49-a469-5f00b5c419e4"
"2-s2.0-84859445201","532149ce-f6d9-41a9-95fc-fc376b44c786"
"2-s2.0-84859445201","539e3086-7623-4fb7-ba0d-a1ff5416c962"
"2-s2.0-84859445201","fcbda0f5-8208-49da-94c5-2f4a5d7ecd64"
"2-s2.0-84859445201","3d03291e-ad32-4f9b-9631-99616d46ef62"
"2-s2.0-84859445201","dd775f46-0c82-4db1-b743-0fc8ab619f02"
"2-s2.0-84859445201","1ee86c05-0423-42bd-a579-bf6c1e06431f"
"2-s2.0-84859445201","5b91a04b-c33c-41a1-8692-f297754197d5"
"2-s2.0-84859445201","002cff96-d8f5-4967-ad52-134993f6461a"
"2-s2.0-84859445201","cf9ae6a0-298f-46b0-a1a1-59b271eeee8e"
"2-s2.0-84859445201","fc3c3b34-80a5-439c-bd24-32bdd9933cdb"
"2-s2.0-84859445201","d949353e-e594-4d46-8cf8-47d0d26dbf22"
"2-s2.0-84859445201","0361517d-d6ff-4ef1-bf06-ff9f3aacf399"
"2-s2.0-84859445201","07925b33-c202-490d-a9c9-4f104cefa9fe"
"2-s2.0-84859445201","e73cb2ab-dbcc-45d5-8bd8-4bca781ab870"
"2-s2.0-84859445201","a1fd6b6f-f192-4845-b90c-941798050401"
"2-s2.0-84859445201","82d3de5c-f282-4aea-998f-3def416f23ba"
"2-s2.0-84859445201","ebca1bbc-1023-4daa-bce9-c1814279b735"
"2-s2.0-84859445201","275516d5-ec5d-4db5-b44b-f9ef40dfb790"
"2-s2.0-84859445201","59328ff5-0eb3-41b3-8792-cf6338853821"
"2-s2.0-84859445201","0cd87b5c-0071-45ac-94a3-0aa6ae447da5"
"2-s2.0-84859445201","cce86c20-4ba3-4358-8c73-f00752fa5395"
"2-s2.0-84859445201","93219415-ac08-4c0a-bb83-cf7d8e6fd4e6"
"2-s2.0-84859445201","f582898b-4603-4e2d-9348-fabab76b7c7f"
"2-s2.0-84859445201","63ca878a-bf28-4329-a931-f0c25a4d9940"
"2-s2.0-84859445201","04d3c035-a76f-4515-8904-8bbc40a79a1a"
"2-s2.0-84859445201","d09f9ead-a7f0-4cfd-9e72-8da987f180bf"
"2-s2.0-84859445201","811646fc-5ce5-4c33-b1f9-de7ce60ab630"
"2-s2.0-84859445201","b415a373-2cc4-4e36-b9ad-5dbd12c1b173"
"2-s2.0-84859445201","4eabcf83-12d5-48c0-a87d-97659d08f925"
"2-s2.0-84859445201","ffaf367f-1491-4f39-a53d-81da4816b532"
"2-s2.0-84859445201","d1868e50-739e-4b8e-9767-9828b8e7b811"
"2-s2.0-84859445201","d3f1a493-195d-4cea-b6b1-163443552522"
"2-s2.0-84859445201","b211e596-1d14-4ab3-8b26-b91abe432318"
"2-s2.0-84859445201","8c5ca90f-0201-4754-a53f-1c7d88312feb"
"2-s2.0-84859445201","fc2ee9f9-6edc-41e7-9b1a-30d7c4c0cabc"
"2-s2.0-84859445201","11df9d19-624d-4e1b-b95b-45c39b50d29d"
"2-s2.0-84859445201","1f81ce8b-0b85-43f4-ab8e-4537f1b08a01"
"2-s2.0-84859445201","27234e9c-0ea1-4d59-8d53-477b1f631931"
"2-s2.0-84859445201","cb963a3d-2a28-4da4-9616-2a657ed3f5b3"
"2-s2.0-84859445201","92e039ca-f6fa-4cd9-b823-5b2df5d03a69"
"2-s2.0-84859445201","dde40d89-8f37-41d0-9c8d-0c75bc209fe7"
"2-s2.0-84859548045","6f9189be-e3e8-4752-aa24-3378954185fc"
"2-s2.0-84859548045","4b9acd69-a4e0-4dd7-890d-342eeeafc688"
"2-s2.0-84859548045","eda15c93-da89-4f34-b381-794d34d56c35"
"2-s2.0-84859548045","557a6fdc-68f4-43c6-b4f2-07e6f4b9f679"
"2-s2.0-84859548045","3947baf2-59fb-4dda-aee0-9a5e18a7ba46"
"2-s2.0-84859548045","1accd593-e77c-4dfd-995b-a06a6819e2fd"
"2-s2.0-84859548045","8823421f-d300-4354-8aca-bff5f07208c5"
"2-s2.0-84859548045","abdda4b2-6a3e-4406-b0a3-ef3c6f0f7520"
"2-s2.0-84875413887","5449861c-e51f-446f-9ab9-e1d9b6054f30"
"2-s2.0-84875413887","785156eb-db04-4cbe-81d0-a0596c9e2435"
"2-s2.0-84875413887","c25f76e7-fe23-4a21-a2be-39e2a4d34d91"
"2-s2.0-84875413887","8f274f82-4f81-402b-9394-324d2a0a5855"
"2-s2.0-84875413887","699d9f29-dd81-4478-829d-f04f85c2254e"
"2-s2.0-84875413887","eb00769a-adee-4c19-869c-28aff0eb2271"
"2-s2.0-84875413887","f146bee0-5836-40b0-867c-96f545ab670b"
"2-s2.0-84875413887","a968cbb5-644f-4a10-8ca6-e680c67b97c9"
"2-s2.0-84875413887","7b49aa26-b54e-4d27-a6cb-11d68a1714c1"
"2-s2.0-84875413887","79ff0571-e3e2-4dcd-9687-42e9abce1d81"
"2-s2.0-84875413887","b41c4eaf-1b06-4bac-89fc-93808d69d9f9"
"2-s2.0-84875413887","d9c104b4-6385-4bd8-a617-145d7ab5510f"
"2-s2.0-84875413887","37e6a794-28bf-48ca-983a-552fd1141df2"
"2-s2.0-84875413887","3947baf2-59fb-4dda-aee0-9a5e18a7ba46"
"2-s2.0-84875413887","a553ec77-3892-4d6d-8c4e-d8418974a852"
"2-s2.0-84875413887","408aa803-7e6e-42b8-a2f0-0d3143bd2780"
"2-s2.0-84875413887","4439532f-a303-4e19-a4a2-4438d5ba46b4"
"2-s2.0-84875413887","a5e5b2a3-c578-484e-bbc9-9c2aed99c0c1"
"2-s2.0-84875413887","c776ec64-330b-4efd-ad8b-0dbda4c8e8b4"
"2-s2.0-84875413887","2734ae0c-cb31-4df7-89b4-defe1e628cea"
"2-s2.0-84875413887","9c6b8ee9-c137-4a2a-8ad0-95cb75a37adb"
"2-s2.0-84875413887","db83f010-d3d9-4550-9755-e7910a324587"
"2-s2.0-84875413887","fca87687-2760-4bcd-bc09-5d43294abe4a"
"2-s2.0-84875413887","b0e82d8f-5840-44db-9a26-16ca5ec94224"
"2-s2.0-84875413887","a30a4ce7-71fd-4a36-857d-deb564535555"
"2-s2.0-84875413887","f3d99adb-71cc-4ce7-9e26-8438636c029c"
"2-s2.0-84875413887","307f8654-eeab-4825-be7f-7e759731536d"
"2-s2.0-84875413887","d2a7d2a3-c45d-4bea-b28b-f6d007d8298e"
"2-s2.0-84875413887","edea4f5d-9ace-4b62-82d7-cc669645f25e"
"2-s2.0-84875413887","8ca6d181-e3a8-4c04-808a-a86bf1ce740d"
"2-s2.0-84875413887","45c27344-a0e9-4ca5-aa10-1346207bcc2d"
"2-s2.0-84875413887","50940019-0b0f-4401-bf0f-b4b9ba967c81"
"2-s2.0-84875413887","e0bd5976-11aa-41e2-b6e3-fe54c09ea467"
"2-s2.0-84875413887","e8f95963-cc49-4be2-bc6c-640fe54567f8"
"2-s2.0-84875413887","15665d08-37b1-486f-8ee5-a03473936209"
"2-s2.0-84875413887","2a767714-d91b-4d43-9044-80b5b3a85163"
"2-s2.0-84875413887","c92d1788-1265-4cc3-8854-11daa242f9d8"
"2-s2.0-84875413887","a4c3e394-8dfe-4bdc-a6d6-e1275c6cb647"
"2-s2.0-84875413887","222d8054-7a64-4817-805c-07ec7cf4384f"
"2-s2.0-84875413887","338ea0b6-eba3-4d9f-9007-7163d64a8490"
"2-s2.0-84875413887","1fd4f9eb-6a98-4898-b693-85f736eff1e0"
"2-s2.0-84860156977","9f0a1b6e-de3e-4e6a-89d3-a511f0972de6"
"2-s2.0-84860156977","60180868-d0ef-47bf-9553-49033a18fd6d"
"2-s2.0-84860156977","aa907b1a-a5e6-4417-9346-d3069db21d01"
"2-s2.0-84860156977","13ffb0b5-b0bf-45b1-96b5-c978c11d48c9"
"2-s2.0-84860156977","d334becc-45c6-4644-bbc1-b59da77f5123"
"2-s2.0-79957727184","0f33bc89-c7f9-480a-bde6-18536c7dba9d"
"2-s2.0-84859241591","e46b7d0f-a403-4327-b782-2d7353da0a1c"
"2-s2.0-84859241591","0061793f-c76d-4f58-a6ae-aab574b3c3ae"
"2-s2.0-84871189368","6f9189be-e3e8-4752-aa24-3378954185fc"
"2-s2.0-84871189368","0fa9e669-c539-418e-a34f-2f61478a58cb"
"2-s2.0-84871189368","655d237a-576c-43dc-a204-9097be2859ca"
"2-s2.0-84871189368","a110926b-7cba-4794-8ff1-ee8d03024c4f"
"2-s2.0-78649247505","84c43184-2562-4094-afa7-5e5d8ea82ee6"
"2-s2.0-78649247505","6785d014-5f74-46b5-8de0-fb4c4765cc90"
"2-s2.0-78649247505","d8bc0a47-a859-4c35-abb8-5394c50cccf4"
"2-s2.0-84875206771","524c42cb-bd0c-4dcb-b2bb-e72a68f1be0d"
"2-s2.0-84875206771","a910ea13-0cfd-42cf-b545-211548232325"
"2-s2.0-84875206771","5970a1ef-4874-40b6-8380-3bedf48031c1"
"2-s2.0-84875206771","271e595b-2abf-4df2-824a-b4936ce416fb"
"2-s2.0-84875206771","6f9189be-e3e8-4752-aa24-3378954185fc"
"2-s2.0-84875206771","8deeb0f0-0301-45f1-b978-c1f1efeaf529"
"2-s2.0-84875206771","7961056e-25dd-4459-af93-c31cc70da05e"
"2-s2.0-84875206771","9f6de1b8-5b8d-4c1a-b118-36e88974cff7"
"2-s2.0-84875206771","39076a15-b1c8-4735-9db5-d6ab25ab4d68"
"2-s2.0-84875206771","f73cc842-42fa-45d9-97dc-dbc9b337c6fd"
"2-s2.0-84875206771","41925234-8551-48dc-95f9-64cd1007f37a"
"2-s2.0-84875206771","909614d3-706a-4703-b255-35691734965a"
"2-s2.0-84875206771","cfd575d1-cf2e-4ea8-aa31-d22ca3162516"
"2-s2.0-84875206771","2d7e9c83-4211-437d-b6ab-090f0ca152dd"
"2-s2.0-84875206771","439abe7e-7d5b-45bc-bf68-b484d0317cfa"
"2-s2.0-84875206771","8de2afe5-8b33-48ed-b9ee-dfa23abfc535"
"2-s2.0-84875206771","8b92eeb9-e1ef-4c5a-9a12-65cbcd519db1"
"2-s2.0-84875206771","11a860ad-2f7a-4762-a694-eb85b98671a9"
"2-s2.0-84875206771","57f8e466-d6a6-4557-9c22-471980383f5a"
"2-s2.0-84875206771","96b9edf3-3ed2-466b-8800-375f562d2fed"
"2-s2.0-84875206771","30417dd4-c9c7-440e-ba5b-f803e6161dd8"
"2-s2.0-84875206771","4dd8a727-ef1d-4481-88ec-7d7ecff417ca"
"2-s2.0-84875206771","76da4f4a-99bf-43a0-8721-49f97bdc6b7f"
"2-s2.0-84875206771","f87a974f-1543-4840-8962-6ecf348f4c48"
"2-s2.0-84875206771","44c7e5a8-e2a0-4ac4-9205-e0f0fac0a4c0"
"2-s2.0-84875206771","32a37e04-5ce2-40c7-8233-d1818fff4229"
"2-s2.0-84875206771","eb39aee7-a1b2-464b-8ee3-29b19d22e26d"
"2-s2.0-84875206771","5ed34c86-9b2c-432e-b6f7-f92a0351509a"
"2-s2.0-84875206771","82d3de5c-f282-4aea-998f-3def416f23ba"
"2-s2.0-84875206771","654af7d0-eed9-4c6d-997a-f5da1d6c6339"
"2-s2.0-84875206771","47cb67b6-5338-46e7-9fea-543c395ab731"
"2-s2.0-84875206771","e39ad97f-4871-4a02-ab95-3d9275c66f0a"
"2-s2.0-84875206771","93219415-ac08-4c0a-bb83-cf7d8e6fd4e6"
"2-s2.0-84875206771","fa50f8b8-93e3-4369-8f3f-75d1e0ba34aa"
"2-s2.0-84875206771","f518bc33-3ed4-43ba-a41c-2870ad8caa43"
"2-s2.0-84875206771","cc86c886-c4a3-4b7a-bb8f-69e7618916df"
"2-s2.0-84875206771","d09f9ead-a7f0-4cfd-9e72-8da987f180bf"
"2-s2.0-84875206771","811646fc-5ce5-4c33-b1f9-de7ce60ab630"
"2-s2.0-84875206771","ad7d4ce3-e59d-4c0f-99c6-a0646f95a9b2"
"2-s2.0-84875206771","4f42db32-09c4-41a5-ad5b-50c4ad3ae095"
"2-s2.0-84875206771","fe7dd2a6-7dc0-44cf-9608-c48f3c483716"
"2-s2.0-84875206771","6067a65b-2930-4003-826e-f8a59dd3270a"
"2-s2.0-84875206771","27234e9c-0ea1-4d59-8d53-477b1f631931"
"2-s2.0-84875206771","c980ea66-5a0f-46c4-a881-fb177023b5fc"
"2-s2.0-84875206771","cb963a3d-2a28-4da4-9616-2a657ed3f5b3"
"2-s2.0-84875206771","9a436e5b-2dd8-4cc6-b758-58e4875e0f78"
"2-s2.0-84875206771","04b9b8c9-f94c-4461-b64a-2dc802fddfcc"
"2-s2.0-84875206771","5971aab4-6e65-418d-bc5a-899b0a48f65f"
"2-s2.0-84875206771","53718e74-d257-4505-91b0-909f57e1bc14"
"2-s2.0-84865125680","30bce5c7-4e6a-4af0-a32d-dab1d5d45af3"
"2-s2.0-84865125680","52f087f0-d505-43ec-bb54-cb74f04a9b0e"
"2-s2.0-84865125680","c216bf6f-0bd7-438e-9983-a1ea4decc858"
"2-s2.0-84865125680","794b67da-cc55-4527-b0a9-9887321e7ae9"
"2-s2.0-84865125680","7b6a3d81-ff6c-42e5-a09d-98b979cbfcdf"
"2-s2.0-84865125680","93219415-ac08-4c0a-bb83-cf7d8e6fd4e6"
"2-s2.0-84865125680","c7759abe-84e6-4e55-8b6c-ab9ec3777ab6"
"2-s2.0-84865125680","dd75a44d-ccee-45a6-95ef-71f9337d3140"
"2-s2.0-84865125680","31c6a0af-ba5a-43dc-8089-489df11888f1"
"2-s2.0-79958221516","0061793f-c76d-4f58-a6ae-aab574b3c3ae"
"2-s2.0-79958221516","480ce9ba-576f-4bdf-8501-8cf3b9d811ba"
"2-s2.0-79958221516","3cce8ace-3c4a-4a98-843d-1e8927ff8dd8"
"2-s2.0-84874523237","cdc35d8c-ce23-4dbb-bb1f-6bb466e10300"
"2-s2.0-84874523237","6b1709b2-5d76-42d6-b93a-139e024939e6"
"2-s2.0-84874523237","a32285e4-c1f8-45a1-9fa3-5ec27adffb92"
"2-s2.0-84874523237","32a37e04-5ce2-40c7-8233-d1818fff4229"
"2-s2.0-84874523237","cb858de4-83bb-4545-8e65-b8e985fd08b3"
"2-s2.0-84874523237","82d3de5c-f282-4aea-998f-3def416f23ba"
"2-s2.0-84874523237","4d6a45fe-9fd0-4f02-978a-044143a4434c"
"2-s2.0-84874523237","47cb67b6-5338-46e7-9fea-543c395ab731"
"2-s2.0-84874523237","93219415-ac08-4c0a-bb83-cf7d8e6fd4e6"
"2-s2.0-84874523237","4a422b8d-d8eb-41be-b6eb-ef54db30e7ed"
"2-s2.0-84874523237","30bce5c7-4e6a-4af0-a32d-dab1d5d45af3"
"2-s2.0-84874523237","52f087f0-d505-43ec-bb54-cb74f04a9b0e"
"2-s2.0-84874523237","d09f9ead-a7f0-4cfd-9e72-8da987f180bf"
"2-s2.0-84874523237","55c52912-effe-46d4-a43f-23a465d08543"
"2-s2.0-84874523237","7a63c38e-0c0f-4c47-89f2-75a1e496802c"
"2-s2.0-84874523237","0b797b16-c038-4bb9-a42c-a3c733d8b13f"
"2-s2.0-84874523237","c1945aff-242e-4f3d-8a7c-02fa9f3170b8"
"2-s2.0-84874523237","b211e596-1d14-4ab3-8b26-b91abe432318"
"2-s2.0-84874523237","6067a65b-2930-4003-826e-f8a59dd3270a"
"2-s2.0-84874523237","1b995dc8-36a7-4bf7-8dbb-4858c1f6df5a"
"2-s2.0-84874523237","27234e9c-0ea1-4d59-8d53-477b1f631931"
"2-s2.0-84874523237","0130b0c6-7148-45d7-8d8e-d5419cc7eff9"
"2-s2.0-84874523237","eee11f7b-1b03-48b7-bf60-89912a44571e"
"2-s2.0-84857030497","4a422b8d-d8eb-41be-b6eb-ef54db30e7ed"
"2-s2.0-84857030497","30bce5c7-4e6a-4af0-a32d-dab1d5d45af3"
"2-s2.0-84857030497","4b82a289-ee1e-4af8-b2b6-fe7325f6b856"
"2-s2.0-84857030497","fc7e6583-4d04-43e1-8a08-9231a4141006"
"2-s2.0-84857030497","19b4a5d3-8da3-4fe3-ac8a-771894b9dd4f"
"2-s2.0-84857030497","3cb976b8-3ff9-4626-8f2a-f0f8bc438a56"
"2-s2.0-84857030497","170fd069-0891-4edf-b2ed-08852a0dbc2c"
"2-s2.0-84857030497","4c8b238c-6e6d-4bd9-adae-f5585223af82"
"2-s2.0-84857030497","f62d928b-1fc5-4c8f-8210-b97ed5fdb486"
"2-s2.0-84857030497","52f087f0-d505-43ec-bb54-cb74f04a9b0e"
"2-s2.0-84857030497","bd30be0d-0a5b-4fd6-aa98-7a43f1031320"
"2-s2.0-84857030497","5471c264-fdbb-42e7-8d4c-ac09005a9c4b"
"2-s2.0-84857030497","2bbbc477-2420-4407-990d-f7b374c53ade"
"2-s2.0-84857030497","694868fe-0dc1-4e47-b562-abf38606a07f"
"2-s2.0-84857030497","ac40a802-2afa-4d78-8c0f-2a0bb0a94423"
"2-s2.0-84857030497","bc73d815-a5f0-4e7f-969f-4b61388afdad"
"2-s2.0-84857030497","8992477c-915e-4bd9-b932-109f98d1a523"
"2-s2.0-84857030497","12b20ccc-60c3-4709-96e7-e58d995d0f94"
"2-s2.0-84857030497","7721c23f-50a9-4c00-91eb-3831ff611bc7"
"2-s2.0-84857030497","dc2f3240-d4ee-4301-96c5-358d70ca65e0"
"2-s2.0-84857030497","1ab8191e-706d-489d-a49f-8d2f08845171"
"2-s2.0-84857030497","065c94c3-ef06-4338-992c-281fec7176ac"
"2-s2.0-84857030497","668492a3-b489-4f6e-9777-94a9d4e89772"
"2-s2.0-84857030497","5f8556c8-1f7e-428a-b5fd-a9662d2e32a6"
"2-s2.0-84857030497","07925b33-c202-490d-a9c9-4f104cefa9fe"
"2-s2.0-84857030497","4600e653-ca31-4785-835e-46c7f4be0a88"
"2-s2.0-84857030497","eb1946b5-0d50-47f9-ab5a-d8fabc0fa102"
"2-s2.0-84857030497","3cddeb9c-3985-408a-9975-5b42b9b75565"
"2-s2.0-84857030497","880b97ac-178c-47e2-b82a-3d7e127545cd"
"2-s2.0-84857030497","e7977f82-429d-4853-abc1-86fe1bc0a4e5"
"2-s2.0-84857030497","d5bffdf0-11af-4067-aa31-085224dbbc43"
"2-s2.0-84857030497","62765f35-9d37-4c90-8e5f-2599ec16438a"
"2-s2.0-84857030497","19647ca9-e359-4167-a642-88e6a2a3e6bf"
"2-s2.0-84857030497","84efe09d-a20d-4574-95df-6fff073d1872"
"2-s2.0-84857030497","4f1f24e0-4411-4c78-b346-6bf332972841"
"2-s2.0-84866909315","d63fb41f-860b-4557-a17f-39bed8d85f2e"
"2-s2.0-84866909315","47af6c1b-35b0-475a-8d5d-c0d9a5b70031"
"2-s2.0-84866909315","7c1fb461-822e-4ba3-bcd1-3f737258d6d3"
"2-s2.0-84866909315","97232ae3-14d8-4c32-91b8-5c3d028722d9"
"2-s2.0-84866909315","b9c4a94c-8101-4d62-b345-5aceea8e6970"
"2-s2.0-84866909315","32a37e04-5ce2-40c7-8233-d1818fff4229"
"2-s2.0-84866909315","82d3de5c-f282-4aea-998f-3def416f23ba"
"2-s2.0-84866909315","ebca1bbc-1023-4daa-bce9-c1814279b735"
"2-s2.0-84866909315","93219415-ac08-4c0a-bb83-cf7d8e6fd4e6"
"2-s2.0-84866909315","52f087f0-d505-43ec-bb54-cb74f04a9b0e"
"2-s2.0-84866909315","d09f9ead-a7f0-4cfd-9e72-8da987f180bf"
"2-s2.0-84866909315","811646fc-5ce5-4c33-b1f9-de7ce60ab630"
"2-s2.0-84866909315","b211e596-1d14-4ab3-8b26-b91abe432318"
"2-s2.0-84866909315","d1c9dcad-498f-4523-97eb-2728e290697f"
"2-s2.0-84866909315","a8b7a707-1429-4fb6-86e3-7336d2ba8ceb"
"2-s2.0-84866909315","1f81ce8b-0b85-43f4-ab8e-4537f1b08a01"
"2-s2.0-84866909315","27234e9c-0ea1-4d59-8d53-477b1f631931"
"2-s2.0-84866909315","c4d2f4cd-423a-41be-8666-2fc20db0a002"
"2-s2.0-84866909315","fc42c561-9f1f-4cd7-aab9-cfd8c835ef94"
"2-s2.0-84866909315","20b965ff-8fa1-4e71-a98c-ce886f99342d"
"2-s2.0-84866909315","b02df24a-e127-41b3-8c84-ae1206901bab"
"2-s2.0-84866909315","51b62389-da14-4e52-82ed-2dabff2cc155"
"2-s2.0-84886907259","bcd5c0e9-4f7b-4be3-95a5-9508bbf63b96"
"2-s2.0-84886907259","a553ec77-3892-4d6d-8c4e-d8418974a852"
"2-s2.0-84886907259","d620159e-aff7-4c8e-8df5-ff8bbd8cb1c1"
"2-s2.0-84886907259","146a082d-fd80-409a-a629-9e5ba51855b7"
"2-s2.0-84886907259","443f1915-b96f-4cc3-9a74-04140dc6894f"
"2-s2.0-84886907259","d335ee60-9a4c-477f-b77c-16f6028a2919"
"2-s2.0-79956152582","9443b706-115b-47f5-945b-d23240b02b84"
"2-s2.0-79956152582","6bdbde8e-d973-4c2c-a79e-3a572aaa4d1e"
"2-s2.0-79956152582","5ef98a0b-17a1-47f8-a83e-14e9a4a43162"
"2-s2.0-79956152582","34967bac-76d3-4017-bf3b-919b05e984ae"
"2-s2.0-79956152582","3f84be7b-8243-40b5-a022-61d2bfb2befc"
"2-s2.0-79956152582","90e98095-ef5d-4a8d-9cf2-2d068e59c711"
"2-s2.0-79956152582","7e1244e0-6a2f-4d4c-bf47-05af928b1afd"
"2-s2.0-79956152582","bfd667f5-6658-416b-88ac-ea9c429c7410"
"2-s2.0-84878969503","600cbd52-c99c-41a2-a5d5-0994744362fd"
"2-s2.0-84878969503","4579d72d-9858-4078-b9e9-18e2b7909ed8"
"2-s2.0-84878969503","6f9189be-e3e8-4752-aa24-3378954185fc"
"2-s2.0-84878969503","655d237a-576c-43dc-a204-9097be2859ca"
"2-s2.0-84878969503","a110926b-7cba-4794-8ff1-ee8d03024c4f"
"2-s2.0-84865981357","84c43184-2562-4094-afa7-5e5d8ea82ee6"
"2-s2.0-84865981357","064411e0-bd16-41bc-830a-184a6e8575d0"
"2-s2.0-84865981357","6c5dfcc0-3c95-4747-9e9a-b0e072ad02aa"
"2-s2.0-78651227095","86bd289f-eb6d-4a73-94f8-38b9247ed4c5"
"2-s2.0-78651227095","46fcc90f-9898-4009-9c4c-b75f259ca79d"
"2-s2.0-78651227095","fc7e6583-4d04-43e1-8a08-9231a4141006"
"2-s2.0-78651227095","b84271df-2e13-485e-b2e2-4ce081d3d107"
"2-s2.0-78651227095","1d8853fb-22c3-418c-a5cb-c4ecaf6b0c5e"
"2-s2.0-78651227095","170fd069-0891-4edf-b2ed-08852a0dbc2c"
"2-s2.0-78651227095","1aa1af96-f9d0-4e4b-84c8-54de8fc6feb6"
"2-s2.0-78651227095","79882b32-344e-4346-b288-33594551e017"
"2-s2.0-78651227095","e1669961-8427-4041-aa65-80c6a2e304d6"
"2-s2.0-78651227095","52f087f0-d505-43ec-bb54-cb74f04a9b0e"
"2-s2.0-78651227095","43c20da6-6c09-4796-9c55-c36b81a4dd91"
"2-s2.0-78651227095","8c910867-6f1a-40ff-bfac-2a4e7d087355"
"2-s2.0-78651227095","6b9b25c3-316b-430a-8805-679b6169ca13"
"2-s2.0-78651227095","50a967a6-c47c-461b-a846-da627e616cca"
"2-s2.0-78651227095","d3e7e7c4-4d18-41e3-b264-709471a2d3ef"
"2-s2.0-78651227095","4f1f24e0-4411-4c78-b346-6bf332972841"
"2-s2.0-78651227095","7b31be4a-e0e8-4281-a3d0-885b1d0eb575"
"2-s2.0-78651227095","42382f33-8894-4c9f-8ec6-06f3c36625ac"
"2-s2.0-78651227095","7721c23f-50a9-4c00-91eb-3831ff611bc7"
"2-s2.0-78651227095","7ee630b4-9fce-4fad-a4d1-3b822514cb49"
"2-s2.0-78651227095","3850c161-d8a7-4834-9365-d96409d06d16"
"2-s2.0-78651227095","be0c7802-ab89-4049-8247-8a5d7ee69eaf"
"2-s2.0-78651227095","7018d582-4582-4e5c-9abc-09dd705cb65f"
"2-s2.0-78651227095","8ca94b53-a06b-4707-bd99-b2e0d8a127ac"
"2-s2.0-78651227095","798ca550-8195-41f0-898a-8c0933058f18"
"2-s2.0-78651227095","8bbde4c3-fb94-43f3-a098-a7eed796dd89"
"2-s2.0-78651227095","94bd0702-2e32-469e-a591-b99710162356"
"2-s2.0-78651227095","187d2643-52bc-4b07-81a7-c46cd4fb270b"
"2-s2.0-78651227095","df2e7701-bb71-41e3-9f9f-0b75bc38eb7e"
"2-s2.0-78651227095","f995ec24-411b-4e2b-a33b-c6d5197bde07"
"2-s2.0-78651227095","5966c6fc-cefa-4887-9371-f55f2d08cb1f"
"2-s2.0-78651227095","d3bb9cea-a5f0-4be7-90f7-c8071de8562b"
"2-s2.0-78651227095","5926e26c-80a8-4e58-9229-23c458927d19"
"2-s2.0-78651227095","f1989e00-3bf3-49cf-9af8-f643d5c759bf"
"2-s2.0-78651227095","6ff71d8c-ff98-4782-84e9-166a22f5cb62"
"2-s2.0-78651227095","ca2cfe60-057d-4e2a-87fa-d163620926df"
"2-s2.0-78651227095","6d9bfbe9-56de-4c4f-8c3d-fb07920e38b8"
"2-s2.0-78651227095","3463ee02-f59c-40a5-9aab-00b9b2921cfc"
"2-s2.0-78651227095","0bb145e9-87ea-4732-b49c-0746cee31716"
"2-s2.0-78651227095","95a695b9-a979-457e-823f-a65b01f3d7a2"
"2-s2.0-78651227095","8992477c-915e-4bd9-b932-109f98d1a523"
"2-s2.0-78651227095","fb3fbe50-c7ab-4428-ad2d-8bfbe4eed579"
"2-s2.0-78651227095","bc59777e-5a16-4691-8a99-a10982729e5c"
"2-s2.0-78651227095","2e843339-86ba-41f2-83b9-bf38f5c69deb"
"2-s2.0-78651227095","ef1f1e85-bf0f-4ecb-838b-80c19b93312c"
"2-s2.0-78651227095","4522f4eb-7e21-4e4b-bff0-35e2550f147f"
"2-s2.0-84873079192","524c42cb-bd0c-4dcb-b2bb-e72a68f1be0d"
"2-s2.0-84873079192","9647bb07-707d-43c5-95e3-15f8ee4eeb8d"
"2-s2.0-84873079192","1b61dbb4-4433-40fc-a994-a5e73e23ea4c"
"2-s2.0-84873079192","36c14ca4-4b21-40bb-9902-92ab9de4e006"
"2-s2.0-84873079192","6f9189be-e3e8-4752-aa24-3378954185fc"
"2-s2.0-84873079192","32ad87ab-8751-4cd6-a587-577f5cb439c8"
"2-s2.0-84873079192","240db820-e074-4214-a51a-5e34f0a22882"
"2-s2.0-84873079192","dd2e1d8d-452d-4263-85a7-a575a5ebefc8"
"2-s2.0-84873079192","2377d546-f46b-48f2-a9f3-6bdfbed88a9a"
"2-s2.0-84873079192","45877c2e-cd28-4bd2-acb7-4ecd26530d1f"
"2-s2.0-84873079192","9f6de1b8-5b8d-4c1a-b118-36e88974cff7"
"2-s2.0-84873079192","f2228744-0001-4fa0-b6f0-38cc031dbc82"
"2-s2.0-84873079192","cd054008-3cef-4599-bb75-60994022e233"
"2-s2.0-84873079192","d727020d-e1b9-41b2-9455-50b1d00d6224"
"2-s2.0-84873079192","cb2d51a6-0924-429d-bb3d-fb15ea1bf716"
"2-s2.0-84873079192","bd5494d1-f937-45ef-b049-4b8225a65c8e"
"2-s2.0-84873079192","166ea1ed-6f94-46f3-9a2f-bf7ad422ad6f"
"2-s2.0-84873079192","5acccc37-5c49-4a3b-a405-f4abca3db10a"
"2-s2.0-84873079192","e325acb8-adb4-4bf6-9b74-b8905256ea7a"
"2-s2.0-84873079192","37ea9993-a1d5-434b-98ce-4d19794d7275"
"2-s2.0-84873079192","a2ada8c3-56d8-41cb-b841-4148ca904fed"
"2-s2.0-84873079192","783470f1-b677-4910-9d5c-8c0c99bb6608"
"2-s2.0-84873079192","f1a99147-e023-4041-ad9c-60b81b7956a1"
"2-s2.0-84873079192","c6cb8aca-5fe4-4cfb-aeb5-c1346aa404f2"
"2-s2.0-84873079192","32a37e04-5ce2-40c7-8233-d1818fff4229"
"2-s2.0-84873079192","f70460a9-0c80-408d-8059-0f208ec2b85f"
"2-s2.0-84873079192","93219415-ac08-4c0a-bb83-cf7d8e6fd4e6"
"2-s2.0-84873079192","4c68e011-c107-48b4-9875-b1ddde76421c"
"2-s2.0-84873079192","01962447-c172-4f29-8f2e-84eb5f439474"
"2-s2.0-84873079192","c1945aff-242e-4f3d-8a7c-02fa9f3170b8"
"2-s2.0-84873079192","d1868e50-739e-4b8e-9767-9828b8e7b811"
"2-s2.0-84873079192","2d6efeb2-b259-4732-8747-935078886dd3"
"2-s2.0-84873079192","9026501c-b52b-45b9-aae6-518c464cb044"
"2-s2.0-84873079192","9835b7f2-0bc5-4de8-b1ac-5e65eca7e15e"
"2-s2.0-84873079192","3629f3f1-e3e0-46ec-977a-1962c247aa8b"
"2-s2.0-79956348934","1d567343-8a62-49d0-b9c8-21eca86e3404"
"2-s2.0-79956348934","3541ad18-d985-4c12-bbf3-711f48f65a29"
"2-s2.0-79960561019","d6131650-0759-4b10-aa46-89a1ba2425f4"
"2-s2.0-79960561019","3fb6142f-6c9a-4810-8305-1a3f5d3d5984"
"2-s2.0-79960561019","17e32d4a-e056-4007-939d-6e6d6a0823af"
"2-s2.0-79960561019","95924b2a-6318-43e8-ab88-d7dab31bf078"
"2-s2.0-79960561019","388160a9-729e-4fe0-9b0e-c34b971e27c5"
"2-s2.0-77953373352","24a3e5e6-36eb-4e97-a6bd-5c7335866335"
"2-s2.0-77953373352","8e7161e1-b78f-473a-80de-4b2adc3455c9"
"2-s2.0-77953373352","bd7d19ad-437c-42a6-a9e9-c12b2004bb82"
"2-s2.0-79955928322","73618d7c-2ed0-462a-beb5-249d1c8e585b"
"2-s2.0-79955928322","9f0a1b6e-de3e-4e6a-89d3-a511f0972de6"
"2-s2.0-79955928322","3f958ce4-cc54-47ae-95ff-ae0b6f0ab6ea"
"2-s2.0-79955928322","43826f37-0230-4954-b0cc-8fd5f3524c3c"
"2-s2.0-79952225953","143d16b0-1a24-4d35-98d0-e81a0bf71f90"
"2-s2.0-79952225953","993e66cb-25fa-47d3-8de2-d6809f685b4f"
"2-s2.0-79952225953","3fab331e-7c3b-4ac0-83e3-758c3558680f"
"2-s2.0-79952225953","2102aebf-eb44-4825-a0f7-08ae025b3562"
"2-s2.0-79952225953","a01bbe14-b283-4574-9ff4-72fd201bd7b7"
"2-s2.0-79952225953","2651e24d-333a-49cc-8af3-d45de6d4ea3a"
"2-s2.0-79952225953","cc279e59-2e81-4793-8f35-b985df44e725"
"2-s2.0-79952225953","9730a8fb-f031-480f-be56-385c8f6e7008"
"2-s2.0-79952225953","0954464f-229f-497b-bbab-05bebb088765"
"2-s2.0-79952225953","6c280c9f-a407-416a-9371-7e2a4c519f8a"
"2-s2.0-79952225953","58b32d76-03ff-4cd6-ba94-76f9acd7229d"
"2-s2.0-79952225953","2256edbd-9b8b-4e23-a1e8-bdd888f734db"
"2-s2.0-77955546969","4323694c-2ae4-456a-a79b-1ab039389f56"
"2-s2.0-77955546969","47cb9039-0137-43db-a71b-b2ecd9a74184"
"2-s2.0-77955546969","8019eb86-0c9a-416a-a830-60a4afc02310"
"2-s2.0-77955546969","d2ed22e8-baed-4750-ba16-9b521b170267"
"2-s2.0-77955546969","d620159e-aff7-4c8e-8df5-ff8bbd8cb1c1"
"2-s2.0-77955546969","71e4cf31-a298-4b11-b0f2-9d5a5bbac0a0"
"2-s2.0-77955546969","fca87687-2760-4bcd-bc09-5d43294abe4a"
"2-s2.0-77955546969","0f33bc89-c7f9-480a-bde6-18536c7dba9d"
"2-s2.0-77955546969","3e360177-cbdf-4b6c-81bc-4c9d23cd7fa6"
"2-s2.0-77955546969","22049759-9247-45ff-9e92-94014f3b4381"
"2-s2.0-77955546969","31d87395-a92b-4e89-9c8b-83c4ef13b924"
"2-s2.0-77955546969","e82dc48a-7153-4b0b-a872-4d49c78069af"
"2-s2.0-77955546969","f42068a9-7123-44cf-a373-9d5b2120d171"
"2-s2.0-77955546969","96f35102-f471-4961-bc74-efe661f1927d"
"2-s2.0-77955546969","076e43d8-06dc-4453-8840-21cdc29711b7"
"2-s2.0-77955546969","956ae4cf-4aa3-4cfc-9b7e-0ecefe2b8fdd"
"2-s2.0-77955546969","71cd1b3b-991b-49ea-8a46-8717f9c6e95b"
"2-s2.0-77955546969","1e23a7ad-b286-41bb-a837-ea48cf77ae18"
"2-s2.0-77955546969","b29acf14-6dd0-442e-a613-0727f1bc2ce1"
"2-s2.0-77955546969","2d44f073-ae35-40a3-909d-db3959494292"
"2-s2.0-77955546969","1e139e5a-df59-458c-85a8-5afef436944a"
"2-s2.0-77955546969","62b38f6c-f87d-4141-b9cd-ec8b4b3a9720"
"2-s2.0-77955546969","f80b7098-9953-482e-aacc-2d5d0138f53a"
"2-s2.0-77955546969","52ae0c89-ea96-44f2-8d2a-02c97571e656"
"2-s2.0-77955546969","4acbf0b2-3be1-4058-8c34-083f1a4c8bcb"
"2-s2.0-77955546969","e3e62f0c-34d0-4179-ba04-29c8dc6b54df"
"2-s2.0-77955546969","00a4beab-bf5b-4ede-9b28-6f0eef734076"
"2-s2.0-77955546969","2a52386e-3bba-4de5-9a64-0c34f4715908"
"2-s2.0-77955546969","6ff71d8c-ff98-4782-84e9-166a22f5cb62"
"2-s2.0-84873373148","2750c22f-c464-4952-bec2-2c68ca6ee820"
"2-s2.0-84873373148","1b65d9a9-b63f-4b23-8276-4ee19c62c279"
"2-s2.0-84873373148","2fcac0ef-5ad4-49d0-baed-620892262a3c"
"2-s2.0-84873373148","45bf5b95-7f8d-4c50-9e2e-6a8483abfcb2"
"2-s2.0-84873373148","bf83fc8b-7eca-4a82-8511-cf339481ec69"
"2-s2.0-84873373148","14dff8c2-7bc4-45fa-9405-688db967330b"
"2-s2.0-84873373148","cc3a6dc8-70f3-46c6-9896-42fe7e3986d2"
"2-s2.0-84873373148","a03c6704-c32d-43a3-8789-c2c7d47b4eb4"
"2-s2.0-84873373148","ae880311-49b5-4e0d-94ef-eccc46fc0069"
"2-s2.0-84873373148","d71b975e-c86d-42c3-8e4c-4357a83b1083"
"2-s2.0-84867498808","50c109d4-e188-46d8-bfd0-7a81179c4dac"
"2-s2.0-84867498808","e14b01fa-b61e-435c-885c-2a8978e84a3b"
"2-s2.0-84867498808","f7cb54d1-c9db-49fc-8e38-bd3d4c880e41"
"2-s2.0-84867498808","cfd575d1-cf2e-4ea8-aa31-d22ca3162516"
"2-s2.0-84867498808","439abe7e-7d5b-45bc-bf68-b484d0317cfa"
"2-s2.0-84867498808","8b92eeb9-e1ef-4c5a-9a12-65cbcd519db1"
"2-s2.0-84867498808","0bcdef9b-d64c-4635-87f8-4e3f379574f4"
"2-s2.0-84867498808","82d3de5c-f282-4aea-998f-3def416f23ba"
"2-s2.0-84867498808","654af7d0-eed9-4c6d-997a-f5da1d6c6339"
"2-s2.0-84867498808","93219415-ac08-4c0a-bb83-cf7d8e6fd4e6"
"2-s2.0-84867498808","68b69696-a26a-4f3c-997e-1fc62b216c9a"
"2-s2.0-84867498808","484c7cd9-601c-46c6-85de-a9666c2d66f3"
"2-s2.0-84867498808","d09f9ead-a7f0-4cfd-9e72-8da987f180bf"
"2-s2.0-84867498808","811646fc-5ce5-4c33-b1f9-de7ce60ab630"
"2-s2.0-84867498808","5fe0c17d-ee4f-4d9c-86f3-3e51136c43c8"
"2-s2.0-84867498808","7f4484e7-53cc-4700-a2e8-b862eb0d70f7"
"2-s2.0-84867498808","e4520641-99f5-4f74-8c0c-9c99d1e4f489"
"2-s2.0-84867498808","d1868e50-739e-4b8e-9767-9828b8e7b811"
"2-s2.0-84867498808","d3f1a493-195d-4cea-b6b1-163443552522"
"2-s2.0-84867498808","ff09f15b-3219-4c50-8a41-439f047793c1"
"2-s2.0-84867498808","27234e9c-0ea1-4d59-8d53-477b1f631931"
"2-s2.0-84867498808","df0ac9e3-5fe4-4db9-8131-9a415f97a943"
"2-s2.0-84867498808","f4b7c7c5-0b6c-431a-9a22-96ac7d9ee5fb"
"2-s2.0-84867498808","b02df24a-e127-41b3-8c84-ae1206901bab"
"2-s2.0-84867498808","54e58ce2-5b5f-4c2f-8a0a-6f422d7452c8"
"2-s2.0-84867498808","39076a15-b1c8-4735-9db5-d6ab25ab4d68"
"2-s2.0-84885082353","8ee9b7fd-9011-40d1-a612-9b2872e9631d"
"2-s2.0-84885082353","84c43184-2562-4094-afa7-5e5d8ea82ee6"
"2-s2.0-84885082353","b94339fa-86e5-497a-bfdd-f9982dc01d63"
"2-s2.0-84885082353","01f9350f-12a0-4bf5-b47c-1744b164dd18"
"2-s2.0-84885082353","48dd83bd-3f9a-4f6b-b17d-3de048a3f8dd"
"2-s2.0-84885082353","07925b33-c202-490d-a9c9-4f104cefa9fe"
"2-s2.0-84885082353","e5e97768-c767-42b3-bb07-dbff7800315b"
"2-s2.0-84885082353","93219415-ac08-4c0a-bb83-cf7d8e6fd4e6"
"2-s2.0-84885082353","52f087f0-d505-43ec-bb54-cb74f04a9b0e"
"2-s2.0-84885082353","f518bc33-3ed4-43ba-a41c-2870ad8caa43"
"2-s2.0-84885082353","cc4bf925-b51d-414d-a36f-81f748bf6765"
"2-s2.0-84885082353","d54aae91-3bba-4482-b697-00f3d80b75b6"
"2-s2.0-84885082353","d16e31f8-cf75-4166-b672-5ff347397fd7"
"2-s2.0-84885082353","5394fb0f-05d0-44f9-8a63-9eb967f5e146"
"2-s2.0-84885082353","ef4ca86c-b23d-4f0a-8ce5-49b6a104cfc2"
"2-s2.0-84885082353","fda70223-cb84-432b-a884-6d1c915f9d0e"
"2-s2.0-84885082353","95666ed9-c1b8-4fc1-94de-ef62bb22eb5c"
"2-s2.0-84885082353","27234e9c-0ea1-4d59-8d53-477b1f631931"
"2-s2.0-84885082353","c980ea66-5a0f-46c4-a881-fb177023b5fc"
"2-s2.0-84885082353","cb963a3d-2a28-4da4-9616-2a657ed3f5b3"
"2-s2.0-84885082353","04b9b8c9-f94c-4461-b64a-2dc802fddfcc"
"2-s2.0-84885082353","9a4c7939-e01e-4e98-a80d-d447762a27f0"
"2-s2.0-84881220999","6f9189be-e3e8-4752-aa24-3378954185fc"
"2-s2.0-84881220999","eda15c93-da89-4f34-b381-794d34d56c35"
"2-s2.0-84881220999","557a6fdc-68f4-43c6-b4f2-07e6f4b9f679"
"2-s2.0-84881220999","230619b5-d23b-470a-9551-c6bb28eeedc3"
"2-s2.0-84881220999","8823421f-d300-4354-8aca-bff5f07208c5"
"2-s2.0-84862759209","2750c22f-c464-4952-bec2-2c68ca6ee820"
"2-s2.0-84862759209","bf83fc8b-7eca-4a82-8511-cf339481ec69"
"2-s2.0-84862759209","59d22818-be62-42d4-822d-ff959057227e"
"2-s2.0-84862759209","9e5e1602-601f-4dd5-b6bc-1649dad6f745"
"2-s2.0-84862759209","a35fc2bf-76b7-46b2-ba4b-2ffe34cd57fe"
"2-s2.0-84862759209","8abc582c-f4c3-48b7-9726-c36a878c696d"
"2-s2.0-84862759209","d6a7f0ad-56c4-491c-9b9f-517522770c63"
"2-s2.0-79952915872","5bfe3b18-a37b-4a73-a3d5-d9cd26c46b66"
"2-s2.0-79952915872","33024e41-81a6-415a-85d7-355e8f6894b5"
"2-s2.0-79952915872","040b7ab2-91a3-4469-a798-fed9747fb1e8"
"2-s2.0-77955944983","524c42cb-bd0c-4dcb-b2bb-e72a68f1be0d"
"2-s2.0-77955944983","9f0a1b6e-de3e-4e6a-89d3-a511f0972de6"
"2-s2.0-77955944983","be0e79ed-c255-4b5f-a8ef-4d5659066061"
"2-s2.0-77955944983","97ff6fe0-df49-4d75-b8f8-e602fcdffbd8"
"2-s2.0-77955944983","77ad4096-2e6f-4cf7-b771-3ffeece4004f"
"2-s2.0-77955944983","9df4e20f-4351-4a1a-8f21-77be2f1ea431"
"2-s2.0-77955944983","480002fc-a6c6-4015-984d-97e893379a53"
"2-s2.0-77955944983","9730910e-cfbd-4412-8f02-aa5b54a22946"
"2-s2.0-77955944983","e6acef70-bdc2-476d-81d4-8df09ed39bac"
"2-s2.0-77955944983","a21bc75e-9119-4178-964f-8795a802919f"
"2-s2.0-77955944983","35fecf89-2aed-4a48-9b6d-627900e0eca6"
"2-s2.0-77955944983","2d152a47-4de1-4117-8ff6-554769ce180e"
"2-s2.0-77955944983","e46b7d0f-a403-4327-b782-2d7353da0a1c"
"2-s2.0-77955944983","e6c1b808-4acd-4624-af19-60b604bb1efa"
"2-s2.0-77955944983","43826f37-0230-4954-b0cc-8fd5f3524c3c"
"2-s2.0-77955944983","4dc47841-fed8-477b-a9e9-f4f808142917"
"2-s2.0-77955944983","6361b6b4-b92b-429c-90ce-450788a034e1"
"2-s2.0-77955944983","1e363375-5743-41ac-8138-8c82efef186c"
"2-s2.0-77955944983","743db256-5830-4244-9a0c-964f7f60b438"
"2-s2.0-77955944983","ecb5a5ef-bc68-43db-a75d-83fdbf5d4b69"
"2-s2.0-77955944983","c9daecb7-7835-4ea8-94b7-9ff9e4308ed5"
"2-s2.0-77955944983","7cdb97ee-340e-4bfd-8588-960e3454da08"
"2-s2.0-77955944983","30d3a8ed-75ca-41cc-a4c0-f79b331bb15a"
"2-s2.0-77955944983","e53490f3-f860-409b-9433-45ea5e3b7ce5"
"2-s2.0-77955944983","9edd94f9-0214-4eb5-995e-61f7f900defd"
"2-s2.0-77955944983","c942d853-3d6e-4287-8fe2-d94d1548f0ca"
"2-s2.0-77955944983","f70460a9-0c80-408d-8059-0f208ec2b85f"
"2-s2.0-77955944983","93219415-ac08-4c0a-bb83-cf7d8e6fd4e6"
"2-s2.0-77955944983","4c68e011-c107-48b4-9875-b1ddde76421c"
"2-s2.0-77955944983","b6b4f4c1-0779-4aa1-b2c2-94464f5ae8db"
"2-s2.0-77955944983","74405e02-6feb-453e-a374-ce2f66602aea"
"2-s2.0-77955944983","fb33ccbf-9660-4bc3-9e6e-80f1d2a6ad07"
"2-s2.0-77955944983","52a7f003-b341-44d5-a125-77131ab6b935"
"2-s2.0-77955944983","f17ae6e7-be67-438e-a963-d52ee9a22cc5"
"2-s2.0-84878751197","524c42cb-bd0c-4dcb-b2bb-e72a68f1be0d"
"2-s2.0-84878751197","f351d4c9-21d4-45d3-97fd-b3dab4ed71ed"
"2-s2.0-84878751197","0b629a65-ff01-4b50-8c07-bf0cb4a959a0"
"2-s2.0-84878751197","2750c22f-c464-4952-bec2-2c68ca6ee820"
"2-s2.0-84878751197","dd2e1d8d-452d-4263-85a7-a575a5ebefc8"
"2-s2.0-84878751197","03d6ee57-56ed-4813-a75f-057f9c73d478"
"2-s2.0-84878751197","961e5b2d-1f91-4a49-a469-5f00b5c419e4"
"2-s2.0-84878751197","9f6de1b8-5b8d-4c1a-b118-36e88974cff7"
"2-s2.0-84878751197","191d5376-6676-4706-9752-53c7c8ac5849"
"2-s2.0-84878751197","cf9ae6a0-298f-46b0-a1a1-59b271eeee8e"
"2-s2.0-84878751197","362ff0e4-828f-4138-872b-6ee5379f3dd2"
"2-s2.0-84878751197","45bf5b95-7f8d-4c50-9e2e-6a8483abfcb2"
"2-s2.0-84878751197","bf83fc8b-7eca-4a82-8511-cf339481ec69"
"2-s2.0-84878751197","38a3c3f2-dbe8-44dc-83f8-f83fd05434a1"
"2-s2.0-84878751197","32a37e04-5ce2-40c7-8233-d1818fff4229"
"2-s2.0-84878751197","f70460a9-0c80-408d-8059-0f208ec2b85f"
"2-s2.0-84878751197","93219415-ac08-4c0a-bb83-cf7d8e6fd4e6"
"2-s2.0-84878751197","4c68e011-c107-48b4-9875-b1ddde76421c"
"2-s2.0-84878751197","9160fb13-b3b3-4bb5-b67d-abc319ec75f0"
"2-s2.0-84878751197","9c0e81d7-6de8-42d6-8c63-f9b0a1374880"
"2-s2.0-84878751197","d1868e50-739e-4b8e-9767-9828b8e7b811"
"2-s2.0-84878751197","b211e596-1d14-4ab3-8b26-b91abe432318"
"2-s2.0-84878751197","c99c462e-c205-460c-a5af-70b85eadb6cb"
"2-s2.0-84878751197","1f81ce8b-0b85-43f4-ab8e-4537f1b08a01"
"2-s2.0-77953127901","c4bb4537-94bd-493c-8d9c-feb1e1833058"
"2-s2.0-77953127901","cc4bf925-b51d-414d-a36f-81f748bf6765"
"2-s2.0-77953127901","48fec7f2-9633-4b08-a661-4f97530c0f2b"
"2-s2.0-77953127901","9e5e1602-601f-4dd5-b6bc-1649dad6f745"
"2-s2.0-77953127901","956ae4cf-4aa3-4cfc-9b7e-0ecefe2b8fdd"
"2-s2.0-77953127901","5e50b6ba-5493-4cc6-882d-647f198b0802"
"2-s2.0-77953127901","c980ea66-5a0f-46c4-a881-fb177023b5fc"
"2-s2.0-77953127901","32a37e04-5ce2-40c7-8233-d1818fff4229"
"2-s2.0-84856565394","bbf49d8c-0a48-4e89-8702-d461ffb04015"
"2-s2.0-84856565394","016ee9f5-b372-4b2c-88ae-8e2004248656"
"2-s2.0-84856565394","45181759-3dba-4d0d-98b1-88909a213c10"
"2-s2.0-84856565394","5b483aaa-5bb5-4fa8-b1c5-5831300e0e40"
"2-s2.0-84856565394","9e520198-a464-462f-95ba-a3df01fe7b4f"
"2-s2.0-84856565394","6f9189be-e3e8-4752-aa24-3378954185fc"
"2-s2.0-84856565394","8823421f-d300-4354-8aca-bff5f07208c5"
"2-s2.0-84856565394","b3ff0d1f-831c-42f5-b5c8-094d5d30a63d"
"2-s2.0-84856565394","a5f010b2-4712-461b-9f12-96f137b9f4a5"
"2-s2.0-84856565394","655d237a-576c-43dc-a204-9097be2859ca"
"2-s2.0-84856565394","58b32d76-03ff-4cd6-ba94-76f9acd7229d"
"2-s2.0-78650382320","859bb78f-810b-4804-9e7f-f4a874182889"
"2-s2.0-78650382320","8c00d28f-c24c-49b6-a067-ebb9ebf36cfd"
"2-s2.0-78650382320","4693a7ca-3428-4b92-a105-7921bf26bfa9"
"2-s2.0-78650382320","09fd2345-5ac0-4e0f-8964-62d1009eb92b"
"2-s2.0-78650382320","e26d8eb3-edc2-4f82-9db1-0e5ea62ae4e3"
"2-s2.0-78650382320","3b3b5f8f-7b2d-4f58-adf3-967c78b7dede"
"2-s2.0-78650382320","0061793f-c76d-4f58-a6ae-aab574b3c3ae"
"2-s2.0-78650382320","3cce8ace-3c4a-4a98-843d-1e8927ff8dd8"
"2-s2.0-77949839764","e64d29d2-9cad-4c73-b90e-b5549c07b4dc"
"2-s2.0-77949839764","c92e8e8e-a983-4d51-a056-f5884f566c86"
"2-s2.0-77949839764","3046e9b2-2b6c-4b96-8c4d-0e15771b6c79"
"2-s2.0-77949839764","c166cd0a-c4f6-4051-b9a9-c9e4a37fd0c3"
"2-s2.0-84855182207","a0be0c4d-934f-47fa-90b1-0ae071ac6821"
"2-s2.0-78650022517","af49ef76-278f-4456-906c-c56bef9dfde2"
"2-s2.0-78650022517","8e7161e1-b78f-473a-80de-4b2adc3455c9"
"2-s2.0-78650022517","bd7d19ad-437c-42a6-a9e9-c12b2004bb82"
"2-s2.0-84876283636","524c42cb-bd0c-4dcb-b2bb-e72a68f1be0d"
"2-s2.0-84876283636","f122518b-d02f-4d4c-9266-064dc55ec512"
"2-s2.0-84876283636","fad1328e-aa24-4dda-8e0d-aee57287e9ee"
"2-s2.0-84876283636","14f7afe8-7be2-4126-8f48-145839c55846"
"2-s2.0-84876283636","dd2e1d8d-452d-4263-85a7-a575a5ebefc8"
"2-s2.0-84876283636","961e5b2d-1f91-4a49-a469-5f00b5c419e4"
"2-s2.0-84876283636","9f6de1b8-5b8d-4c1a-b118-36e88974cff7"
"2-s2.0-84876283636","dd775f46-0c82-4db1-b743-0fc8ab619f02"
"2-s2.0-84876283636","45abd514-8e8e-43f4-b9bc-bdcfeaeabfd5"
"2-s2.0-84876283636","a7527fe5-5b08-482a-a38d-f97e64dd69b0"
"2-s2.0-84876283636","e6db83b7-fd37-486d-ad01-b4bab327e2fc"
"2-s2.0-84876283636","a154fd49-fc36-4374-9cce-2f0c6ceba149"
"2-s2.0-84876283636","16aa6f65-13d8-4969-ab0d-35c75b2840ba"
"2-s2.0-84876283636","5adab1c0-300b-4b65-ac1b-a495002f17b6"
"2-s2.0-84876283636","f4601e82-00b2-49f0-b7c7-35c6c28363d9"
"2-s2.0-84876283636","04d25a92-94c2-4623-bac0-5de087e8dec1"
"2-s2.0-84876283636","5b21ec0a-44b8-4a0f-a534-564919129933"
"2-s2.0-84876283636","524675ff-4ebd-4c5d-ba93-53eb9a751231"
"2-s2.0-84876283636","ddf5d787-b859-4aed-8c7d-cf32f2a4fa88"
"2-s2.0-84876283636","65d5374c-a4a5-43fb-af14-3da13928cff0"
"2-s2.0-84876283636","1ba8cd69-6887-4aea-a60d-82510deebaf4"
"2-s2.0-84876283636","a1d93483-015f-4d8b-9a22-dcef0ef74430"
"2-s2.0-84876283636","f3ae53dc-e009-4eb6-93fb-396836116e17"
"2-s2.0-84876283636","9fd29b8c-410f-4a66-a5d0-ff2b1dec0e6c"
"2-s2.0-84876283636","2dbabc15-24b4-4103-a3d1-bb1370c4bc37"
"2-s2.0-84876283636","d949353e-e594-4d46-8cf8-47d0d26dbf22"
"2-s2.0-84876283636","04abfa93-d381-4337-a4be-c816534c276a"
"2-s2.0-84876283636","3ad8f380-84de-410e-a7ac-fde7586163f1"
"2-s2.0-84876283636","a3ed6ef7-987a-41cc-88ee-ddc23744893f"
"2-s2.0-84876283636","15047635-409e-43cc-b8ed-e140da82c74a"
"2-s2.0-84876283636","e9d578fd-59bd-4f24-b88d-134ee12dfef5"
"2-s2.0-84876283636","62c7c6d1-05a1-450d-a1df-6f9882e1b627"
"2-s2.0-84876283636","a802b09e-bd13-4666-8471-797886a7c610"
"2-s2.0-84876283636","38bad602-676f-4063-9923-bfe04fb8d13c"
"2-s2.0-84876283636","29b46407-99e0-42b1-94c7-513ba826f19a"
"2-s2.0-84876283636","6a0ed26d-4d73-4e37-9c0a-e93f82467c9c"
"2-s2.0-84876283636","f8f25523-874f-4069-a7ee-c14c0b673af1"
"2-s2.0-84876283636","56919fd8-abc5-412d-be65-f0bdc9f46a6e"
"2-s2.0-84876283636","2a2b7192-49c3-4731-8a66-6d2fd0751808"
"2-s2.0-84876283636","1037b34f-c2e0-4f12-b309-9adfdd7ff9c1"
"2-s2.0-84876283636","dae48bfc-e10f-455d-b537-9e9a29d1788d"
"2-s2.0-84876283636","75783a32-e805-438a-875b-276adddc39a1"
"2-s2.0-84876283636","32a37e04-5ce2-40c7-8233-d1818fff4229"
"2-s2.0-84876283636","671dd9ec-0867-4c19-a444-2ef7557e2c5a"
"2-s2.0-84876283636","47be039d-d4e8-4f00-9472-f33b401e8851"
"2-s2.0-84876283636","2b477898-f017-4cce-89b5-6d4f493a3491"
"2-s2.0-84876283636","79e71118-e7dd-4942-aaf5-c75fdfc26a39"
"2-s2.0-84876283636","0e945131-5caf-434f-a9e5-f58d7aac2c64"
"2-s2.0-84876283636","82d3de5c-f282-4aea-998f-3def416f23ba"
"2-s2.0-84876283636","e887fe6b-bccd-4b9d-9e46-f28f4bd5df17"
"2-s2.0-84876283636","bfa7929b-1e63-4d31-9c0f-de2e315c898b"
"2-s2.0-84876283636","ebca1bbc-1023-4daa-bce9-c1814279b735"
"2-s2.0-84876283636","93219415-ac08-4c0a-bb83-cf7d8e6fd4e6"
"2-s2.0-84876283636","4a422b8d-d8eb-41be-b6eb-ef54db30e7ed"
"2-s2.0-84876283636","9824a632-3de9-4b00-8a14-b11b2005d1b0"
"2-s2.0-84876283636","5684ba11-ace6-4610-a448-ae60935cfd60"
"2-s2.0-84876283636","63ca878a-bf28-4329-a931-f0c25a4d9940"
"2-s2.0-84876283636","744bc167-9df0-4d93-9197-53c9f258bbd0"
"2-s2.0-84876283636","d09f9ead-a7f0-4cfd-9e72-8da987f180bf"
"2-s2.0-84876283636","3e7bc53d-ad08-4d30-a4e6-dc288fc89e26"
"2-s2.0-84876283636","ca6eae61-0929-4c98-8ff0-5f23f9ed50fa"
"2-s2.0-84876283636","941c6ace-d9c1-4bbe-8a60-08f88248f54f"
"2-s2.0-84876283636","9c3e80b0-4649-452a-a8a9-bc95e047bc75"
"2-s2.0-84876283636","9c9644d1-ad9d-4f8b-af56-81e6096553fb"
"2-s2.0-84876283636","30b3c1a3-5cdb-4252-8a38-b678a6d521d8"
"2-s2.0-84876283636","b6b4f4c1-0779-4aa1-b2c2-94464f5ae8db"
"2-s2.0-84876283636","eb1946b5-0d50-47f9-ab5a-d8fabc0fa102"
"2-s2.0-84876283636","d3fba5a8-4642-448f-b103-ccc2a02a324d"
"2-s2.0-84876283636","d1868e50-739e-4b8e-9767-9828b8e7b811"
"2-s2.0-84876283636","d3f1a493-195d-4cea-b6b1-163443552522"
"2-s2.0-84876283636","18ba64f6-2aba-4609-96fb-d6877bf8a949"
"2-s2.0-84876283636","c4e31825-4647-4c04-ad5b-94d428d0a5ca"
"2-s2.0-84876283636","6067a65b-2930-4003-826e-f8a59dd3270a"
"2-s2.0-84876283636","1f81ce8b-0b85-43f4-ab8e-4537f1b08a01"
"2-s2.0-84876283636","27234e9c-0ea1-4d59-8d53-477b1f631931"
"2-s2.0-84876283636","67fb6797-4eac-4b1d-b42f-de319eedb779"
"2-s2.0-84876283636","cb963a3d-2a28-4da4-9616-2a657ed3f5b3"
"2-s2.0-84876283636","9a436e5b-2dd8-4cc6-b758-58e4875e0f78"
"2-s2.0-84876283636","04b9b8c9-f94c-4461-b64a-2dc802fddfcc"
"2-s2.0-84876283636","c4be598d-34ba-4cd6-8196-0981e81ca9b4"
"2-s2.0-84876283636","016acb1b-bcd6-4ff0-a783-651cb0684840"
"2-s2.0-84876283636","15aa09fb-dd04-4da8-9dff-6b6102e9656b"
"2-s2.0-84876283636","dde40d89-8f37-41d0-9c8d-0c75bc209fe7"
"2-s2.0-84876283636","aad7f394-e3cb-444b-9b83-d489849a8414"
"2-s2.0-78649963709","d6c268ec-6b9f-4b52-97a1-2d38a372f1cd"
"2-s2.0-78649963709","74c9118a-dc33-445a-a63d-53a07975f105"
"2-s2.0-78649963709","f49bafe3-5d77-437b-81ac-3b8e900d5d18"
"2-s2.0-78649963709","d68d45ea-b0b2-43df-b62e-f3c3519e5839"
"2-s2.0-78649963709","6206bc1e-8ae3-49c5-9fce-93c8771e3c92"
"2-s2.0-78649963709","84986af8-ac6a-4e05-aeb9-41b5fce9779a"
"2-s2.0-84881058369","4eafb37e-558d-4352-b1ec-9d8ff7001bd2"
"2-s2.0-84881058369","95924b2a-6318-43e8-ab88-d7dab31bf078"
"2-s2.0-84867094213","34ef16e9-70c2-494b-af4f-14e683e3d196"
"2-s2.0-84867094213","002cff96-d8f5-4967-ad52-134993f6461a"
"2-s2.0-84867094213","f122518b-d02f-4d4c-9266-064dc55ec512"
"2-s2.0-84867094213","d6c268ec-6b9f-4b52-97a1-2d38a372f1cd"
"2-s2.0-84867094213","f8a1bc61-7834-413c-84bd-f8b84dfac395"
"2-s2.0-84867094213","52f087f0-d505-43ec-bb54-cb74f04a9b0e"
"2-s2.0-84867094213","fad1328e-aa24-4dda-8e0d-aee57287e9ee"
"2-s2.0-84867094213","abdd649c-99de-4465-80b1-03b785a76872"
"2-s2.0-84867094213","922e8a80-546c-4d20-be99-d97f69f69d8c"
"2-s2.0-84867094213","b64691de-27b7-4f4f-b5f5-d7a8db288553"
"2-s2.0-84867094213","dd2e1d8d-452d-4263-85a7-a575a5ebefc8"
"2-s2.0-84867094213","db737a88-dba0-4d16-b2b0-f565c6120bea"
"2-s2.0-84867094213","55215fff-ea76-4cb2-ab1e-5600784aea0d"
"2-s2.0-84867094213","a2f6d9e3-ba5c-4460-b333-39e65ea07715"
"2-s2.0-84867094213","c8b4c1ac-e34f-455b-b258-aec8407d27ac"
"2-s2.0-84867094213","1c20b64c-c82c-4307-bfc0-7df5b778f074"
"2-s2.0-84867094213","539e3086-7623-4fb7-ba0d-a1ff5416c962"
"2-s2.0-84867094213","45877c2e-cd28-4bd2-acb7-4ecd26530d1f"
"2-s2.0-84867094213","9f6de1b8-5b8d-4c1a-b118-36e88974cff7"
"2-s2.0-84867094213","dd775f46-0c82-4db1-b743-0fc8ab619f02"
"2-s2.0-84867094213","c0996d4c-6d17-4b31-af70-5cab44122a81"
"2-s2.0-84867094213","bd7d19ad-437c-42a6-a9e9-c12b2004bb82"
"2-s2.0-84867094213","83cf7a3b-b9de-4174-a7be-f925763acad1"
"2-s2.0-84867094213","6e5bc8c6-3090-49ed-ac13-f7dc1012843e"
"2-s2.0-84867094213","f631adc4-6795-4017-837b-e4a0eeb744f4"
"2-s2.0-84867094213","4882be39-efd2-490b-96b1-c620e08e1b65"
"2-s2.0-84867094213","7c740061-3346-4c23-a09e-8bbccd893012"
"2-s2.0-84867094213","9b25c4c2-257d-4f54-91c4-0c0445d84df4"
"2-s2.0-84867094213","a67c6b2e-efda-4fa5-a9eb-9108ce1d0a31"
"2-s2.0-84867094213","13374b22-87dc-4ad7-b49d-77d73dfaf7d9"
"2-s2.0-84867094213","e944f9a5-519c-4b03-8418-bd460bc2458e"
"2-s2.0-84867094213","720cf187-7da4-4326-bbbe-f643c8243d1f"
"2-s2.0-84867094213","48dd83bd-3f9a-4f6b-b17d-3de048a3f8dd"
"2-s2.0-84867094213","732ef9a5-4881-42c4-8753-70c5e5a2cc77"
"2-s2.0-84867094213","7017bb56-6688-4904-afb3-fdb16adbe951"
"2-s2.0-84867094213","617e016a-1f71-4ef9-a810-0c6712b5bc8a"
"2-s2.0-84867094213","07925b33-c202-490d-a9c9-4f104cefa9fe"
"2-s2.0-84867094213","f389b1f6-313b-45f0-8ea4-7098de840754"
"2-s2.0-84867094213","ebace073-f3e6-457a-96e7-52e864269019"
"2-s2.0-84867094213","5028a4b5-dc8a-4963-882e-07db3eacafe4"
"2-s2.0-84867094213","b4c1f5e2-f6c0-44df-8c48-9c89bcaa6ebd"
"2-s2.0-84867094213","44bc79d5-cf43-41ce-9c14-4b898e99ec1f"
"2-s2.0-84867094213","2244fdc8-d148-40a1-9b68-a9f290161d1e"
"2-s2.0-84867094213","ba4f0297-0a55-455c-97b2-083f9a186774"
"2-s2.0-84867094213","64008fbf-4b5e-4371-97fb-5c4eff090692"
"2-s2.0-84867094213","91e9bc97-57b0-412a-b7b2-f5b337f6aae0"
"2-s2.0-84867094213","32a37e04-5ce2-40c7-8233-d1818fff4229"
"2-s2.0-84867094213","82d3de5c-f282-4aea-998f-3def416f23ba"
"2-s2.0-84867094213","c167240e-169a-48b2-ba2e-b0cd92b3f5f0"
"2-s2.0-84867094213","ed4aaac3-d531-4a0b-9ea9-76fa66a2a627"
"2-s2.0-84867094213","cce86c20-4ba3-4358-8c73-f00752fa5395"
"2-s2.0-84867094213","93219415-ac08-4c0a-bb83-cf7d8e6fd4e6"
"2-s2.0-84867094213","4a422b8d-d8eb-41be-b6eb-ef54db30e7ed"
"2-s2.0-84867094213","7cb832f9-2d96-4e06-bdfc-c9c5e7c7bd56"
"2-s2.0-84867094213","d09f9ead-a7f0-4cfd-9e72-8da987f180bf"
"2-s2.0-84867094213","941c6ace-d9c1-4bbe-8a60-08f88248f54f"
"2-s2.0-84867094213","9c0e8c73-b728-411d-b1d5-2f41e372117a"
"2-s2.0-84867094213","9c3e80b0-4649-452a-a8a9-bc95e047bc75"
"2-s2.0-84867094213","53bfd4ad-9421-4923-8717-b52508934a27"
"2-s2.0-84867094213","03bd6c59-4bad-420b-9aeb-c71132cf3bcc"
"2-s2.0-84867094213","739d9cc5-25e5-4899-b43e-5968c36a6cad"
"2-s2.0-84867094213","d1868e50-739e-4b8e-9767-9828b8e7b811"
"2-s2.0-84867094213","d3f1a493-195d-4cea-b6b1-163443552522"
"2-s2.0-84867094213","8ef870d1-df29-4aef-b4d7-f2cd53e113e5"
"2-s2.0-84867094213","b211e596-1d14-4ab3-8b26-b91abe432318"
"2-s2.0-84867094213","6fda00b2-0ce8-4a6d-9089-08096c42591e"
"2-s2.0-84867094213","af81309b-6311-4cb1-84d2-0a38149650ac"
"2-s2.0-84867094213","6067a65b-2930-4003-826e-f8a59dd3270a"
"2-s2.0-84867094213","27234e9c-0ea1-4d59-8d53-477b1f631931"
"2-s2.0-84867094213","cb963a3d-2a28-4da4-9616-2a657ed3f5b3"
"2-s2.0-84867094213","73d0b6c6-24d8-4b19-9097-988ed8aef451"
"2-s2.0-82355163395","dd621041-c9cd-4d9f-9d9c-28eb26989b22"
"2-s2.0-82355163395","716dfa74-7a92-4f2d-bd0f-cc251c8a183a"
"2-s2.0-82355163395","80b35a0b-9c87-4790-9458-fda03e9bafc7"
"2-s2.0-82355163395","cdc35d8c-ce23-4dbb-bb1f-6bb466e10300"
"2-s2.0-82355163395","a9e8f5af-488f-4e92-92d4-050a23d78c8c"
"2-s2.0-82355163395","7de3815d-d9ff-4c6f-a078-14bf47041920"
"2-s2.0-82355163395","e2ff251a-aa2f-49db-8d8e-2cd877262397"
"2-s2.0-82355163395","07acaec8-6843-42ef-a6d1-e7c7ad5e23cf"
"2-s2.0-82355163395","82d3de5c-f282-4aea-998f-3def416f23ba"
"2-s2.0-82355163395","5872f1c8-aa9a-4717-9057-94ab97c251ab"
"2-s2.0-82355163395","e2d05258-5df7-45de-b7b1-f58461dc3d9d"
"2-s2.0-82355163395","275516d5-ec5d-4db5-b44b-f9ef40dfb790"
"2-s2.0-82355163395","59328ff5-0eb3-41b3-8792-cf6338853821"
"2-s2.0-82355163395","6bed5ea2-f650-42d5-bbce-811855980612"
"2-s2.0-82355163395","93219415-ac08-4c0a-bb83-cf7d8e6fd4e6"
"2-s2.0-82355163395","776d8b00-e6e0-4b03-89ec-40c5fc5ceada"
"2-s2.0-82355163395","d09f9ead-a7f0-4cfd-9e72-8da987f180bf"
"2-s2.0-82355163395","26d0acb0-9e19-477e-aaf9-1b5e655a0748"
"2-s2.0-82355163395","291b5522-30fd-4d7e-badc-b822d8e025b6"
"2-s2.0-82355163395","e46efd87-8eed-4147-a71a-c7d13fdf157f"
"2-s2.0-82355163395","55c52912-effe-46d4-a43f-23a465d08543"
"2-s2.0-82355163395","67fda810-300d-49a5-aaa2-d51ff778c5b2"
"2-s2.0-82355163395","e2ee8f85-5e8d-4dca-a18c-fd859fafb1c6"
"2-s2.0-82355163395","b498776d-f2c1-4c9b-bd30-0f7c6c05896d"
"2-s2.0-82355163395","9df4e20f-4351-4a1a-8f21-77be2f1ea431"
"2-s2.0-82355163395","6067a65b-2930-4003-826e-f8a59dd3270a"
"2-s2.0-82355163395","1f81ce8b-0b85-43f4-ab8e-4537f1b08a01"
"2-s2.0-82355163395","27234e9c-0ea1-4d59-8d53-477b1f631931"
"2-s2.0-82355163395","9bd579c2-a41e-47cf-bc69-400c72273dae"
"2-s2.0-84879936602","6d4b1b36-779c-464a-bff5-61190fe19164"
"2-s2.0-84879936602","f6c5c703-6b3b-4ed7-be3c-dbcc44ade28e"
"2-s2.0-84879936602","76e041e0-52a9-4240-b301-bf2a6752b3cb"
"2-s2.0-84879936602","597de9a2-2791-4e34-a931-16163f5ce588"
"2-s2.0-84879936602","56376745-f34e-4c2b-b7d7-29d05501d172"
"2-s2.0-84879936602","71aea64f-e3bc-4ee5-9c48-f298a17d817d"
"2-s2.0-84879936602","a7797034-1836-44e5-92d0-556c6d615c17"
"2-s2.0-84879936602","d56b58cd-159e-4362-a16f-ffda62cd73f5"
"2-s2.0-84879936602","6831f459-83ac-4d95-8e20-e341268d77fa"
"2-s2.0-84879936602","32a37e04-5ce2-40c7-8233-d1818fff4229"
"2-s2.0-84879936602","b49d66dc-6617-4051-a7fd-a839d941512d"
"2-s2.0-84879936602","553098d3-80ec-4302-a87c-a6f2489312a1"
"2-s2.0-84879936602","763e75b6-53df-4fc0-9d66-1b98600f1d19"
"2-s2.0-84879936602","82d3de5c-f282-4aea-998f-3def416f23ba"
"2-s2.0-84879936602","93219415-ac08-4c0a-bb83-cf7d8e6fd4e6"
"2-s2.0-84879936602","7f3c565a-1311-4b31-82a0-8f0a6c93afd9"
"2-s2.0-84879936602","b17af0f1-fb73-48fd-92a9-f78dd17f9c56"
"2-s2.0-84879936602","d09f9ead-a7f0-4cfd-9e72-8da987f180bf"
"2-s2.0-84879936602","a007fe88-f0b3-443b-975a-c55bd88b4ee5"
"2-s2.0-84879936602","490120bb-c15a-4e89-b8e8-c41cdeeb89d0"
"2-s2.0-84879936602","6c7b23c9-ad61-4f5b-8c1f-7cf3a9e334e8"
"2-s2.0-84879936602","1aa95db3-fb44-4a30-a51b-a2baf7b30674"
"2-s2.0-84879936602","7a63c38e-0c0f-4c47-89f2-75a1e496802c"
"2-s2.0-84879936602","4f42db32-09c4-41a5-ad5b-50c4ad3ae095"
"2-s2.0-84879936602","8da1a9f7-732d-4805-91e9-0bcbf87f8086"
"2-s2.0-84879936602","b211e596-1d14-4ab3-8b26-b91abe432318"
"2-s2.0-84879936602","27234e9c-0ea1-4d59-8d53-477b1f631931"
"2-s2.0-84879936602","2d6efeb2-b259-4732-8747-935078886dd3"
"2-s2.0-84879936602","5971aab4-6e65-418d-bc5a-899b0a48f65f"
"2-s2.0-84879936602","53718e74-d257-4505-91b0-909f57e1bc14"
"2-s2.0-77956057945","c2cc5297-7a71-4127-acd2-0882744fa12b"
"2-s2.0-77956057945","cbb44dce-cc45-44bd-a45d-00c7973c1d3d"
"2-s2.0-77956057945","5ea18bfe-030e-4c22-8fea-b0b78479a6d3"
"2-s2.0-77956057945","ad48e60e-08f1-4b7f-bc23-25ad183706ee"
"2-s2.0-77956057945","d0123fff-7e45-43b2-9e8a-4e625dac3589"
"2-s2.0-77956057945","5cdd2b2f-51db-4d47-991c-ba3be09fbfad"
"2-s2.0-77956057945","cdb98501-9c16-46f9-bc30-a3bf1fdc2c38"
"2-s2.0-77956057945","f518bc33-3ed4-43ba-a41c-2870ad8caa43"
"2-s2.0-77956057945","7fc61d16-68c3-40e2-a9e6-c3388f9417a5"
"2-s2.0-77956057945","855b13d3-9c98-4d69-92bb-ad281b1accb0"
"2-s2.0-77956057945","b2fc9d3a-774e-41e6-9560-31dc0cb0407c"
"2-s2.0-77956057945","7e207322-98f6-4104-8b89-edb1a977b370"
"2-s2.0-77956057945","a4ae3ba1-4fbd-4549-8d30-2e01147b7629"
"2-s2.0-77956057945","c7ffd3bc-8ce7-403f-a2e6-536428d6b6d4"
"2-s2.0-77956057945","12155ef6-e716-4ff6-b5e1-d0dd2ae38bd6"
"2-s2.0-77956057945","5f03f03a-f594-4d3a-98cc-5b049c3367ca"
"2-s2.0-77956057945","d7280a0e-9301-468d-b201-dc3da484f869"
"2-s2.0-77956057945","424525a0-ffe3-4f10-880a-26c2ade3e046"
"2-s2.0-77956057945","98dfbd43-2c9c-45b0-b07d-184e7d6383f0"
"2-s2.0-77956057945","af48acef-03a3-47aa-9edf-ae4edb57ced9"
"2-s2.0-77956057945","7d3b0dd1-3f4e-4db3-95fc-b706c69b83ea"
"2-s2.0-77956057945","19b4a5d3-8da3-4fe3-ac8a-771894b9dd4f"
"2-s2.0-84879253787","3541ad18-d985-4c12-bbf3-711f48f65a29"
"2-s2.0-84879253787","a242a33a-15ca-405d-9b67-3d804e4519d5"
"2-s2.0-84879253787","fb4a406f-1760-4c0c-9e75-8bf65d672a77"
"2-s2.0-79952234020","34bda6e8-9d4f-4aaf-bc6a-75c61e637787"
"2-s2.0-79952234020","6b7d412c-b71b-4e3c-a664-564f332e426e"
"2-s2.0-79952234020","9ef53e4e-b799-417b-b0bd-10d1d89ee923"
"2-s2.0-80053456440","71d7fa63-fd75-458b-bee9-37b54f11f818"
"2-s2.0-80053456440","aa3ab8ef-7ccd-4617-94c3-bd15c8b8e244"
"2-s2.0-80053456440","f7737529-4417-482e-aff9-4c39e9f0d05d"
"2-s2.0-80053456440","eeb86db5-5964-4de9-8c76-f23630044b73"
"2-s2.0-80053456440","dc39a514-b385-4f95-8e0c-c1defd52fb26"
"2-s2.0-80053456440","3c7a6f5d-085b-42e4-bec9-a142b6081d63"
"2-s2.0-80053456440","143743f8-4a97-4255-b837-5d867b3b97eb"
"2-s2.0-80053456440","fe33ed0a-e8b4-4fc6-ab3c-ea05aa833f6b"
"2-s2.0-80053456440","952d39bf-d147-4bf3-aecc-34faf62e38da"
"2-s2.0-80053456440","672c6104-f34c-4bda-a785-1e354e10839a"
"2-s2.0-80053456440","1f87d5d0-21f3-4e44-9b06-1c7cc41b453f"
"2-s2.0-80053456440","6da57248-1659-4f4e-b57e-c13bc462a078"
"2-s2.0-80053456440","e1117078-ae54-4a1c-bdff-8d9bef3d7aee"
"2-s2.0-80053456440","540d4919-02a4-4ea4-86cb-a94105780fb4"
"2-s2.0-80053456440","6b1709b2-5d76-42d6-b93a-139e024939e6"
"2-s2.0-80053456440","7bcd077d-43bb-4a13-aa40-19970791475c"
"2-s2.0-80053456440","ba306ed0-ba45-416c-a790-f32efdbdd71a"
"2-s2.0-80053456440","0b64440c-8c7a-4029-bb35-8fb8d02a6d9e"
"2-s2.0-80053456440","fd347285-414d-4859-86a9-d1a11919f57f"
"2-s2.0-80053456440","ae96de0c-4c08-4e13-9fa6-3f93b20a896e"
"2-s2.0-80053456440","efb24f9f-cacd-4e8b-a201-ae6a34745dfb"
"2-s2.0-80053456440","32a37e04-5ce2-40c7-8233-d1818fff4229"
"2-s2.0-80053456440","a521d9ef-3e3a-4f88-b7d4-32e9954694a8"
"2-s2.0-80053456440","0c4c75fc-7fea-4ba5-8b97-b38d52d0549f"
"2-s2.0-80053456440","57d1182e-5dbd-4650-bb77-39c47b36d662"
"2-s2.0-80053456440","87e93223-a9a3-41eb-9923-b22a97bda94b"
"2-s2.0-80053456440","13aae551-2130-478a-b527-bfaea48a4b55"
"2-s2.0-80053456440","ad74ee5a-e1a3-4063-adb1-7217436f5beb"
"2-s2.0-80053456440","47c5c559-bcf4-4787-80c2-ebc9435c32dc"
"2-s2.0-80053456440","82d3de5c-f282-4aea-998f-3def416f23ba"
"2-s2.0-80053456440","b3cd135d-4722-4a85-bfde-08db066de05f"
"2-s2.0-80053456440","654af7d0-eed9-4c6d-997a-f5da1d6c6339"
"2-s2.0-80053456440","93219415-ac08-4c0a-bb83-cf7d8e6fd4e6"
"2-s2.0-80053456440","52f087f0-d505-43ec-bb54-cb74f04a9b0e"
"2-s2.0-80053456440","36fa0a78-84c2-4ffe-a6bc-bffe7d468d16"
"2-s2.0-80053456440","01962447-c172-4f29-8f2e-84eb5f439474"
"2-s2.0-80053456440","d09f9ead-a7f0-4cfd-9e72-8da987f180bf"
"2-s2.0-80053456440","2bf5d5e9-e496-49dd-9231-172ab6089e8e"
"2-s2.0-80053456440","d176f078-08b5-41dd-a10f-5a144adc0f23"
"2-s2.0-80053456440","9c3e80b0-4649-452a-a8a9-bc95e047bc75"
"2-s2.0-80053456440","5ce4035e-ca55-43a0-acbf-3abf82a0a52a"
"2-s2.0-80053456440","d1868e50-739e-4b8e-9767-9828b8e7b811"
"2-s2.0-80053456440","d4375450-73cd-4729-8ca4-401eee5efd6a"
"2-s2.0-80053456440","6067a65b-2930-4003-826e-f8a59dd3270a"
"2-s2.0-80053456440","366fce10-3446-4e05-8127-13eca5015444"
"2-s2.0-80053456440","27234e9c-0ea1-4d59-8d53-477b1f631931"
"2-s2.0-80053456440","f3c3e4a0-9ff3-4e99-9119-da047980c6ba"
"2-s2.0-80053456440","dd579a4d-33fe-498b-9e10-2373195da95f"
"2-s2.0-80053456440","fbe9c2e4-491c-40e3-a986-012dfc6e7874"
"2-s2.0-70449651722","93f2ff15-f414-481c-8ed4-650bbe4e400c"
"2-s2.0-70449651722","0076a7a5-6993-4c49-b0e1-162e21b5e3ea"
"2-s2.0-70449651722","52eb2949-fbdc-4308-8f00-d06fb8499978"
"2-s2.0-70449651722","411fe09c-b92d-4eb1-b8f5-1747db726369"
"2-s2.0-70449651722","f0c7bdea-95ee-43ea-98ba-c61ec29c9dba"
"2-s2.0-70449651722","f3da0961-5a6a-43e1-a86f-f650defa7336"
"2-s2.0-70449651722","cf600be3-8032-49f4-a472-4f86ab205c7b"
"2-s2.0-70449651722","7cab31de-4b20-4a63-a0e5-8678b61e1688"
"2-s2.0-70449651722","3c0d45a7-7b42-4e4c-b6ed-b34f315e4678"
"2-s2.0-70449651722","f82f0c3b-84a6-4706-a1ec-817d2c536b1c"
"2-s2.0-70449651722","43402048-0669-4a89-a54d-367a85f6675e"
"2-s2.0-70449651722","b389111b-ee67-4fcd-bd55-708d3d0037a4"
"2-s2.0-70449651722","57f8e466-d6a6-4557-9c22-471980383f5a"
"2-s2.0-70449651722","2878ad7e-60fc-4794-b07e-876d65256927"
"2-s2.0-70449651722","f195afc6-7c89-40bc-830e-ae64a579349c"
"2-s2.0-70449651722","53c0b490-09b9-4fc7-9cce-912baa1aa824"
"2-s2.0-70449651722","658c8dee-74bb-4232-a9f9-b41edde00853"
"2-s2.0-70449651722","351660c3-1879-4320-9f22-64443a5c2d02"
"2-s2.0-70449651722","5f1673ac-3ffb-48b1-8e59-5bf1a11e0099"
"2-s2.0-70449651722","32a37e04-5ce2-40c7-8233-d1818fff4229"
"2-s2.0-70449651722","cb858de4-83bb-4545-8e65-b8e985fd08b3"
"2-s2.0-70449651722","0b51db06-4e20-4a2f-a967-294f0c5b51c2"
"2-s2.0-70449651722","4409c29f-695b-4959-8470-e3daa7e362a1"
"2-s2.0-70449651722","17df24df-2a07-4530-a998-2ae0323d4025"
"2-s2.0-70449651722","a28f236b-3b4b-43e2-86e8-ba946dccdbc1"
"2-s2.0-70449651722","6a3a5eaa-7c80-4eb8-a42b-e1d8bf82070d"
"2-s2.0-70449651722","47c5c559-bcf4-4787-80c2-ebc9435c32dc"
"2-s2.0-70449651722","82d3de5c-f282-4aea-998f-3def416f23ba"
"2-s2.0-70449651722","b5f1403e-7dfb-4158-90c1-7e709c3d894c"
"2-s2.0-70449651722","03853816-cb7b-4898-bc77-ab3136b00d72"
"2-s2.0-70449651722","d1f0cf1a-7dbd-496d-8ad2-4480157727cc"
"2-s2.0-70449651722","47cb67b6-5338-46e7-9fea-543c395ab731"
"2-s2.0-70449651722","93219415-ac08-4c0a-bb83-cf7d8e6fd4e6"
"2-s2.0-70449651722","4a422b8d-d8eb-41be-b6eb-ef54db30e7ed"
"2-s2.0-70449651722","4b409e0e-7bae-421f-885f-1e462873d907"
"2-s2.0-70449651722","367497c1-99ca-4a2d-bf23-56ef1e72a25d"
"2-s2.0-70449651722","69ce968f-707e-4d31-833d-316561b5c5d8"
"2-s2.0-70449651722","6eb3f446-5022-4fbd-b04a-142c837aec5b"
"2-s2.0-70449651722","b45e1497-54ff-436b-857a-cc6124e32723"
"2-s2.0-70449651722","a0693369-2d98-4634-8877-0efd9104d896"
"2-s2.0-70449651722","211fbf8e-7e54-4273-8225-9f2c8e6b8aef"
"2-s2.0-70449651722","a71ebe8c-aaf0-49ac-a500-14dc3cbeb191"
"2-s2.0-70449651722","eb1946b5-0d50-47f9-ab5a-d8fabc0fa102"
"2-s2.0-70449651722","2fcac0ef-5ad4-49d0-baed-620892262a3c"
"2-s2.0-70449651722","eba13781-de2e-48f3-ae09-871e92906502"
"2-s2.0-70449651722","6067a65b-2930-4003-826e-f8a59dd3270a"
"2-s2.0-70449651722","27234e9c-0ea1-4d59-8d53-477b1f631931"
"2-s2.0-70449651722","c980ea66-5a0f-46c4-a881-fb177023b5fc"
"2-s2.0-70449651722","97c27754-a334-4711-bda3-8eaa19f46849"
"2-s2.0-70449651722","9ac99cd1-4a22-4273-9679-58c33af62068"
"2-s2.0-70449651722","7480d866-d4f0-4af5-9327-b3af7f6f5990"
"2-s2.0-70449651722","cb963a3d-2a28-4da4-9616-2a657ed3f5b3"
"2-s2.0-70449651722","9a436e5b-2dd8-4cc6-b758-58e4875e0f78"
"2-s2.0-70449651722","04b9b8c9-f94c-4461-b64a-2dc802fddfcc"
"2-s2.0-70449651722","68b2dde7-0ae3-447e-8d1d-26eb6ceef59c"
"2-s2.0-70449651722","6b0c63a4-2acf-40ce-9585-820cef189581"
"2-s2.0-70449651722","4dc47841-fed8-477b-a9e9-f4f808142917"
"2-s2.0-70449651722","1eaafc57-75e4-4f2d-808f-d55d75f7b18f"
"2-s2.0-70449651722","c0abc357-70ed-469b-9757-67e06e8e1a66"
"2-s2.0-84861569722","524c42cb-bd0c-4dcb-b2bb-e72a68f1be0d"
"2-s2.0-84861569722","3af7e431-c631-4432-a3ec-2d69b8c7eda8"
"2-s2.0-84861569722","f34ffd39-778f-460f-868f-29314bd0ac29"
"2-s2.0-84861569722","c1da7eff-4ed7-4dec-8d08-1b3e4ac0fbc3"
"2-s2.0-84861569722","3ac0f474-ffcd-486e-89dc-c31d1bd53ef8"
"2-s2.0-84861569722","9647bb07-707d-43c5-95e3-15f8ee4eeb8d"
"2-s2.0-84861569722","26a1b45d-0b99-44c2-9346-49edf212d35f"
"2-s2.0-84861569722","9df4e20f-4351-4a1a-8f21-77be2f1ea431"
"2-s2.0-84861569722","0acf3ae5-6ba5-4db1-915b-1e1f911f92e0"
"2-s2.0-84861569722","7bc26f86-0c27-471e-a5ff-6c15d6b479e6"
"2-s2.0-84861569722","d7bfb000-f9f1-4440-a65d-f59e5305deaf"
"2-s2.0-84861569722","9f6de1b8-5b8d-4c1a-b118-36e88974cff7"
"2-s2.0-84861569722","dd775f46-0c82-4db1-b743-0fc8ab619f02"
"2-s2.0-84861569722","b90a7faf-d6d3-44be-874e-80f33fed2c60"
"2-s2.0-84861569722","5c8912af-1d1a-44a4-bfd1-735e23ce91cb"
"2-s2.0-84861569722","74b1d5fe-7f90-4797-9690-b5d1f5f1a5d3"
"2-s2.0-84861569722","6266d2dc-f6b1-47f2-a18b-722ceef4b311"
"2-s2.0-84861569722","84004219-38ce-4be4-a86f-754d17d04b02"
"2-s2.0-84861569722","93f2ff15-f414-481c-8ed4-650bbe4e400c"
"2-s2.0-84861569722","11863c2f-c476-4478-aa51-cb70e6f1a3fa"
"2-s2.0-84861569722","350220a1-cefc-423f-9c7a-ad7b0183af20"
"2-s2.0-84861569722","c0abc357-70ed-469b-9757-67e06e8e1a66"
"2-s2.0-84861569722","2d7e9c83-4211-437d-b6ab-090f0ca152dd"
"2-s2.0-84861569722","7cab31de-4b20-4a63-a0e5-8678b61e1688"
"2-s2.0-84861569722","3c0d45a7-7b42-4e4c-b6ed-b34f315e4678"
"2-s2.0-84861569722","16b88869-92f7-438f-9f88-901f5214dd6c"
"2-s2.0-84861569722","ea1a0deb-f162-46dd-95b9-58b47ed8a6f1"
"2-s2.0-84861569722","32a37e04-5ce2-40c7-8233-d1818fff4229"
"2-s2.0-84861569722","cb858de4-83bb-4545-8e65-b8e985fd08b3"
"2-s2.0-84861569722","17df24df-2a07-4530-a998-2ae0323d4025"
"2-s2.0-84861569722","82d3de5c-f282-4aea-998f-3def416f23ba"
"2-s2.0-84861569722","b5f1403e-7dfb-4158-90c1-7e709c3d894c"
"2-s2.0-84861569722","61c33e61-813b-4af6-9387-c3354ba4265c"
"2-s2.0-84861569722","cfd575d1-cf2e-4ea8-aa31-d22ca3162516"
"2-s2.0-84861569722","6b1249fe-d20b-4576-8d95-f193053950ee"
"2-s2.0-84861569722","275516d5-ec5d-4db5-b44b-f9ef40dfb790"
"2-s2.0-84861569722","0cd87b5c-0071-45ac-94a3-0aa6ae447da5"
"2-s2.0-84861569722","1fb2ae42-0534-406a-81bc-31dd6228f63a"
"2-s2.0-84861569722","47cb67b6-5338-46e7-9fea-543c395ab731"
"2-s2.0-84861569722","93219415-ac08-4c0a-bb83-cf7d8e6fd4e6"
"2-s2.0-84861569722","4a422b8d-d8eb-41be-b6eb-ef54db30e7ed"
"2-s2.0-84861569722","6de1dd37-c403-42e1-8850-70c97d162b94"
"2-s2.0-84861569722","d09f9ead-a7f0-4cfd-9e72-8da987f180bf"
"2-s2.0-84861569722","11eac447-28f3-493a-bb83-1afe1bd0d982"
"2-s2.0-84861569722","22517fe2-13ff-48c3-80dd-688999c29c1c"
"2-s2.0-84861569722","dca6a249-0344-4e68-a75c-305eca3337eb"
"2-s2.0-84861569722","78683438-b170-4610-91bf-0ecb3ef70447"
"2-s2.0-84861569722","c4fef09e-490c-419e-91e9-9f798a6c9327"
"2-s2.0-84861569722","a09e84c7-bf87-47fa-8dd9-7dbca2d94be3"
"2-s2.0-84861569722","6067a65b-2930-4003-826e-f8a59dd3270a"
"2-s2.0-84861569722","ca38c0a1-66fe-4648-8e0b-6e312085a5c6"
"2-s2.0-84861569722","27234e9c-0ea1-4d59-8d53-477b1f631931"
"2-s2.0-84861569722","97c27754-a334-4711-bda3-8eaa19f46849"
"2-s2.0-84861569722","9ac99cd1-4a22-4273-9679-58c33af62068"
"2-s2.0-84861569722","7480d866-d4f0-4af5-9327-b3af7f6f5990"
"2-s2.0-84861569722","cb963a3d-2a28-4da4-9616-2a657ed3f5b3"
"2-s2.0-84861569722","04b9b8c9-f94c-4461-b64a-2dc802fddfcc"
"2-s2.0-84861569722","d45536ec-e620-4736-bb26-0823e47d7010"
"2-s2.0-84861569722","b98cd7cb-7880-4d9f-9d86-475851cb101b"
"2-s2.0-84861569722","68b2dde7-0ae3-447e-8d1d-26eb6ceef59c"
"2-s2.0-84861569722","c0265dc3-6d7d-4b29-abe3-ebd1b15f0ad1"
"2-s2.0-84861569722","f70460a9-0c80-408d-8059-0f208ec2b85f"
"2-s2.0-84861569722","7877bd6c-a96a-41f4-8385-59485de38290"
"2-s2.0-84861569722","4c68e011-c107-48b4-9875-b1ddde76421c"
"2-s2.0-84861569722","93107da8-85a3-4fbe-acba-899b03317a8a"
"2-s2.0-84861569722","c1945aff-242e-4f3d-8a7c-02fa9f3170b8"
"2-s2.0-84861569722","c99c462e-c205-460c-a5af-70b85eadb6cb"
"2-s2.0-84861569722","62b38f6c-f87d-4141-b9cd-ec8b4b3a9720"
"2-s2.0-84861569722","a2518768-20ca-4af8-b8d6-0a15130e4c2c"
"2-s2.0-84861569722","cb4c32f7-c2a4-4e00-9150-b76006cceb4d"
"2-s2.0-84866937279","8b3fa7d0-57d3-4fd1-95de-85f7a0386916"
"2-s2.0-84866937279","f7949997-38ba-4613-88dc-e330ac6b1938"
"2-s2.0-84866937279","38a3c3f2-dbe8-44dc-83f8-f83fd05434a1"
"2-s2.0-84866937279","17ef90ec-78b7-49b1-b044-90fcec8b96e4"
"2-s2.0-84866937279","239a7d77-aee6-4b1d-bd5e-7dde44237c68"
"2-s2.0-84866937279","c09fe46c-8661-406f-bf56-6d98957b8538"
"2-s2.0-84866937279","e45de0d2-f8a5-4d68-b467-992f7e0fb7a4"
"2-s2.0-84866937279","96b4dd7f-994a-4dd6-b591-4474bb36771d"
"2-s2.0-84866937279","a6388abf-d838-4f80-882a-855e3afa55b3"
"2-s2.0-84866937279","f73cc842-42fa-45d9-97dc-dbc9b337c6fd"
"2-s2.0-84866937279","82d3de5c-f282-4aea-998f-3def416f23ba"
"2-s2.0-84866937279","338ae7fd-c999-4431-bf5e-973533ad70d7"
"2-s2.0-84866937279","93219415-ac08-4c0a-bb83-cf7d8e6fd4e6"
"2-s2.0-84866937279","6c7b23c9-ad61-4f5b-8c1f-7cf3a9e334e8"
"2-s2.0-84866937279","b1805fef-644b-496a-9117-2b193e83fef0"
"2-s2.0-84866937279","6067a65b-2930-4003-826e-f8a59dd3270a"
"2-s2.0-84866937279","27234e9c-0ea1-4d59-8d53-477b1f631931"
"2-s2.0-84866937279","1cb7435f-c585-4548-8ace-ca6e275debbd"
"2-s2.0-84866937279","b02df24a-e127-41b3-8c84-ae1206901bab"
"2-s2.0-84866937279","5971aab4-6e65-418d-bc5a-899b0a48f65f"
"2-s2.0-84866937279","a1d93483-015f-4d8b-9a22-dcef0ef74430"
"2-s2.0-84866937279","c9d0b6ed-70ce-4879-9f09-f2001be8680d"
"2-s2.0-84875581937","e55e9027-8a99-4b4f-a3fb-0374167d2064"
"2-s2.0-84875581937","6ea8671a-f144-454e-bb81-c78b5fb936f4"
"2-s2.0-84875581937","87341a12-824b-40ee-9488-cc84c87d1b40"
"2-s2.0-84875581937","7436aa44-40be-4bb7-9280-a3fc15eb288d"
"2-s2.0-84875581937","2bd124bc-70e6-44cb-95e7-7ec6760c3ed2"
"2-s2.0-84875581937","fe9dd93f-14ce-45fc-9298-63b4b89c268d"
"2-s2.0-84875581937","9f6de1b8-5b8d-4c1a-b118-36e88974cff7"
"2-s2.0-84875581937","8d3cb27e-05bf-46ed-a267-e5e45116aef8"
"2-s2.0-84875581937","28fe611b-24e7-4eec-b275-eea5ea12ce73"
"2-s2.0-84875581937","6eed319e-bcc4-4266-bbaf-02045fd9dfd3"
"2-s2.0-84875581937","482e8dec-51bd-4768-91f2-a24607a5b1b5"
"2-s2.0-84875581937","8424a6dd-ea7e-4c7c-87cb-c09de540584a"
"2-s2.0-84875581937","abe22ed1-5d87-4da5-8d9b-7837002e99e8"
"2-s2.0-84875581937","08f0e754-bd26-422b-9fef-f3bf2cd5dd01"
"2-s2.0-84875581937","5df2f418-be45-4c16-8232-ea83d0d872e1"
"2-s2.0-84875581937","028b6072-3030-4e09-87a7-988a3aec82f9"
"2-s2.0-84875581937","32a37e04-5ce2-40c7-8233-d1818fff4229"
"2-s2.0-84875581937","340aa7b2-48dc-42d2-a46e-ad6bb7d9907d"
"2-s2.0-84875581937","ae19ed57-4dd7-4cf4-8544-ac54fea1ee2d"
"2-s2.0-84875581937","93219415-ac08-4c0a-bb83-cf7d8e6fd4e6"
"2-s2.0-84875581937","4c68e011-c107-48b4-9875-b1ddde76421c"
"2-s2.0-84875581937","e46efd87-8eed-4147-a71a-c7d13fdf157f"
"2-s2.0-84875581937","019aa378-6836-4167-b26a-ca1f02a33821"
"2-s2.0-84870004519","f62d928b-1fc5-4c8f-8210-b97ed5fdb486"
"2-s2.0-84870004519","52f087f0-d505-43ec-bb54-cb74f04a9b0e"
"2-s2.0-84870004519","f5cfe895-5659-40b6-9ee7-e64d9920e1b3"
"2-s2.0-84870004519","81d004c6-0223-4bfc-9e1e-5b4e2393b506"
"2-s2.0-84870004519","7e9b2ef3-756d-4884-a9f7-001f223e136b"
"2-s2.0-84870004519","8c7fca1f-39df-483e-b41b-16e1a08cff3f"
"2-s2.0-84870004519","cbe23226-9b66-46c8-a9e8-61421362d321"
"2-s2.0-84870004519","4fc10a78-5e06-46d7-8fbb-ebf037c028bb"
"2-s2.0-84870004519","ebbe1b3f-4f27-4375-8ce4-88e896ce62b0"
"2-s2.0-84870004519","b734193e-aa0e-415c-bd27-e784d9fff2a0"
"2-s2.0-84870004519","e1b8e4c8-7915-4979-b272-d1d750890961"
"2-s2.0-84870004519","de9abec9-8cf2-46a7-800b-14c835648361"
"2-s2.0-84870004519","6d1f2c71-f155-4433-b881-65bf4e45e011"
"2-s2.0-84870004519","69353af4-25e6-43ac-85cd-3fbaa15ce3d0"
"2-s2.0-84870004519","b6dd41a4-7526-4181-a493-7e837c9d721e"
"2-s2.0-84870004519","3832f848-cf26-486f-847d-89bb9ab897a3"
"2-s2.0-84870004519","7509b825-c6f2-4656-8866-4cddf500f93d"
"2-s2.0-84870004519","36c14ca4-4b21-40bb-9902-92ab9de4e006"
"2-s2.0-84870004519","58eba32d-7c12-4aeb-b1c9-ff156143e3de"
"2-s2.0-84870004519","ddc26791-bcab-4a89-9ed0-16a4f0a26fe7"
"2-s2.0-84870004519","222d8054-7a64-4817-805c-07ec7cf4384f"
"2-s2.0-84870004519","88987972-78d8-483a-9880-39f5a28ebbca"
"2-s2.0-84870004519","8254f0fe-7409-4e91-bfeb-28385e3541a0"
"2-s2.0-84870004519","374ed296-3076-4586-b879-6052c71c306b"
"2-s2.0-84870004519","ed6bbd31-9ba4-4797-b649-0e8e4a05e2e4"
"2-s2.0-84862504058","951dfe2f-2f7e-46eb-af60-5baae2f97c99"
"2-s2.0-84862504058","d335ee60-9a4c-477f-b77c-16f6028a2919"
"2-s2.0-84859037265","34ef16e9-70c2-494b-af4f-14e683e3d196"
"2-s2.0-84859037265","524c42cb-bd0c-4dcb-b2bb-e72a68f1be0d"
"2-s2.0-84859037265","3af7e431-c631-4432-a3ec-2d69b8c7eda8"
"2-s2.0-84859037265","f34ffd39-778f-460f-868f-29314bd0ac29"
"2-s2.0-84859037265","c1da7eff-4ed7-4dec-8d08-1b3e4ac0fbc3"
"2-s2.0-84859037265","d91a9026-0e40-47ff-9d1e-ad639103488e"
"2-s2.0-84859037265","abdd649c-99de-4465-80b1-03b785a76872"
"2-s2.0-84859037265","68899cbf-99a0-4fae-a463-902eb949f75e"
"2-s2.0-84859037265","fce56fbb-b2e2-41c1-93a0-ed080b1c76f0"
"2-s2.0-84859037265","9f6de1b8-5b8d-4c1a-b118-36e88974cff7"
"2-s2.0-84859037265","479976b7-3e14-4960-8dc9-04678ead14df"
"2-s2.0-84859037265","9cbe0cee-b425-4f24-83ca-969f264c4ad5"
"2-s2.0-84859037265","cfd575d1-cf2e-4ea8-aa31-d22ca3162516"
"2-s2.0-84859037265","2d7e9c83-4211-437d-b6ab-090f0ca152dd"
"2-s2.0-84859037265","32a37e04-5ce2-40c7-8233-d1818fff4229"
"2-s2.0-84859037265","5ed34c86-9b2c-432e-b6f7-f92a0351509a"
"2-s2.0-84859037265","9019d447-8626-4a90-95f1-eda93902416d"
"2-s2.0-84859037265","f70460a9-0c80-408d-8059-0f208ec2b85f"
"2-s2.0-84859037265","4a422b8d-d8eb-41be-b6eb-ef54db30e7ed"
"2-s2.0-84859037265","4c68e011-c107-48b4-9875-b1ddde76421c"
"2-s2.0-84859037265","93107da8-85a3-4fbe-acba-899b03317a8a"
"2-s2.0-84859037265","62b38f6c-f87d-4141-b9cd-ec8b4b3a9720"
"2-s2.0-84859037265","fea1afa8-13e5-49c7-b0cf-5ca38dc99aec"
"2-s2.0-84859037265","22dfd9d4-5982-4dc2-8c48-007b0c56a413"
"2-s2.0-77954502564","30bce5c7-4e6a-4af0-a32d-dab1d5d45af3"
"2-s2.0-77954502564","1b12eda7-2bc1-4c9d-84b3-bfc1b76598c3"
"2-s2.0-77954502564","076c2a90-94ee-4480-b8e1-52dc6287af40"
"2-s2.0-77954502564","0822667b-91f3-45a0-9cde-9e5c0b9d81dc"
"2-s2.0-77954502564","1b2e5b4d-6be9-4535-82a8-bcf1a9e99b5d"
"2-s2.0-77954502564","792402b6-23ed-48e4-ad9e-86349db22974"
"2-s2.0-77954502564","a21bc75e-9119-4178-964f-8795a802919f"
"2-s2.0-77954502564","7e2bbde0-d46d-4041-b906-ee4c93c339eb"
"2-s2.0-77954502564","7b6a3d81-ff6c-42e5-a09d-98b979cbfcdf"
"2-s2.0-77954502564","d727020d-e1b9-41b2-9455-50b1d00d6224"
"2-s2.0-77954502564","94a83e30-35db-4223-bcec-2290d2f19c59"
"2-s2.0-77954502564","1b5fddfa-1c7e-4e85-9155-81ac85f45a89"
"2-s2.0-77954502564","026019f0-778c-4c9f-9217-956e5bb9be9c"
"2-s2.0-77954502564","68b97ad3-b8f3-460d-9dd8-38454ac867cf"
"2-s2.0-77954502564","eed0c52a-8aff-4737-a7fd-f3078563c92a"
"2-s2.0-77954502564","ff3c83b8-28e9-424d-9860-26d2341556c3"
"2-s2.0-77954502564","42382f33-8894-4c9f-8ec6-06f3c36625ac"
"2-s2.0-77954502564","f55f08f0-70ad-45d5-8310-393932eb4443"
"2-s2.0-77954502564","3771e9c2-5641-46e8-b17c-f9567728036d"
"2-s2.0-77954502564","04050f36-1a0d-45b4-a412-34096db54573"
"2-s2.0-77954502564","31c6a0af-ba5a-43dc-8089-489df11888f1"
"2-s2.0-77954502564","93219415-ac08-4c0a-bb83-cf7d8e6fd4e6"
"2-s2.0-77954502564","d09f9ead-a7f0-4cfd-9e72-8da987f180bf"
"2-s2.0-77954502564","794e5232-6fbe-4ea1-83dd-567cacded19d"
"2-s2.0-77954502564","90c32446-9244-4871-acc2-94d0bb53393b"
"2-s2.0-77954502564","9d8dfb4b-c485-4dd1-bdec-7fa8a70ea9df"
"2-s2.0-77954502564","27234e9c-0ea1-4d59-8d53-477b1f631931"
"2-s2.0-77954502564","5ae7716b-1de9-4539-8c7e-e0f019cdb3ff"
"2-s2.0-77954502564","c2a61ce8-b4b6-47b6-804b-217798e4b6c6"
"2-s2.0-77954502564","a64a9acc-961d-47e0-a0ff-593b3fda0939"
"2-s2.0-77954502564","95544b42-959a-43f5-a9a4-81f800ab8d0e"
"2-s2.0-77954502564","587a0d61-96bf-48a3-88f4-39dff8573505"
"2-s2.0-77954502564","964f48c8-06cb-4b5f-943e-2c1ae3346974"
"2-s2.0-77954502564","df6ef8d9-f4a0-4fea-8b15-c9e78c1736be"
"2-s2.0-77954502564","95924b2a-6318-43e8-ab88-d7dab31bf078"
"2-s2.0-77954502564","d815129b-16b1-4ca6-bbf2-a6dec47058b2"
"2-s2.0-77954502564","c0265dc3-6d7d-4b29-abe3-ebd1b15f0ad1"
"2-s2.0-77954502564","fc3ec449-9ba4-4463-9617-0b459b5232c4"
"2-s2.0-77954502564","e8009c91-55ea-4aae-a055-1fde09f737c2"
"2-s2.0-77954502564","681ab3f3-0638-4304-af3c-7f5fc79b489b"
"2-s2.0-77954502564","f4385eee-2694-4c78-b3bc-d02395f02191"
"2-s2.0-77954502564","565cf992-ee94-42a9-8512-9a950e0833b8"
"2-s2.0-77954502564","545dff2a-482a-48fd-a604-1f24202bd886"
"2-s2.0-77954502564","52a7f003-b341-44d5-a125-77131ab6b935"
"2-s2.0-77954502564","fd9759ce-1a14-48f5-b4c7-6f7cffd41fb6"
"2-s2.0-77954502564","3629f3f1-e3e0-46ec-977a-1962c247aa8b"
"2-s2.0-84865141477","85f2f149-709b-460c-958b-fa944a26e7c0"
"2-s2.0-84865141477","540a813d-a221-4468-ae50-52784219da41"
"2-s2.0-84865141477","ba0e1cba-19e1-4455-9963-6ca28209fdcb"
"2-s2.0-84865141477","11953d77-38fb-4965-9b63-72989984cf2a"
"2-s2.0-84865141477","93219415-ac08-4c0a-bb83-cf7d8e6fd4e6"
"2-s2.0-84865141477","c4e54626-5c81-4c05-bfe6-4caff474e30a"
"2-s2.0-84865141477","dafff6b8-b307-4f9b-b4f1-9aab67309218"
"2-s2.0-84865141477","545dff2a-482a-48fd-a604-1f24202bd886"
"2-s2.0-84865141477","74405e02-6feb-453e-a374-ce2f66602aea"
"2-s2.0-84865141477","5edc702a-a9da-46ae-94d5-b56c82ea0e7a"
"2-s2.0-84865141477","9c347188-a2e9-499f-87ec-777a9b959f11"
"2-s2.0-80053076847","ee819603-d045-40ee-ac6d-46140e0a1ac4"
"2-s2.0-80053076847","db471375-979a-4968-af4e-5537888fa8f1"
"2-s2.0-80053076847","74279f22-f68a-4a1f-8571-1b0471b56e0b"
"2-s2.0-80053076847","4afc54c5-584c-4344-8c4d-edd90cd102e3"
"2-s2.0-80053076847","5521e969-7f62-4d9c-a4f5-180685766533"
"2-s2.0-80053076847","00a51557-62c8-468f-9aec-d25d238c6a01"
"2-s2.0-80053076847","dd2e1d8d-452d-4263-85a7-a575a5ebefc8"
"2-s2.0-80053076847","9f6de1b8-5b8d-4c1a-b118-36e88974cff7"
"2-s2.0-80053076847","95924b2a-6318-43e8-ab88-d7dab31bf078"
"2-s2.0-80053076847","7e2bbde0-d46d-4041-b906-ee4c93c339eb"
"2-s2.0-80053076847","9ff92886-ffcb-42cc-bcd1-3a157734cf64"
"2-s2.0-80053076847","72de9779-3e96-4ee5-99fc-a6280338ddb5"
"2-s2.0-80053076847","30b3c1a3-5cdb-4252-8a38-b678a6d521d8"
"2-s2.0-80053076847","e31786ce-de75-4418-9568-3f0b45b19ad0"
"2-s2.0-80053076847","7b349dd4-3eee-4eb5-9480-716d49febdfa"
"2-s2.0-80053076847","5b21ec0a-44b8-4a0f-a534-564919129933"
"2-s2.0-80053076847","524675ff-4ebd-4c5d-ba93-53eb9a751231"
"2-s2.0-80053076847","753591c7-7ca0-4bb2-b4ee-36530669c639"
"2-s2.0-80053076847","0f33bc89-c7f9-480a-bde6-18536c7dba9d"
"2-s2.0-80053076847","59d22818-be62-42d4-822d-ff959057227e"
"2-s2.0-80053076847","f0d51a08-f00b-48e1-97a3-7cc0d162d91d"
"2-s2.0-80053076847","a802b09e-bd13-4666-8471-797886a7c610"
"2-s2.0-80053076847","56919fd8-abc5-412d-be65-f0bdc9f46a6e"
"2-s2.0-80053076847","2a2b7192-49c3-4731-8a66-6d2fd0751808"
"2-s2.0-80053076847","32a37e04-5ce2-40c7-8233-d1818fff4229"
"2-s2.0-80053076847","2f22d0ae-c94f-45c1-8752-f079d6e4db2d"
"2-s2.0-80053076847","82d3de5c-f282-4aea-998f-3def416f23ba"
"2-s2.0-80053076847","27466bed-551c-48e6-9ae5-de59c955856f"
"2-s2.0-80053076847","01295c3f-863f-41ba-b7b2-23b6bba95064"
"2-s2.0-80053076847","61c33e61-813b-4af6-9387-c3354ba4265c"
"2-s2.0-80053076847","c2344240-df85-4045-9714-5c31c8eff8a1"
"2-s2.0-80053076847","93219415-ac08-4c0a-bb83-cf7d8e6fd4e6"
"2-s2.0-80053076847","bf478d41-a79e-4087-8d4b-12671b329cc6"
"2-s2.0-80053076847","18ba64f6-2aba-4609-96fb-d6877bf8a949"
"2-s2.0-80053076847","6067a65b-2930-4003-826e-f8a59dd3270a"
"2-s2.0-80053076847","27234e9c-0ea1-4d59-8d53-477b1f631931"
"2-s2.0-80053076847","17114c66-5341-429a-b4f0-27be6817ea61"
"2-s2.0-80053076847","d165b8f4-bf33-4164-ac17-d301af44312c"
"2-s2.0-80053076847","ad0c7b7a-1439-48a6-8f69-a802e58b7ff0"
"2-s2.0-84875876155","f5ac4863-8b9a-474f-b2bd-52d7a03b60fe"
"2-s2.0-84875876155","41a68c4c-4c03-470f-b4ff-c3ddc6dd3345"
"2-s2.0-84875876155","0811a9ac-7643-4bc0-b4c2-30897a01d24d"
"2-s2.0-84863695834","9d2f8304-e441-4191-93e8-90e22bdb999c"
"2-s2.0-84863695834","45181759-3dba-4d0d-98b1-88909a213c10"
"2-s2.0-84863695834","c54498af-fe0a-4e96-9b09-51ce055e1836"
"2-s2.0-84863695834","1df3a398-e815-482c-bfe3-11c1856d005f"
"2-s2.0-84863695834","5d401b6c-19b1-427a-a28a-c3a2d2e1b871"
"2-s2.0-84871417305","38624e6b-56f9-4637-988a-9b0860943a51"
"2-s2.0-84871417305","6eed319e-bcc4-4266-bbaf-02045fd9dfd3"
"2-s2.0-84871417305","97232ae3-14d8-4c32-91b8-5c3d028722d9"
"2-s2.0-84871417305","32a37e04-5ce2-40c7-8233-d1818fff4229"
"2-s2.0-84871417305","a349e4cd-fc91-44df-adbd-4c6b3734a4dc"
"2-s2.0-84871417305","93219415-ac08-4c0a-bb83-cf7d8e6fd4e6"
"2-s2.0-84871417305","4a422b8d-d8eb-41be-b6eb-ef54db30e7ed"
"2-s2.0-84871417305","26d0acb0-9e19-477e-aaf9-1b5e655a0748"
"2-s2.0-84871417305","b211e596-1d14-4ab3-8b26-b91abe432318"
"2-s2.0-84871417305","d1c9dcad-498f-4523-97eb-2728e290697f"
"2-s2.0-84871417305","a5915d40-c933-49c2-b57d-d80b6a644a98"
"2-s2.0-84871417305","6067a65b-2930-4003-826e-f8a59dd3270a"
"2-s2.0-84871417305","ff09f15b-3219-4c50-8a41-439f047793c1"
"2-s2.0-84871417305","27234e9c-0ea1-4d59-8d53-477b1f631931"
"2-s2.0-84871417305","cb963a3d-2a28-4da4-9616-2a657ed3f5b3"
"2-s2.0-84871417305","7a3b75db-3d8f-4471-ad6b-a12e5bde348f"
"2-s2.0-84871417305","51b62389-da14-4e52-82ed-2dabff2cc155"
"2-s2.0-84871417305","3bf0c5d4-9128-4671-b5f6-438ed45dd758"
"2-s2.0-84871417305","43c7e388-f90d-4988-94a1-86d89aeb2802"
"2-s2.0-84871417305","504fcff6-494b-439f-a5c7-f1789b2cab91"
"2-s2.0-84871417305","84af5fbb-c293-4f86-8b77-674fc91cbeba"
"2-s2.0-84860182370","9f0a1b6e-de3e-4e6a-89d3-a511f0972de6"
"2-s2.0-84860182370","2d276cdd-d0c7-4f76-95e9-e6a88a991e49"
"2-s2.0-84873994362","524c42cb-bd0c-4dcb-b2bb-e72a68f1be0d"
"2-s2.0-84873994362","27c30639-0805-460a-a1de-26969db51c20"
"2-s2.0-84873994362","c95979a5-2c90-49f4-ab4b-e13b1caece18"
"2-s2.0-84873994362","48f7ee37-ae29-4589-9efb-2af20dfb4b01"
"2-s2.0-84873994362","46fcc90f-9898-4009-9c4c-b75f259ca79d"
"2-s2.0-84873994362","dc9aa1d9-18d4-4acd-b8a6-58582626f7d3"
"2-s2.0-84873994362","2abe5d81-14be-4bce-820d-1c1a665ddd9f"
"2-s2.0-84873994362","8231d8ad-9a9c-41a0-b9a5-9e2e8162781e"
"2-s2.0-84873994362","61fd5f06-d5be-46d8-86f5-d69332d41168"
"2-s2.0-84873994362","535718e2-4567-4e73-a246-50a872834f72"
"2-s2.0-84873994362","0f2da2da-febf-42ee-a8d1-d168b755f007"
"2-s2.0-84873994362","9e520198-a464-462f-95ba-a3df01fe7b4f"
"2-s2.0-84873994362","d69988e2-cde5-4e79-be05-12820dc922c5"
"2-s2.0-84873994362","d3e011fc-211e-4b4c-a7ce-6217afb3bdab"
"2-s2.0-84873994362","edcf4e08-f016-4221-822b-a5602380232a"
"2-s2.0-84873994362","fcf855a5-e3c9-4a66-9827-cd2946f112d3"
"2-s2.0-84873994362","7a2ebfaf-02b2-492f-be0c-5e17de206c9f"
"2-s2.0-84873994362","bd83d6ff-9909-4828-9f52-1b33fc50ef9c"
"2-s2.0-84873994362","7809e222-7a98-426c-b063-3797c8ac4c82"
"2-s2.0-84873994362","450bf4de-67fd-4e0c-9c94-1c788b63c29b"
"2-s2.0-84873994362","dfad937d-5d4d-4a9c-ac64-d4e016da2c4b"
"2-s2.0-84873994362","6abb8550-b92b-424f-9667-f3f5769c0e19"
"2-s2.0-84873994362","17dc1979-6628-4bcc-8005-13d90f736a1d"
"2-s2.0-84873994362","5004c1a2-efcc-4337-af5e-33080ea6b6ea"
"2-s2.0-84873994362","bf318075-8046-4d6c-b583-6226cb56c6b5"
"2-s2.0-84873994362","15d56c6b-e3dc-41dd-8f8e-6e92ee70cafe"
"2-s2.0-84873994362","f70460a9-0c80-408d-8059-0f208ec2b85f"
"2-s2.0-84873994362","93219415-ac08-4c0a-bb83-cf7d8e6fd4e6"
"2-s2.0-84873994362","aa6ffa6d-efd2-4acd-8387-d5abb5a4aa12"
"2-s2.0-84873994362","627b9c11-3609-449b-99e5-65124caa733a"
"2-s2.0-84873994362","61368831-0967-46a9-93ad-eed965d19052"
"2-s2.0-84873994362","3c609509-d0d4-4e57-902e-6fc8b830ee20"
"2-s2.0-84873994362","2d6efeb2-b259-4732-8747-935078886dd3"
"2-s2.0-84866451835","90e98095-ef5d-4a8d-9cf2-2d068e59c711"
"2-s2.0-77954050781","2da8088b-f518-43c5-af9c-e5bcd1871205"
"2-s2.0-77954050781","a910ea13-0cfd-42cf-b545-211548232325"
"2-s2.0-77954050781","831ce2ed-e3d5-4d05-8407-ab6243492999"
"2-s2.0-77954050781","f34ffd39-778f-460f-868f-29314bd0ac29"
"2-s2.0-77954050781","e55e9027-8a99-4b4f-a3fb-0374167d2064"
"2-s2.0-77954050781","52f087f0-d505-43ec-bb54-cb74f04a9b0e"
"2-s2.0-77954050781","1ae09eae-ca2e-4d40-93b0-8e8916f245d9"
"2-s2.0-77954050781","7f4484e7-53cc-4700-a2e8-b862eb0d70f7"
"2-s2.0-77954050781","83cf7a3b-b9de-4174-a7be-f925763acad1"
"2-s2.0-77954050781","68899cbf-99a0-4fae-a463-902eb949f75e"
"2-s2.0-77954050781","532149ce-f6d9-41a9-95fc-fc376b44c786"
"2-s2.0-77954050781","fe9dd93f-14ce-45fc-9298-63b4b89c268d"
"2-s2.0-77954050781","fce56fbb-b2e2-41c1-93a0-ed080b1c76f0"
"2-s2.0-77954050781","dd775f46-0c82-4db1-b743-0fc8ab619f02"
"2-s2.0-77954050781","54e58ce2-5b5f-4c2f-8a0a-6f422d7452c8"
"2-s2.0-77954050781","35bad14b-af8c-45eb-a391-27a9af66c2fa"
"2-s2.0-77954050781","006750b6-678b-48bd-b4db-f8fbabe6dc0d"
"2-s2.0-77954050781","f910fa10-f4aa-473e-a93a-40b368729fb5"
"2-s2.0-77954050781","c87915e3-b08e-494e-a95b-789d579d5ac6"
"2-s2.0-77954050781","76ee0cd8-5712-4aaa-9705-2a8cf5417796"
"2-s2.0-77954050781","54254981-896a-4482-abcb-68047961a5b0"
"2-s2.0-77954050781","d93205de-6b78-4173-9a48-e36c72d511f7"
"2-s2.0-77954050781","e5b06b4a-c4e3-4fa4-b6c7-c98cac676464"
"2-s2.0-77954050781","cf2f2806-5ba3-43b2-a81e-5e4555c8a291"
"2-s2.0-77954050781","cfd575d1-cf2e-4ea8-aa31-d22ca3162516"
"2-s2.0-77954050781","2d7e9c83-4211-437d-b6ab-090f0ca152dd"
"2-s2.0-77954050781","d27d661b-a06b-457b-9807-d41e22cfb7d3"
"2-s2.0-77954050781","a73854ee-c442-4148-91d8-080a10f3babc"
"2-s2.0-77954050781","bec698e9-8b35-4760-9b5d-2c487086caff"
"2-s2.0-77954050781","f244c927-914a-4373-92e4-8f6cf1a6ae1f"
"2-s2.0-77954050781","8632af83-78b8-4c87-b001-30138e199762"
"2-s2.0-77954050781","4e99d53c-1556-4a24-b6da-69f1ec11da05"
"2-s2.0-77954050781","4188ecb5-a533-4cd5-b454-01125d02973c"
"2-s2.0-77954050781","64008fbf-4b5e-4371-97fb-5c4eff090692"
"2-s2.0-77954050781","0abd7196-7749-4a15-b53c-22d28f60064f"
"2-s2.0-77954050781","fda3ee1b-c6bb-459e-bd44-999343ecdc30"
"2-s2.0-77954050781","df42fdad-313b-44c9-a8d0-62fa3e909c27"
"2-s2.0-77954050781","0c7fd783-193a-42f7-8001-3eb2a1547aab"
"2-s2.0-77954050781","69ea8319-c753-4cb6-94b8-f1c3b97c0b56"
"2-s2.0-77954050781","82d3de5c-f282-4aea-998f-3def416f23ba"
"2-s2.0-77954050781","92fda590-1964-49da-9a46-f0c3964b4e80"
"2-s2.0-77954050781","47cb67b6-5338-46e7-9fea-543c395ab731"
"2-s2.0-77954050781","93219415-ac08-4c0a-bb83-cf7d8e6fd4e6"
"2-s2.0-77954050781","4a422b8d-d8eb-41be-b6eb-ef54db30e7ed"
"2-s2.0-77954050781","7ad17c33-07eb-4a7a-86bd-abbd423d5f39"
"2-s2.0-77954050781","7dbe7c83-f196-43ca-8c29-4bd2189fdeea"
"2-s2.0-77954050781","2882c47f-c8f4-4cf1-83cf-27e9f3516262"
"2-s2.0-77954050781","aa2df6da-2860-4e67-8999-8ca5e9edd410"
"2-s2.0-77954050781","7f3c565a-1311-4b31-82a0-8f0a6c93afd9"
"2-s2.0-77954050781","d09f9ead-a7f0-4cfd-9e72-8da987f180bf"
"2-s2.0-77954050781","6c7b23c9-ad61-4f5b-8c1f-7cf3a9e334e8"
"2-s2.0-77954050781","9c3e80b0-4649-452a-a8a9-bc95e047bc75"
"2-s2.0-77954050781","03bd6c59-4bad-420b-9aeb-c71132cf3bcc"
"2-s2.0-77954050781","d79fbd7a-895c-4ba1-93fa-5fce99b04f86"
"2-s2.0-77954050781","ff09f15b-3219-4c50-8a41-439f047793c1"
"2-s2.0-77954050781","27234e9c-0ea1-4d59-8d53-477b1f631931"
"2-s2.0-77954050781","c980ea66-5a0f-46c4-a881-fb177023b5fc"
"2-s2.0-77954050781","5971aab4-6e65-418d-bc5a-899b0a48f65f"
"2-s2.0-77954050781","39076a15-b1c8-4735-9db5-d6ab25ab4d68"
"2-s2.0-80054737399","10a94b82-54d5-4809-a367-2123beaad24c"
"2-s2.0-80054737399","66892c0b-1d67-4c21-b924-5ea228625d2d"
"2-s2.0-80054737399","1a2eba4c-d8c6-47df-9a01-33eb209e2a3e"
"2-s2.0-80054737399","be9ebdf1-06e0-4a58-9115-14e1ac2f779e"
"2-s2.0-79959757221","8e7161e1-b78f-473a-80de-4b2adc3455c9"
"2-s2.0-79959757221","bd7d19ad-437c-42a6-a9e9-c12b2004bb82"
"2-s2.0-79959757221","9f18f83c-d442-4436-a095-7dcbda3dfed8"
"2-s2.0-79959757221","8cc440c6-286d-49a8-80c3-e1d3e8418f85"
"2-s2.0-84855445273","695034cf-a81d-4fa3-b128-1b18285af1a6"
"2-s2.0-84855445273","c8fbd738-6b30-4ab9-a875-7e31c7f19df1"
"2-s2.0-84855445273","19dd9f15-57d7-4a6e-a4b9-3e7857c9694a"
"2-s2.0-84855445273","90eadc1c-b0ec-470f-972f-b389bc927462"
"2-s2.0-84855445273","6206bc1e-8ae3-49c5-9fce-93c8771e3c92"
"2-s2.0-84855445273","09c00930-0162-444c-9bb9-306d8a05b7df"
"2-s2.0-77956095809","33d6e9f6-493b-4bb4-bae9-9ada617c8a39"
"2-s2.0-77956095809","524c42cb-bd0c-4dcb-b2bb-e72a68f1be0d"
"2-s2.0-77956095809","8040e453-e367-4498-a91d-a6ec2c0dcc10"
"2-s2.0-77956095809","db2c9a94-9ae8-4763-8cc0-14428e9119a1"
"2-s2.0-77956095809","9d8dfb4b-c485-4dd1-bdec-7fa8a70ea9df"
"2-s2.0-77956095809","539e3086-7623-4fb7-ba0d-a1ff5416c962"
"2-s2.0-77956095809","ac6534f7-a6ca-475f-9b34-280286dede82"
"2-s2.0-77956095809","07925b33-c202-490d-a9c9-4f104cefa9fe"
"2-s2.0-77956095809","5337f2dc-dcf7-4f77-989a-1c2c53e81648"
"2-s2.0-77956095809","d6a7f0ad-56c4-491c-9b9f-517522770c63"
"2-s2.0-77956095809","f70460a9-0c80-408d-8059-0f208ec2b85f"
"2-s2.0-77956095809","93219415-ac08-4c0a-bb83-cf7d8e6fd4e6"
"2-s2.0-77956095809","4c68e011-c107-48b4-9875-b1ddde76421c"
"2-s2.0-77956095809","9160fb13-b3b3-4bb5-b67d-abc319ec75f0"
"2-s2.0-79952406769","a4b07e36-fc89-4ded-9856-757377910ba7"
"2-s2.0-79952406769","32e6ed85-860c-44e1-a8b5-502949e0c72f"
"2-s2.0-79952406769","f440361e-2f5d-4488-9eb6-509ff40839de"
"2-s2.0-84859573218","c503e1a1-9eea-4da3-acbd-36d73b6f2574"
"2-s2.0-84859573218","bd7d19ad-437c-42a6-a9e9-c12b2004bb82"
"2-s2.0-84859573218","9f18f83c-d442-4436-a095-7dcbda3dfed8"
"2-s2.0-84859573218","8cc440c6-286d-49a8-80c3-e1d3e8418f85"
"2-s2.0-84859573218","4b5c89c9-9533-4d2d-9722-606de8fe9322"
"2-s2.0-77954030729","524c42cb-bd0c-4dcb-b2bb-e72a68f1be0d"
"2-s2.0-77954030729","d6c268ec-6b9f-4b52-97a1-2d38a372f1cd"
"2-s2.0-77954030729","48f7ee37-ae29-4589-9efb-2af20dfb4b01"
"2-s2.0-77954030729","812be7fc-6365-4908-9059-dd27b2754c01"
"2-s2.0-77954030729","db2c9a94-9ae8-4763-8cc0-14428e9119a1"
"2-s2.0-77954030729","fcbda0f5-8208-49da-94c5-2f4a5d7ecd64"
"2-s2.0-77954030729","e96bdea6-43cf-41ea-8261-b45fe4389c18"
"2-s2.0-77954030729","74c9118a-dc33-445a-a63d-53a07975f105"
"2-s2.0-77954030729","d68d45ea-b0b2-43df-b62e-f3c3519e5839"
"2-s2.0-77954030729","f70460a9-0c80-408d-8059-0f208ec2b85f"
"2-s2.0-77954030729","93219415-ac08-4c0a-bb83-cf7d8e6fd4e6"
"2-s2.0-77954030729","c4e54626-5c81-4c05-bfe6-4caff474e30a"
"2-s2.0-77954030729","ecf7bc12-bc63-458a-8834-1e44da1bb764"
"2-s2.0-77954030729","62b38f6c-f87d-4141-b9cd-ec8b4b3a9720"
"2-s2.0-77954030729","43671423-3071-4816-aba5-349c8fd13836"
"2-s2.0-77954030729","9c347188-a2e9-499f-87ec-777a9b959f11"
"2-s2.0-77954030729","cb963a3d-2a28-4da4-9616-2a657ed3f5b3"
"2-s2.0-77954030729","81e5ca86-24bd-48c6-ba88-a5b3c3270828"
"2-s2.0-77954030729","00fad238-de91-4337-a247-bb3a45db901e"
"2-s2.0-84863450704","617e016a-1f71-4ef9-a810-0c6712b5bc8a"
"2-s2.0-84863450704","b853539d-1f13-4681-935f-b263c5e370dc"
"2-s2.0-84863450704","57f8e466-d6a6-4557-9c22-471980383f5a"
"2-s2.0-84863450704","4e62638c-2b3f-4664-9fa8-8b53a409023b"
"2-s2.0-84863450704","e8407df3-4fb2-4e1a-ab36-ecd3b5e29abb"
"2-s2.0-84863450704","701095b1-5aea-4001-9dad-fcd076263e49"
"2-s2.0-84863450704","d9e5c48c-1d6c-4119-bc46-b16127c19612"
"2-s2.0-84863450704","8d8392d4-5f1c-4026-b69f-ead0e4760a06"
"2-s2.0-84863450704","82d3de5c-f282-4aea-998f-3def416f23ba"
"2-s2.0-84863450704","ebca1bbc-1023-4daa-bce9-c1814279b735"
"2-s2.0-84863450704","cce86c20-4ba3-4358-8c73-f00752fa5395"
"2-s2.0-84863450704","93219415-ac08-4c0a-bb83-cf7d8e6fd4e6"
"2-s2.0-84863450704","367497c1-99ca-4a2d-bf23-56ef1e72a25d"
"2-s2.0-84863450704","7f3c565a-1311-4b31-82a0-8f0a6c93afd9"
"2-s2.0-84863450704","d09f9ead-a7f0-4cfd-9e72-8da987f180bf"
"2-s2.0-84863450704","6c7b23c9-ad61-4f5b-8c1f-7cf3a9e334e8"
"2-s2.0-84863450704","9c0e8c73-b728-411d-b1d5-2f41e372117a"
"2-s2.0-84863450704","9c3e80b0-4649-452a-a8a9-bc95e047bc75"
"2-s2.0-84863450704","f470d1d8-3009-4dba-8644-ab32c8746522"
"2-s2.0-84863450704","d1868e50-739e-4b8e-9767-9828b8e7b811"
"2-s2.0-84863450704","d3f1a493-195d-4cea-b6b1-163443552522"
"2-s2.0-84863450704","b211e596-1d14-4ab3-8b26-b91abe432318"
"2-s2.0-84863450704","8c5ca90f-0201-4754-a53f-1c7d88312feb"
"2-s2.0-84863450704","1278c01a-fd84-459c-bff4-55a25a655d21"
"2-s2.0-84863450704","651b07e7-f47c-43bc-afc8-65fe6dce1589"
"2-s2.0-84863450704","a09e84c7-bf87-47fa-8dd9-7dbca2d94be3"
"2-s2.0-84863450704","6067a65b-2930-4003-826e-f8a59dd3270a"
"2-s2.0-84863450704","27234e9c-0ea1-4d59-8d53-477b1f631931"
"2-s2.0-84863450704","04b9b8c9-f94c-4461-b64a-2dc802fddfcc"
"2-s2.0-84863450704","5971aab4-6e65-418d-bc5a-899b0a48f65f"
"2-s2.0-84863450704","73d0b6c6-24d8-4b19-9097-988ed8aef451"
"2-s2.0-84863450704","20e1410c-bcd7-49b2-8eb3-02cb46491116"
"2-s2.0-84755161250","a0be0c4d-934f-47fa-90b1-0ae071ac6821"
"2-s2.0-84755161250","deec9798-77a1-4211-a7aa-939e6f57b6ba"
"2-s2.0-78650238192","6bd5a173-1880-4d76-a041-dfab276d11cf"
"2-s2.0-78650238192","00ee65e9-ce6a-4568-9b46-ba91159730d9"
"2-s2.0-78650238192","c174f1f8-1cdc-4351-a442-d181cd52c18f"
"2-s2.0-78650238192","11f0d9a0-ddb9-434c-88ee-1c125efb40c6"
"2-s2.0-78650238192","f381a1a0-d023-42e6-9c13-10cd20a72ead"
"2-s2.0-78650238192","731577c1-7b1f-486f-9c24-bb712f1758f3"
"2-s2.0-78650238192","07d78672-e101-4473-a2a8-6ef1fba24a48"
"2-s2.0-78650238192","c50ac50a-ddc4-4896-bf92-375eac316cf4"
"2-s2.0-78650238192","50abd01c-46bf-4b5d-b679-4e2f8acd968f"
"2-s2.0-78650238192","83a6de09-35bd-453f-b31c-89ada89f6b98"
"2-s2.0-78650238192","4fd915b3-2365-48ca-9476-e95047679ce9"
"2-s2.0-78650238192","5874fbcd-b045-45df-9949-8019c9fc6187"
"2-s2.0-78650238192","3e3b33c1-8103-4a59-87c6-729c053b1cfd"
"2-s2.0-78650238192","833ad2f1-2ad5-4c48-80a1-d219b44f8db0"
"2-s2.0-78650238192","7afbb0ba-b344-44a5-ac48-53001c3c3ba3"
"2-s2.0-78650238192","a1afd41f-8460-474b-b685-35a27d2ba30a"
"2-s2.0-78650238192","bebbb4fa-4861-402c-bb93-9242c68ce511"
"2-s2.0-78650238192","997b77dc-93ae-4a5f-a654-3978699579fb"
"2-s2.0-77954670214","695aac8d-66b8-4bae-bfee-02ed648f3b93"
"2-s2.0-77954670214","d35416ca-c461-4d2d-aa17-3e273840b35e"
"2-s2.0-77954670214","e74f5c15-3db2-4163-b39e-fa0629dfe7d2"
"2-s2.0-77954670214","57f8e466-d6a6-4557-9c22-471980383f5a"
"2-s2.0-77954670214","a6388abf-d838-4f80-882a-855e3afa55b3"
"2-s2.0-77954670214","f73cc842-42fa-45d9-97dc-dbc9b337c6fd"
"2-s2.0-77954670214","82d3de5c-f282-4aea-998f-3def416f23ba"
"2-s2.0-77954670214","93219415-ac08-4c0a-bb83-cf7d8e6fd4e6"
"2-s2.0-77954670214","7f3c565a-1311-4b31-82a0-8f0a6c93afd9"
"2-s2.0-77954670214","6c7b23c9-ad61-4f5b-8c1f-7cf3a9e334e8"
"2-s2.0-77954670214","31a88e65-3bff-4c04-99c7-d7650bfacfea"
"2-s2.0-77954670214","27234e9c-0ea1-4d59-8d53-477b1f631931"
"2-s2.0-77954670214","fc42c561-9f1f-4cd7-aab9-cfd8c835ef94"
"2-s2.0-77954670214","b02df24a-e127-41b3-8c84-ae1206901bab"
"2-s2.0-77954670214","5971aab4-6e65-418d-bc5a-899b0a48f65f"
"2-s2.0-77954670214","3ef41ab3-6073-4257-b1d3-ac9b5eeca608"
"2-s2.0-34548707585","b02df24a-e127-41b3-8c84-ae1206901bab"
"2-s2.0-34548707585","1a4bebfc-fd28-4d2c-9820-d85b4505d90c"
"2-s2.0-34548707585","bc73d815-a5f0-4e7f-969f-4b61388afdad"
"2-s2.0-34548707585","d16e31f8-cf75-4166-b672-5ff347397fd7"
"2-s2.0-34548707585","d524e7b2-2a96-4298-98ad-09f081535145"
"2-s2.0-34548707585","fbea0892-4ac1-4d30-8e2b-290f0329ff74"
"2-s2.0-34548707585","ee4235f9-881b-4f91-904e-e121d107c15c"
"2-s2.0-34548707585","97c27754-a334-4711-bda3-8eaa19f46849"
"2-s2.0-34548707585","c123f1ad-5ff0-45f8-99e7-1afc5ba591cf"
"2-s2.0-73449123051","52f087f0-d505-43ec-bb54-cb74f04a9b0e"
"2-s2.0-73449123051","c227df16-7077-41e6-9c4c-6ae9f542d4a2"
"2-s2.0-73449123051","ab58a419-3dcd-42c2-9d9e-f2d44114dffb"
"2-s2.0-73449123051","a0be0c4d-934f-47fa-90b1-0ae071ac6821"
"2-s2.0-73449123051","956ae4cf-4aa3-4cfc-9b7e-0ecefe2b8fdd"
"2-s2.0-73449123051","420ea4f7-b6e4-4eb2-85b1-f21afc363991"
"2-s2.0-73449123051","b853e1b8-56d4-4e82-8ae2-377531c03b5e"
"2-s2.0-59949098600","ad480b1e-54dc-4513-b56b-421bee99ff44"
"2-s2.0-59949098600","cc279e59-2e81-4793-8f35-b985df44e725"
"2-s2.0-59949098600","825833ed-7971-40db-a41a-5630da798e81"
"2-s2.0-59949098600","a3b59a76-b356-45a5-b2df-f0dd515886dc"
"2-s2.0-59949098600","a553ec77-3892-4d6d-8c4e-d8418974a852"
"2-s2.0-59949098600","71e4cf31-a298-4b11-b0f2-9d5a5bbac0a0"
"2-s2.0-59949098600","75c900fe-d56b-4b10-82f3-c46de2f4e844"
"2-s2.0-59949098600","d6b8bbe5-d8d9-430d-a180-12bf565193ab"
"2-s2.0-59949098600","06f0964e-0d6d-4add-aada-cd149d748ff9"
"2-s2.0-33745023891","43826f37-0230-4954-b0cc-8fd5f3524c3c"
"2-s2.0-33745023891","71605c6b-62fd-4589-b921-b54be13de288"
"2-s2.0-34047227042","50494ea3-5cf3-4c7f-927f-edb3fe042982"
"2-s2.0-34047227042","52f087f0-d505-43ec-bb54-cb74f04a9b0e"
"2-s2.0-34047227042","e975cd7b-305b-4632-83ea-4fd7b608ffb7"
"2-s2.0-34047227042","9b6927a7-f956-48cf-b9ce-afd2e1150ab2"
"2-s2.0-34047227042","427094c6-6029-4772-b7a5-bbe2b82c1e67"
"2-s2.0-34047227042","8ab94767-847b-45a7-a028-dc4b14cb51e6"
"2-s2.0-34047227042","8d681604-eb14-465a-a742-662514586578"
"2-s2.0-34047227042","5ce4035e-ca55-43a0-acbf-3abf82a0a52a"
"2-s2.0-34047227042","dd2e1d8d-452d-4263-85a7-a575a5ebefc8"
"2-s2.0-34047227042","fb346cba-2eec-48f8-92db-af852e703a06"
"2-s2.0-34047227042","dd775f46-0c82-4db1-b743-0fc8ab619f02"
"2-s2.0-34047227042","38b703e6-f56e-48d7-a974-bf991c7a9d8e"
"2-s2.0-34047227042","6b39b083-c9fe-455b-a405-1d24c978fdd2"
"2-s2.0-34047227042","7b6a3d81-ff6c-42e5-a09d-98b979cbfcdf"
"2-s2.0-34047227042","126005d7-c8ea-4f08-b8ef-3349382e9b6f"
"2-s2.0-34047227042","c0f1d3ea-9826-43ea-9034-43b05ca2db89"
"2-s2.0-34047227042","50473055-e97e-489c-99d3-176ed7c26d1a"
"2-s2.0-34047227042","bd5494d1-f937-45ef-b049-4b8225a65c8e"
"2-s2.0-34047227042","3541ad18-d985-4c12-bbf3-711f48f65a29"
"2-s2.0-34047227042","8002e567-bd20-475a-a037-b013223f56d2"
"2-s2.0-34047227042","6f9189be-e3e8-4752-aa24-3378954185fc"
"2-s2.0-34047227042","330d879b-6ada-4884-b50d-cac41912f035"
"2-s2.0-34047227042","fcc28274-e291-4c06-824f-8fba50dfb629"
"2-s2.0-34047227042","aaf0a5e7-26c3-4eab-ba4a-334d5d09cf06"
"2-s2.0-34047227042","2223e42c-16dd-4d9e-8898-d891871e6dc2"
"2-s2.0-34047227042","91ef16e8-5be1-47c6-8d5d-a23b0d6d4fba"
"2-s2.0-34047227042","b291d76a-94d3-45d2-9a2e-9328e7b6d538"
"2-s2.0-34047227042","f3b358e5-0959-46e8-af21-97b43843cd61"
"2-s2.0-34047227042","dde1fdc4-37fd-41a5-957b-469314fc08b6"
"2-s2.0-34047227042","f0c7bdea-95ee-43ea-98ba-c61ec29c9dba"
"2-s2.0-34047227042","d990e60e-a3d0-472f-ad27-22b4054732c0"
"2-s2.0-34047227042","c8d03a5b-ae37-4122-9e2d-d6364813f0de"
"2-s2.0-34047227042","eeb86db5-5964-4de9-8c76-f23630044b73"
"2-s2.0-34047227042","2ffe29fc-ce4e-445f-adaf-e4912eb053ac"
"2-s2.0-34047227042","837a4303-640f-4284-b022-3d0b291376e2"
"2-s2.0-34047227042","8962c141-cbb4-407f-8809-e0b6ebd79c8a"
"2-s2.0-34047227042","30c717a2-1a1c-42f2-82d3-b340e8548eee"
"2-s2.0-34047227042","9ce59caf-62eb-4512-94ce-fbac9e690652"
"2-s2.0-34047227042","7bb11440-0e8c-4d52-a78d-f01034a6b49d"
"2-s2.0-34047227042","bef2450d-4846-4c52-988d-64c03f612a90"
"2-s2.0-34047227042","e9ccc41e-c424-44d3-80cf-c8ebc33b541e"
"2-s2.0-34047227042","f82f0c3b-84a6-4706-a1ec-817d2c536b1c"
"2-s2.0-34047227042","16a4b38e-b320-4c10-900b-88cd847d6649"
"2-s2.0-34047227042","0c84a41c-f6eb-4892-939d-de7ed20e9b7a"
"2-s2.0-34047227042","3f6c0929-1d19-41d1-aa2a-4e50eed72559"
"2-s2.0-34047227042","ce73ce6d-b558-47d0-a455-556f1542fc9b"
"2-s2.0-34047227042","d0c677ee-6c21-44f2-8bf7-b6caa5fd164f"
"2-s2.0-34047227042","6b1709b2-5d76-42d6-b93a-139e024939e6"
"2-s2.0-34047227042","f423617c-10d5-46e1-a411-75bf76abbc3c"
"2-s2.0-34047227042","07b2d1bc-a802-47b1-b9ed-0f03724dfcd7"
"2-s2.0-34047227042","b26523d3-e63e-4bc3-918a-1d38a5e7742a"
"2-s2.0-34047227042","5fc9f14b-1077-46b2-ae2d-3d1746f45274"
"2-s2.0-34047227042","32a37e04-5ce2-40c7-8233-d1818fff4229"
"2-s2.0-34047227042","34f07e5a-9a0e-4397-a9e0-2d7210b90de1"
"2-s2.0-34047227042","d6b8e299-901b-4684-a0cc-232896cb9594"
"2-s2.0-34047227042","6e9bb54f-8989-4ea0-a67e-fc2fe04170d3"
"2-s2.0-34047227042","82d3de5c-f282-4aea-998f-3def416f23ba"
"2-s2.0-34047227042","fe36a121-335f-46d6-ac1d-f1b65609a0c7"
"2-s2.0-34047227042","014d0c4c-6062-4b5a-92d5-d5e653986bc2"
"2-s2.0-34047227042","e7a75bd8-b158-497d-8e6c-19ff391c6dc3"
"2-s2.0-34047227042","5ee1e63b-6ffd-4cc8-9016-39e9ec549244"
"2-s2.0-34047227042","6bbaf8e6-04f1-4caa-b1fb-27bacb427aa5"
"2-s2.0-34047227042","93219415-ac08-4c0a-bb83-cf7d8e6fd4e6"
"2-s2.0-34047227042","47786e80-9f2c-4b3a-b5a5-0a8cdd3bdb72"
"2-s2.0-34047227042","c93d17dd-608d-4cee-aa2b-da206aeb8f1b"
"2-s2.0-34047227042","a5702dc9-a72f-485b-b59b-e4af780d79a7"
"2-s2.0-34047227042","69ce968f-707e-4d31-833d-316561b5c5d8"
"2-s2.0-34047227042","e1284f20-e9c6-4467-91cc-e358842c24df"
"2-s2.0-34047227042","066cd61d-fe7c-4ed0-b8c1-58672907f331"
"2-s2.0-34047227042","8ed896eb-a04a-41b1-8a56-704d601f0b5a"
"2-s2.0-34047227042","ccd1e042-6d12-4b55-b0e8-7c2727d90b0b"
"2-s2.0-34047227042","8069e086-6d88-40d0-a9d1-7c0ed673a4fa"
"2-s2.0-34047227042","a0693369-2d98-4634-8877-0efd9104d896"
"2-s2.0-34047227042","33861093-9999-4e4e-8121-9a2bf0b05032"
"2-s2.0-34047227042","62db1e23-554f-4557-9b7b-c1bc164e796f"
"2-s2.0-34047227042","978557da-a019-436e-b053-d5504f4bd91e"
"2-s2.0-34047227042","9b72b628-f297-4a36-958e-9dece1f78ff0"
"2-s2.0-34047227042","4503e1d2-4854-4eae-8849-54a38792d822"
"2-s2.0-34047227042","12403142-2cce-4920-b6f7-b16fb8c3a980"
"2-s2.0-34047227042","55c52912-effe-46d4-a43f-23a465d08543"
"2-s2.0-34047227042","b04680f4-4e56-4239-9924-3a0d290af843"
"2-s2.0-34047227042","396aaaf9-f5c5-4f5b-8e86-5d456daac903"
"2-s2.0-34047227042","50869ec9-b4dd-43a7-bc0a-12d94e53ade2"
"2-s2.0-34047227042","7d3a7a7b-d045-4216-a0f0-e4f2d91d7085"
"2-s2.0-34047227042","d1868e50-739e-4b8e-9767-9828b8e7b811"
"2-s2.0-34047227042","6067a65b-2930-4003-826e-f8a59dd3270a"
"2-s2.0-34047227042","1fcdb3a7-fe07-4207-b5f4-426bb6875e99"
"2-s2.0-34047227042","27234e9c-0ea1-4d59-8d53-477b1f631931"
"2-s2.0-34047227042","c980ea66-5a0f-46c4-a881-fb177023b5fc"
"2-s2.0-34047227042","b345ba8a-9b09-46bb-adc7-020c8844b716"
"2-s2.0-34047227042","bdfca337-495b-41cd-accf-ccb132b7b5bd"
"2-s2.0-34047227042","22abb8b7-3c0a-467b-a4f4-62c446ab4001"
"2-s2.0-34047227042","cabf410c-75b0-42e6-8841-6ca3b934a9f4"
"2-s2.0-34047227042","fbe9c2e4-491c-40e3-a986-012dfc6e7874"
"2-s2.0-34047227042","f31fda21-c0c8-43ae-a88e-3c6d11c478dd"
"2-s2.0-29044433672","0f8b609c-ddb1-43f6-a1d4-5412c2b54865"
"2-s2.0-29044433672","dacfab9e-0461-4e28-978d-e8411869d3ee"
"2-s2.0-29044433672","532c8c4a-f907-4519-a78c-b0c96d5c0b08"
"2-s2.0-29044433672","207a4a40-1f89-4e9f-a74b-608d47e5b891"
"2-s2.0-29044433672","8e7161e1-b78f-473a-80de-4b2adc3455c9"
"2-s2.0-29044433672","bd7d19ad-437c-42a6-a9e9-c12b2004bb82"
"2-s2.0-29044433672","6f0307bb-6a1f-4e95-af77-a9990faeddcd"
"2-s2.0-66949168051","d6c268ec-6b9f-4b52-97a1-2d38a372f1cd"
"2-s2.0-66949168051","74c9118a-dc33-445a-a63d-53a07975f105"
"2-s2.0-66949168051","d68d45ea-b0b2-43df-b62e-f3c3519e5839"
"2-s2.0-66949168051","6206bc1e-8ae3-49c5-9fce-93c8771e3c92"
"2-s2.0-41249087769","3e844337-6a05-4df5-bde9-ce9b95c21543"
"2-s2.0-41249087769","2fae8311-e0b1-46ba-b437-816351d990f0"
"2-s2.0-41249087769","46d76092-96b2-4958-ab0b-6d137fcdddfe"
"2-s2.0-41249087769","0e325ad8-59a9-47e2-81ce-9f771799f586"
"2-s2.0-41249087769","7f4484e7-53cc-4700-a2e8-b862eb0d70f7"
"2-s2.0-41249087769","9d29a773-4659-423c-9652-0a9d087a76ca"
"2-s2.0-41249087769","a470a6e6-a32d-4f99-ae77-d1abc4a7d9e0"
"2-s2.0-41249087769","39076a15-b1c8-4735-9db5-d6ab25ab4d68"
"2-s2.0-41249087769","8ba1544c-7459-4c91-95c3-812bda74cb60"
"2-s2.0-41249087769","c820adcb-0a8d-4439-aebe-953c1939e59f"
"2-s2.0-1842683936","7a0560cd-2c97-42b0-8278-e8aca265da7c"
"2-s2.0-1842683936","cc65a999-408a-4d3f-97f3-1379f91f4843"
"2-s2.0-1842683936","f566eaca-c692-478b-b1fa-b1b49005a8f2"
"2-s2.0-1842683936","90af08de-4b26-481f-a143-f522c6ec76e0"
"2-s2.0-1842683936","eccdd672-c0bb-4ab3-b0ef-e82a78ad8b62"
"2-s2.0-72249084509","b5dcbc58-50b5-4602-95c1-64a9216632ac"
"2-s2.0-72249084509","515c40b0-fc26-4243-bee7-1cc88f3e65b3"
"2-s2.0-72249084509","41a68c4c-4c03-470f-b4ff-c3ddc6dd3345"
"2-s2.0-72249084509","5d16e83a-54eb-4b4f-8d48-3e0960dac510"
"2-s2.0-72249084509","e5d9f389-64fe-419a-918e-1045db677a9b"
"2-s2.0-72249084509","0811a9ac-7643-4bc0-b4c2-30897a01d24d"
"2-s2.0-72249084509","c9c9e91a-5418-42af-bc53-eab1507d7160"
"2-s2.0-72249084509","3f345418-1972-4310-8ddd-f8f86a5c7ab3"
"2-s2.0-29144433462","2750c22f-c464-4952-bec2-2c68ca6ee820"
"2-s2.0-29144433462","45bf5b95-7f8d-4c50-9e2e-6a8483abfcb2"
"2-s2.0-29144433462","59ee6438-0b5d-4c8b-becc-e33bd67133fc"
"2-s2.0-67949093021","833ef06c-dccd-469a-b470-59355bd188d0"
"2-s2.0-67949093021","1ae09eae-ca2e-4d40-93b0-8e8916f245d9"
"2-s2.0-67949093021","46d76092-96b2-4958-ab0b-6d137fcdddfe"
"2-s2.0-67949093021","aa2df6da-2860-4e67-8999-8ca5e9edd410"
"2-s2.0-67949093021","d5976293-f4ec-43e5-9bce-70866e060620"
"2-s2.0-67949093021","7f4484e7-53cc-4700-a2e8-b862eb0d70f7"
"2-s2.0-67949093021","c25f76e7-fe23-4a21-a2be-39e2a4d34d91"
"2-s2.0-67949093021","752f9a4b-1c9f-4500-a44c-583e9a3ae487"
"2-s2.0-67949093021","032baaa2-8611-43cd-bd6c-1cbe6d93c9b8"
"2-s2.0-67949093021","c8edabad-aded-4758-a69c-62c4c7c39320"
"2-s2.0-67949093021","70db9eea-2992-4b93-b6bb-218026dd1de9"
"2-s2.0-67949093021","54e58ce2-5b5f-4c2f-8a0a-6f422d7452c8"
"2-s2.0-67949093021","362631eb-587f-42ff-9a62-289842e37ce0"
"2-s2.0-67949093021","8298499f-d15e-478a-98cc-5208adbdb01b"
"2-s2.0-67949093021","1fa9c27b-0e92-4dcc-82dd-092b61c9be7a"
"2-s2.0-67949093021","39076a15-b1c8-4735-9db5-d6ab25ab4d68"
"2-s2.0-21044444792","a5906e67-c72a-4711-b4c0-3787b4f52cb4"
"2-s2.0-21044444792","60602fa5-b03a-40bd-be7b-91c8311a3b81"
"2-s2.0-21044444792","d2ed22e8-baed-4750-ba16-9b521b170267"
"2-s2.0-21044444792","8c910867-6f1a-40ff-bfac-2a4e7d087355"
"2-s2.0-21044444792","15fca2c3-f69f-4bd2-b780-08741128e6fb"
"2-s2.0-21044444792","747e9410-2cbc-4d18-be33-24bf6e6ef4c2"
"2-s2.0-21044444792","0b8001f3-a009-4c58-aa21-c3f51d4f92f3"
"2-s2.0-21044444792","193fadb5-9a12-41ba-8ff6-0b9f6b01d0dd"
"2-s2.0-21044444792","68e290c5-9df7-4165-839a-22b158d17779"
"2-s2.0-21044444792","86dc8e56-d80c-4379-9df6-eac44b00a6c9"
"2-s2.0-7244229800","1c0e2600-92bc-4624-b890-569af97bd818"
"2-s2.0-7244229800","a6b1537e-8cce-4777-a982-709d707a1239"
"2-s2.0-7244229800","d36928df-f8e1-42f1-8635-5721038dbc37"
"2-s2.0-7244229800","b686daa6-0093-4086-b78d-1af33bff393f"
"2-s2.0-7244229800","64f4e9c0-75b3-4f5e-8906-c33b6a213770"
"2-s2.0-7244229800","d6c9ef05-ca83-4edd-96e9-4b9be2be7782"
"2-s2.0-7244229800","f146bee0-5836-40b0-867c-96f545ab670b"
"2-s2.0-7244229800","95924b2a-6318-43e8-ab88-d7dab31bf078"
"2-s2.0-7244229800","038b09f5-dccc-41e5-81d7-0a50c91ce5f7"
"2-s2.0-74249096225","1f80d81e-6850-4940-8d27-0c4e969b283c"
"2-s2.0-74249096225","a09e84c7-bf87-47fa-8dd9-7dbca2d94be3"
"2-s2.0-74249096225","731577c1-7b1f-486f-9c24-bb712f1758f3"
"2-s2.0-74249096225","47cf6e5b-fd5f-4a4d-8753-d9d29027f5dd"
"2-s2.0-74249096225","f2c3c261-5090-4bd2-923c-82acf47fa8cd"
"2-s2.0-74249096225","211f245c-ff0f-4fec-b94b-e6dd1a759f2e"
"2-s2.0-74249096225","74c9118a-dc33-445a-a63d-53a07975f105"
"2-s2.0-74249096225","26d22046-b705-4fa8-96ee-27f6ee5c332f"
"2-s2.0-74249096225","b5a603cf-ee4b-4fb6-9671-42a1e2b43b4b"
"2-s2.0-74249096225","b4e266ae-380e-4f28-b08d-832e2ab989be"
"2-s2.0-74249096225","65cdc621-a6b5-429a-b048-c10c7874876a"
"2-s2.0-74249096225","7436aa44-40be-4bb7-9280-a3fc15eb288d"
"2-s2.0-74249096225","2123c696-2113-4616-b98d-c6dd8d8264ff"
"2-s2.0-74249096225","ad480a0a-97a9-47eb-935b-635548a2071d"
"2-s2.0-74249096225","6e12b9b5-3622-4067-9e6b-97eed9a9742d"
"2-s2.0-74249096225","af96b94b-cebb-414a-81a5-1c63dd70bbc6"
"2-s2.0-74249096225","2da8088b-f518-43c5-af9c-e5bcd1871205"
"2-s2.0-33646104921","77ad4096-2e6f-4cf7-b771-3ffeece4004f"
"2-s2.0-33646104921","218d32eb-5c61-4021-bb22-e6fe50a7746f"
"2-s2.0-33646104921","7cc9dea3-5d7e-4cfb-aee9-7b557e5ea370"
"2-s2.0-33646104921","47a0cdb3-597f-4a0f-b994-6a6e450efff2"
"2-s2.0-33646104921","0c122d2f-b1f1-4816-952d-ce70d0717332"
"2-s2.0-33646104921","15fca2c3-f69f-4bd2-b780-08741128e6fb"
"2-s2.0-33646104921","3a1cb7de-c047-4e49-b42a-707ecdcc3c28"
"2-s2.0-33646104921","06f0964e-0d6d-4add-aada-cd149d748ff9"
"2-s2.0-33646104921","eceb9a04-a077-4f3a-aae6-4f6f14559d9d"
"2-s2.0-33646104921","d54aae91-3bba-4482-b697-00f3d80b75b6"
"2-s2.0-33646104921","68e290c5-9df7-4165-839a-22b158d17779"
"2-s2.0-33646104921","81506a98-60f1-4f35-be27-9b837fe50afe"
"2-s2.0-33646104921","31c6a0af-ba5a-43dc-8089-489df11888f1"
"2-s2.0-73849103557","eb25ce23-4b87-4c6e-ad6c-c175c53a6959"
"2-s2.0-73849103557","a46ab8de-caf4-424d-bfa6-4188279716ee"
"2-s2.0-73849103557","82d3de5c-f282-4aea-998f-3def416f23ba"
"2-s2.0-73849103557","d1602bbe-295a-4775-b6d9-a53ddbb86601"
"2-s2.0-73849103557","654af7d0-eed9-4c6d-997a-f5da1d6c6339"
"2-s2.0-73849103557","93219415-ac08-4c0a-bb83-cf7d8e6fd4e6"
"2-s2.0-73849103557","fa50f8b8-93e3-4369-8f3f-75d1e0ba34aa"
"2-s2.0-73849103557","550afe94-8ef4-4712-965b-499379edaa9c"
"2-s2.0-73849103557","6c7b23c9-ad61-4f5b-8c1f-7cf3a9e334e8"
"2-s2.0-73849103557","9c3e80b0-4649-452a-a8a9-bc95e047bc75"
"2-s2.0-73849103557","d16e31f8-cf75-4166-b672-5ff347397fd7"
"2-s2.0-73849103557","27234e9c-0ea1-4d59-8d53-477b1f631931"
"2-s2.0-73849103557","5971aab4-6e65-418d-bc5a-899b0a48f65f"
"2-s2.0-73849103557","c0042294-b0bd-4067-a9e2-729a9139a046"
"2-s2.0-73849103557","9b236f4e-38b1-4d8a-a710-e7211f54216b"
"2-s2.0-73849103557","53718e74-d257-4505-91b0-909f57e1bc14"
"2-s2.0-70349947243","f122518b-d02f-4d4c-9266-064dc55ec512"
"2-s2.0-70349947243","41c6dc4b-2861-4294-ad96-0269b413fdd4"
"2-s2.0-70349947243","11473d0c-cb0e-41a3-a28a-0743afefef8e"
"2-s2.0-70349947243","4f97743d-e633-4ca8-9164-a419eab069ca"
"2-s2.0-70349947243","2f682651-0257-4e9e-8ca1-a5c17373cf38"
"2-s2.0-70349947243","81e9ed6f-b368-422b-bdfe-1c23fba076e3"
"2-s2.0-70349947243","dd2e1d8d-452d-4263-85a7-a575a5ebefc8"
"2-s2.0-70349947243","17f31e96-1399-46af-af0f-8eb2a0f6e6c3"
"2-s2.0-70349947243","84c43184-2562-4094-afa7-5e5d8ea82ee6"
"2-s2.0-70349947243","c4e31825-4647-4c04-ad5b-94d428d0a5ca"
"2-s2.0-70349947243","d6aa0d36-ed1d-415e-95b6-219497131e34"
"2-s2.0-70349947243","532149ce-f6d9-41a9-95fc-fc376b44c786"
"2-s2.0-70349947243","fb346cba-2eec-48f8-92db-af852e703a06"
"2-s2.0-70349947243","9f6de1b8-5b8d-4c1a-b118-36e88974cff7"
"2-s2.0-70349947243","eb5c5cdc-958d-4990-b5e0-0588fea91a20"
"2-s2.0-70349947243","f2228744-0001-4fa0-b6f0-38cc031dbc82"
"2-s2.0-70349947243","4697e540-53e2-4270-a61b-925ae639b299"
"2-s2.0-70349947243","a67c6b2e-efda-4fa5-a9eb-9108ce1d0a31"
"2-s2.0-70349947243","fddba0b3-6d8a-4637-9a22-1732d96d7c8d"
"2-s2.0-70349947243","3b26a5bf-3549-4678-9d1a-ca4d9f1401da"
"2-s2.0-70349947243","be218ba8-36fb-4674-b3a7-c70ef58c8524"
"2-s2.0-70349947243","becbb06a-3098-4d7b-a08f-7a452dbca005"
"2-s2.0-70349947243","6fde6a99-63d7-4fab-887f-2bfad41aaa68"
"2-s2.0-70349947243","470e882d-ca1c-4017-827f-3017c0cb040c"
"2-s2.0-70349947243","562ef9c1-ed0f-4d69-bc53-5f3b855abcd9"
"2-s2.0-70349947243","815bcfd8-1d10-4f2f-8086-f6bb1767ed32"
"2-s2.0-70349947243","fef56b87-95ab-415f-8b54-ec735107e1d0"
"2-s2.0-70349947243","8e95ef2c-b053-45e1-9a20-ddd3c0af9be3"
"2-s2.0-70349947243","4d412667-08f0-428c-85e1-30385a1169cd"
"2-s2.0-70349947243","82d3de5c-f282-4aea-998f-3def416f23ba"
"2-s2.0-70349947243","9019d447-8626-4a90-95f1-eda93902416d"
"2-s2.0-70349947243","cce86c20-4ba3-4358-8c73-f00752fa5395"
"2-s2.0-70349947243","93219415-ac08-4c0a-bb83-cf7d8e6fd4e6"
"2-s2.0-70349947243","f266f2f1-c7de-427d-b430-81fd9587b2ef"
"2-s2.0-70349947243","d09f9ead-a7f0-4cfd-9e72-8da987f180bf"
"2-s2.0-70349947243","811646fc-5ce5-4c33-b1f9-de7ce60ab630"
"2-s2.0-70349947243","6c7b23c9-ad61-4f5b-8c1f-7cf3a9e334e8"
"2-s2.0-70349947243","31a88e65-3bff-4c04-99c7-d7650bfacfea"
"2-s2.0-70349947243","4fd5baf8-acfd-4517-9502-5f80b3a7d119"
"2-s2.0-70349947243","70e6f1cf-61a8-4837-bc2c-201134c06f9d"
"2-s2.0-70349947243","c1945aff-242e-4f3d-8a7c-02fa9f3170b8"
"2-s2.0-70349947243","d1868e50-739e-4b8e-9767-9828b8e7b811"
"2-s2.0-70349947243","d3f1a493-195d-4cea-b6b1-163443552522"
"2-s2.0-70349947243","204ccda6-0332-4b34-9af0-7b537be59c80"
"2-s2.0-70349947243","488c7388-b8bf-4090-85c5-1441a594ff8b"
"2-s2.0-70349947243","9026501c-b52b-45b9-aae6-518c464cb044"
"2-s2.0-4143105902","52f087f0-d505-43ec-bb54-cb74f04a9b0e"
"2-s2.0-4143105902","7cc9dea3-5d7e-4cfb-aee9-7b557e5ea370"
"2-s2.0-4143105902","f7dd0309-0092-4825-920d-814a5079c317"
"2-s2.0-4143105902","85e37a89-1e53-426a-a477-6b8b91bd9afc"
"2-s2.0-4143105902","6785d014-5f74-46b5-8de0-fb4c4765cc90"
"2-s2.0-4143105902","eccdd672-c0bb-4ab3-b0ef-e82a78ad8b62"
"2-s2.0-4143105902","031a6d92-ce1e-43af-903e-5c0878ac6449"
"2-s2.0-4143105902","420ea4f7-b6e4-4eb2-85b1-f21afc363991"
"2-s2.0-4143105902","b853e1b8-56d4-4e82-8ae2-377531c03b5e"
"2-s2.0-4143105902","7eab1aaa-e581-476b-a371-36ba2162d76f"
"2-s2.0-33748882448","a3b26a83-b164-4335-84d5-cbd337067f39"
"2-s2.0-33748882448","60f63e81-0782-4bf3-bbb4-54e720c8d2fd"
"2-s2.0-33748882448","0d7ecb28-2fe5-45a4-bcc2-7ad023460522"
"2-s2.0-33748882448","f9975255-fbd9-46d9-a35a-2aa0460c727d"
"2-s2.0-33748882448","61d17382-fb5b-4d7b-9a40-befb15c4d897"
"2-s2.0-33748882448","f1bf5f1d-06c0-4d35-bf5a-06532d8dae35"
"2-s2.0-33748882448","48f7ee37-ae29-4589-9efb-2af20dfb4b01"
"2-s2.0-33748882448","327855aa-d168-40bc-9056-6f53c0464393"
"2-s2.0-33748882448","90eadc1c-b0ec-470f-972f-b389bc927462"
"2-s2.0-33748882448","46b66c79-8169-4723-b07d-9e47cda23aaf"
"2-s2.0-33748882448","e97a382c-1946-472a-a75c-0299ea85fcef"
"2-s2.0-33748882448","7e165b89-6fd0-4ce3-a544-71215e00d119"
"2-s2.0-33748882448","c7a94d70-81e5-4c21-8d92-79ef5132a3f9"
"2-s2.0-33748882448","7c8e0d06-9bef-42e8-8a32-f47a3a9eeabe"
"2-s2.0-33748882448","aa705110-cd3d-49b3-b9b2-65fa26dc80b6"
"2-s2.0-33748882448","45f4ff40-d675-4031-9c87-1e3d2fbfe794"
"2-s2.0-33748882448","a21d0d1c-92d3-48f4-a71b-0cba0acdf1b1"
"2-s2.0-33748882448","dc75e76a-d687-4d02-9a72-e1b1ff0684fd"
"2-s2.0-33748882448","c0265dc3-6d7d-4b29-abe3-ebd1b15f0ad1"
"2-s2.0-33748882448","bbe1ec6e-26fa-42b1-8a16-bc0efef74d1c"
"2-s2.0-56949093520","275e3512-b2c3-4be7-a1f6-c53efd12ce17"
"2-s2.0-56949093520","6f9189be-e3e8-4752-aa24-3378954185fc"
"2-s2.0-56949093520","ddc26791-bcab-4a89-9ed0-16a4f0a26fe7"
"2-s2.0-56949093520","310eca9f-2c9a-42d5-97a2-940b2a107357"
"2-s2.0-56949093520","e4ba59de-9d14-49d0-a669-2074853ef79a"
"2-s2.0-56949093520","9dd9a5aa-c829-4cd0-886b-997c83cd6d17"
"2-s2.0-56949093520","f2228744-0001-4fa0-b6f0-38cc031dbc82"
"2-s2.0-56949093520","14921563-b0ec-4437-b912-dba120fdbcf5"
"2-s2.0-56949093520","eee11f7b-1b03-48b7-bf60-89912a44571e"
"2-s2.0-56949093520","06f0964e-0d6d-4add-aada-cd149d748ff9"
"2-s2.0-56949093520","1a1dd8d3-4e31-4487-b067-fd5027554aa6"
"2-s2.0-56949093520","9380f329-e8e9-49e4-8283-c079c87f40ec"
"2-s2.0-56949093520","93219415-ac08-4c0a-bb83-cf7d8e6fd4e6"
"2-s2.0-56949093520","e7fdae15-5a75-481f-9e02-32458d265060"
"2-s2.0-56949093520","9c014aba-c668-4310-8a95-ad71e769c1d1"
"2-s2.0-56949093520","c99c462e-c205-460c-a5af-70b85eadb6cb"
"2-s2.0-56949093520","fb3fbe50-c7ab-4428-ad2d-8bfbe4eed579"
"2-s2.0-56949093520","62b38f6c-f87d-4141-b9cd-ec8b4b3a9720"
"2-s2.0-56949093520","d93bdc58-804d-4ceb-a1a3-2118d8398a9f"
"2-s2.0-56949093520","9026501c-b52b-45b9-aae6-518c464cb044"
"2-s2.0-71049173352","e3fdd0f9-338c-4bdf-845d-99e79eb87363"
"2-s2.0-71049173352","ef612554-5850-4973-b097-51532cc92491"
"2-s2.0-22344448050","de65738d-fdc6-42e3-81fd-a2f0d3e619d1"
"2-s2.0-22344448050","35506eb5-0485-4191-aa3a-82718e1acd4b"
"2-s2.0-77958022833","73618d7c-2ed0-462a-beb5-249d1c8e585b"
"2-s2.0-77958022833","d68d45ea-b0b2-43df-b62e-f3c3519e5839"
"2-s2.0-77958022833","48f7ee37-ae29-4589-9efb-2af20dfb4b01"
"2-s2.0-77958022833","30d6de4d-4416-4494-8cde-2d1201d9cfa8"
"2-s2.0-77958022833","7ff695eb-572e-40be-8323-d5d0dca2ebb3"
"2-s2.0-77958022833","6f9189be-e3e8-4752-aa24-3378954185fc"
"2-s2.0-77958022833","6206bc1e-8ae3-49c5-9fce-93c8771e3c92"
"2-s2.0-77958022833","7fa0e38b-9cba-44cd-85ec-409eb14cf3b8"
"2-s2.0-77958022833","f8112c35-7944-46c9-a86f-c49783d4cfb5"
"2-s2.0-33748665250","41a68c4c-4c03-470f-b4ff-c3ddc6dd3345"
"2-s2.0-33748665250","0811a9ac-7643-4bc0-b4c2-30897a01d24d"
"2-s2.0-33748665250","b0e82d8f-5840-44db-9a26-16ca5ec94224"
"2-s2.0-70349989698","9f0a1b6e-de3e-4e6a-89d3-a511f0972de6"
"2-s2.0-70349989698","85f7c167-112e-4dd3-ba4d-cdcec88be303"
"2-s2.0-29844454548","77db04dd-ba98-49e7-821f-df22c8f90cd1"
"2-s2.0-29844454548","46fcc90f-9898-4009-9c4c-b75f259ca79d"
"2-s2.0-29844454548","3f2e9614-82fd-4094-9906-82fe22522a41"
"2-s2.0-29844454548","fc7e6583-4d04-43e1-8a08-9231a4141006"
"2-s2.0-29844454548","b84271df-2e13-485e-b2e2-4ce081d3d107"
"2-s2.0-29844454548","170fd069-0891-4edf-b2ed-08852a0dbc2c"
"2-s2.0-29844454548","f2228744-0001-4fa0-b6f0-38cc031dbc82"
"2-s2.0-29844454548","79e02d58-f8f1-4a98-a339-1517da242a98"
"2-s2.0-29844454548","4323694c-2ae4-456a-a79b-1ab039389f56"
"2-s2.0-29844454548","52f087f0-d505-43ec-bb54-cb74f04a9b0e"
"2-s2.0-29844454548","7cc9dea3-5d7e-4cfb-aee9-7b557e5ea370"
"2-s2.0-29844454548","e3fdd0f9-338c-4bdf-845d-99e79eb87363"
"2-s2.0-29844454548","1cd22da1-e7a3-464f-bcd8-b3ea054fc7d1"
"2-s2.0-29844454548","becff3c1-d5f1-4494-b0b6-c74da8f68a2b"
"2-s2.0-29844454548","0c837f30-805a-49ff-8cb4-c534f724f062"
"2-s2.0-29844454548","5b0df5d2-77f6-4de6-b846-61120156351c"
"2-s2.0-29844454548","dec8ea6b-0f13-4184-93f1-6626e9744984"
"2-s2.0-29844454548","ccc5f098-a2a7-40f0-a2c6-3c7f3eddc223"
"2-s2.0-29844454548","247aef28-4d75-4472-885a-c6345d3a775e"
"2-s2.0-29844454548","7721c23f-50a9-4c00-91eb-3831ff611bc7"
"2-s2.0-29844454548","93a1d96e-c9b9-43d5-a441-d5850acd7033"
"2-s2.0-29844454548","694868fe-0dc1-4e47-b562-abf38606a07f"
"2-s2.0-29844454548","0ab50085-79c9-4efc-831e-04ec67763ee4"
"2-s2.0-29844454548","880b97ac-178c-47e2-b82a-3d7e127545cd"
"2-s2.0-29844454548","6ff71d8c-ff98-4782-84e9-166a22f5cb62"
"2-s2.0-29844454548","dc2f3240-d4ee-4301-96c5-358d70ca65e0"
"2-s2.0-29844454548","5b2082dd-5e26-4148-8000-a4b4a3283eb0"
"2-s2.0-29844454548","2867a140-d3b6-465d-a187-26796d004c35"
"2-s2.0-29844454548","6a44aa47-b2bc-48dd-90e7-6feca85e0780"
"2-s2.0-29844454548","4f1f24e0-4411-4c78-b346-6bf332972841"
"2-s2.0-59949103836","6eebe9a8-32e0-48d5-b2cd-95143016e122"
"2-s2.0-45849099406","c797e0d1-b1f0-4e9a-917d-5b6a9bf93055"
"2-s2.0-45849099406","df1adef2-8b2e-4aef-8f7b-773370da215b"
"2-s2.0-45849099406","8781fa4e-e8de-454d-9c10-731369ca2e21"
"2-s2.0-45849099406","4b613bd7-47df-434a-87bb-e592a5aa2399"
"2-s2.0-45849099406","156546ef-c06d-4ec9-9829-8354d74b0634"
"2-s2.0-45849099406","f51b72d1-9237-4578-9314-325e1d57b8da"
"2-s2.0-45849099406","5dcee8dc-1b92-4690-beae-03e45eb0b127"
"2-s2.0-45849099406","98119c81-7900-4266-b99a-abb7cd682440"
"2-s2.0-45849099406","0acd0ab1-2931-43b0-8b0a-7eb09adbb7eb"
"2-s2.0-45849099406","2abe5d81-14be-4bce-820d-1c1a665ddd9f"
"2-s2.0-45849099406","28e3ff3d-06e5-464d-bbd9-fae65ed63e52"
"2-s2.0-45849099406","9d56c9f6-f217-4886-a85f-5d7cbe62cf7f"
"2-s2.0-45849099406","c2cc5297-7a71-4127-acd2-0882744fa12b"
"2-s2.0-45849099406","2ed6e130-0ccf-4237-b4eb-ea3996b49d2f"
"2-s2.0-45849099406","41e15bd8-2c6b-411c-9995-b17e6d917421"
"2-s2.0-45849099406","2bb0f3dd-93ed-476a-9302-884cd7485bd3"
"2-s2.0-45849099406","a5a398d1-a155-4ad6-af54-aa5a01183af7"
"2-s2.0-45849099406","a8b1baf7-f96b-4be9-8ad2-58cfa882514b"
"2-s2.0-45849099406","93219415-ac08-4c0a-bb83-cf7d8e6fd4e6"
"2-s2.0-45849099406","7e207322-98f6-4104-8b89-edb1a977b370"
"2-s2.0-45849099406","e29f0ed6-4148-4c6e-bd84-373c5d9240ba"
"2-s2.0-45849099406","d09f9ead-a7f0-4cfd-9e72-8da987f180bf"
"2-s2.0-45849099406","a007fe88-f0b3-443b-975a-c55bd88b4ee5"
"2-s2.0-45849099406","c3dbdbcc-cf20-4ac9-9453-ed868262b3e6"
"2-s2.0-45849099406","6ec73f07-298c-4523-89df-0d1b0cdd4deb"
"2-s2.0-45849099406","36320d0d-47f5-43a9-a507-99c9124daa76"
"2-s2.0-45849099406","ab994663-36d8-411b-ae89-05cf612a8fdb"
"2-s2.0-45849099406","de24287e-384a-4695-8eb0-76b764f3025f"
"2-s2.0-45849099406","04948dc3-e36d-42d3-a6ea-aa471cf3354e"
"2-s2.0-45849099406","83f2a2b6-dec9-4951-ad37-98a594ebabe6"
"2-s2.0-45849099406","27234e9c-0ea1-4d59-8d53-477b1f631931"
"2-s2.0-45849099406","980eea88-5f39-4066-8df1-12350925af56"
"2-s2.0-40449143078","752f9a4b-1c9f-4500-a44c-583e9a3ae487"
"2-s2.0-34347395985","94a83e30-35db-4223-bcec-2290d2f19c59"
"2-s2.0-34347395985","117b8d9e-e80a-4390-835d-840ddd2138a1"
"2-s2.0-34347395985","071b5526-18c3-4fcd-8ba5-96af5c41cb10"
"2-s2.0-34347395985","1b5fddfa-1c7e-4e85-9155-81ac85f45a89"
"2-s2.0-34347395985","818f5b08-24d3-49f7-948d-9267ea481d59"
"2-s2.0-34347395985","19726c1a-bc5e-4bd8-b985-a3bf6f2f4be7"
"2-s2.0-34347395985","b42acfff-02f4-472d-8a07-8a682d8b0666"
"2-s2.0-34347395985","794e5232-6fbe-4ea1-83dd-567cacded19d"
"2-s2.0-34347395985","c25f76e7-fe23-4a21-a2be-39e2a4d34d91"
"2-s2.0-34347395985","9c6b8ee9-c137-4a2a-8ad0-95cb75a37adb"
"2-s2.0-34347395985","14bb72b0-d7a8-45cf-af11-0838909c16e5"
"2-s2.0-34347395985","95924b2a-6318-43e8-ab88-d7dab31bf078"
"2-s2.0-34347395985","e0bd5976-11aa-41e2-b6e3-fe54c09ea467"
"2-s2.0-34347395985","2a37040c-9f85-4c90-8b96-e411c63d95c5"
"2-s2.0-34347395985","9019d447-8626-4a90-95f1-eda93902416d"
"2-s2.0-34347395985","77c12400-f1ba-492f-a7cb-9638132cea14"
"2-s2.0-34347395985","15665d08-37b1-486f-8ee5-a03473936209"
"2-s2.0-34347395985","c92d1788-1265-4cc3-8854-11daa242f9d8"
"2-s2.0-34347395985","3866c2be-d2a8-4259-ad4a-ba65276eb4d8"
"2-s2.0-34347395985","0d0aabc3-b846-4a63-bd0b-5c746a91628e"
"2-s2.0-34347395985","aed02e1c-c9c2-4f66-8ef7-9d3b8a51cd03"
"2-s2.0-34347395985","193fadb5-9a12-41ba-8ff6-0b9f6b01d0dd"
"2-s2.0-34347395985","86dc8e56-d80c-4379-9df6-eac44b00a6c9"
"2-s2.0-11244343928","30bce5c7-4e6a-4af0-a32d-dab1d5d45af3"
"2-s2.0-11244343928","97ff6fe0-df49-4d75-b8f8-e602fcdffbd8"
"2-s2.0-11244343928","8231d8ad-9a9c-41a0-b9a5-9e2e8162781e"
"2-s2.0-11244343928","dd579a4d-33fe-498b-9e10-2373195da95f"
"2-s2.0-11244343928","9f0a1b6e-de3e-4e6a-89d3-a511f0972de6"
"2-s2.0-11244343928","60180868-d0ef-47bf-9553-49033a18fd6d"
"2-s2.0-11244343928","0883bc9a-e153-4ec0-8722-70ac277b1311"
"2-s2.0-11244343928","1e4532a6-4b1b-4ef6-83c6-1508399c82f5"
"2-s2.0-11244343928","2c8e91a6-3dc0-4d2c-bcd6-40d410ebd4af"
"2-s2.0-11244343928","1875149d-9e43-4a58-9a8a-23f252abd0ae"
"2-s2.0-11244343928","aa907b1a-a5e6-4417-9346-d3069db21d01"
"2-s2.0-11244343928","4934ece0-866a-416a-a7d9-295721a22b25"
"2-s2.0-11244343928","f518bc33-3ed4-43ba-a41c-2870ad8caa43"
"2-s2.0-11244343928","b6b4f4c1-0779-4aa1-b2c2-94464f5ae8db"
"2-s2.0-11244343928","25aa2d25-977b-4694-91a3-591942240b15"
"2-s2.0-11244343928","f81ccf03-b2b3-4a9f-bf50-426820a91beb"
"2-s2.0-11244343928","7da476c9-74a9-4013-9e93-d5bb6a468647"
"2-s2.0-11244343928","71f63993-ac99-43b0-b992-a34066964579"
"2-s2.0-11244343928","c123f1ad-5ff0-45f8-99e7-1afc5ba591cf"
"2-s2.0-70349952435","b6d0d44e-f6ee-487a-92db-7d052af4d5f8"
"2-s2.0-70349952435","dd2e1d8d-452d-4263-85a7-a575a5ebefc8"
"2-s2.0-70349952435","d1c9dcad-498f-4523-97eb-2728e290697f"
"2-s2.0-70349952435","a5915d40-c933-49c2-b57d-d80b6a644a98"
"2-s2.0-70349952435","e73de94c-c868-41c1-8518-67bfd939efa7"
"2-s2.0-70349952435","68899cbf-99a0-4fae-a463-902eb949f75e"
"2-s2.0-70349952435","affa05a6-fc5f-4010-ba32-c5129a4af088"
"2-s2.0-70349952435","fb346cba-2eec-48f8-92db-af852e703a06"
"2-s2.0-70349952435","dd775f46-0c82-4db1-b743-0fc8ab619f02"
"2-s2.0-70349952435","3541ad18-d985-4c12-bbf3-711f48f65a29"
"2-s2.0-70349952435","c8fbd738-6b30-4ab9-a875-7e31c7f19df1"
"2-s2.0-70349952435","922e8a80-546c-4d20-be99-d97f69f69d8c"
"2-s2.0-70349952435","61eba73e-88d1-4285-989e-99d400ac01ac"
"2-s2.0-70349952435","e043ae70-1af8-494c-ba57-cf688143617e"
"2-s2.0-70349952435","6f9189be-e3e8-4752-aa24-3378954185fc"
"2-s2.0-70349952435","5d196911-5759-4f3e-9360-97f60f5f626b"
"2-s2.0-70349952435","71555671-88ac-4049-8f4e-2d3991cf38c5"
"2-s2.0-70349952435","b02df24a-e127-41b3-8c84-ae1206901bab"
"2-s2.0-70349952435","a67c6b2e-efda-4fa5-a9eb-9108ce1d0a31"
"2-s2.0-70349952435","d786d3f4-cae5-4fdf-8e93-dc6dfaaa0acf"
"2-s2.0-70349952435","9f51a178-636f-4a47-9f18-2bc3c3af5e5f"
"2-s2.0-70349952435","35440427-53a3-40d1-963f-8c3f287f295e"
"2-s2.0-70349952435","b0a30fd3-d3c2-421a-8ebd-8d6e8f4f0821"
"2-s2.0-70349952435","8e4a6fd1-e8d6-4a4c-9643-1e6a1e93b77d"
"2-s2.0-70349952435","b6502811-a183-4345-8535-d3bb3e21b861"
"2-s2.0-70349952435","e76183b2-b491-42a5-8e26-3a3d65ea1578"
"2-s2.0-70349952435","02340d5b-09f2-4c28-ab0f-5c05b2ce654f"
"2-s2.0-70349952435","bb8d8416-b1d5-4ab1-ba78-3d21eb6796a3"
"2-s2.0-70349952435","566e5a09-b193-4303-bcb0-95a0a8fb940a"
"2-s2.0-70349952435","3808c376-142d-4cec-879e-5e9455d23da7"
"2-s2.0-70349952435","f09c904a-0e27-4fa2-a476-d76f055dd110"
"2-s2.0-70349952435","d85bcf79-8f65-4638-8d27-849312fc0b39"
"2-s2.0-70349952435","58f7f7ae-3ecd-47ab-b0ff-a11aedd5b6d1"
"2-s2.0-70349952435","acdeac71-8d7b-4538-8515-ef439cac1e2b"
"2-s2.0-70349952435","4b48b4c4-8b13-433b-b21f-2a3d3971233f"
"2-s2.0-70349952435","cd78de3e-effe-425e-b5ce-71a858dd9097"
"2-s2.0-70349952435","a440ad7c-69de-4784-8a31-b776d4eb33d7"
"2-s2.0-70349952435","c5e5ad47-0ded-4e74-bf79-8e24a80e6479"
"2-s2.0-70349952435","a9c0a103-8121-4593-855a-dc34b385aaec"
"2-s2.0-70349952435","f6a2b2c0-9a96-43cb-a9b9-76da5eb0d268"
"2-s2.0-70349952435","32a37e04-5ce2-40c7-8233-d1818fff4229"
"2-s2.0-70349952435","4dfa5574-f414-48a1-8551-76551e8702a0"
"2-s2.0-70349952435","02db8643-f5b9-464a-8443-15dd68655145"
"2-s2.0-70349952435","52c07daa-6907-494a-b561-0af5a5f008ba"
"2-s2.0-70349952435","b71f78b6-430d-438b-b1bf-c8ffa8ef785f"
"2-s2.0-70349952435","7c4aec8c-492d-4b2b-ab0d-7970d5b32f89"
"2-s2.0-70349952435","dd4bac16-580c-451e-a3f7-22edfd8c3e21"
"2-s2.0-70349952435","82d3de5c-f282-4aea-998f-3def416f23ba"
"2-s2.0-70349952435","b3cd135d-4722-4a85-bfde-08db066de05f"
"2-s2.0-70349952435","b8a67660-d684-4468-b8a1-4043b433640e"
"2-s2.0-70349952435","a349e4cd-fc91-44df-adbd-4c6b3734a4dc"
"2-s2.0-70349952435","93219415-ac08-4c0a-bb83-cf7d8e6fd4e6"
"2-s2.0-70349952435","5ef07528-eb13-4077-9d95-c2b9e00f8f72"
"2-s2.0-70349952435","ca879a36-2aff-45d1-b466-5f196f2d6395"
"2-s2.0-70349952435","168923b6-d28e-4bdb-8ad0-08446e3b2833"
"2-s2.0-70349952435","2cdfb132-de33-43c9-be95-fd001f93f218"
"2-s2.0-70349952435","8f7cdb65-0e86-4edf-8cf6-b226865a0934"
"2-s2.0-70349952435","5daf6d01-ee7d-4edb-9bd9-020d5d7bd61a"
"2-s2.0-70349952435","ffcd99fa-5bae-4dab-9d8e-6469a53a919a"
"2-s2.0-70349952435","3ce0fbd1-2e7f-4feb-8789-5427f706ac00"
"2-s2.0-70349952435","6d5e2110-3516-44a2-8577-ace09a5ff485"
"2-s2.0-70349952435","5901a4cf-e3f8-444d-b38a-3b604af05694"
"2-s2.0-70349952435","6c6745f5-0ea7-40d8-961d-86cb7fe445ee"
"2-s2.0-70349952435","1bbec1e9-d7d7-4edb-84e2-83ffa7281a82"
"2-s2.0-70349952435","ece141ad-2dbc-4c0b-9d26-d17bbc5a14bc"
"2-s2.0-70349952435","24eefeb3-c9d4-4606-b41b-10b4ea413a69"
"2-s2.0-70349952435","540d1d06-671e-44e3-9102-6fabf6301fd3"
"2-s2.0-70349952435","d0752e90-9003-4fb7-b9a3-45226a679bd2"
"2-s2.0-70349952435","623bfd8f-de00-408c-acb5-f978ab7b1068"
"2-s2.0-70349952435","d1868e50-739e-4b8e-9767-9828b8e7b811"
"2-s2.0-70349952435","b211e596-1d14-4ab3-8b26-b91abe432318"
"2-s2.0-70349952435","8c5ca90f-0201-4754-a53f-1c7d88312feb"
"2-s2.0-70349952435","abe46692-74af-4995-9fda-67d377b87814"
"2-s2.0-70349952435","3f58ed57-8572-4e65-9b84-8f9f6480e9ca"
"2-s2.0-70349952435","54effd2b-19f3-42e6-8df6-4d69ae49d84e"
"2-s2.0-70349952435","ae25a176-7c0f-407a-88ed-059db24376e4"
"2-s2.0-70349952435","fb3fbe50-c7ab-4428-ad2d-8bfbe4eed579"
"2-s2.0-70349952435","fbe86002-e1b5-41e6-a351-61dcb9c84dab"
"2-s2.0-70349952435","592ca1d8-0780-4932-abac-e91688355672"
"2-s2.0-70349952435","6067a65b-2930-4003-826e-f8a59dd3270a"
"2-s2.0-70349952435","19043a94-397d-4a98-aceb-ef3e5d6632db"
"2-s2.0-70349952435","27234e9c-0ea1-4d59-8d53-477b1f631931"
"2-s2.0-70349952435","3697737c-0685-4608-90a4-14ee96216d84"
"2-s2.0-70349952435","0ff38522-a3f3-4e74-bdc8-d155c8296c11"
"2-s2.0-70349952435","5c335a57-2df2-419e-83e0-381543adc1aa"
"2-s2.0-70349952435","82239764-cbb1-4c22-9b2d-71c40f94c2a9"
"2-s2.0-70349952435","c4d2f4cd-423a-41be-8666-2fc20db0a002"
"2-s2.0-70349952435","c116e1ee-3be7-456e-88dc-0da383b7679e"
"2-s2.0-70349952435","8cb8d1ed-4e6e-4f4a-9260-9786560a0392"
"2-s2.0-70349952435","59d2e737-4b6f-405d-b614-df5ae7554170"
"2-s2.0-70349952435","73b91787-1f84-474d-8fbd-dec7277c30c2"
"2-s2.0-70349952435","fe6250b1-cdf2-489b-9d14-1d4cc452f23e"
"2-s2.0-70349952435","8ce2d120-f028-430e-af9e-e7e10d0ebcbd"
"2-s2.0-70349952435","3d5220d0-bd4d-416a-9959-2a8f786c3fdc"
"2-s2.0-70349952435","4d1c4f6b-99d8-4d38-ad28-ac4dea89dcf8"
"2-s2.0-70349952435","f3612252-5a53-47a2-b051-31050f44093c"
"2-s2.0-70349952435","cbd007a8-ba42-4cc9-a5c1-beb1b9f05488"
"2-s2.0-70349952435","52a7f003-b341-44d5-a125-77131ab6b935"
"2-s2.0-70349952435","d5e52ad8-81b0-4a2e-af60-9a1bbe472431"
"2-s2.0-70349952435","12b28454-6a8d-4e1b-b4a5-a443cd244f87"
"2-s2.0-70349952435","fb5446dc-8729-43cb-b288-179e0d729fca"
"2-s2.0-33749031305","e89b1e34-9034-4565-acb2-d391bfe3f40a"
"2-s2.0-33749031305","079ac8ce-f5c7-4979-9675-a8fc748b9e7c"
"2-s2.0-33749031305","c09ef562-d004-4362-8954-7b3578560169"
"2-s2.0-33749031305","3541ad18-d985-4c12-bbf3-711f48f65a29"
"2-s2.0-33749031305","4c44c879-3616-4568-9d35-a5c52eece4b8"
"2-s2.0-33749031305","e64d29d2-9cad-4c73-b90e-b5549c07b4dc"
"2-s2.0-33749031305","debd5a27-63a6-4209-9e51-82af7b8c0a7b"
"2-s2.0-33749031305","fc2d0880-095f-42ed-bc41-961a4d86a582"
"2-s2.0-33749031305","978d18eb-ea33-4527-b43f-3bbb4d2d773f"
"2-s2.0-33749031305","23b78725-beda-4142-aecc-199af97116b1"
"2-s2.0-33749031305","28698e19-e703-4aaa-b01f-4d0a2f84afc1"
"2-s2.0-33749031305","95924b2a-6318-43e8-ab88-d7dab31bf078"
"2-s2.0-77149160649","cc816339-4c2d-441a-92dd-6b4da627943a"
"2-s2.0-77149160649","bd7d19ad-437c-42a6-a9e9-c12b2004bb82"
"2-s2.0-77149160649","d47c73a8-7ca8-4904-8678-81754b54c0a9"
"2-s2.0-77149160649","65239093-178f-4e8a-afe6-6b79f32674ec"
"2-s2.0-77149160649","3858af9a-d562-44b0-86c0-e7b3e422fa97"
"2-s2.0-77149160649","e2202eab-6a35-4f29-b7f4-15b2c0bd49dc"
"2-s2.0-77149160649","4b5fa240-ed20-4650-8e11-94de50e13099"
"2-s2.0-77149160649","cd60d7a3-9eec-4e9c-94d9-4358dcb430a1"
"2-s2.0-77149160649","3314c196-7063-4ba0-a402-2b1756808688"
"2-s2.0-77149160649","0a46c772-5d01-4fa5-904d-a9a221e6f34c"
"2-s2.0-77149160649","7650b69d-63d8-4058-a158-2ca3663a4dce"
"2-s2.0-77149160649","a22c7e9a-7b19-4bb7-ae27-29eb731a3074"
"2-s2.0-77149160649","a189af50-a4d3-420e-9942-2c619c013525"
"2-s2.0-77149160649","07acaec8-6843-42ef-a6d1-e7c7ad5e23cf"
"2-s2.0-77149160649","52f4c4ed-db85-4048-baad-ade6099907ed"
"2-s2.0-77149160649","102c3fb8-3b59-449a-81f3-954325379038"
"2-s2.0-77149160649","a6388abf-d838-4f80-882a-855e3afa55b3"
"2-s2.0-77149160649","eb39aee7-a1b2-464b-8ee3-29b19d22e26d"
"2-s2.0-77149160649","adf17018-c593-4cee-89a7-7eba4d35ad30"
"2-s2.0-77149160649","82d3de5c-f282-4aea-998f-3def416f23ba"
"2-s2.0-77149160649","e97f10ac-a350-4160-8128-2b2587afd956"
"2-s2.0-77149160649","6bed5ea2-f650-42d5-bbce-811855980612"
"2-s2.0-77149160649","93219415-ac08-4c0a-bb83-cf7d8e6fd4e6"
"2-s2.0-77149160649","7f3c565a-1311-4b31-82a0-8f0a6c93afd9"
"2-s2.0-77149160649","d09f9ead-a7f0-4cfd-9e72-8da987f180bf"
"2-s2.0-77149160649","6c7b23c9-ad61-4f5b-8c1f-7cf3a9e334e8"
"2-s2.0-77149160649","31a88e65-3bff-4c04-99c7-d7650bfacfea"
"2-s2.0-77149160649","8e7161e1-b78f-473a-80de-4b2adc3455c9"
"2-s2.0-77149160649","4f42db32-09c4-41a5-ad5b-50c4ad3ae095"
"2-s2.0-77149160649","5971aab4-6e65-418d-bc5a-899b0a48f65f"
"2-s2.0-77149160649","c9d0b6ed-70ce-4879-9f09-f2001be8680d"
"2-s2.0-77149160649","ebd44e4f-43a3-47fe-93d0-06b594648b61"
"2-s2.0-8544277308","ad8574d3-8f3a-4f7c-96ee-4726a2016ed6"
"2-s2.0-8544277308","24a3e5e6-36eb-4e97-a6bd-5c7335866335"
"2-s2.0-8544277308","e46f637c-fe7c-47f2-80fb-4afc070ec84e"
"2-s2.0-8544277308","8e7161e1-b78f-473a-80de-4b2adc3455c9"
"2-s2.0-8544277308","bd7d19ad-437c-42a6-a9e9-c12b2004bb82"
"2-s2.0-78049434008","34bda6e8-9d4f-4aaf-bc6a-75c61e637787"
"2-s2.0-78049434008","b906c5ae-c965-422c-b243-68a6fcf7ff99"
"2-s2.0-78049434008","30417dd4-c9c7-440e-ba5b-f803e6161dd8"
"2-s2.0-78049434008","a09e84c7-bf87-47fa-8dd9-7dbca2d94be3"
"2-s2.0-78049434008","343bb277-9111-498a-926c-c78474f9c52b"
"2-s2.0-78049434008","4f43ad30-84e3-42be-b291-b1dee0796e1c"
"2-s2.0-78049434008","f7639bce-429c-467f-a21a-e51f5ce2d006"
"2-s2.0-78049434008","17ef90ec-78b7-49b1-b044-90fcec8b96e4"
"2-s2.0-78049434008","86fc56db-0b29-4cc6-83b5-0e9ff0597cf8"
"2-s2.0-78049434008","17efc175-6585-4881-aea7-b5865e95f9fd"
"2-s2.0-78049434008","6cf8dbc9-8033-49a1-8d16-36d09d9e97f7"
"2-s2.0-78049434008","82d3de5c-f282-4aea-998f-3def416f23ba"
"2-s2.0-78049434008","2dfb1eb4-a13a-410b-844e-1005c15f74fc"
"2-s2.0-78049434008","9df9d122-d95d-404c-9393-858504295318"
"2-s2.0-78049434008","a7e9be81-9898-4705-af05-2c8b551947f2"
"2-s2.0-78049434008","4c4e4abe-ccc4-481d-afb1-f0caaafe3b29"
"2-s2.0-78049434008","b9f5993a-c4d1-41c1-870e-1359af227c56"
"2-s2.0-78049434008","a5b7f0ca-bd9d-46d7-8c71-adde486264b2"
"2-s2.0-78049434008","3b6621da-5b3b-41c7-813f-8c2472599ef5"
"2-s2.0-78049434008","4519c975-9ed3-4a56-b69d-287b09d46e35"
"2-s2.0-78049434008","4117a036-6ffa-4937-a00b-0b3a2d133081"
"2-s2.0-78049434008","f8e2bfc8-7a0b-4e20-a034-35d29712f7c1"
"2-s2.0-78049434008","93219415-ac08-4c0a-bb83-cf7d8e6fd4e6"
"2-s2.0-78049434008","f8d66a6f-af4f-4c04-9960-4e997b15b389"
"2-s2.0-78049434008","99c7064d-e19f-48bd-b2b9-4948908f1508"
"2-s2.0-78049434008","ef4ca86c-b23d-4f0a-8ce5-49b6a104cfc2"
"2-s2.0-78049434008","6067a65b-2930-4003-826e-f8a59dd3270a"
"2-s2.0-78049434008","5988486d-6f83-44ad-9e14-6d6be87b2681"
"2-s2.0-78049434008","4432758d-7121-4cb9-8979-2563f2258635"
"2-s2.0-78049434008","d16e31f8-cf75-4166-b672-5ff347397fd7"
"2-s2.0-34948853234","bd5494d1-f937-45ef-b049-4b8225a65c8e"
"2-s2.0-34948853234","be3fc66c-a8c6-491d-93df-fa7b1dad41f6"
"2-s2.0-34948853234","eb6761ea-9352-4b3d-872a-c1dd2bb4c685"
"2-s2.0-34948853234","81e3797a-7a26-4681-8913-b0f7aec6b86a"
"2-s2.0-34948853234","71cd1b3b-991b-49ea-8a46-8717f9c6e95b"
"2-s2.0-34948853234","e83ca5a1-2d4c-40c6-8341-86b315ba56ff"
"2-s2.0-34948853234","4d382190-a527-4fe5-b6ae-1b7831f6efa3"
"2-s2.0-34948853234","752f7f50-93b2-422e-aaa0-f477bf185d82"
"2-s2.0-34948853234","4acbf0b2-3be1-4058-8c34-083f1a4c8bcb"
"2-s2.0-34948853234","8254f0fe-7409-4e91-bfeb-28385e3541a0"
"2-s2.0-34948853234","1fd4f9eb-6a98-4898-b693-85f736eff1e0"
"2-s2.0-40549093604","6b7d412c-b71b-4e3c-a664-564f332e426e"
"2-s2.0-40549093604","9ef53e4e-b799-417b-b0bd-10d1d89ee923"
"2-s2.0-77950534451","5970a1ef-4874-40b6-8380-3bedf48031c1"
"2-s2.0-77950534451","e39ad97f-4871-4a02-ab95-3d9275c66f0a"
"2-s2.0-77950534451","e02f2bd0-9092-4a6b-bfd1-359e33fb3f85"
"2-s2.0-77950534451","7f4484e7-53cc-4700-a2e8-b862eb0d70f7"
"2-s2.0-77950534451","389f18eb-c451-4f94-bc3a-a0c7efba053a"
"2-s2.0-77950534451","6542965f-b96e-4b6f-a46d-8f5b2be3a7f7"
"2-s2.0-77950534451","e9f48aaf-2fa9-460f-82a1-3551b34f35f1"
"2-s2.0-77950534451","c776ec64-330b-4efd-ad8b-0dbda4c8e8b4"
"2-s2.0-77950534451","b26171c6-0ecc-4f43-be40-1e06444351dc"
"2-s2.0-77950534451","b02df24a-e127-41b3-8c84-ae1206901bab"
"2-s2.0-77950534451","39076a15-b1c8-4735-9db5-d6ab25ab4d68"
"2-s2.0-77950534451","fa4a8a27-9efd-40de-b39f-295ca229f16a"
"2-s2.0-77950534451","07925b33-c202-490d-a9c9-4f104cefa9fe"
"2-s2.0-77950534451","654af7d0-eed9-4c6d-997a-f5da1d6c6339"
"2-s2.0-77950534451","93219415-ac08-4c0a-bb83-cf7d8e6fd4e6"
"2-s2.0-77950534451","fa50f8b8-93e3-4369-8f3f-75d1e0ba34aa"
"2-s2.0-77950534451","13a3e9de-a6e9-42a1-bffa-19d03695abc8"
"2-s2.0-77950534451","dc02a1c7-ce51-4ec0-82e5-c001f44f8722"
"2-s2.0-77950534451","f518bc33-3ed4-43ba-a41c-2870ad8caa43"
"2-s2.0-77950534451","8e5ce074-35f9-499b-ad81-c17774f52e3b"
"2-s2.0-77950534451","811646fc-5ce5-4c33-b1f9-de7ce60ab630"
"2-s2.0-77950534451","d16e31f8-cf75-4166-b672-5ff347397fd7"
"2-s2.0-77950534451","8c5ca90f-0201-4754-a53f-1c7d88312feb"
"2-s2.0-77950534451","3ee04b8f-4ded-472a-bdc9-500c3efe187b"
"2-s2.0-77950534451","a09e84c7-bf87-47fa-8dd9-7dbca2d94be3"
"2-s2.0-77950534451","27234e9c-0ea1-4d59-8d53-477b1f631931"
"2-s2.0-77950534451","cb963a3d-2a28-4da4-9616-2a657ed3f5b3"
"2-s2.0-77950534451","ed30d933-3e8b-4e5b-9bb1-e8833d8dbdf3"
"2-s2.0-77950534451","fa2eb370-7c94-46b8-8de1-ebe0c6ed9979"
"2-s2.0-34250708057","10a94b82-54d5-4809-a367-2123beaad24c"
"2-s2.0-34250708057","7dffc032-af59-4ef0-b6d9-bdcc0b834c52"
"2-s2.0-34250708057","0e51b9af-8b4e-4ef0-bb05-f7427b49ae5e"
"2-s2.0-34250708057","bbc63c2e-54a8-4e49-a5b0-18b609f4f852"
"2-s2.0-34250708057","be9ebdf1-06e0-4a58-9115-14e1ac2f779e"
"2-s2.0-34250708057","9019d447-8626-4a90-95f1-eda93902416d"
"2-s2.0-34250708057","e29f0ed6-4148-4c6e-bd84-373c5d9240ba"
"2-s2.0-34250708057","de24287e-384a-4695-8eb0-76b764f3025f"
"2-s2.0-34250708057","495b35e9-2fb5-4f2b-ad0a-d376fb0529a8"
"2-s2.0-34250708057","8076fe7c-781b-4a26-8c50-38a73a73bd3a"
"2-s2.0-34250708057","5e50b6ba-5493-4cc6-882d-647f198b0802"
"2-s2.0-39449120718","eccdd672-c0bb-4ab3-b0ef-e82a78ad8b62"
"2-s2.0-39449120718","10a005d7-60e0-47ab-8818-69df72cdab1a"
"2-s2.0-0037284740","52f087f0-d505-43ec-bb54-cb74f04a9b0e"
"2-s2.0-0037284740","8518db3f-84b7-44c6-9a50-0c4920f83af8"
"2-s2.0-0037284740","f5a6cb99-aaee-477f-94fc-7c4f7e024188"
"2-s2.0-0037284740","437ed79f-cccf-4914-ae4b-7525a732f62f"
"2-s2.0-0037284740","5684ba11-ace6-4610-a448-ae60935cfd60"
"2-s2.0-0037284740","a968cbb5-644f-4a10-8ca6-e680c67b97c9"
"2-s2.0-0037284740","99514159-06ab-4c6e-8afb-25d92c0b9add"
"2-s2.0-0037284740","51f5dd51-f20c-4072-a1e0-f69d9cd94214"
"2-s2.0-0037284740","3e7bc53d-ad08-4d30-a4e6-dc288fc89e26"
"2-s2.0-0037284740","ae191e8f-8012-481a-b4ab-b13e35bdce84"
"2-s2.0-0037284740","471e7402-58be-4d57-9162-91d3525e0de0"
"2-s2.0-0037284740","ad48e60e-08f1-4b7f-bc23-25ad183706ee"
"2-s2.0-0037284740","f3cc9eda-c57f-475b-aa67-59dd1b5dae49"
"2-s2.0-0037284740","729e1107-55da-462d-af64-c2877fc932e1"
"2-s2.0-0037284740","e7278529-d74d-4823-9004-1e74dfe8a459"
"2-s2.0-0037284740","4c97bed3-b29b-4c9d-85c6-b6b9366f7ae4"
"2-s2.0-0037284740","00ccb56e-aadf-4d30-ba0e-89614fdc0e2c"
"2-s2.0-0037284740","07359237-c406-4eea-98cd-a2f770630fc2"
"2-s2.0-0037284740","9957d8f9-f6da-447d-a3fd-5d8c73e47d52"
"2-s2.0-0037284740","ce67f1c0-5e3b-4d11-b23c-567437075424"
"2-s2.0-0037284740","e8c3d5ab-6d5e-49e4-95c6-05821def11b4"
"2-s2.0-0037284740","753591c7-7ca0-4bb2-b4ee-36530669c639"
"2-s2.0-0037284740","6a103af1-62fc-45d1-826b-30c141edc27b"
"2-s2.0-0037284740","d9d28e20-ddec-4e1c-b675-6882913b7c69"
"2-s2.0-0037284740","0c2f522a-ba3d-419b-b839-9f4e9941d047"
"2-s2.0-0037284740","e2cd0a0e-f864-436f-9efd-dbcf9daa0faa"
"2-s2.0-0037284740","4518a85e-197d-44c5-9910-5f15270a5496"
"2-s2.0-0037284740","f732af7b-9ed2-4b9f-8a50-35b60e7121df"
"2-s2.0-0037284740","743db256-5830-4244-9a0c-964f7f60b438"
"2-s2.0-0037284740","78ecf6a5-a2f4-4a7f-96e4-ea927d101e2a"
"2-s2.0-0037284740","92db1fe4-5226-48f3-87ff-ec9f4b065c30"
"2-s2.0-0037284740","1343be67-8b09-405c-b204-278693b64b93"
"2-s2.0-0037284740","c0265dc3-6d7d-4b29-abe3-ebd1b15f0ad1"
"2-s2.0-0037284740","85283c9f-27e5-45be-bc61-7d2db902fba7"
"2-s2.0-0037284740","b8f55f2a-4cfe-4462-9bc0-f3478d4b7759"
"2-s2.0-77954484542","209dfcc6-69b4-47dc-bb35-eccd1d872bdd"
"2-s2.0-77954484542","55012d2b-979b-4774-8ba2-f5cf97bfbfdc"
"2-s2.0-77954484542","d93205de-6b78-4173-9a48-e36c72d511f7"
"2-s2.0-77954484542","8de349c4-0fd0-46e5-8328-2ed3618f35c2"
"2-s2.0-77954484542","93219415-ac08-4c0a-bb83-cf7d8e6fd4e6"
"2-s2.0-77954484542","1b22fb68-2d2c-4c91-b842-0ae6d6f1d16b"
"2-s2.0-77954484542","ab627aa6-4842-45a6-b792-19423d403a5d"
"2-s2.0-77954484542","ea2f388a-db9e-495e-8d6a-7567290ff683"
"2-s2.0-77954484542","27234e9c-0ea1-4d59-8d53-477b1f631931"
"2-s2.0-77954484542","ff1b3b77-9e29-461f-b2a2-799ea750652d"
"2-s2.0-77954484542","13038b29-ea49-4f73-9bc1-f538b17e6139"
"2-s2.0-77954484542","c980ea66-5a0f-46c4-a881-fb177023b5fc"
"2-s2.0-77954484542","cb963a3d-2a28-4da4-9616-2a657ed3f5b3"
"2-s2.0-77954484542","ed067f46-8695-4e1d-b283-d03091fb4d4d"
"2-s2.0-77954484542","04b9b8c9-f94c-4461-b64a-2dc802fddfcc"
"2-s2.0-77954484542","dd63f685-cce0-4f65-b9e2-1091f37ef2ea"
"2-s2.0-21744433577","e62675fd-d685-448c-abd0-27f893bf606f"
"2-s2.0-21744433577","35be3017-d60c-46ce-924b-9b25806deafc"
"2-s2.0-34548496881","a3cd9a7b-a589-4213-b071-fb0797dcd5f6"
"2-s2.0-34548496881","52f087f0-d505-43ec-bb54-cb74f04a9b0e"
"2-s2.0-34548496881","f01513cb-36ae-4b05-86cd-8b401debfb1a"
"2-s2.0-34548496881","7cc9dea3-5d7e-4cfb-aee9-7b557e5ea370"
"2-s2.0-34548496881","afc6926d-5d98-42d9-9b58-2f11e58171e5"
"2-s2.0-34548496881","6f9189be-e3e8-4752-aa24-3378954185fc"
"2-s2.0-34548496881","d2ed22e8-baed-4750-ba16-9b521b170267"
"2-s2.0-34548496881","a3b59a76-b356-45a5-b2df-f0dd515886dc"
"2-s2.0-34548496881","4c97bed3-b29b-4c9d-85c6-b6b9366f7ae4"
"2-s2.0-34548496881","7ec0d050-a9a6-4d4c-abb0-b123dba67b8d"
"2-s2.0-34548496881","951dfe2f-2f7e-46eb-af60-5baae2f97c99"
"2-s2.0-34548496881","d118d6b3-4867-48ce-a92e-b85692eecf7d"
"2-s2.0-34548496881","e97a382c-1946-472a-a75c-0299ea85fcef"
"2-s2.0-34548496881","9019d447-8626-4a90-95f1-eda93902416d"
"2-s2.0-34548496881","3866c2be-d2a8-4259-ad4a-ba65276eb4d8"
"2-s2.0-34548496881","8e78f94d-76e5-4df1-8993-f6859f9796be"
"2-s2.0-34548496881","e4408168-bc44-4df2-b36c-777074a424c0"
"2-s2.0-34548496881","32ac682b-202d-4d51-928f-2de7a4ded468"
"2-s2.0-34248546568","f62d928b-1fc5-4c8f-8210-b97ed5fdb486"
"2-s2.0-34248546568","52f087f0-d505-43ec-bb54-cb74f04a9b0e"
"2-s2.0-34248546568","7cc9dea3-5d7e-4cfb-aee9-7b557e5ea370"
"2-s2.0-34248546568","bd5494d1-f937-45ef-b049-4b8225a65c8e"
"2-s2.0-34248546568","7b4f1a47-6751-4894-993c-6a7fb9026df6"
"2-s2.0-34248546568","3975d55e-6db9-4728-8610-27bef60f5e03"
"2-s2.0-34248546568","de1f9fb2-c0d9-4ef4-a55e-494802dfa0a5"
"2-s2.0-34248546568","be3fc66c-a8c6-491d-93df-fa7b1dad41f6"
"2-s2.0-34248546568","eb6761ea-9352-4b3d-872a-c1dd2bb4c685"
"2-s2.0-34248546568","37ea9993-a1d5-434b-98ce-4d19794d7275"
"2-s2.0-34248546568","81e3797a-7a26-4681-8913-b0f7aec6b86a"
"2-s2.0-34248546568","6ee21c6d-a243-4cc7-87cf-b642e6e1f94b"
"2-s2.0-34248546568","4d382190-a527-4fe5-b6ae-1b7831f6efa3"
"2-s2.0-34248546568","d1c90a3f-6ace-4738-8700-555bba9735bb"
"2-s2.0-34248546568","8254f0fe-7409-4e91-bfeb-28385e3541a0"
"2-s2.0-34248546568","8cd5d164-95ab-4c9a-a598-05b3d6a5bfeb"
"2-s2.0-34248546568","0ed17ba1-63ab-414f-8496-e797522d6a0b"
"2-s2.0-34248546568","6ff71d8c-ff98-4782-84e9-166a22f5cb62"
"2-s2.0-7944227786","a3b26a83-b164-4335-84d5-cbd337067f39"
"2-s2.0-7944227786","60f63e81-0782-4bf3-bbb4-54e720c8d2fd"
"2-s2.0-7944227786","bd5494d1-f937-45ef-b049-4b8225a65c8e"
"2-s2.0-7944227786","327855aa-d168-40bc-9056-6f53c0464393"
"2-s2.0-7944227786","e1d2ee14-70e3-4c4b-a1f2-1667a043fca1"
"2-s2.0-7944227786","c28799b7-e84a-4349-8128-5c8115426d8d"
"2-s2.0-7944227786","fd811a1f-45fd-4bf0-b4c8-365c97ffb6f7"
"2-s2.0-7944227786","fa48abb0-bd1b-407a-8c4a-eeda22a5189f"
"2-s2.0-7944227786","0e2815f0-9320-491a-8a2e-b9129fe57059"
"2-s2.0-7944227786","8c3ac2ee-acfb-4385-81e5-d7477501188e"
"2-s2.0-7944227786","7e165b89-6fd0-4ce3-a544-71215e00d119"
"2-s2.0-7944227786","2fdcfe98-1327-4c19-afb9-47e956561492"
"2-s2.0-7944227786","c3da621c-e4f5-46e4-bf0f-88c21cf06fc5"
"2-s2.0-7944227786","8eaabc7a-6949-4576-a0e6-8ea877d26b29"
"2-s2.0-7944227786","cd2d4aa5-1ba2-40ea-a10a-3af92ff1aa0f"
"2-s2.0-7944227786","752f7f50-93b2-422e-aaa0-f477bf185d82"
"2-s2.0-7944227786","32a37e04-5ce2-40c7-8233-d1818fff4229"
"2-s2.0-35348896514","660f7f48-cf01-4b58-a4ca-0c5ed21199a5"
"2-s2.0-35348896514","76b9ec69-26fc-4342-b412-8083db2cc3ed"
"2-s2.0-35348896514","c92560e1-cf48-4993-baf6-260ae6b642e9"
"2-s2.0-65249145967","040b7ab2-91a3-4469-a798-fed9747fb1e8"
"2-s2.0-50549088031","30bce5c7-4e6a-4af0-a32d-dab1d5d45af3"
"2-s2.0-50549088031","aad6a7c8-3ff5-4429-b44a-17da9a70bf77"
"2-s2.0-50549088031","46fcc90f-9898-4009-9c4c-b75f259ca79d"
"2-s2.0-50549088031","9930b78a-ead8-48c0-b99f-554cfb303edc"
"2-s2.0-50549088031","785156eb-db04-4cbe-81d0-a0596c9e2435"
"2-s2.0-50549088031","1d8853fb-22c3-418c-a5cb-c4ecaf6b0c5e"
"2-s2.0-50549088031","170fd069-0891-4edf-b2ed-08852a0dbc2c"
"2-s2.0-50549088031","29fad14f-3939-4457-8cd5-d051bd9d148b"
"2-s2.0-50549088031","f2228744-0001-4fa0-b6f0-38cc031dbc82"
"2-s2.0-50549088031","79e02d58-f8f1-4a98-a339-1517da242a98"
"2-s2.0-50549088031","f62d928b-1fc5-4c8f-8210-b97ed5fdb486"
"2-s2.0-50549088031","52f087f0-d505-43ec-bb54-cb74f04a9b0e"
"2-s2.0-50549088031","7cc9dea3-5d7e-4cfb-aee9-7b557e5ea370"
"2-s2.0-50549088031","cc279e59-2e81-4793-8f35-b985df44e725"
"2-s2.0-50549088031","9ef53e4e-b799-417b-b0bd-10d1d89ee923"
"2-s2.0-50549088031","28355640-d2f3-46fa-aeaf-c4f933a5561e"
"2-s2.0-50549088031","00d789e3-9b60-45eb-a4d9-f448090fd462"
"2-s2.0-50549088031","4f1f24e0-4411-4c78-b346-6bf332972841"
"2-s2.0-50549088031","247aef28-4d75-4472-885a-c6345d3a775e"
"2-s2.0-50549088031","e97a382c-1946-472a-a75c-0299ea85fcef"
"2-s2.0-50549088031","0bc2db37-f7dd-4e85-818d-59a57433c248"
"2-s2.0-50549088031","a9b1bd3b-40b9-4d9e-aff3-b45801273179"
"2-s2.0-50549088031","3509491e-f930-4a1c-b2e3-f6a66e5aede5"
"2-s2.0-50549088031","a974704e-8f2e-435e-b3ca-ca73fa9b8a6f"
"2-s2.0-50549088031","fc7e6583-4d04-43e1-8a08-9231a4141006"
"2-s2.0-50549088031","62ab4fa4-6f76-4b7e-aad7-0e32ea3d4456"
"2-s2.0-50549088031","bac35607-7f70-41b7-8c2e-a0b1ccb1aeb1"
"2-s2.0-50549088031","6ff71d8c-ff98-4782-84e9-166a22f5cb62"
"2-s2.0-50549088031","4f2e2b02-e4bd-4e73-8614-918490dc3c7f"
"2-s2.0-50549088031","e8b5a1c6-983f-4bca-a0a0-19643efde1bb"
"2-s2.0-50549088031","a28634c3-72bf-4b9a-90a9-1802a815371c"
"2-s2.0-50549088031","be0c7802-ab89-4049-8247-8a5d7ee69eaf"
"2-s2.0-50549088031","71c64d6e-0ad9-49f8-8585-9ba133dee8d6"
"2-s2.0-50549088031","0ff33e0b-15b1-4727-ac1e-ecab25dea0cf"
"2-s2.0-50549088031","29609c82-a298-4c79-a836-1fb4c5514c34"
"2-s2.0-50549088031","77bbb316-5d0b-49e9-b708-356e972b8176"
"2-s2.0-50549088031","b5b55097-88c4-4313-9dd9-404cfacf91cd"
"2-s2.0-50549088031","5707e1a8-b483-47da-bcb8-31ae20e25567"
"2-s2.0-50549088031","62b6f2fd-4a37-4add-a2c3-97f13be14580"
"2-s2.0-50549088031","823dea77-fad6-4291-8160-ae12be9e5f1a"
"2-s2.0-50549088031","6a44aa47-b2bc-48dd-90e7-6feca85e0780"
"2-s2.0-50549088031","33801b82-192c-4640-ae4c-cbe7a00dddd2"
"2-s2.0-69249240207","8c91a513-8d2b-4257-9278-f0a6ebaf2ac0"
"2-s2.0-69249240207","a08ed77c-cd9b-433f-81a8-ac5e52827b66"
"2-s2.0-69249240207","4ac9a19f-07f0-447f-a70e-e824bcf627db"
"2-s2.0-69249240207","e763be26-803d-49ef-83e3-4524729725ed"
"2-s2.0-69249240207","31023c24-2a87-445e-8c2d-d1f20335e63d"
"2-s2.0-69249240207","76b878d5-5f99-426c-a46d-94cb2db6258d"
"2-s2.0-69249240207","48f7ee37-ae29-4589-9efb-2af20dfb4b01"
"2-s2.0-69249240207","6b55404f-29a2-451a-897e-3b37d3e988c3"
"2-s2.0-69249240207","07605930-cefd-4932-b522-11f990858c57"
"2-s2.0-69249240207","6206bc1e-8ae3-49c5-9fce-93c8771e3c92"
"2-s2.0-69249240207","c28799b7-e84a-4349-8128-5c8115426d8d"
"2-s2.0-69249240207","da3eb3cd-2893-4b7e-a18a-12190fd4ebbc"
"2-s2.0-69249240207","14680fd0-acf3-44b8-a6c8-75548c40b13a"
"2-s2.0-69249240207","3c0d1fc9-d651-44e6-a8f6-36be216fa0ff"
"2-s2.0-69249240207","1730d251-fc30-4d20-b8e4-fd1305aa4abc"
"2-s2.0-69249240207","97db723b-b85b-493b-8a0b-9c7dc8d863f7"
"2-s2.0-69249240207","fbb680e0-0eb4-4fa4-98f6-dbc55a6b5d4d"
"2-s2.0-34247141985","44f7b643-be61-4e5d-913a-9c24c22cc8a3"
"2-s2.0-34247141985","3ce7c5d8-5471-4331-a171-22ab2598552c"
"2-s2.0-34247141985","1ead4eb9-2a96-434b-a0d0-492a549f646c"
"2-s2.0-34247141985","0be07ec5-ae17-4ca7-b6ea-0390cdddb867"
"2-s2.0-34247141985","2d2ef721-4062-4a29-9dd6-2d9078f5a169"
"2-s2.0-34247141985","25acff5d-d9be-4411-ac7e-441f828dd824"
"2-s2.0-34247141985","d3777b95-1a68-4705-a4c9-4eae90a5209c"
"2-s2.0-34247141985","f7246195-b77c-415f-aa4e-851b992b5adc"
"2-s2.0-34247141985","c7a46cdb-56ad-43d0-a185-aae408c8d7fc"
"2-s2.0-34247141985","6908a5e5-499c-47bc-99a8-76d249332e83"
"2-s2.0-34247141985","85909141-1887-4f13-b2b2-46b6d6d4d6c9"
"2-s2.0-34247141985","1d2c7d34-8490-49ee-ad86-32e8443e89a6"
"2-s2.0-34247141985","32a37e04-5ce2-40c7-8233-d1818fff4229"
"2-s2.0-34247141985","07acaec8-6843-42ef-a6d1-e7c7ad5e23cf"
"2-s2.0-34247141985","9e16d2cb-e533-4abf-b1c2-11a72d4dc3d5"
"2-s2.0-34247141985","21504f5c-8365-4340-bdd9-eadf72cf12d7"
"2-s2.0-34247141985","7bbbb42c-6657-44c1-9afc-b0c03028cb59"
"2-s2.0-34247141985","5594a5e6-2aa9-4310-ac98-6a4856ee972b"
"2-s2.0-34247141985","9d82704b-8f9a-4e78-be8e-e17197c27e89"
"2-s2.0-34247141985","a6f5f3f5-dc50-41e1-82cd-fb31fe942ffa"
"2-s2.0-34247141985","1186d44e-647c-4706-a966-cdfd02c71a0c"
"2-s2.0-34247141985","f92c5a14-36ed-4822-a866-a00eef162898"
"2-s2.0-34247141985","82d3de5c-f282-4aea-998f-3def416f23ba"
"2-s2.0-34247141985","9794e9bb-5c87-4739-94d2-41a3354df698"
"2-s2.0-34247141985","bc5e0be8-74f3-45a1-b231-1d9f614d6837"
"2-s2.0-34247141985","9019d447-8626-4a90-95f1-eda93902416d"
"2-s2.0-34247141985","654af7d0-eed9-4c6d-997a-f5da1d6c6339"
"2-s2.0-34247141985","3df3bbad-03e4-4baf-a894-04e9d8ec0613"
"2-s2.0-34247141985","93219415-ac08-4c0a-bb83-cf7d8e6fd4e6"
"2-s2.0-34247141985","52f087f0-d505-43ec-bb54-cb74f04a9b0e"
"2-s2.0-34247141985","a4b07e36-fc89-4ded-9856-757377910ba7"
"2-s2.0-34247141985","6c7b23c9-ad61-4f5b-8c1f-7cf3a9e334e8"
"2-s2.0-34247141985","d5976293-f4ec-43e5-9bce-70866e060620"
"2-s2.0-34247141985","7f4484e7-53cc-4700-a2e8-b862eb0d70f7"
"2-s2.0-34247141985","1f091748-f65d-409c-9d45-5c03136db8de"
"2-s2.0-34247141985","f372c743-3f49-4307-8b9b-051af5d08a81"
"2-s2.0-34247141985","83cf7a3b-b9de-4174-a7be-f925763acad1"
"2-s2.0-34247141985","63dc3b88-baf5-4aba-b00e-9f798589edde"
"2-s2.0-34247141985","6067a65b-2930-4003-826e-f8a59dd3270a"
"2-s2.0-34247141985","ff09f15b-3219-4c50-8a41-439f047793c1"
"2-s2.0-34247141985","71fe64ad-e891-4e7e-ba3c-a48cd12eb9a0"
"2-s2.0-34247141985","27234e9c-0ea1-4d59-8d53-477b1f631931"
"2-s2.0-34247141985","6c5dfcc0-3c95-4747-9e9a-b0e072ad02aa"
"2-s2.0-34247141985","8587b637-f1d8-4e89-bd84-9f8670321c4f"
"2-s2.0-34247141985","845fd90c-6333-4345-8230-d72b41f00607"
"2-s2.0-34247141985","54e58ce2-5b5f-4c2f-8a0a-6f422d7452c8"
"2-s2.0-34247141985","1ba10022-ae0d-4455-91ef-ebac7d33150b"
"2-s2.0-34247141985","4635518d-5bdc-433a-b76a-2ca0ae45423b"
"2-s2.0-34247141985","e3028129-a2d1-4086-b2f8-ec4c258e22e6"
"2-s2.0-34247141985","ce67f1c0-5e3b-4d11-b23c-567437075424"
"2-s2.0-34247141985","58aac4c4-ed70-433e-872a-9186db046a94"
"2-s2.0-34247141985","9079eb53-31b5-4dce-afa7-135808ade752"
"2-s2.0-34247141985","97b5933c-e060-47ff-8527-e5c3389fbfc2"
"2-s2.0-34247141985","39076a15-b1c8-4735-9db5-d6ab25ab4d68"
"2-s2.0-34247141985","6fe9c89e-edad-481a-8591-1b1c9e5ea33f"
"2-s2.0-34247141985","0acd1b00-9950-4f32-9410-ef5bddfa2e94"
"2-s2.0-34247141985","2883c853-f049-4673-8f19-312c3adc2f39"
"2-s2.0-21744441983","311b6e30-f511-4dca-b6f1-7959af53e349"
"2-s2.0-21744441983","005f86ed-5674-41d4-8867-692294ecd716"
"2-s2.0-21744441983","95924b2a-6318-43e8-ab88-d7dab31bf078"
"2-s2.0-0344100107","e6f229a6-49dc-457d-b5df-bcfb95631d02"
"2-s2.0-0344100107","df832862-21fe-4d8b-9aae-043f9af50816"
"2-s2.0-0344100107","11288642-8583-45e0-a666-85015260439b"
"2-s2.0-0344100107","79ff0571-e3e2-4dcd-9687-42e9abce1d81"
"2-s2.0-0344100107","cf1b9768-67e8-4448-b505-b5f1e0b7ac18"
"2-s2.0-0344100107","d8d6e43d-a7ef-4bfb-a905-2238aabf9339"
"2-s2.0-0344100107","64732b08-ea38-4d66-9a6f-70d841a05b9f"
"2-s2.0-0344100107","6d6943fc-2db6-4580-ad40-4a92d988eaa2"
"2-s2.0-0344100107","327855aa-d168-40bc-9056-6f53c0464393"
"2-s2.0-0344100107","c1e65ab4-6d52-4020-82a8-4608069c7db7"
"2-s2.0-0344100107","d9bf700b-57bc-4646-82a3-976a00c3785c"
"2-s2.0-0344100107","41c6b060-36c8-4b88-9ab0-e787af85d736"
"2-s2.0-0344100107","e72721b1-8df1-4972-8b5f-fca179884a97"
"2-s2.0-33646229520","d2ed22e8-baed-4750-ba16-9b521b170267"
"2-s2.0-33646229520","443f1915-b96f-4cc3-9a74-04140dc6894f"
"2-s2.0-33646229520","52937ec8-b5b6-4f31-8ff5-f4cbebffd5f1"
"2-s2.0-33748881370","60f63e81-0782-4bf3-bbb4-54e720c8d2fd"
"2-s2.0-33748881370","d68d45ea-b0b2-43df-b62e-f3c3519e5839"
"2-s2.0-33748881370","48f7ee37-ae29-4589-9efb-2af20dfb4b01"
"2-s2.0-33748881370","327855aa-d168-40bc-9056-6f53c0464393"
"2-s2.0-33748881370","6206bc1e-8ae3-49c5-9fce-93c8771e3c92"
"2-s2.0-33748881370","46b66c79-8169-4723-b07d-9e47cda23aaf"
"2-s2.0-33748881370","d84d879b-ced8-467f-bd7c-0963c9310202"
"2-s2.0-37049039676","52f087f0-d505-43ec-bb54-cb74f04a9b0e"
"2-s2.0-37049039676","785156eb-db04-4cbe-81d0-a0596c9e2435"
"2-s2.0-37049039676","4c8b238c-6e6d-4bd9-adae-f5585223af82"
"2-s2.0-37049039676","b02df24a-e127-41b3-8c84-ae1206901bab"
"2-s2.0-37049039676","335a7055-9901-4ee9-ace0-d1fada9b77ed"
"2-s2.0-37049039676","f85f0b11-31d1-42a1-abcd-c6b4702c9bb8"
"2-s2.0-37049039676","ee4235f9-881b-4f91-904e-e121d107c15c"
"2-s2.0-37049039676","5c7b133d-8eee-455f-974a-4d633b55040a"
"2-s2.0-37049039676","bc73d815-a5f0-4e7f-969f-4b61388afdad"
"2-s2.0-46349101448","db27c8a4-86f1-4852-b66f-1896d318a0ea"
"2-s2.0-46349101448","f7698694-d60c-494e-8f28-58c022bb391b"
"2-s2.0-46349101448","4d418041-f9e9-4759-be14-a2f7fed00404"
"2-s2.0-46349101448","7b1c7b92-2197-45e7-8cb9-bc620c08e06c"
"2-s2.0-46349101448","c5a15a05-7191-48f7-b31b-2aa5d1a5ac81"
"2-s2.0-46349101448","b4b91af5-3170-4b07-ab6f-4c06a085f5e2"
"2-s2.0-46349101448","2bb0f3dd-93ed-476a-9302-884cd7485bd3"
"2-s2.0-34249810393","ebc9c8b1-d3b8-4ff0-be17-1316b86a2632"
"2-s2.0-34249810393","9ccf7a4d-b52a-4b87-a34a-4c14a786697d"
"2-s2.0-34249810393","94f4b2ec-deb1-40a7-bca5-46e3911bba50"
"2-s2.0-24944534016","9647bb07-707d-43c5-95e3-15f8ee4eeb8d"
"2-s2.0-24944534016","3567c17f-64bf-4b33-9c66-55e2f4552861"
"2-s2.0-24944534016","532149ce-f6d9-41a9-95fc-fc376b44c786"
"2-s2.0-24944534016","9ba39cf9-5416-441a-9679-2ad79849accf"
"2-s2.0-24944534016","6b9b3af9-f599-4f4f-98a1-f9eb030eb812"
"2-s2.0-24944534016","22fead81-b93c-45ae-b5e1-2ac1fc28200c"
"2-s2.0-24944534016","07852486-5f11-48fb-87b3-ce819cb10b70"
"2-s2.0-24944534016","674259bb-1475-438a-8a3b-4fcaebe63021"
"2-s2.0-24944534016","32a37e04-5ce2-40c7-8233-d1818fff4229"
"2-s2.0-24944534016","82d3de5c-f282-4aea-998f-3def416f23ba"
"2-s2.0-24944534016","93219415-ac08-4c0a-bb83-cf7d8e6fd4e6"
"2-s2.0-24944534016","21d17f4d-0057-428b-9937-7aa5813c7cd3"
"2-s2.0-24944534016","6c7b23c9-ad61-4f5b-8c1f-7cf3a9e334e8"
"2-s2.0-24944534016","31a88e65-3bff-4c04-99c7-d7650bfacfea"
"2-s2.0-24944534016","2c3eef6f-63bf-4a0a-a3c3-0c605ed86f27"
"2-s2.0-24944534016","cb963a3d-2a28-4da4-9616-2a657ed3f5b3"
"2-s2.0-34250380240","2750c22f-c464-4952-bec2-2c68ca6ee820"
"2-s2.0-34250380240","fb19c074-6a4b-4cc2-9d40-9c00bf8ccbfb"
"2-s2.0-34250380240","bf83fc8b-7eca-4a82-8511-cf339481ec69"
"2-s2.0-34250380240","59d22818-be62-42d4-822d-ff959057227e"
"2-s2.0-34250380240","dd669757-cde2-4174-a034-f23f30adbcda"
"2-s2.0-34250380240","a3249149-5071-44fe-af0e-9c36910f353f"
"2-s2.0-34250380240","617e016a-1f71-4ef9-a810-0c6712b5bc8a"
"2-s2.0-34250380240","30417dd4-c9c7-440e-ba5b-f803e6161dd8"
"2-s2.0-34250380240","f87a974f-1543-4840-8962-6ecf348f4c48"
"2-s2.0-34250380240","32a37e04-5ce2-40c7-8233-d1818fff4229"
"2-s2.0-34250380240","43fb3f56-250b-4a9a-b05c-2bb5b677d49a"
"2-s2.0-34250380240","8d0518b9-8153-4272-851b-11344e7ae6f6"
"2-s2.0-34250380240","82d3de5c-f282-4aea-998f-3def416f23ba"
"2-s2.0-34250380240","61c33e61-813b-4af6-9387-c3354ba4265c"
"2-s2.0-34250380240","ebca1bbc-1023-4daa-bce9-c1814279b735"
"2-s2.0-34250380240","cce86c20-4ba3-4358-8c73-f00752fa5395"
"2-s2.0-34250380240","93219415-ac08-4c0a-bb83-cf7d8e6fd4e6"
"2-s2.0-34250380240","52f087f0-d505-43ec-bb54-cb74f04a9b0e"
"2-s2.0-34250380240","c614342a-3630-41f0-ae31-1a27aca04d98"
"2-s2.0-34250380240","63ca878a-bf28-4329-a931-f0c25a4d9940"
"2-s2.0-34250380240","04d3c035-a76f-4515-8904-8bbc40a79a1a"
"2-s2.0-34250380240","dc02a1c7-ce51-4ec0-82e5-c001f44f8722"
"2-s2.0-34250380240","a263b8d2-f364-4ee6-b99c-698973168ef0"
"2-s2.0-34250380240","b17af0f1-fb73-48fd-92a9-f78dd17f9c56"
"2-s2.0-34250380240","f266f2f1-c7de-427d-b430-81fd9587b2ef"
"2-s2.0-34250380240","b2a49837-74b9-4eb5-b5a5-47f23ab31580"
"2-s2.0-34250380240","d09f9ead-a7f0-4cfd-9e72-8da987f180bf"
"2-s2.0-34250380240","e0a201ef-9b14-4611-88e9-f68828bfe9af"
"2-s2.0-34250380240","466ee5b4-8c81-42a6-a4a5-5fa342c78957"
"2-s2.0-34250380240","941c6ace-d9c1-4bbe-8a60-08f88248f54f"
"2-s2.0-34250380240","6c7b23c9-ad61-4f5b-8c1f-7cf3a9e334e8"
"2-s2.0-34250380240","25fe66a7-fc8c-4b0a-b5f7-419def603521"
"2-s2.0-34250380240","9c3e80b0-4649-452a-a8a9-bc95e047bc75"
"2-s2.0-34250380240","b00b234c-5348-48b5-bfcb-f926b0129ac8"
"2-s2.0-34250380240","e4520641-99f5-4f74-8c0c-9c99d1e4f489"
"2-s2.0-34250380240","d1868e50-739e-4b8e-9767-9828b8e7b811"
"2-s2.0-34250380240","d3f1a493-195d-4cea-b6b1-163443552522"
"2-s2.0-34250380240","b211e596-1d14-4ab3-8b26-b91abe432318"
"2-s2.0-34250380240","8c5ca90f-0201-4754-a53f-1c7d88312feb"
"2-s2.0-34250380240","c4e31825-4647-4c04-ad5b-94d428d0a5ca"
"2-s2.0-34250380240","6067a65b-2930-4003-826e-f8a59dd3270a"
"2-s2.0-34250380240","67b40344-ae1c-456c-9d1a-b04696c1ee53"
"2-s2.0-34250380240","1f81ce8b-0b85-43f4-ab8e-4537f1b08a01"
"2-s2.0-34250380240","27234e9c-0ea1-4d59-8d53-477b1f631931"
"2-s2.0-34250380240","cb963a3d-2a28-4da4-9616-2a657ed3f5b3"
"2-s2.0-34250380240","04b9b8c9-f94c-4461-b64a-2dc802fddfcc"
"2-s2.0-34250380240","dde40d89-8f37-41d0-9c8d-0c75bc209fe7"
"2-s2.0-75449113475","ad480b1e-54dc-4513-b56b-421bee99ff44"
"2-s2.0-75449113475","2ed6e130-0ccf-4237-b4eb-ea3996b49d2f"
"2-s2.0-75449113475","c97633c4-68bb-427c-bd50-2fb4deb1c44e"
"2-s2.0-75449113475","4b4ed6a5-786f-4442-9d3b-6f643d829eff"
"2-s2.0-75449113475","83cf7a3b-b9de-4174-a7be-f925763acad1"
"2-s2.0-75449113475","de94c9e8-0b46-4394-be4b-66c039ebdbc4"
"2-s2.0-75449113475","eda15c93-da89-4f34-b381-794d34d56c35"
"2-s2.0-75449113475","d2ed22e8-baed-4750-ba16-9b521b170267"
"2-s2.0-75449113475","3492e92d-c147-4669-a8a4-58481eceeb81"
"2-s2.0-75449113475","0e2815f0-9320-491a-8a2e-b9129fe57059"
"2-s2.0-75449113475","52937ec8-b5b6-4f31-8ff5-f4cbebffd5f1"
"2-s2.0-43749122356","84c43184-2562-4094-afa7-5e5d8ea82ee6"
"2-s2.0-43749122356","00d19049-0468-4e61-8a16-36dcdc3985e9"
"2-s2.0-43749122356","6785d014-5f74-46b5-8de0-fb4c4765cc90"
"2-s2.0-43749122356","1a4bebfc-fd28-4d2c-9820-d85b4505d90c"
"2-s2.0-43749122356","7a63c38e-0c0f-4c47-89f2-75a1e496802c"
"2-s2.0-43749122356","d16e31f8-cf75-4166-b672-5ff347397fd7"
"2-s2.0-43749122356","a09e84c7-bf87-47fa-8dd9-7dbca2d94be3"
"2-s2.0-43749122356","9352c801-b596-47de-92a0-e458896b23d7"
"2-s2.0-43749122356","c123f1ad-5ff0-45f8-99e7-1afc5ba591cf"
"2-s2.0-43749122356","ee4235f9-881b-4f91-904e-e121d107c15c"
"2-s2.0-43749122356","448a98a1-dac0-4eb5-aa87-ef35f14ee9e2"
"2-s2.0-43749122356","144f4ff8-6765-46b4-b679-ce28dc18bae1"
"2-s2.0-43749122356","2c661b40-e335-4a69-8c74-913c762f8d90"
"2-s2.0-43749122356","bc73d815-a5f0-4e7f-969f-4b61388afdad"
"2-s2.0-65349153050","b5d38253-650f-4da3-857d-aa62a61078e9"
"2-s2.0-65349153050","21a0255b-349a-4eeb-96c9-49e72c192e7a"
"2-s2.0-65349153050","90791d44-e78f-4ca9-9c70-e4fb065e225a"
"2-s2.0-33646718419","d7bfb000-f9f1-4440-a65d-f59e5305deaf"
"2-s2.0-33646718419","b02df24a-e127-41b3-8c84-ae1206901bab"
"2-s2.0-33646718419","f3e7f374-e795-40ac-8747-cfb2bd732cbd"
"2-s2.0-33646718419","7bc26f86-0c27-471e-a5ff-6c15d6b479e6"
"2-s2.0-33646718419","c123f1ad-5ff0-45f8-99e7-1afc5ba591cf"
"2-s2.0-33646718419","ee4235f9-881b-4f91-904e-e121d107c15c"
"2-s2.0-33646718419","fc42c561-9f1f-4cd7-aab9-cfd8c835ef94"
"2-s2.0-33646718419","4ebb54ee-167a-47c9-9cdb-8f0e335f4829"
"2-s2.0-33646718419","bc73d815-a5f0-4e7f-969f-4b61388afdad"
"2-s2.0-1942502879","f13868c3-5ea4-4787-8977-abd51135e1dd"
"2-s2.0-1942502879","fcd54f5f-db98-4693-939d-da3baf6aac25"
"2-s2.0-1942502879","93219415-ac08-4c0a-bb83-cf7d8e6fd4e6"
"2-s2.0-1942502879","6c7b23c9-ad61-4f5b-8c1f-7cf3a9e334e8"
"2-s2.0-1942502879","a09e84c7-bf87-47fa-8dd9-7dbca2d94be3"
"2-s2.0-1942502879","2c3eef6f-63bf-4a0a-a3c3-0c605ed86f27"
"2-s2.0-1942502879","fc42c561-9f1f-4cd7-aab9-cfd8c835ef94"
"2-s2.0-1942502879","b02df24a-e127-41b3-8c84-ae1206901bab"
"2-s2.0-1942502879","9a436e5b-2dd8-4cc6-b758-58e4875e0f78"
"2-s2.0-67649968808","3f619de7-7b68-48e2-a072-53c3087fa86e"
"2-s2.0-67649968808","3f2e9614-82fd-4094-9906-82fe22522a41"
"2-s2.0-67649968808","785156eb-db04-4cbe-81d0-a0596c9e2435"
"2-s2.0-67649968808","e83a330b-2bb0-47a5-b333-189e5d967430"
"2-s2.0-67649968808","71fb84ca-3cf1-4dd0-8dd8-4e2a84551de1"
"2-s2.0-67649968808","8231d8ad-9a9c-41a0-b9a5-9e2e8162781e"
"2-s2.0-67649968808","89a889e3-bae3-4282-8099-e8b7283c6204"
"2-s2.0-67649968808","0a24b3ff-9147-4a82-a658-1efaf49da7d4"
"2-s2.0-67649968808","73618d7c-2ed0-462a-beb5-249d1c8e585b"
"2-s2.0-67649968808","6ba7d217-284e-4772-af98-c8cac4f48148"
"2-s2.0-67649968808","e4dbcba2-89ca-4d27-8d5b-58c5a87f4f14"
"2-s2.0-67649968808","0cbb95d6-088c-4e0d-9dd0-bcc0b51a502d"
"2-s2.0-67649968808","53ebed7a-fa98-410c-9c61-8de6160f19e9"
"2-s2.0-67649968808","7dd86ed8-d349-4a44-bdb0-ea15ea8ab562"
"2-s2.0-67649968808","8b2abe20-ed42-4506-84fd-20433bedd3d6"
"2-s2.0-67649968808","6e05437d-7078-4318-9402-01f75b68d2d0"
"2-s2.0-67649968808","7752af5f-52cc-4d9e-a838-08537808c8c1"
"2-s2.0-4344678918","d692344e-1bd0-44ab-92f5-d38e1296aaa5"
"2-s2.0-4344678918","524c42cb-bd0c-4dcb-b2bb-e72a68f1be0d"
"2-s2.0-4344678918","c797e0d1-b1f0-4e9a-917d-5b6a9bf93055"
"2-s2.0-4344678918","1241f66f-235a-4e04-8afb-c34eca615345"
"2-s2.0-4344678918","1b12eda7-2bc1-4c9d-84b3-bfc1b76598c3"
"2-s2.0-4344678918","162c37be-9b6a-4e41-80ca-cae29eee2dec"
"2-s2.0-4344678918","2bb0f3dd-93ed-476a-9302-884cd7485bd3"
"2-s2.0-4344678918","dc9aa1d9-18d4-4acd-b8a6-58582626f7d3"
"2-s2.0-4344678918","2abe5d81-14be-4bce-820d-1c1a665ddd9f"
"2-s2.0-4344678918","42382f33-8894-4c9f-8ec6-06f3c36625ac"
"2-s2.0-4344678918","b3200cf5-6907-4e6a-8e45-6bd3fd9df3b9"
"2-s2.0-4344678918","56bdcbec-469d-4354-96ea-ae6848d9554b"
"2-s2.0-4344678918","20a764bb-8d05-4880-9631-d1fc4323ebf5"
"2-s2.0-4344678918","bd5494d1-f937-45ef-b049-4b8225a65c8e"
"2-s2.0-4344678918","6b0a42fc-5f2d-43f9-b8f2-08e444058d84"
"2-s2.0-4344678918","83e08c02-8dd6-41cc-8973-604e7d5a5bb0"
"2-s2.0-4344678918","cf1a5b26-c83e-40f4-b2f5-5c5fdeebcb4d"
"2-s2.0-4344678918","a1f99a07-848b-467b-a555-585735a050df"
"2-s2.0-4344678918","15d56c6b-e3dc-41dd-8f8e-6e92ee70cafe"
"2-s2.0-4344678918","47959f4b-a0fd-496f-920f-ca0bf9b6d6cd"
"2-s2.0-4344678918","f70460a9-0c80-408d-8059-0f208ec2b85f"
"2-s2.0-4344678918","93219415-ac08-4c0a-bb83-cf7d8e6fd4e6"
"2-s2.0-4344678918","01962447-c172-4f29-8f2e-84eb5f439474"
"2-s2.0-4344678918","6ec73f07-298c-4523-89df-0d1b0cdd4deb"
"2-s2.0-4344678918","aef9ff63-36a7-40e9-8001-e7a67a265c12"
"2-s2.0-4344678918","61368831-0967-46a9-93ad-eed965d19052"
"2-s2.0-4344678918","0e21e4eb-9b9a-436f-8a6c-04400aa9084e"
"2-s2.0-4344678918","3c609509-d0d4-4e57-902e-6fc8b830ee20"
"2-s2.0-4344678918","b64a7301-b4ad-4aae-aef2-23a03746dfcb"
"2-s2.0-4344678918","2984978a-771f-45a8-b63e-407971489f2f"
"2-s2.0-10144253726","05bdd145-ca6b-4e59-b7fd-136136134bd3"
"2-s2.0-10144253726","5970a1ef-4874-40b6-8380-3bedf48031c1"
"2-s2.0-10144253726","109d5b6a-2136-46fa-aa1f-a231dfad2304"
"2-s2.0-10144253726","74c9118a-dc33-445a-a63d-53a07975f105"
"2-s2.0-10144253726","51f5dd51-f20c-4072-a1e0-f69d9cd94214"
"2-s2.0-10144253726","ad8574d3-8f3a-4f7c-96ee-4726a2016ed6"
"2-s2.0-10144253726","642ce8df-6b4d-4399-aafa-99a6f9a00a95"
"2-s2.0-10144253726","6ab5117b-ffa2-4af7-843d-2be8931759f9"
"2-s2.0-10144253726","1fc3b905-a61e-4606-bf62-a32365a9d120"
"2-s2.0-10144253726","2329a83c-63dd-43c0-853d-100c3932a870"
"2-s2.0-10144253726","2e19c100-c2d1-47f1-873b-58f35127513a"
"2-s2.0-10144253726","71237622-b912-417b-98f5-ec5d079e445b"
"2-s2.0-10144253726","b02df24a-e127-41b3-8c84-ae1206901bab"
"2-s2.0-10144253726","59206abf-4c0a-40c5-9db1-69b4844be383"
"2-s2.0-10144253726","e07e2f27-bd04-4126-91a3-2613b322e09d"
"2-s2.0-10144253726","47f1b8d2-ffef-47c7-afc6-ee0442eae5ae"
"2-s2.0-10144253726","b0e82d8f-5840-44db-9a26-16ca5ec94224"
"2-s2.0-10144253726","b34a3842-8ab8-4612-8df8-b97a121318aa"
"2-s2.0-10144253726","d949353e-e594-4d46-8cf8-47d0d26dbf22"
"2-s2.0-10144253726","7a9924cd-378f-46b9-b516-92dddc5b8c84"
"2-s2.0-10144253726","424f56a1-11e8-435b-9c75-a7a61f04be20"
"2-s2.0-10144253726","fb2d03d9-909a-4ed8-99b1-0fbfd3bb74d9"
"2-s2.0-10144253726","425b83e7-a38d-45ce-a311-9d084057a394"
"2-s2.0-10144253726","fb7c79b4-e611-4739-a1a6-f230497299a5"
"2-s2.0-10144253726","6633dad1-ce07-496c-a787-47ab0093adc6"
"2-s2.0-10144253726","c665ccf4-c80e-4a80-a916-a29eeadf14db"
"2-s2.0-10144253726","7eb409a3-153d-4725-b0c2-ac16ce5d8fd4"
"2-s2.0-10144253726","898d8cb9-edc7-4ee7-9e6d-59818a6f000c"
"2-s2.0-10144253726","f208c4ea-4837-41d8-bd41-ca064913da74"
"2-s2.0-10144253726","22c824f3-3f60-470d-a737-4649293244f0"
"2-s2.0-10144253726","ab90a6cf-4a07-44a4-84e7-563062e3fbbf"
"2-s2.0-10144253726","8df52637-3f9c-4e65-b89b-7b0a864ba9ce"
"2-s2.0-10144253726","7efc9231-bef9-49c3-9fb1-4b0d2576ecc7"
"2-s2.0-10144253726","54569df9-0d4e-49f1-b68b-832868bce29b"
"2-s2.0-10144253726","a7ec9fe1-bef1-4300-b9e5-21d2dce4b594"
"2-s2.0-10144253726","6e584f19-c629-4a4b-b820-abd5c4bca3c9"
"2-s2.0-10144253726","32a37e04-5ce2-40c7-8233-d1818fff4229"
"2-s2.0-10144253726","cc2df803-357c-4d85-99bc-f0dd3591d12c"
"2-s2.0-10144253726","c9493d22-718d-4f3d-91c7-1f602c3c2c87"
"2-s2.0-10144253726","e1a93ece-1f87-412c-b12a-cf4bcb550097"
"2-s2.0-10144253726","d007d80d-e883-4524-97ae-b2e5c44d4ce2"
"2-s2.0-10144253726","82d3de5c-f282-4aea-998f-3def416f23ba"
"2-s2.0-10144253726","93219415-ac08-4c0a-bb83-cf7d8e6fd4e6"
"2-s2.0-10144253726","f2fa5c91-0de5-4453-baca-5d2acd756cb5"
"2-s2.0-10144253726","f2050d02-eaa4-44b4-8607-939d1e85b799"
"2-s2.0-10144253726","9c3e80b0-4649-452a-a8a9-bc95e047bc75"
"2-s2.0-10144253726","dca6a249-0344-4e68-a75c-305eca3337eb"
"2-s2.0-10144253726","6f9c3154-7188-49e8-8701-e2d7df20178e"
"2-s2.0-10144253726","27234e9c-0ea1-4d59-8d53-477b1f631931"
"2-s2.0-10144253726","2d6efeb2-b259-4732-8747-935078886dd3"
"2-s2.0-10144253726","fa2eb370-7c94-46b8-8de1-ebe0c6ed9979"
"2-s2.0-10144253726","853b7b4d-4424-4736-871d-6ddae966b6b2"
"2-s2.0-10144253726","fb5446dc-8729-43cb-b288-179e0d729fca"
"2-s2.0-8544243525","d6c268ec-6b9f-4b52-97a1-2d38a372f1cd"
"2-s2.0-8544243525","86ac5bba-5c59-474c-aaf3-459ff82439dc"
"2-s2.0-8544243525","5fcf13b6-9652-4dd4-b8ea-d07f94f29cfe"
"2-s2.0-8544243525","3f541840-3052-4ddb-b0de-669819798112"
"2-s2.0-8544243525","3b70897e-8f83-4eb9-84fc-b4f12b586bcc"
"2-s2.0-8544243525","8545b5f7-5b3e-447c-a709-e2b6ceed258e"
"2-s2.0-58049128906","f008160e-6428-4fba-bc10-8ba9cc5b1662"
"2-s2.0-58049128906","e1669961-8427-4041-aa65-80c6a2e304d6"
"2-s2.0-58049128906","cfe9338c-6167-4575-8201-9c6bba21bb5b"
"2-s2.0-58049128906","b6b15bec-6129-4dee-94ac-1ea602f72f37"
"2-s2.0-58049128906","3c1f3290-0526-4b33-8df1-26311a958d14"
"2-s2.0-58049128906","a1ee93da-b803-4f32-a64c-297af220a192"
"2-s2.0-58049128906","b1a49a33-ae5f-44cd-b7cf-c3d0ce77856a"
"2-s2.0-58049128906","7dae8012-25cd-4a3a-8b8f-ca8dce3bed43"
"2-s2.0-58049128906","1f8cbe90-fcc9-461b-8caf-4ff39920adb7"
"2-s2.0-58049128906","50a967a6-c47c-461b-a846-da627e616cca"
"2-s2.0-73949093671","6785d014-5f74-46b5-8de0-fb4c4765cc90"
"2-s2.0-73949093671","90e98095-ef5d-4a8d-9cf2-2d068e59c711"
"2-s2.0-49649086372","d6c268ec-6b9f-4b52-97a1-2d38a372f1cd"
"2-s2.0-49649086372","45181759-3dba-4d0d-98b1-88909a213c10"
"2-s2.0-49649086372","9edda72c-ddc7-4f53-a62c-e4aa149f35a4"
"2-s2.0-49649086372","441b8709-a979-401b-b505-4eb96bd18852"
"2-s2.0-49649086372","c5a15a05-7191-48f7-b31b-2aa5d1a5ac81"
"2-s2.0-49649086372","9ef53e4e-b799-417b-b0bd-10d1d89ee923"
"2-s2.0-49649086372","2ed6e130-0ccf-4237-b4eb-ea3996b49d2f"
"2-s2.0-49649086372","c97633c4-68bb-427c-bd50-2fb4deb1c44e"
"2-s2.0-49649086372","6f9189be-e3e8-4752-aa24-3378954185fc"
"2-s2.0-49649086372","752f9a4b-1c9f-4500-a44c-583e9a3ae487"
"2-s2.0-49649086372","2bb0f3dd-93ed-476a-9302-884cd7485bd3"
"2-s2.0-49649086372","d2ed22e8-baed-4750-ba16-9b521b170267"
"2-s2.0-49649086372","bcd5c0e9-4f7b-4be3-95a5-9508bbf63b96"
"2-s2.0-49649086372","fcc28274-e291-4c06-824f-8fba50dfb629"
"2-s2.0-49649086372","b0f17cf4-5e92-4961-96e9-4bfe62ff02d4"
"2-s2.0-49649086372","d335ee60-9a4c-477f-b77c-16f6028a2919"
"2-s2.0-49649086372","cd4a272e-7036-4182-9415-72fed769b578"
"2-s2.0-49649086372","3e360177-cbdf-4b6c-81bc-4c9d23cd7fa6"
"2-s2.0-40949160128","7b4d40f3-8f63-4084-9766-ae14ed4fc56b"
"2-s2.0-40949160128","3f958ce4-cc54-47ae-95ff-ae0b6f0ab6ea"
"2-s2.0-40949160128","d7125fb5-db71-48da-a978-3c968ce8511f"
"2-s2.0-67651093738","d6c268ec-6b9f-4b52-97a1-2d38a372f1cd"
"2-s2.0-67651093738","69a12c09-ef2e-4691-9123-24f70d9eb106"
"2-s2.0-67651093738","03244ec2-0916-43f2-ac95-9cbf0a68e05c"
"2-s2.0-33750218096","73b3dfe2-97c8-4762-abfb-460690fe62a8"
"2-s2.0-33750218096","113c2694-03bc-4631-a38a-28f313460181"
"2-s2.0-42149092987","868d990b-d644-497c-9818-ea09f9b9fc0d"
"2-s2.0-42149092987","794e5232-6fbe-4ea1-83dd-567cacded19d"
"2-s2.0-42149092987","a3095a04-4d64-426d-a23e-9bdc1b08ef9c"
"2-s2.0-42149092987","f6448b63-ee91-4487-adc3-f3bfe84018bb"
"2-s2.0-42149092987","5dad118e-0182-4460-8ca8-c3bb73dab248"
"2-s2.0-42149092987","d01b9e5c-d14a-4c20-8413-05b6fe025c89"
"2-s2.0-42149092987","b6dd41a4-7526-4181-a493-7e837c9d721e"
"2-s2.0-42149092987","9019d447-8626-4a90-95f1-eda93902416d"
"2-s2.0-42149092987","4f4e3c04-a2a6-4624-b18a-76f4afa532a6"
"2-s2.0-42149092987","58eba32d-7c12-4aeb-b1c9-ff156143e3de"
"2-s2.0-42149092987","eb1946b5-0d50-47f9-ab5a-d8fabc0fa102"
"2-s2.0-42149092987","be0c093e-aaf5-45ca-8141-bcbbfab22a1c"
"2-s2.0-42149092987","cec9c508-b448-44f0-9f70-fd5889bd2f6e"
"2-s2.0-42149092987","8254f0fe-7409-4e91-bfeb-28385e3541a0"
"2-s2.0-42149092987","02caf97d-58b1-4eb1-8fcb-4fd991503452"
"2-s2.0-42149092987","04050f36-1a0d-45b4-a412-34096db54573"
"2-s2.0-42149092987","7803cf93-d376-4e7f-9985-d36ac0bd4318"
"2-s2.0-42149092987","49b73719-ccad-40a8-8725-a688ec1c5dc7"
"2-s2.0-42149092987","31c6a0af-ba5a-43dc-8089-489df11888f1"
"2-s2.0-42149092987","053ad9ca-7555-447a-9939-533c01060446"
"2-s2.0-42149092987","584bced0-0067-4323-974b-9690b57b78b8"
"2-s2.0-37849010046","117b8d9e-e80a-4390-835d-840ddd2138a1"
"2-s2.0-37849010046","1b5fddfa-1c7e-4e85-9155-81ac85f45a89"
"2-s2.0-37849010046","e62675fd-d685-448c-abd0-27f893bf606f"
"2-s2.0-37849010046","c92560e1-cf48-4993-baf6-260ae6b642e9"
"2-s2.0-37849010046","f7f629da-5e8a-4a70-aa82-0f0ad3e62841"
"2-s2.0-37849010046","1aa4db92-d459-42d6-98e0-3c8e2b9ea0ff"
"2-s2.0-37849010046","7c8e6dcd-b181-4a1b-b60c-9e5119644aa6"
"2-s2.0-37849010046","794e5232-6fbe-4ea1-83dd-567cacded19d"
"2-s2.0-37849010046","95924b2a-6318-43e8-ab88-d7dab31bf078"
"2-s2.0-37849010046","cd0e5bfe-a071-413e-b265-9b062ab40720"
"2-s2.0-37849010046","80382abe-5ec0-4b03-80d9-5d72b59ecd53"
"2-s2.0-37849010046","31a54dd3-cd10-4537-9885-0b7a0eb726c5"
"2-s2.0-37849010046","2d44f073-ae35-40a3-909d-db3959494292"
"2-s2.0-37849010046","6a23ef98-0ecf-4ba4-bd58-ba56c4660eef"
"2-s2.0-37849010046","039f2c65-2b7f-474d-9d63-95acc5b2a2ff"
"2-s2.0-37849010046","c9eddea8-4a61-499c-9c2b-b172eb173f68"
"2-s2.0-37849010046","32f2f6ce-9bd5-468a-9f33-425d2cdb6852"
"2-s2.0-37849010046","a8aa506b-c25d-4d06-8483-d1be2ab0e60b"
"2-s2.0-37849010046","39529966-b289-481b-a0c2-d61d2e50911e"
"2-s2.0-37849010046","31c6a0af-ba5a-43dc-8089-489df11888f1"
"2-s2.0-37849010046","6ff71d8c-ff98-4782-84e9-166a22f5cb62"
"2-s2.0-37849010046","86dc8e56-d80c-4379-9df6-eac44b00a6c9"
"2-s2.0-37849010046","10a4b14b-f3e4-4774-87c5-ef45cba1933f"
"2-s2.0-3342931347","c797e0d1-b1f0-4e9a-917d-5b6a9bf93055"
"2-s2.0-3342931347","8781fa4e-e8de-454d-9c10-731369ca2e21"
"2-s2.0-3342931347","0cd202d1-fb62-4022-b605-94db0cece274"
"2-s2.0-3342931347","f51b72d1-9237-4578-9314-325e1d57b8da"
"2-s2.0-3342931347","2bb0f3dd-93ed-476a-9302-884cd7485bd3"
"2-s2.0-3342931347","28e3ff3d-06e5-464d-bbd9-fae65ed63e52"
"2-s2.0-3342931347","7cddf6ee-34c8-45c6-aa71-1a59e0ff7627"
"2-s2.0-3342931347","f566d856-2f97-4037-a289-2f3d57f6baac"
"2-s2.0-3342931347","20a764bb-8d05-4880-9631-d1fc4323ebf5"
"2-s2.0-3342931347","83e08c02-8dd6-41cc-8973-604e7d5a5bb0"
"2-s2.0-3342931347","d335ee60-9a4c-477f-b77c-16f6028a2919"
"2-s2.0-3342931347","a8b1baf7-f96b-4be9-8ad2-58cfa882514b"
"2-s2.0-3342931347","ab1218c6-40db-434b-8b6f-f628fa6af18b"
"2-s2.0-3342931347","e24e0587-2a0f-49a3-b343-8ccebf5e4fa0"
"2-s2.0-3342931347","93219415-ac08-4c0a-bb83-cf7d8e6fd4e6"
"2-s2.0-3342931347","e29f0ed6-4148-4c6e-bd84-373c5d9240ba"
"2-s2.0-3342931347","6ec73f07-298c-4523-89df-0d1b0cdd4deb"
"2-s2.0-3342931347","bc28cb1b-752c-4595-ab44-528e5f92302d"
"2-s2.0-3342931347","3ed39be7-9731-4de7-8de1-b03b70bab8b5"
"2-s2.0-3342931347","a13aa945-4a33-44c7-94a4-ca39017418fb"
"2-s2.0-3342931347","4cd2fb0d-497c-4d78-90da-98cfb48c4251"
"2-s2.0-3342931347","b69fad2d-c8ab-4550-bb8a-f35eb6ab69cd"
"2-s2.0-3342931347","ab994663-36d8-411b-ae89-05cf612a8fdb"
"2-s2.0-3342931347","f33d8688-5eca-4fb8-9740-ef9bb7ae5908"
"2-s2.0-3342931347","aef9ff63-36a7-40e9-8001-e7a67a265c12"
"2-s2.0-3342931347","e8fc68b5-3caf-4fb9-9347-5db64fc1013a"
"2-s2.0-3342931347","189ca9da-6f56-4b3a-850f-fbb5cd05e09e"
"2-s2.0-3342931347","c82394ea-d208-4f0b-bdbb-afaf2b8bb191"
"2-s2.0-3342931347","b64a7301-b4ad-4aae-aef2-23a03746dfcb"
"2-s2.0-3342931347","e4c445aa-fc00-4d2e-a78c-6ea1ab77c297"
"2-s2.0-3342931347","07936136-243e-4552-bc01-28f33ca3f957"
"2-s2.0-3342931347","4acbf0b2-3be1-4058-8c34-083f1a4c8bcb"
"2-s2.0-3342931347","61368831-0967-46a9-93ad-eed965d19052"
"2-s2.0-7444245630","b02df24a-e127-41b3-8c84-ae1206901bab"
"2-s2.0-7444245630","6de1dd37-c403-42e1-8850-70c97d162b94"
"2-s2.0-7444245630","d3d5cefe-0bbe-44a9-9e7d-e9bc994c57ac"
"2-s2.0-66149171357","46fcc90f-9898-4009-9c4c-b75f259ca79d"
"2-s2.0-66149171357","785156eb-db04-4cbe-81d0-a0596c9e2435"
"2-s2.0-66149171357","b77c71e1-88d5-4df7-ba77-cdc8028b62b4"
"2-s2.0-66149171357","46370126-ffc6-44dc-a415-ebbc1a138723"
"2-s2.0-66149171357","29fad14f-3939-4457-8cd5-d051bd9d148b"
"2-s2.0-66149171357","4acbf0b2-3be1-4058-8c34-083f1a4c8bcb"
"2-s2.0-66149171357","7448dcfd-a7eb-4f14-b164-c2ae0205522a"
"2-s2.0-66149171357","22abb8b7-3c0a-467b-a4f4-62c446ab4001"
"2-s2.0-66149171357","77ad4096-2e6f-4cf7-b771-3ffeece4004f"
"2-s2.0-66149171357","218d32eb-5c61-4021-bb22-e6fe50a7746f"
"2-s2.0-66149171357","7cc9dea3-5d7e-4cfb-aee9-7b557e5ea370"
"2-s2.0-66149171357","0c122d2f-b1f1-4816-952d-ce70d0717332"
"2-s2.0-66149171357","2ecbd746-912e-4196-bd63-e2316f44fd61"
"2-s2.0-66149171357","c4838756-357d-45e2-aa1d-c3f0f5e4a00a"
"2-s2.0-66149171357","fec324ee-a7fa-46d4-b074-69d96ab762fc"
"2-s2.0-66149171357","3a1cb7de-c047-4e49-b42a-707ecdcc3c28"
"2-s2.0-66149171357","06f0964e-0d6d-4add-aada-cd149d748ff9"
"2-s2.0-66149171357","4998e8d7-0cb9-4675-b877-4690754c4826"
"2-s2.0-66149171357","ccc0faac-6764-4c14-b835-fdb634a153d5"
"2-s2.0-66149171357","f6cba7bc-2a89-468c-ad07-fb2d272eab13"
"2-s2.0-66149171357","69c01d17-cb3a-40c0-b9a9-ce795a072a07"
"2-s2.0-66149171357","b828e40c-4ee3-41b5-aa8b-c954cbd2fb83"
"2-s2.0-66149171357","2489d08b-978c-4aa9-a5d8-8ed3cad7958d"
"2-s2.0-66149171357","5876a960-ff95-455d-a64d-b6705d538182"
"2-s2.0-66149171357","e72d2407-dee0-4a09-bda4-3ffe08ee12c2"
"2-s2.0-66149171357","f4f96ee0-ce30-4c99-9627-beb49057f9d3"
"2-s2.0-66149171357","5908849e-cdfb-4204-be9a-062718600473"
"2-s2.0-66149171357","a301e670-9e40-4f7f-9882-3f86a2d95476"
"2-s2.0-66149171357","be2d32a3-362a-4c3d-b2d2-ee015f00faa2"
"2-s2.0-66149171357","01962447-c172-4f29-8f2e-84eb5f439474"
"2-s2.0-66149171357","9d176f06-44c2-4dd7-9ce1-2aa62f4e05e2"
"2-s2.0-66149171357","4a2fffbc-62f0-4d8a-9740-a68b39053acf"
"2-s2.0-66149171357","0bfd4cae-10bf-4e1b-81a5-c9c4ea29c1d9"
"2-s2.0-66149171357","bc59777e-5a16-4691-8a99-a10982729e5c"
"2-s2.0-66149171357","62ab4fa4-6f76-4b7e-aad7-0e32ea3d4456"
"2-s2.0-66149171357","68e290c5-9df7-4165-839a-22b158d17779"
"2-s2.0-66149171357","4678bdc6-3bb3-4087-a4a3-a3bb43a4e3f3"
"2-s2.0-66149171357","255cff3f-35f0-4210-91db-5dc2ed6db4f3"
"2-s2.0-53249122104","be0b264b-e983-4078-bd83-e792323f2675"
"2-s2.0-53249122104","9ee184d7-0063-4137-ae0e-c698c872f60a"
"2-s2.0-53249122104","b898c748-e23b-4a70-a527-74f164eb856c"
"2-s2.0-53249122104","dc4debe4-6577-454e-a369-7eb197392a78"
"2-s2.0-70349668949","34bda6e8-9d4f-4aaf-bc6a-75c61e637787"
"2-s2.0-70349668949","824a9dcd-5cd9-4b20-92d8-249f51bc7117"
"2-s2.0-70349668949","6f9189be-e3e8-4752-aa24-3378954185fc"
"2-s2.0-70349668949","c097c9c8-b6f5-4b8e-831e-e1a4df3043d8"
"2-s2.0-70349668949","65cbf363-40fa-469f-95cc-17434747e4ca"
"2-s2.0-70349668949","48dd83bd-3f9a-4f6b-b17d-3de048a3f8dd"
"2-s2.0-70349668949","dfc92063-e832-4422-8052-f8b37a8deaaf"
"2-s2.0-70349668949","bf2f3512-799f-4c1d-b59d-240159373f88"
"2-s2.0-70349668949","8305554d-0a4e-4b73-aa45-154c8640f191"
"2-s2.0-70349668949","84e9be7e-868c-44f2-b928-2cd1c58c78c9"
"2-s2.0-70349668949","7c3ad73a-3721-41e3-a7c0-7d283d6556d2"
"2-s2.0-70349668949","bc73d815-a5f0-4e7f-969f-4b61388afdad"
"2-s2.0-64949112719","524c42cb-bd0c-4dcb-b2bb-e72a68f1be0d"
"2-s2.0-64949112719","3373a1a9-39cf-4e8f-9680-8c90218ab6e2"
"2-s2.0-64949112719","79861ed6-59f1-4854-a930-89193283c654"
"2-s2.0-64949112719","81e9ed6f-b368-422b-bdfe-1c23fba076e3"
"2-s2.0-64949112719","6d4ca3e1-b8ec-4348-a621-2c3df5f33871"
"2-s2.0-64949112719","d1c9dcad-498f-4523-97eb-2728e290697f"
"2-s2.0-64949112719","3720ab65-850b-4d03-9963-3d4b11fa867d"
"2-s2.0-64949112719","540a813d-a221-4468-ae50-52784219da41"
"2-s2.0-64949112719","961e5b2d-1f91-4a49-a469-5f00b5c419e4"
"2-s2.0-64949112719","192b86e5-3b47-404b-8374-38b2dc460f21"
"2-s2.0-64949112719","226a663f-36d4-4564-9c2a-d6a6af613d46"
"2-s2.0-64949112719","ca06f290-abe3-4988-b1e8-06c9edc3ec39"
"2-s2.0-64949112719","cf9ae6a0-298f-46b0-a1a1-59b271eeee8e"
"2-s2.0-64949112719","38624e6b-56f9-4637-988a-9b0860943a51"
"2-s2.0-64949112719","91ee0225-ec04-4025-813a-4cee95c7f572"
"2-s2.0-64949112719","f1082a01-cc34-4514-af3b-1b4dcbf4c091"
"2-s2.0-64949112719","adf17018-c593-4cee-89a7-7eba4d35ad30"
"2-s2.0-64949112719","f70460a9-0c80-408d-8059-0f208ec2b85f"
"2-s2.0-64949112719","93219415-ac08-4c0a-bb83-cf7d8e6fd4e6"
"2-s2.0-64949112719","7ece1bb0-3e24-4175-b964-7bbea12abfdd"
"2-s2.0-64949112719","416783a9-2373-4f80-ab54-3b45ba49727c"
"2-s2.0-64949112719","4c68e011-c107-48b4-9875-b1ddde76421c"
"2-s2.0-64949112719","c4e54626-5c81-4c05-bfe6-4caff474e30a"
"2-s2.0-64949112719","9160fb13-b3b3-4bb5-b67d-abc319ec75f0"
"2-s2.0-64949112719","8c5ca90f-0201-4754-a53f-1c7d88312feb"
"2-s2.0-64949112719","c99c462e-c205-460c-a5af-70b85eadb6cb"
"2-s2.0-64949112719","1f81ce8b-0b85-43f4-ab8e-4537f1b08a01"
"2-s2.0-64949112719","1cc3f04d-93a9-4209-b15e-1bd3acfd3aa9"
"2-s2.0-27544478127","524c42cb-bd0c-4dcb-b2bb-e72a68f1be0d"
"2-s2.0-27544478127","8746941d-c9a2-43e6-b493-dd5ebc05ce4b"
"2-s2.0-27544478127","9da05686-468b-4376-ac80-7bcecbde5ea4"
"2-s2.0-27544478127","3686a233-eed4-4c64-a8dc-f1e120bf8eac"
"2-s2.0-27544478127","f1b0f73c-6c78-4419-8c83-0b6f2d96bfcb"
"2-s2.0-27544478127","71fb84ca-3cf1-4dd0-8dd8-4e2a84551de1"
"2-s2.0-27544478127","8f274f82-4f81-402b-9394-324d2a0a5855"
"2-s2.0-27544478127","d7bfb000-f9f1-4440-a65d-f59e5305deaf"
"2-s2.0-27544478127","fcbda0f5-8208-49da-94c5-2f4a5d7ecd64"
"2-s2.0-27544478127","699d9f29-dd81-4478-829d-f04f85c2254e"
"2-s2.0-27544478127","0a24b3ff-9147-4a82-a658-1efaf49da7d4"
"2-s2.0-27544478127","7b6a3d81-ff6c-42e5-a09d-98b979cbfcdf"
"2-s2.0-27544478127","d727020d-e1b9-41b2-9455-50b1d00d6224"
"2-s2.0-27544478127","e5e4423f-aa74-4cb0-a246-70760306cbc7"
"2-s2.0-27544478127","24c7ae9d-979e-40ca-aa3f-f7d5e7652fc7"
"2-s2.0-27544478127","f72d8175-c752-4208-afea-ad4f35fffb21"
"2-s2.0-27544478127","1d3bdd11-0766-4bfa-9e06-66d3ea473beb"
"2-s2.0-27544478127","7b2abce9-f2fd-4918-98ce-2db345801914"
"2-s2.0-27544478127","439ce913-f228-4edd-847d-35e181b932e1"
"2-s2.0-27544478127","6206bc1e-8ae3-49c5-9fce-93c8771e3c92"
"2-s2.0-27544478127","d84d879b-ced8-467f-bd7c-0963c9310202"
"2-s2.0-27544478127","310f432e-7d70-46a4-8a62-5d994cd3b723"
"2-s2.0-27544478127","c776ec64-330b-4efd-ad8b-0dbda4c8e8b4"
"2-s2.0-27544478127","b02df24a-e127-41b3-8c84-ae1206901bab"
"2-s2.0-27544478127","059e3fe5-2f8c-4640-af49-d9d79ad9a76c"
"2-s2.0-27544478127","2ff65315-b8ae-4794-87a7-42a07d3d89e2"
"2-s2.0-27544478127","93895b07-679d-49e5-ab81-1a0fd76a8a34"
"2-s2.0-27544478127","afa61f50-4694-4310-b457-4d782841d6f1"
"2-s2.0-27544478127","35be1fd4-d7d1-4fcf-80a4-1babdd6a2b3b"
"2-s2.0-27544478127","193fadb5-9a12-41ba-8ff6-0b9f6b01d0dd"
"2-s2.0-27544478127","f70460a9-0c80-408d-8059-0f208ec2b85f"
"2-s2.0-27544478127","93219415-ac08-4c0a-bb83-cf7d8e6fd4e6"
"2-s2.0-27544478127","74d97ea6-fa22-4af2-b1ea-acdeadcf4712"
"2-s2.0-27544478127","b3fa19a6-85c1-472f-a505-ccf65344564e"
"2-s2.0-27544478127","62b38f6c-f87d-4141-b9cd-ec8b4b3a9720"
"2-s2.0-27544478127","43671423-3071-4816-aba5-349c8fd13836"
"2-s2.0-27544478127","9c347188-a2e9-499f-87ec-777a9b959f11"
"2-s2.0-27544478127","cb963a3d-2a28-4da4-9616-2a657ed3f5b3"
"2-s2.0-27544478127","31c6a0af-ba5a-43dc-8089-489df11888f1"
"2-s2.0-27544478127","3629f3f1-e3e0-46ec-977a-1962c247aa8b"
"2-s2.0-18244408001","eccdd672-c0bb-4ab3-b0ef-e82a78ad8b62"
"2-s2.0-0042566200","ced94747-cd4e-4c1c-adf9-0efc6a45f50d"
"2-s2.0-0042566200","c3e70248-b6db-412e-ab7a-52f12d0936b2"
"2-s2.0-0042566200","aac8409e-c8e2-48bd-abaa-90a383bd082f"
"2-s2.0-0042566200","a32f564a-89a4-4456-a41d-8b2dccc0686d"
"2-s2.0-0042566200","4f9af14c-6100-44c2-8fdc-4291ebd95023"
"2-s2.0-0042566200","7eab1aaa-e581-476b-a371-36ba2162d76f"
"2-s2.0-0036120199","43961ad6-ccde-4afb-a80a-c9929f1fc795"
"2-s2.0-0036120199","388f04c6-1fe6-4504-8a81-b28302c21f67"
"2-s2.0-0036120199","f72f3b48-9f1a-4113-8333-18332fc1efc4"
"2-s2.0-0036120199","350d6a8c-4eb1-4845-be2d-03c11db121ee"
"2-s2.0-0036120199","6bdbde8e-d973-4c2c-a79e-3a572aaa4d1e"
"2-s2.0-0036120199","20ad4de7-26ac-401b-9c7e-8ef89aa2f971"
"2-s2.0-0036120199","de65738d-fdc6-42e3-81fd-a2f0d3e619d1"
"2-s2.0-0036120199","e1ec7351-8333-4698-a4ae-7919448a1944"
"2-s2.0-0036120199","f47b811a-957f-4849-9f44-ecf8593002ef"
"2-s2.0-0036120199","c5667d30-6312-4852-93e1-4c126e2bc450"
"2-s2.0-0036120199","601ebaf3-6c87-4498-9f96-f8cb5440c032"
"2-s2.0-0036120199","4acf7d56-37ef-4675-95cf-da4f878b7758"
"2-s2.0-0036120199","bc68d796-2f87-43ea-a44c-6b276f101272"
"2-s2.0-0030435248","a3754c20-8ff5-44f7-b6b0-d5b5d786f2ac"
"2-s2.0-0030435248","2ff8270d-b78c-4332-b4af-460e946e9b37"
"2-s2.0-0030435248","61d17382-fb5b-4d7b-9a40-befb15c4d897"
"2-s2.0-0030435248","c28799b7-e84a-4349-8128-5c8115426d8d"
"2-s2.0-0030435248","7ec0d050-a9a6-4d4c-abb0-b123dba67b8d"
"2-s2.0-0030435248","b975977e-f977-4912-a352-e0529d860982"
"2-s2.0-0030435248","e4408168-bc44-4df2-b36c-777074a424c0"
"2-s2.0-0030435248","374ed296-3076-4586-b879-6052c71c306b"
"2-s2.0-0030435248","c1db8df4-eb59-423e-ac06-16a24f0bbca4"
"2-s2.0-0032401891","52f087f0-d505-43ec-bb54-cb74f04a9b0e"
"2-s2.0-0032401891","5808301a-528d-47f9-b294-4a64a794d813"
"2-s2.0-0032401891","d54aae91-3bba-4482-b697-00f3d80b75b6"
"2-s2.0-0032401891","8cdff672-715c-4a91-8a1b-85521305441b"
"2-s2.0-0032401891","85f2f149-709b-460c-958b-fa944a26e7c0"
"2-s2.0-0032401891","fc95be3d-0156-4fd5-bafd-c4c8307d075b"
"2-s2.0-0032401891","71fb84ca-3cf1-4dd0-8dd8-4e2a84551de1"
"2-s2.0-0032401891","cb858de4-83bb-4545-8e65-b8e985fd08b3"
"2-s2.0-0032401891","2489d08b-978c-4aa9-a5d8-8ed3cad7958d"
"2-s2.0-0032401891","43c20da6-6c09-4796-9c55-c36b81a4dd91"
"2-s2.0-0032401891","2e663208-d581-415e-8d78-5baa9c754340"
"2-s2.0-0032401891","cc279e59-2e81-4793-8f35-b985df44e725"
"2-s2.0-0032401891","7de4a9b3-575f-4d9b-b8d3-5a4366d9530e"
"2-s2.0-0032401891","6c280c9f-a407-416a-9371-7e2a4c519f8a"
"2-s2.0-0032401891","29b0352b-44b0-41e4-9eb4-ba085dfa25ca"
"2-s2.0-0032401891","059e3fe5-2f8c-4640-af49-d9d79ad9a76c"
"2-s2.0-0032401891","afa61f50-4694-4310-b457-4d782841d6f1"
"2-s2.0-0032401891","b3bf47e0-8ea5-4eff-beda-a426891a71b4"
"2-s2.0-0032401891","026f20b9-e9e1-45f5-bbfa-9bc9332f9c4f"
"2-s2.0-0032401891","6ff71d8c-ff98-4782-84e9-166a22f5cb62"
"2-s2.0-0036642460","52f087f0-d505-43ec-bb54-cb74f04a9b0e"
"2-s2.0-0036642460","43c20da6-6c09-4796-9c55-c36b81a4dd91"
"2-s2.0-0036642460","9d687b61-5fce-4177-a5ee-7e15e5676c52"
"2-s2.0-0036642460","cc279e59-2e81-4793-8f35-b985df44e725"
"2-s2.0-0036642460","6f9189be-e3e8-4752-aa24-3378954185fc"
"2-s2.0-0036642460","6c280c9f-a407-416a-9371-7e2a4c519f8a"
"2-s2.0-0036642460","b78b9ac4-f9b0-4c7e-9dec-63a64faa3bfe"
"2-s2.0-0036642460","77db04dd-ba98-49e7-821f-df22c8f90cd1"
"2-s2.0-0036642460","5808301a-528d-47f9-b294-4a64a794d813"
"2-s2.0-0036642460","160d8b39-3e7f-4f8f-864a-8b2c0f018d8c"
"2-s2.0-0036642460","785156eb-db04-4cbe-81d0-a0596c9e2435"
"2-s2.0-0036642460","8992477c-915e-4bd9-b932-109f98d1a523"
"2-s2.0-0036642460","e4dbcba2-89ca-4d27-8d5b-58c5a87f4f14"
"2-s2.0-0036642460","ff087b77-6bc2-4e2e-949f-7eada0698858"
"2-s2.0-0036642460","3cddeb9c-3985-408a-9975-5b42b9b75565"
"2-s2.0-0036642460","c34f722e-a2ab-4634-bebe-1e81f149386d"
"2-s2.0-0036642460","e3e62f0c-34d0-4179-ba04-29c8dc6b54df"
"2-s2.0-0036642460","4bd3f266-1ed6-4799-9f3c-f5c1156740bc"
"2-s2.0-0036642460","46fcc90f-9898-4009-9c4c-b75f259ca79d"
"2-s2.0-0033515191","6d40ac8a-b27d-4e1b-9369-7de37472b5e5"
"2-s2.0-0033515191","77db04dd-ba98-49e7-821f-df22c8f90cd1"
"2-s2.0-0033515191","652f3322-cca2-4c7a-84e0-61807417b4a4"
"2-s2.0-0033515191","c123f1ad-5ff0-45f8-99e7-1afc5ba591cf"
"2-s2.0-0033515191","2d135c75-9598-423e-8442-3318ec9d0e85"
"2-s2.0-0033515191","db55e2cc-39db-4097-96f6-1d6b8dbec005"
"2-s2.0-0033515191","632e65fa-698b-4f12-ae93-e73b7fbb9ac3"
"2-s2.0-0033515191","4c5ca310-6512-41b4-bb37-c81fc3cd5969"
"2-s2.0-0033515191","ca946715-2728-4e22-b130-7eef4996c2fd"
"2-s2.0-0033515191","579e8072-5ace-411b-aeb8-bd14e2c6eec3"
"2-s2.0-0033515191","d0e69aa4-5ccc-43e1-a96c-a8ec0b43a1dc"
"2-s2.0-0033515191","e9e1630d-44ed-4622-a4a2-cfb00762bd5f"
"2-s2.0-0033515191","ecf99a94-4ec5-449f-80d9-dc2d76f27307"
"2-s2.0-0028794779","441b8709-a979-401b-b505-4eb96bd18852"
"2-s2.0-0028794779","85b675f8-bedd-4a60-ac61-f4bdb1de02a0"
"2-s2.0-0028794779","fe2a0ca3-302e-4422-8bc1-2c60f82bbe6f"
"2-s2.0-0028794779","89adcfdd-fc94-4808-9c43-5599320b232c"
"2-s2.0-0028794779","d425b35a-817a-45a2-82b8-e90a890e8326"
"2-s2.0-0031827855","67bf4b79-6ab1-4de8-927a-ed36c3c7be75"
"2-s2.0-0031827855","cb7da38d-70c5-42bd-a7b7-23f1d82744d6"
"2-s2.0-0031827855","afaa1157-4864-4821-a255-f03bcbb372cb"
"2-s2.0-0031827855","c776ec64-330b-4efd-ad8b-0dbda4c8e8b4"
"2-s2.0-0031827855","b02df24a-e127-41b3-8c84-ae1206901bab"
"2-s2.0-0031827855","395bdd7a-842b-4e7b-95b0-2261cfd679e7"
"2-s2.0-0344991691","77ad4096-2e6f-4cf7-b771-3ffeece4004f"
"2-s2.0-0344991691","16afd3ca-0472-49f8-a264-0ccb47e0652d"
"2-s2.0-0344991691","773e8160-e6fe-43c5-8c5f-03eb988d9e29"
"2-s2.0-0344991691","230619b5-d23b-470a-9551-c6bb28eeedc3"
"2-s2.0-0344991691","c42f0d22-b604-4048-832a-2ac437017e05"
"2-s2.0-0344991691","e014f574-5ca4-4cfb-9018-a0397d4c2e83"
"2-s2.0-0344991691","064c335f-53e9-4953-b02e-f2fcf35466b7"
"2-s2.0-0344991691","67db9894-f658-402e-9798-92f6e7a5b4d9"
"2-s2.0-0344991691","35ab9f5e-a81e-4245-ba04-737bb01ca323"
"2-s2.0-0344991691","113cce16-9e56-4e8f-a676-e6222d56c5ae"
"2-s2.0-0344991691","7eab1aaa-e581-476b-a371-36ba2162d76f"
"2-s2.0-0032865308","f3fe355e-7c62-42e3-86e7-f76bf2d8879d"
"2-s2.0-0032865308","275542f7-d58c-4d01-9ecd-ff435448706f"
"2-s2.0-0034969899","52f087f0-d505-43ec-bb54-cb74f04a9b0e"
"2-s2.0-0034969899","79ff0571-e3e2-4dcd-9687-42e9abce1d81"
"2-s2.0-0034969899","53c789e4-99ec-485b-950a-e45fb9832e7f"
"2-s2.0-0034969899","46955371-850c-4d8b-822d-81ca80308574"
"2-s2.0-0034969899","3779bf1d-1c38-41b1-8a81-dcb0536886cb"
"2-s2.0-0034969899","29282632-8d6c-4d97-b320-a364d0bef03f"
"2-s2.0-0034969899","ea81dcab-405e-48c6-b5c7-911782ca3f5f"
"2-s2.0-0034969899","1f5111ca-f459-458d-a728-5096a394459b"
"2-s2.0-0034969899","3d995ff1-b18f-4d90-a633-f19c143a7449"
"2-s2.0-0034969899","1db0b344-9374-4234-ac64-ad5c0895f641"
"2-s2.0-0034969899","e72721b1-8df1-4972-8b5f-fca179884a97"
"2-s2.0-0034969899","21652e98-861c-458b-9d23-f3ce4c54b679"
"2-s2.0-0034969899","ca78075e-1bfe-41d6-bc88-8080b362d7e3"
"2-s2.0-0034969899","31c6a0af-ba5a-43dc-8089-489df11888f1"
"2-s2.0-0034915918","60180868-d0ef-47bf-9553-49033a18fd6d"
"2-s2.0-0034915918","df42089a-081a-4cb3-9f32-c1ae522c48f5"
"2-s2.0-0034915918","ec3aeb9f-8087-4b54-aaf2-562cf10a6ed5"
"2-s2.0-0034915918","bf2cb74a-b0bf-42b4-8a4b-28dbc7a6e5be"
"2-s2.0-5344229374","a142c9e4-47a4-4bdc-ad03-5f183be68e4f"
"2-s2.0-5344229374","79ff0571-e3e2-4dcd-9687-42e9abce1d81"
"2-s2.0-5344229374","0a236216-eca0-4460-a359-ba59ea34a271"
"2-s2.0-5344229374","290661fb-683f-4215-bc97-375798724a9b"
"2-s2.0-5344229374","41a68c4c-4c03-470f-b4ff-c3ddc6dd3345"
"2-s2.0-5344229374","340b88d5-6d16-4863-8189-b72b08f41392"
"2-s2.0-5344229374","b286b238-da54-4400-aee1-29ee45d20bf3"
"2-s2.0-5344229374","2084c35f-6280-4b44-a013-61131523823a"
"2-s2.0-0032894814","d6c268ec-6b9f-4b52-97a1-2d38a372f1cd"
"2-s2.0-0032894814","098f3c11-5bca-44c5-abe7-dd6657aa7a52"
"2-s2.0-0032894814","fc90139c-549d-4d03-aff1-976718ca35f8"
"2-s2.0-0032894814","0e221200-538b-4cbd-bf2f-c18af2023bb0"
"2-s2.0-0032894814","7f0d887c-a334-4017-b5e4-216953ecd6f0"
"2-s2.0-0025675186","29e4d481-63a3-4e0f-a86b-e35c6aa1cd3b"
"2-s2.0-0025675186","4fb7f9da-a874-42fb-898b-5e3e8990f080"
"2-s2.0-0025675186","0e51b9af-8b4e-4ef0-bb05-f7427b49ae5e"
"2-s2.0-0025675186","88cd2d7a-8ced-4704-ad88-2d04aebadc63"
"2-s2.0-0025675186","d5360cb5-16b7-4b59-8434-9aef9d36c465"
"2-s2.0-0025675186","8d443b47-5d77-42b5-a819-61c7dd3fe5e9"
"2-s2.0-0025675186","8e78f94d-76e5-4df1-8993-f6859f9796be"
"2-s2.0-0032416572","cc65a999-408a-4d3f-97f3-1379f91f4843"
"2-s2.0-0032416572","1eec4f5f-cd67-4a94-93be-b2f1f6620355"
"2-s2.0-0032416572","f642e5f1-e36d-41c2-ac0a-fdf1e6a8a2f0"
"2-s2.0-0032744264","bd5494d1-f937-45ef-b049-4b8225a65c8e"
"2-s2.0-0032744264","794e5232-6fbe-4ea1-83dd-567cacded19d"
"2-s2.0-0032744264","75c900fe-d56b-4b10-82f3-c46de2f4e844"
"2-s2.0-0032744264","9c6b8ee9-c137-4a2a-8ad0-95cb75a37adb"
"2-s2.0-0032744264","14bb72b0-d7a8-45cf-af11-0838909c16e5"
"2-s2.0-0032744264","c72e0053-cdc5-4790-8576-4bf4d87b0c51"
"2-s2.0-0032744264","71cd1b3b-991b-49ea-8a46-8717f9c6e95b"
"2-s2.0-0032744264","05db9c9a-e1ff-4328-b183-d24313b47eea"
"2-s2.0-0032744264","9a23b4ef-de62-40d5-a9bf-27d8030eae22"
"2-s2.0-0034910237","84278f0c-1abe-4f8c-9cb1-00a923ebb4e7"
"2-s2.0-0034910237","3136ef7d-11ac-48e9-b006-206cfdecc257"
"2-s2.0-0034910237","75d64216-0dbf-4238-8365-fb491ad272ba"
"2-s2.0-0034910237","0061793f-c76d-4f58-a6ae-aab574b3c3ae"
"2-s2.0-0032928507","e29f0ed6-4148-4c6e-bd84-373c5d9240ba"
"2-s2.0-0028816025","f440361e-2f5d-4488-9eb6-509ff40839de"
"2-s2.0-0028450191","8061c1f8-d694-433f-9f6d-0dcbe191d659"
"2-s2.0-0028450191","d7e1ebaf-c692-4628-8f66-06cc360d5805"
"2-s2.0-0028450191","4e7d9b9c-0cd3-4da2-bc80-39853a515f47"
"2-s2.0-0028450191","7821983e-a260-4678-8550-57f71a6033ae"
"2-s2.0-0028450191","7de4a9b3-575f-4d9b-b8d3-5a4366d9530e"
"2-s2.0-0028450191","19c25e28-4f4b-4d24-84e6-41f171f062f0"
"2-s2.0-0028450191","3f2e9614-82fd-4094-9906-82fe22522a41"
"2-s2.0-0028450191","6d9bfbe9-56de-4c4f-8c3d-fb07920e38b8"
"2-s2.0-0028450191","0532c2c8-7f21-4b34-b920-f3df6739e8f5"
"2-s2.0-0028450191","4f1f24e0-4411-4c78-b346-6bf332972841"
"2-s2.0-0028450191","68f0834a-0a3d-41b5-9906-367dad2c9ecb"
"2-s2.0-0028450191","c123f1ad-5ff0-45f8-99e7-1afc5ba591cf"
"2-s2.0-0028450191","c90eb318-df5c-41a1-8eac-f4dd639ab6ff"
"2-s2.0-0028450191","7f645749-fd80-4f5e-bfc4-dc3fb7bd5808"
"2-s2.0-0028450191","170fd069-0891-4edf-b2ed-08852a0dbc2c"
"2-s2.0-0028450191","bac867e8-bdca-4196-addc-ecc0b57f5200"
"2-s2.0-0028450191","62ab4fa4-6f76-4b7e-aad7-0e32ea3d4456"
"2-s2.0-0028450191","7dae8012-25cd-4a3a-8b8f-ca8dce3bed43"
"2-s2.0-0028450191","93219415-ac08-4c0a-bb83-cf7d8e6fd4e6"
"2-s2.0-0028450191","52f087f0-d505-43ec-bb54-cb74f04a9b0e"
"2-s2.0-0028450191","46fcc90f-9898-4009-9c4c-b75f259ca79d"
"2-s2.0-0028450191","9da05686-468b-4376-ac80-7bcecbde5ea4"
"2-s2.0-0028450191","31a54dd3-cd10-4537-9885-0b7a0eb726c5"
"2-s2.0-0028450191","dd75a44d-ccee-45a6-95ef-71f9337d3140"
"2-s2.0-0028450191","785156eb-db04-4cbe-81d0-a0596c9e2435"
"2-s2.0-0028450191","27234e9c-0ea1-4d59-8d53-477b1f631931"
"2-s2.0-0028450191","537d5fa7-833b-4d3e-89d1-41f555d700cc"
"2-s2.0-0028450191","812b4215-93b0-454d-ae3e-be9f82a9c04f"
"2-s2.0-0028450191","2fea2fd5-c424-4767-8dcb-f76e296c0317"
"2-s2.0-0032445697","8459e5b9-bbf3-4774-a7b7-a5adc7403bf6"
"2-s2.0-0032445697","cc309cb4-fb86-4295-abff-665e91a63b1b"
"2-s2.0-0032445697","36c64b18-7a8f-4048-afbe-b0d5d2c6c872"
"2-s2.0-0032445697","c52e3da3-2d63-4ecb-8c8a-23ab06105977"
"2-s2.0-0032445697","02aaa815-71ad-486b-b07a-4dc12601f564"
"2-s2.0-0032445697","8f8a23a8-74da-42f2-8960-02a3a1e75862"
"2-s2.0-0026122594","f2df53dc-f093-4e54-b033-2d9f12f7dd97"
"2-s2.0-0026122594","65c1f6fb-8a42-47f1-b828-9a17451f464a"
"2-s2.0-0026122594","fe7a712b-e879-4fb9-9a49-db6951d5c34b"
"2-s2.0-0026122594","df9a770b-6ec0-408c-a40b-bdb5c7f32d1c"
"2-s2.0-0026122594","38c7d1b4-0a02-46ac-8aa3-2fc70ec764a4"
"2-s2.0-0026122594","229ce1be-00f9-4420-b67c-6ea967d6962b"
"2-s2.0-0026122594","4a3342ae-5d4b-43c8-a9a1-00650a4de43b"
"2-s2.0-0026122594","d426f927-9c43-4b61-a87c-6a23958a8f58"
"2-s2.0-0026122594","41e8142a-f430-4dd5-9d93-eccd79c8416f"
"2-s2.0-0142196607","ad8574d3-8f3a-4f7c-96ee-4726a2016ed6"
"2-s2.0-0142196607","8e7161e1-b78f-473a-80de-4b2adc3455c9"
"2-s2.0-0142196607","bd7d19ad-437c-42a6-a9e9-c12b2004bb82"
"2-s2.0-0142196607","f3e7f374-e795-40ac-8747-cfb2bd732cbd"
"2-s2.0-0142196607","d56aba57-fad3-477c-be1a-0626bdbf4f76"
"2-s2.0-0142196607","d16e31f8-cf75-4166-b672-5ff347397fd7"
"2-s2.0-0142196607","a09e84c7-bf87-47fa-8dd9-7dbca2d94be3"
"2-s2.0-0142196607","dc237292-c8d5-48de-8fc2-b24e8fb29baa"
"2-s2.0-0142196607","bc73d815-a5f0-4e7f-969f-4b61388afdad"
"2-s2.0-0031450198","bba2feb2-4bb0-4fde-8025-d1b67947bc91"
"2-s2.0-0031450198","77747fc5-a70f-42d5-96d8-f7b34c2da54e"
"2-s2.0-0031450198","45181759-3dba-4d0d-98b1-88909a213c10"
"2-s2.0-0031450198","d2ed22e8-baed-4750-ba16-9b521b170267"
"2-s2.0-0031450198","bb0bfec1-39ae-4aa8-8c73-9b7d7f8819b5"
"2-s2.0-0031450198","a3b59a76-b356-45a5-b2df-f0dd515886dc"
"2-s2.0-0031450198","bb7c7094-a737-4ca6-9082-bbdc565e0a9c"
"2-s2.0-0031450198","4c97bed3-b29b-4c9d-85c6-b6b9366f7ae4"
"2-s2.0-0031450198","7ec0d050-a9a6-4d4c-abb0-b123dba67b8d"
"2-s2.0-0031450198","3554d277-4127-48b1-b231-b9071a595196"
"2-s2.0-0031450198","d335ee60-9a4c-477f-b77c-16f6028a2919"
"2-s2.0-0031450198","27e12fb2-c46e-413e-aaf7-25a19f02d4ca"
"2-s2.0-0031450198","4433f91d-d110-4814-9aad-8b3aea7c9f86"
"2-s2.0-0031450198","80382abe-5ec0-4b03-80d9-5d72b59ecd53"
"2-s2.0-0031450198","86c52c04-96ff-41f5-8174-f2c5500b8726"
"2-s2.0-0031450198","df169ed4-f8ad-407b-a634-729a2f7d7a51"
"2-s2.0-0031450198","f732af7b-9ed2-4b9f-8a50-35b60e7121df"
"2-s2.0-0031450198","d54aae91-3bba-4482-b697-00f3d80b75b6"
"2-s2.0-0031450198","0a24b3ff-9147-4a82-a658-1efaf49da7d4"
"2-s2.0-0030613680","36a92e3e-613f-4ea4-be19-f90823926668"
"2-s2.0-0030613680","86c52c04-96ff-41f5-8174-f2c5500b8726"
"2-s2.0-0030613680","9edda72c-ddc7-4f53-a62c-e4aa149f35a4"
"2-s2.0-0030613680","1a6057fe-f444-4cbb-9d3b-8e641f622492"
"2-s2.0-0030613680","2bb0f3dd-93ed-476a-9302-884cd7485bd3"
"2-s2.0-0030613680","bb0bfec1-39ae-4aa8-8c73-9b7d7f8819b5"
"2-s2.0-0030613680","bb7c7094-a737-4ca6-9082-bbdc565e0a9c"
"2-s2.0-0030613680","7ec0d050-a9a6-4d4c-abb0-b123dba67b8d"
"2-s2.0-0030613680","3554d277-4127-48b1-b231-b9071a595196"
"2-s2.0-0030613680","d335ee60-9a4c-477f-b77c-16f6028a2919"
"2-s2.0-0030613680","d54aae91-3bba-4482-b697-00f3d80b75b6"
"2-s2.0-0030613680","8e78f94d-76e5-4df1-8993-f6859f9796be"
"2-s2.0-0030613680","42382f33-8894-4c9f-8ec6-06f3c36625ac"
"2-s2.0-0030613680","07936136-243e-4552-bc01-28f33ca3f957"
"2-s2.0-0030613680","e4408168-bc44-4df2-b36c-777074a424c0"
"2-s2.0-0030613680","31c6a0af-ba5a-43dc-8089-489df11888f1"
"2-s2.0-0036844359","97ff6fe0-df49-4d75-b8f8-e602fcdffbd8"
"2-s2.0-0036844359","ea426a2a-3c4d-4acc-9b76-c1e7d9bd94e8"
"2-s2.0-0036844359","60180868-d0ef-47bf-9553-49033a18fd6d"
"2-s2.0-0036844359","9f0a1b6e-de3e-4e6a-89d3-a511f0972de6"
"2-s2.0-0036844359","a35fc2bf-76b7-46b2-ba4b-2ffe34cd57fe"
"2-s2.0-0036844359","f51e5dc1-f75f-4ce6-b13d-552faa06b61f"
"2-s2.0-0036844359","93219415-ac08-4c0a-bb83-cf7d8e6fd4e6"
"2-s2.0-0036844359","b6b4f4c1-0779-4aa1-b2c2-94464f5ae8db"
"2-s2.0-0036844359","545dff2a-482a-48fd-a604-1f24202bd886"
"2-s2.0-0036844359","74405e02-6feb-453e-a374-ce2f66602aea"
"2-s2.0-0036844359","9c347188-a2e9-499f-87ec-777a9b959f11"
"2-s2.0-0036844359","f920dd32-5754-460e-b2a5-3fa0d034644b"
"2-s2.0-0036844359","00fad238-de91-4337-a247-bb3a45db901e"
"2-s2.0-0033512742","52f087f0-d505-43ec-bb54-cb74f04a9b0e"
"2-s2.0-0033512742","f01513cb-36ae-4b05-86cd-8b401debfb1a"
"2-s2.0-0033512742","139913dc-28a8-4bc5-84b9-7d61035c7a51"
"2-s2.0-0033512742","45181759-3dba-4d0d-98b1-88909a213c10"
"2-s2.0-0033512742","4c97bed3-b29b-4c9d-85c6-b6b9366f7ae4"
"2-s2.0-0033512742","7ec0d050-a9a6-4d4c-abb0-b123dba67b8d"
"2-s2.0-0033512742","77db04dd-ba98-49e7-821f-df22c8f90cd1"
"2-s2.0-0033512742","71cd1b3b-991b-49ea-8a46-8717f9c6e95b"
"2-s2.0-0033512742","53736435-80c4-4433-8781-81dc104bdc97"
"2-s2.0-0033512742","b3bf47e0-8ea5-4eff-beda-a426891a71b4"
"2-s2.0-0033512742","026f20b9-e9e1-45f5-bbfa-9bc9332f9c4f"
"2-s2.0-0033512742","350bbe84-3988-4068-a80a-bbe5e721ac09"
"2-s2.0-0031436236","1a395ed7-6117-4da5-8f2b-0e54de30345b"
"2-s2.0-0031436236","c7527d0a-0934-42a8-9630-7e151a2471ea"
"2-s2.0-0031436236","e6f229a6-49dc-457d-b5df-bcfb95631d02"
"2-s2.0-0031436236","057bcd6f-3543-4c0b-b738-888a6a286580"
"2-s2.0-0031436236","1db0b344-9374-4234-ac64-ad5c0895f641"
"2-s2.0-0031436236","327855aa-d168-40bc-9056-6f53c0464393"
"2-s2.0-0031436236","c28799b7-e84a-4349-8128-5c8115426d8d"
"2-s2.0-0031436236","fcc28274-e291-4c06-824f-8fba50dfb629"
"2-s2.0-0031436236","3d4e5bda-b0f4-4124-bb5c-abc387aeca1e"
"2-s2.0-0031436236","ade2af46-87e7-45e5-91c5-3d052bc401c2"
"2-s2.0-0026788434","f70460a9-0c80-408d-8059-0f208ec2b85f"
"2-s2.0-0026788434","46895656-534a-421e-9193-0104a9cc9821"
"2-s2.0-0026788434","d1868e50-739e-4b8e-9767-9828b8e7b811"
"2-s2.0-0026788434","ad5b0865-c655-42d1-b929-b617ddd20e7d"
"2-s2.0-0026788434","38b703e6-f56e-48d7-a974-bf991c7a9d8e"
"2-s2.0-0026788434","d41cc8ad-d605-4496-86e7-b93b08aa15c4"
"2-s2.0-0026788434","7cc9dea3-5d7e-4cfb-aee9-7b557e5ea370"
"2-s2.0-0026788434","5ca4e322-fd24-44d8-9c51-12fe0b32dc89"
"2-s2.0-0026788434","c8912083-d040-400f-a4cb-f11d8c98b000"
"2-s2.0-0026788434","6204f6ea-f763-4b1b-ba93-6596f84f3b30"
"2-s2.0-0026788434","d3af62be-0fee-4292-8f86-2c603e7cb03e"
"2-s2.0-0026788434","74a69fb6-835e-448e-b374-6cfe4c972f9f"
"2-s2.0-0026788434","00d789e3-9b60-45eb-a4d9-f448090fd462"
"2-s2.0-0026788434","8086ddd5-15dc-48f2-a115-2b96a27bb25a"
"2-s2.0-0026788434","9f10b9ec-e105-4e96-9e2d-c280c335df0d"
"2-s2.0-0026788434","5350f774-46e8-4d67-81a1-9f5b3dc96d54"
"2-s2.0-0026788434","90af957a-3143-4c0d-9692-3fa8ee766a46"
"2-s2.0-0026788434","94fca8b1-281e-415a-aa0f-eb5c7a92526b"
"2-s2.0-0026788434","6a188011-6508-4973-935f-a4fd74eb9336"
"2-s2.0-0026788434","3ad65f53-b0d3-4d77-8ce0-4cd0c71feaa1"
"2-s2.0-0026788434","cda3e0f9-d0b8-4969-b5e7-7fbfab17fe23"
"2-s2.0-0026788434","cf3b04f0-488d-479b-899c-f75c94e7f648"
"2-s2.0-0026788434","32a37e04-5ce2-40c7-8233-d1818fff4229"
"2-s2.0-0026788434","b40c8888-ba25-494d-882d-8001abf64595"
"2-s2.0-0026788434","397dfe57-f005-4511-b440-36babb4382e1"
"2-s2.0-0026788434","17090c50-ad5a-43b3-984f-68f13f23760a"
"2-s2.0-0026788434","82d3de5c-f282-4aea-998f-3def416f23ba"
"2-s2.0-0026788434","ea9c8627-9e6a-4f11-8c2f-9be9fcfd9dac"
"2-s2.0-0026788434","93219415-ac08-4c0a-bb83-cf7d8e6fd4e6"
"2-s2.0-0026788434","b2a86805-41b8-42b7-8f68-d4bc4d84dd39"
"2-s2.0-0026788434","52f087f0-d505-43ec-bb54-cb74f04a9b0e"
"2-s2.0-0026788434","6eb3f446-5022-4fbd-b04a-142c837aec5b"
"2-s2.0-0026788434","6a5181c9-2c76-40fa-9586-cb15d09dee26"
"2-s2.0-0026788434","fcc28274-e291-4c06-824f-8fba50dfb629"
"2-s2.0-0026788434","27234e9c-0ea1-4d59-8d53-477b1f631931"
"2-s2.0-0026788434","df6ef8d9-f4a0-4fea-8b15-c9e78c1736be"
"2-s2.0-0036806968","14662158-56d0-4ec2-8fd9-ac6d45d0a2ed"
"2-s2.0-0036806968","98246dd9-3341-4f49-ae74-c5844b41b903"
"2-s2.0-0036806968","21ea1aa7-ae34-4dea-afea-5e08ce88c08b"
"2-s2.0-0036806968","b21e1dfc-b657-4690-bda4-e47316131c3c"
"2-s2.0-0036806968","d0bb4938-1a69-4aa3-86e3-b9e6e1f43fc7"
"2-s2.0-0036806968","9f6de1b8-5b8d-4c1a-b118-36e88974cff7"
"2-s2.0-0036806968","24759769-f503-46c7-af3a-38069f4575a5"
"2-s2.0-0036806968","ba81e5cd-47c8-4463-a62d-2b5bea4f8d8a"
"2-s2.0-0036806968","54869073-667e-41d0-9f8b-788ac5fb671d"
"2-s2.0-0036806968","e2a4a516-6204-44d8-883d-674d0656c360"
"2-s2.0-0036806968","170a90a8-798f-428e-b905-10f6550acf5f"
"2-s2.0-0036806968","45e7eb5e-7d47-4097-8813-f2ad37826897"
"2-s2.0-0036806968","4017197a-6956-47e0-955f-e87f5b5beafd"
"2-s2.0-0036806968","cf7707cf-20ae-4bc6-9054-9d60937ac755"
"2-s2.0-0036806968","b8038000-5dd4-4d19-9ba0-f57d6369aca0"
"2-s2.0-0036806968","c99f51f5-17b4-4351-aacd-b6aba1f34aa3"
"2-s2.0-0036806968","03fe8a6e-238f-4384-bf37-297d2bed433c"
"2-s2.0-0036806968","3edad674-aaf6-4fb0-b9e0-b1b236285c72"
"2-s2.0-0036806968","24b7a3d3-5f0e-428c-9b0a-35bd5568461b"
"2-s2.0-0036806968","40d59b68-9ac4-4d40-9a32-5e6bddcf7686"
"2-s2.0-0036806968","fb7c79b4-e611-4739-a1a6-f230497299a5"
"2-s2.0-0036806968","4378b3f6-9ef4-4d54-8789-ce170a65f38c"
"2-s2.0-0036806968","3525812f-3267-4550-a121-10ec62e8cd38"
"2-s2.0-0036806968","0efa0a89-5bf2-47cf-a9f1-9f8d8ba761f2"
"2-s2.0-0036806968","9827ae51-ccc8-4a5b-bedb-0c67c1663928"
"2-s2.0-0036806968","a53cfd8f-8c53-431b-a891-dbaa1265e38b"
"2-s2.0-0036806968","1e38c789-432c-4d3d-976d-23a16c8f91f1"
"2-s2.0-0036806968","f2390131-44c3-4f29-bcf0-acc85d488b88"
"2-s2.0-0036806968","9594175d-bbac-425f-a300-1d8f5473c581"
"2-s2.0-0036806968","61bb5820-6c05-4105-8964-8cd284b3225b"
"2-s2.0-0036806968","32a37e04-5ce2-40c7-8233-d1818fff4229"
"2-s2.0-0036806968","a521d9ef-3e3a-4f88-b7d4-32e9954694a8"
"2-s2.0-0036806968","2ce75e00-2e9d-4712-99c3-591bf5d8fd8f"
"2-s2.0-0036806968","75fca080-b552-446a-b0cb-c2fad6afcf79"
"2-s2.0-0036806968","82d3de5c-f282-4aea-998f-3def416f23ba"
"2-s2.0-0036806968","b3cd135d-4722-4a85-bfde-08db066de05f"
"2-s2.0-0036806968","93219415-ac08-4c0a-bb83-cf7d8e6fd4e6"
"2-s2.0-0036806968","466ee5b4-8c81-42a6-a4a5-5fa342c78957"
"2-s2.0-0036806968","9160fb13-b3b3-4bb5-b67d-abc319ec75f0"
"2-s2.0-0036806968","9c3e80b0-4649-452a-a8a9-bc95e047bc75"
"2-s2.0-0036806968","4fd5baf8-acfd-4517-9502-5f80b3a7d119"
"2-s2.0-0036806968","e50a9b35-f110-4e00-b401-da32129539ad"
"2-s2.0-0036806968","8c5ca90f-0201-4754-a53f-1c7d88312feb"
"2-s2.0-0036806968","1158ab14-f19d-4982-bc0e-50dc44a7fa98"
"2-s2.0-0035193898","284571ba-c1a8-4091-b6ed-532ec7b8b0d7"
"2-s2.0-0035193898","540a813d-a221-4468-ae50-52784219da41"
"2-s2.0-0035193898","6ccc0394-f1d7-404f-b2e3-2c4f9823b237"
"2-s2.0-0035193898","7a7f632d-0a8e-407c-8646-c1100f5b11c8"
"2-s2.0-0035193898","575c200c-1173-47a3-9348-2caa72190966"
"2-s2.0-0035193898","8d17e67c-c301-4c3e-9140-5f7ae598bcba"
"2-s2.0-0035193898","85ed2b40-5c3a-4961-bc4c-1a9fe0952d32"
"2-s2.0-0035193898","77e7ea19-383c-486f-9352-146a88a5700c"
"2-s2.0-0035193898","bb18dc1e-e316-4756-9936-88f3b64b214a"
"2-s2.0-0035193898","a7d5a073-cac9-4c77-8cd0-d8406e9ea872"
"2-s2.0-0035193898","ce8e535c-f249-4432-97ad-c27ba44fcd51"
"2-s2.0-0035193898","ef904f97-57c3-4355-b768-57e28874067a"
"2-s2.0-0035193898","69353af4-25e6-43ac-85cd-3fbaa15ce3d0"
"2-s2.0-0026312199","327855aa-d168-40bc-9056-6f53c0464393"
"2-s2.0-0026312199","7de74252-436f-4bad-a440-f11f960e94fc"
"2-s2.0-0026312199","0e51b9af-8b4e-4ef0-bb05-f7427b49ae5e"
"2-s2.0-0026312199","b8a2da0a-6392-419f-bbbd-47324f32137e"
"2-s2.0-0026312199","73bf1f24-27cb-493e-b6f6-08c4f3d5f09f"
"2-s2.0-0026312199","1dff8853-2972-4711-b41d-ad4ee4cd2542"
"2-s2.0-0026312199","7e165b89-6fd0-4ce3-a544-71215e00d119"
"2-s2.0-0026312199","6da120f0-2cbc-45d9-9e47-aa50710db7f5"
"2-s2.0-0026312199","6b98fdfa-ee3b-41a2-becd-b0c305062c22"
"2-s2.0-0026312199","3ea43938-13bf-4d4e-b150-54d7d22762d7"
"2-s2.0-0036769833","52f087f0-d505-43ec-bb54-cb74f04a9b0e"
"2-s2.0-0036769833","f01513cb-36ae-4b05-86cd-8b401debfb1a"
"2-s2.0-0036769833","139913dc-28a8-4bc5-84b9-7d61035c7a51"
"2-s2.0-0036769833","45181759-3dba-4d0d-98b1-88909a213c10"
"2-s2.0-0036769833","afc6926d-5d98-42d9-9b58-2f11e58171e5"
"2-s2.0-0036769833","1a6057fe-f444-4cbb-9d3b-8e641f622492"
"2-s2.0-0036769833","5ab8817a-ce9d-47d2-80c1-68221c1b36db"
"2-s2.0-0036769833","4c97bed3-b29b-4c9d-85c6-b6b9366f7ae4"
"2-s2.0-0036769833","7ec0d050-a9a6-4d4c-abb0-b123dba67b8d"
"2-s2.0-0036769833","059e3fe5-2f8c-4640-af49-d9d79ad9a76c"
"2-s2.0-0036769833","ca2cfe60-057d-4e2a-87fa-d163620926df"
"2-s2.0-0036769833","afa61f50-4694-4310-b457-4d782841d6f1"
"2-s2.0-0036769833","7c2fffad-fc4e-4478-ba48-098581b2c23a"
"2-s2.0-0036769833","35be1fd4-d7d1-4fcf-80a4-1babdd6a2b3b"
"2-s2.0-0036769833","6ff71d8c-ff98-4782-84e9-166a22f5cb62"
"2-s2.0-0032446098","94a83e30-35db-4223-bcec-2290d2f19c59"
"2-s2.0-0032446098","792402b6-23ed-48e4-ad9e-86349db22974"
"2-s2.0-0032446098","794e5232-6fbe-4ea1-83dd-567cacded19d"
"2-s2.0-0032446098","cf9c5e4d-7de5-474d-8205-62ae6cb7d4ef"
"2-s2.0-0032446098","77c89ead-fbf5-4edb-a142-6b046194c0f9"
"2-s2.0-0032446098","30d3a8ed-75ca-41cc-a4c0-f79b331bb15a"
"2-s2.0-0032446098","31c6a0af-ba5a-43dc-8089-489df11888f1"
"2-s2.0-0032812246","794e5232-6fbe-4ea1-83dd-567cacded19d"
"2-s2.0-0032812246","95924b2a-6318-43e8-ab88-d7dab31bf078"
"2-s2.0-0032812246","2f3df8bc-4f26-4c3b-b2b8-2ba77c5dd1b0"
"2-s2.0-0032812246","0fa05e63-fb13-4fd3-9b75-2767b9ed1fcb"
"2-s2.0-0032812246","9730910e-cfbd-4412-8f02-aa5b54a22946"
"2-s2.0-0030438785","52f087f0-d505-43ec-bb54-cb74f04a9b0e"
"2-s2.0-0030438785","c97724c1-e263-42fa-8fe0-43aee2f0770e"
"2-s2.0-0030438785","87c4b9eb-10fb-495b-8792-a7d8806b15db"
"2-s2.0-0030438785","1cebed02-1cb3-400f-83c8-2ce39288ff80"
"2-s2.0-0030438785","a55afd61-c613-4376-9c3d-23d27d9629db"
"2-s2.0-0030438785","1b398d8c-31a2-4e55-8f29-127e6ff2c957"
"2-s2.0-0030438785","bbea197b-7d20-425f-aff2-e5cbe881273a"
"2-s2.0-0030438785","1bf03032-d150-4361-94b9-a993c9748fa9"
"2-s2.0-0030438785","b79c0edb-4198-4a11-b7ac-fa83044197ee"
"2-s2.0-0030438785","0f248b26-044b-4f48-a8b6-0fc920df67da"
"2-s2.0-0030438785","3fe17ada-9676-4a92-bec7-ab5b6d9eb6a8"
"2-s2.0-0030438785","e3754679-b988-422d-853a-0a6883a77243"
"2-s2.0-0030438785","420ea4f7-b6e4-4eb2-85b1-f21afc363991"
"2-s2.0-0030438785","13d4eb6f-e2ba-4829-8403-032033f43fe6"
"2-s2.0-0030438785","7eab1aaa-e581-476b-a371-36ba2162d76f"
"2-s2.0-0031390774","52f087f0-d505-43ec-bb54-cb74f04a9b0e"
"2-s2.0-0031390774","86c52c04-96ff-41f5-8174-f2c5500b8726"
"2-s2.0-0031390774","7ec0d050-a9a6-4d4c-abb0-b123dba67b8d"
"2-s2.0-0031390774","ca2cfe60-057d-4e2a-87fa-d163620926df"
"2-s2.0-0031390774","d8cf43d8-ca66-4d60-9073-2d521b235e4a"
"2-s2.0-0030811343","63c0bcae-307c-4d0e-a838-3c1158b9950a"
"2-s2.0-0030811343","c0996d4c-6d17-4b31-af70-5cab44122a81"
"2-s2.0-0030811343","c6af4c2d-98bd-4f1c-8af0-09874358402b"
"2-s2.0-0030811343","24384751-e4fa-47f6-990d-9b886029dc7c"
"2-s2.0-0030811343","1a443777-a68a-4a7d-a982-d48a3646b7d4"
"2-s2.0-0030811343","7c8e6dcd-b181-4a1b-b60c-9e5119644aa6"
"2-s2.0-0030811343","eda15c93-da89-4f34-b381-794d34d56c35"
"2-s2.0-0030811343","2c19c1d7-3886-4958-954c-c20045a134d6"
"2-s2.0-0030811343","bcd5c0e9-4f7b-4be3-95a5-9508bbf63b96"
"2-s2.0-0030811343","9ee85b57-9479-497f-8953-5a7cdbc3e34a"
"2-s2.0-0030811343","7f11be8f-965f-4c73-ae96-ab402dbfc80a"
"2-s2.0-0030811343","d011c87e-027d-485f-b415-c4bd154d0df0"
"2-s2.0-0030811343","7dffc032-af59-4ef0-b6d9-bdcc0b834c52"
"2-s2.0-0030811343","fa15e0dc-1745-4ce2-abcc-fb41c2a9af17"
"2-s2.0-0030811343","8d1cd9fc-b2a6-4715-9371-99cfa7d183ee"
"2-s2.0-0030811343","bea65a77-fa0c-4bf7-a40d-17f9caa32122"
"2-s2.0-0030811343","04c6a00c-c5ee-4f1b-bc56-4d89bf7940ce"
"2-s2.0-0030811343","ab16b3c7-601e-4f0b-b1d6-7ac6d8991afa"
"2-s2.0-0030811343","52937ec8-b5b6-4f31-8ff5-f4cbebffd5f1"
"2-s2.0-0030811343","6a0b5db6-96aa-4151-be0a-ba4b471dd06b"
"2-s2.0-0030811343","4fae337a-2c0c-47dc-ba93-58e6cb58bbb6"
"2-s2.0-0030811343","8df392cf-a4e2-4354-a720-9ab7ed8e6fcf"
"2-s2.0-0030811343","b0e82d8f-5840-44db-9a26-16ca5ec94224"
"2-s2.0-0030811343","96597af2-c827-4b34-b372-dbe75c6e56f4"
"2-s2.0-0030317371","63ea5a82-d23c-4cec-94b8-6911d26bcdf5"
"2-s2.0-0030317371","ad3818fc-7b38-4838-ba10-687e1c5868fd"
"2-s2.0-0030317371","1c09cd38-5488-4501-aa9e-259f7fb53a2b"
"2-s2.0-0030317371","b1d8a400-3d93-4688-8190-d9631b21ac45"
"2-s2.0-0030317371","c1ff5e98-6e61-45d3-ae5b-40be6681e2a9"
"2-s2.0-0030317371","25994391-7b47-4c27-a720-0eaad2ba2b6c"
"2-s2.0-0030317371","32d33fbe-0f4e-47e4-aa01-c62168dbb3d0"
"2-s2.0-0030317371","9aca90d5-4433-49a4-9f07-555814364bde"
"2-s2.0-0030317371","b4a8648f-1e1c-4424-bc8c-deb5db642645"
"2-s2.0-0030317371","ca4389c4-3c85-496e-a030-4042bca76e8b"
"2-s2.0-0033026684","4323694c-2ae4-456a-a79b-1ab039389f56"
"2-s2.0-0033026684","52f087f0-d505-43ec-bb54-cb74f04a9b0e"
"2-s2.0-0033026684","aed67fda-ff4d-4799-b754-17ab8e2398cd"
"2-s2.0-0033026684","76c5d21e-5102-4a6e-b542-8f2db9cd251c"
"2-s2.0-0033026684","92a74e3f-6b37-49fb-a295-fc69f0678a3e"
"2-s2.0-0033026684","cfe9338c-6167-4575-8201-9c6bba21bb5b"
"2-s2.0-0033026684","c2cc5297-7a71-4127-acd2-0882744fa12b"
"2-s2.0-0033026684","e62675fd-d685-448c-abd0-27f893bf606f"
"2-s2.0-0033026684","45181759-3dba-4d0d-98b1-88909a213c10"
"2-s2.0-0033026684","9edda72c-ddc7-4f53-a62c-e4aa149f35a4"
"2-s2.0-0033026684","fc6d23eb-8322-4cc5-af15-4deb328c7e93"
"2-s2.0-0033026684","e82190d0-a1ec-4ae4-83b0-0a5d0cf230ad"
"2-s2.0-0033026684","6f9189be-e3e8-4752-aa24-3378954185fc"
"2-s2.0-0033026684","7afd18c0-470d-4b48-9d3b-427bddd788cf"
"2-s2.0-0033026684","2bb0f3dd-93ed-476a-9302-884cd7485bd3"
"2-s2.0-0033026684","b1a49a33-ae5f-44cd-b7cf-c3d0ce77856a"
"2-s2.0-0033026684","1b1e87b8-cf96-4526-95f2-e5d6ce3036f8"
"2-s2.0-0033026684","4e5dcace-4658-49ab-bf97-4720a3592209"
"2-s2.0-0033026684","ac885f8c-b6a3-4317-8879-9f156903ed82"
"2-s2.0-0033026684","0dd2f2c3-8293-453a-b384-f098eb2054fd"
"2-s2.0-0033026684","d335ee60-9a4c-477f-b77c-16f6028a2919"
"2-s2.0-0033026684","8dcc1e9b-bbdc-4473-b96d-8ced89b39d5a"
"2-s2.0-0033026684","e72721b1-8df1-4972-8b5f-fca179884a97"
"2-s2.0-0033026684","f732af7b-9ed2-4b9f-8a50-35b60e7121df"
"2-s2.0-0033026684","71cd1b3b-991b-49ea-8a46-8717f9c6e95b"
"2-s2.0-0033026684","bf0b9c43-bb91-4ccd-90e4-f6ef02db675c"
"2-s2.0-0033026684","3fa14e18-9595-4287-bbe9-94955f2042ce"
"2-s2.0-0034980785","ad8574d3-8f3a-4f7c-96ee-4726a2016ed6"
"2-s2.0-0034980785","780067e9-0d09-4c75-a248-9eaf0635071c"
"2-s2.0-0034980785","61a9a8aa-6a2b-48b7-8c5f-9e0c3fb8ce2f"
"2-s2.0-0034980785","cf0fa7d5-8919-4cab-a1d1-e6835e7650a7"
"2-s2.0-0034980785","8e7161e1-b78f-473a-80de-4b2adc3455c9"
"2-s2.0-0034980785","bd7d19ad-437c-42a6-a9e9-c12b2004bb82"
"2-s2.0-0347599062","367c5af2-0b11-42f0-bf2b-861b9229ff04"
"2-s2.0-0347599062","6f9189be-e3e8-4752-aa24-3378954185fc"
"2-s2.0-0347599062","655d237a-576c-43dc-a204-9097be2859ca"
"2-s2.0-0347599062","58b32d76-03ff-4cd6-ba94-76f9acd7229d"
"2-s2.0-0347599062","814f8681-50de-4d22-ba2d-da1d6568283c"
"2-s2.0-0347599062","a6cafa39-8a1b-43d6-a6b8-d38b5cf81cbb"
"2-s2.0-0347599062","fb0e09b1-2a76-443a-add5-1df5889156c7"
"2-s2.0-0347599062","75e609be-12fe-4485-88d2-959ac4c8a165"
"2-s2.0-0347599062","1907ce3f-12a2-4bc8-9476-341fb3e1abba"
"2-s2.0-0347599062","b6b4f4c1-0779-4aa1-b2c2-94464f5ae8db"
"2-s2.0-0347599062","6b64d920-336b-4b9e-9117-0cb1ad5bf9bc"
"2-s2.0-0034496762","e5c3103b-fbe2-4d8c-bd62-ab0406a94155"
"2-s2.0-0034496762","5c0fdfb8-3da7-48c6-8423-63f818226417"
"2-s2.0-0037002018","cb2d51a6-0924-429d-bb3d-fb15ea1bf716"
"2-s2.0-0037002018","41d228ed-b96b-442f-99cf-6b306f60d65c"
"2-s2.0-0037002018","c2cc5297-7a71-4127-acd2-0882744fa12b"
"2-s2.0-0037002018","8d9789a8-f6cf-4c99-be32-fd6f4cd80afd"
"2-s2.0-0037002018","f7377e20-f918-4281-b3b0-b4abf290209b"
"2-s2.0-0037002018","b5b216c0-bcfe-452d-9119-dd90133678c9"
"2-s2.0-0037002018","937c2cf9-f410-44ec-a929-0278e742b0b0"
"2-s2.0-0037002018","375089fe-0f0d-48b6-b0f9-f2360f50814d"
"2-s2.0-0034024444","bc4f4f31-97e0-497f-8129-1cf5bad7e217"
"2-s2.0-0034024444","52f087f0-d505-43ec-bb54-cb74f04a9b0e"
"2-s2.0-0034024444","4e5c79a3-6f17-445c-996e-57f5ecf7de3c"
"2-s2.0-0034024444","36c14ca4-4b21-40bb-9902-92ab9de4e006"
"2-s2.0-0034024444","3686a233-eed4-4c64-a8dc-f1e120bf8eac"
"2-s2.0-0034024444","88987972-78d8-483a-9880-39f5a28ebbca"
"2-s2.0-0141942565","8a32c773-8fee-4e73-83a4-70345c410667"
"2-s2.0-0141942565","b28072b4-af26-480e-98ff-11bc504c5a02"
"2-s2.0-0141942565","84c43184-2562-4094-afa7-5e5d8ea82ee6"
"2-s2.0-0141942565","00d19049-0468-4e61-8a16-36dcdc3985e9"
"2-s2.0-0141942565","3f60ad86-867d-4054-a43b-56e0df934454"
"2-s2.0-0141942565","cd0c4aa0-5a3d-4811-9220-419052b9d78e"
"2-s2.0-0141942565","b2ab2072-c17b-43a3-8575-2531e536c723"
"2-s2.0-0141942565","c2ccdeb1-5b43-4da9-97ad-55d8641c141d"
"2-s2.0-0141942565","b94339fa-86e5-497a-bfdd-f9982dc01d63"
"2-s2.0-0141942565","66a7ced0-f353-493f-961d-440be7c042f5"
"2-s2.0-0141942565","5a0ec849-5a39-4132-89c4-5eff515aa120"
"2-s2.0-0141942565","15638a8d-0f99-4a04-8c59-2e3b02a47068"
"2-s2.0-0141942565","948f5c10-b70c-4901-b265-872f4ac9e882"
"2-s2.0-0141942565","6c5dfcc0-3c95-4747-9e9a-b0e072ad02aa"
"2-s2.0-0141942565","89f7a7a2-5b6b-41f8-9333-89c604cfd289"
"2-s2.0-0141942565","b1a78599-09ed-437e-80c5-e91db1978df7"
"2-s2.0-0141942565","cc4196b9-1666-444d-bca4-23c2228bbc9c"
"2-s2.0-0141942565","7b223aec-d573-472e-9ad8-e0397b7b19da"
"2-s2.0-0141942565","977db70a-acaf-4aaa-af57-c75d23838810"
"2-s2.0-0141942565","01f9350f-12a0-4bf5-b47c-1744b164dd18"
"2-s2.0-0141942565","9f59c85c-874c-4d65-af20-cb44ae9ac834"
"2-s2.0-0026665655","15fca2c3-f69f-4bd2-b780-08741128e6fb"
"2-s2.0-0026665655","64008fbf-4b5e-4371-97fb-5c4eff090692"
"2-s2.0-0026665655","32a37e04-5ce2-40c7-8233-d1818fff4229"
"2-s2.0-0026665655","a775302a-29f7-4f5b-b505-e8d26117e772"
"2-s2.0-0026665655","7d738a98-2638-4a77-b0bd-e3488f5c15e3"
"2-s2.0-0026665655","93219415-ac08-4c0a-bb83-cf7d8e6fd4e6"
"2-s2.0-0026665655","7f3c565a-1311-4b31-82a0-8f0a6c93afd9"
"2-s2.0-0026665655","27234e9c-0ea1-4d59-8d53-477b1f631931"
"2-s2.0-0026665655","8894f30c-ec1c-4f5a-a226-8fa3916d81c0"
"2-s2.0-0026665655","c980ea66-5a0f-46c4-a881-fb177023b5fc"
"2-s2.0-0026665655","cb963a3d-2a28-4da4-9616-2a657ed3f5b3"
"2-s2.0-0026665655","5971aab4-6e65-418d-bc5a-899b0a48f65f"
"2-s2.0-0026665655","3f3f3f2b-a4d0-467c-bb30-8b114dc84cfc"
"2-s2.0-0026665655","31c6a0af-ba5a-43dc-8089-489df11888f1"
"2-s2.0-0030324787","b2c9d39d-718b-458d-8d1c-4507266714f8"
"2-s2.0-0030324787","f9b47510-5cc8-4e72-aab2-2b477b355052"
"2-s2.0-0030324787","80e0b1da-979c-43ef-8a6d-c3d92279371a"
"2-s2.0-0030324787","f3250808-48ce-4f7a-8722-5e51832629e0"
"2-s2.0-0030324787","b40dd875-b268-4ec9-9e81-0379dac3db5c"
"2-s2.0-0036964226","162c37be-9b6a-4e41-80ca-cae29eee2dec"
"2-s2.0-0036964226","61e79b4a-1ca3-41aa-9624-396b0b9f7476"
"2-s2.0-0036964226","9b476b57-efa3-4aa9-8ef3-d8e9d9f2ada0"
"2-s2.0-0036964226","2bb0f3dd-93ed-476a-9302-884cd7485bd3"
"2-s2.0-0036964226","888bc302-9227-407d-8869-75927291952b"
"2-s2.0-0036964226","8f4ad425-e4e2-4f44-9088-b1df3252d434"
"2-s2.0-0036964226","9730910e-cfbd-4412-8f02-aa5b54a22946"
"2-s2.0-0036964226","f2228744-0001-4fa0-b6f0-38cc031dbc82"
"2-s2.0-0036964226","bd5494d1-f937-45ef-b049-4b8225a65c8e"
"2-s2.0-0036964226","6b0a42fc-5f2d-43f9-b8f2-08e444058d84"
"2-s2.0-0036964226","83e08c02-8dd6-41cc-8973-604e7d5a5bb0"
"2-s2.0-0036964226","43961ad6-ccde-4afb-a80a-c9929f1fc795"
"2-s2.0-0036964226","be0995fe-385b-4885-88ec-2145311b5f95"
"2-s2.0-0036964226","93219415-ac08-4c0a-bb83-cf7d8e6fd4e6"
"2-s2.0-0036964226","7c86be4a-6d19-4bf8-b8f4-1ff63f87fbcf"
"2-s2.0-0036964226","a13aa945-4a33-44c7-94a4-ca39017418fb"
"2-s2.0-0036964226","31fce3db-4d11-494e-92b3-f284e3ca99e0"
"2-s2.0-0036964226","a8cc63d9-e444-4dd7-a46e-8796197e4891"
"2-s2.0-0036964226","1e392db8-720f-44b3-9948-61cdaeb16dd1"
"2-s2.0-0036964226","27234e9c-0ea1-4d59-8d53-477b1f631931"
"2-s2.0-0036964226","9d9d85b9-2247-4b7d-8796-f6611aec6945"
"2-s2.0-0036964226","9026501c-b52b-45b9-aae6-518c464cb044"
"2-s2.0-0036964226","2984978a-771f-45a8-b63e-407971489f2f"
"2-s2.0-0036964226","07936136-243e-4552-bc01-28f33ca3f957"
"2-s2.0-0036964226","df6ef8d9-f4a0-4fea-8b15-c9e78c1736be"
"2-s2.0-0036964226","3771e9c2-5641-46e8-b17c-f9567728036d"
"2-s2.0-0036964226","31c6a0af-ba5a-43dc-8089-489df11888f1"
"2-s2.0-0032450223","52f087f0-d505-43ec-bb54-cb74f04a9b0e"
"2-s2.0-0032450223","92a74e3f-6b37-49fb-a295-fc69f0678a3e"
"2-s2.0-0032450223","c2cc5297-7a71-4127-acd2-0882744fa12b"
"2-s2.0-0032450223","6a394115-1d22-49ba-8741-5479a40a3321"
"2-s2.0-0032450223","98051f47-3d27-4d9f-a501-f908632687c4"
"2-s2.0-0032450223","825833ed-7971-40db-a41a-5630da798e81"
"2-s2.0-0032450223","8dcc1e9b-bbdc-4473-b96d-8ced89b39d5a"
"2-s2.0-0032450223","d54aae91-3bba-4482-b697-00f3d80b75b6"
"2-s2.0-0032450223","c0265dc3-6d7d-4b29-abe3-ebd1b15f0ad1"
"2-s2.0-0032450223","1fea0e61-bc2d-4766-87b3-dfc1666d2404"
"2-s2.0-0031728731","c92560e1-cf48-4993-baf6-260ae6b642e9"
"2-s2.0-0031728731","f7f629da-5e8a-4a70-aa82-0f0ad3e62841"
"2-s2.0-0031728731","fd8f3511-a0d6-404f-a391-5fc7d657685c"
"2-s2.0-0031728731","f8721d55-2599-4803-8e90-d037e3f384e7"
"2-s2.0-0031728731","efcd71e1-38c3-49e8-a7be-5f5f79c9005b"
"2-s2.0-0031728731","5c57be2c-79a6-4c47-9471-1b7d8bf04de5"
"2-s2.0-0025243117","94a83e30-35db-4223-bcec-2290d2f19c59"
"2-s2.0-0025243117","792402b6-23ed-48e4-ad9e-86349db22974"
"2-s2.0-0025243117","794e5232-6fbe-4ea1-83dd-567cacded19d"
"2-s2.0-0025243117","95924b2a-6318-43e8-ab88-d7dab31bf078"
"2-s2.0-0025243117","4f4e3c04-a2a6-4624-b18a-76f4afa532a6"
"2-s2.0-0025243117","e4408168-bc44-4df2-b36c-777074a424c0"
"2-s2.0-0025243117","374ed296-3076-4586-b879-6052c71c306b"
"2-s2.0-0025243117","f223b06a-5de6-4c04-93ae-ac15dba5ed89"
"2-s2.0-0036931896","52f087f0-d505-43ec-bb54-cb74f04a9b0e"
"2-s2.0-0036931896","a3b26a83-b164-4335-84d5-cbd337067f39"
"2-s2.0-0036931896","60f63e81-0782-4bf3-bbb4-54e720c8d2fd"
"2-s2.0-0036931896","bd5494d1-f937-45ef-b049-4b8225a65c8e"
"2-s2.0-0036931896","9edda72c-ddc7-4f53-a62c-e4aa149f35a4"
"2-s2.0-0036931896","327855aa-d168-40bc-9056-6f53c0464393"
"2-s2.0-0036931896","e1d2ee14-70e3-4c4b-a1f2-1667a043fca1"
"2-s2.0-0036931896","d84d879b-ced8-467f-bd7c-0963c9310202"
"2-s2.0-0036931896","fa48abb0-bd1b-407a-8c4a-eeda22a5189f"
"2-s2.0-0036931896","7e165b89-6fd0-4ce3-a544-71215e00d119"
"2-s2.0-0036931896","aa705110-cd3d-49b3-b9b2-65fa26dc80b6"
"2-s2.0-0036931896","752f7f50-93b2-422e-aaa0-f477bf185d82"
"2-s2.0-0036931896","53aef8ef-6862-4dc4-b62a-3c8185d1eb46"
"2-s2.0-0036931896","a21d0d1c-92d3-48f4-a71b-0cba0acdf1b1"
"2-s2.0-0032859991","bae31b28-9151-43c4-9a63-4cfffff54c7f"
"2-s2.0-0032859991","922e8a80-546c-4d20-be99-d97f69f69d8c"
"2-s2.0-0032859991","5b506450-f055-4915-8ad9-a06b12d1f3c0"
"2-s2.0-0032859991","92a7f1d7-5b76-494b-b72b-1dd5cb446fd4"
"2-s2.0-0032859991","0424e291-bb49-4128-aebc-7f0b174e3e9c"
"2-s2.0-0032859991","864ee90d-11d1-4c06-9b2c-624d4ba3ba0e"
"2-s2.0-0033059471","9edda72c-ddc7-4f53-a62c-e4aa149f35a4"
"2-s2.0-0033059471","c5ed856b-9c53-44f4-b058-835b6c515147"
"2-s2.0-0033059471","d0953776-5410-4681-8c48-993fa144e8f8"
"2-s2.0-0033059471","23cdf70a-fdb2-44f1-8ffe-b37aed301aab"
"2-s2.0-0033059471","e1d2ee14-70e3-4c4b-a1f2-1667a043fca1"
"2-s2.0-0033059471","5a2df5ea-c386-4c5f-bb3f-25c806641b01"
"2-s2.0-0033059471","e8947caa-5d37-41a4-ade3-7cacea4e7ce4"
"2-s2.0-0033059471","a3b59a76-b356-45a5-b2df-f0dd515886dc"
"2-s2.0-0033059471","2826b506-187c-4902-9567-f5b2abefc2d4"
"2-s2.0-0033059471","4be9c50d-2b91-4b18-a06e-98b7261b2bfe"
"2-s2.0-0033059471","13842d44-b909-4fa3-b7cf-407fbe6cd1a0"
"2-s2.0-0033059471","9835e3c2-89f3-4e9e-b1f0-9ca4ff6a1004"
"2-s2.0-0031839777","e698466f-e62a-4a85-9c93-da724c873c0e"
"2-s2.0-0031839777","43c20da6-6c09-4796-9c55-c36b81a4dd91"
"2-s2.0-0031839777","2e663208-d581-415e-8d78-5baa9c754340"
"2-s2.0-0031839777","cc279e59-2e81-4793-8f35-b985df44e725"
"2-s2.0-0031839777","7de4a9b3-575f-4d9b-b8d3-5a4366d9530e"
"2-s2.0-0031839777","6c280c9f-a407-416a-9371-7e2a4c519f8a"
"2-s2.0-0031839777","fb3d1784-a605-49a5-991a-e0d9a380493e"
"2-s2.0-0031839777","2b7efc85-b8ef-4d1b-ae00-c78b4ad97159"
"2-s2.0-0031839777","f39e28c5-17b3-41d9-b888-77452b703755"
"2-s2.0-0031839777","51a30b55-9946-4e75-9e8e-af2ca4f03244"
"2-s2.0-0031839777","bcf96f18-cc0b-43cc-84be-2ac8a3570c71"
"2-s2.0-0031839777","5ad8966c-77ff-49ac-8cd9-f83423877367"
"2-s2.0-0036814871","ccb6050e-f599-460f-a0b3-1db311fabb37"
"2-s2.0-0036814871","71065c16-dd09-4cff-930a-0632f8e35fb6"
"2-s2.0-0036814871","0b532417-ed68-441e-8d53-fe0391fda7d0"
"2-s2.0-0036814871","a85bcfb8-f890-490b-89d1-2c6663270d40"
"2-s2.0-0036814871","93d6aea1-e4a9-4645-bbb0-994ef6bc90bc"
"2-s2.0-0036814871","b73929f9-c9e8-4fb7-961a-f6aef0988c2a"
"2-s2.0-0036814871","0bd62d5c-d292-48d4-bd0e-150a75e7c2ae"
"2-s2.0-0036814871","898f8764-f618-4d4c-8db3-79f4c902f1be"
"2-s2.0-0036814871","1411e9c4-a1c9-4e05-83b0-d514e6c1c03d"
"2-s2.0-0036814871","f16f90d3-5e63-4698-b377-6f7741f0537f"
"2-s2.0-0036814871","fb45a470-4d2a-4041-a1de-4619136dd468"
"2-s2.0-0036221404","43961ad6-ccde-4afb-a80a-c9929f1fc795"
"2-s2.0-0036221404","b81fa0ac-efab-4af5-b9e8-f6380b5225a1"
"2-s2.0-0036221404","ca06f290-abe3-4988-b1e8-06c9edc3ec39"
"2-s2.0-0036221404","540a813d-a221-4468-ae50-52784219da41"
"2-s2.0-0036221404","52f087f0-d505-43ec-bb54-cb74f04a9b0e"
"2-s2.0-0036221404","eede558c-e48d-4957-9a79-7ba2ac3d1bec"
"2-s2.0-0036221404","8a24aa49-1e8b-4fbc-a715-272dfe84ca60"
"2-s2.0-0036221404","d6ccace4-c08f-4f2d-baf1-f3b834204fb1"
"2-s2.0-0036221404","e20b7039-fd14-49f7-913e-6ade8d7f890d"
"2-s2.0-0036221404","3458b538-69e5-45a2-a3ad-01453774c058"
"2-s2.0-0036221404","8a08d91b-c572-48d6-80da-8824efe24b7c"
"2-s2.0-0036221404","bc0a2bb0-abfa-4dbe-a86d-08c676d33d92"
"2-s2.0-0036221404","ea23de06-6203-454e-831a-b44a38dc86e3"
"2-s2.0-0036221404","eb5f668c-c10f-4779-bfc3-e28914fc7e48"
"2-s2.0-0033780432","84c43184-2562-4094-afa7-5e5d8ea82ee6"
"2-s2.0-0033780432","00d19049-0468-4e61-8a16-36dcdc3985e9"
"2-s2.0-0033780432","ecd4d36d-84ad-45d3-a47e-f44275009b21"
"2-s2.0-0033780432","fc3df92e-d336-4653-8f47-cb048ebbf6f9"
"2-s2.0-0033780432","6785d014-5f74-46b5-8de0-fb4c4765cc90"
"2-s2.0-0033780432","6c5dfcc0-3c95-4747-9e9a-b0e072ad02aa"
"2-s2.0-0033780432","d75da4b0-4502-4f17-9d17-bc6ea80e9d50"
"2-s2.0-0033780432","8ee4eac8-29c4-4387-84e1-798f1f2c3620"
"2-s2.0-0033780432","1696a81e-a454-47af-bd80-958af6281794"
"2-s2.0-0033780432","044ce5fb-dd7e-4594-8065-7dcd862921fb"
"2-s2.0-0033780432","e9c21188-d6aa-4fa3-b687-6ec6750110c8"
"2-s2.0-0033780432","b59b635b-8947-4744-b5c1-5d719075673c"
"2-s2.0-0033780432","eca0131a-2006-44cf-8c63-80f20474ff99"
"2-s2.0-0033780432","5a76d52a-aeec-40d1-84f5-4fd0eb7cabfb"
"2-s2.0-0033780432","f9667d98-f393-495e-b987-e5cd8a2d4ffb"
"2-s2.0-0033780432","06e0ff8e-e872-463d-8b52-08647a9ead44"
"2-s2.0-0033780432","ebdf53d4-c6ca-48e7-8990-e9d9d9204f03"
"2-s2.0-0033780432","2be78f23-0d24-4d45-af76-8464c760b27c"
"2-s2.0-0033780432","66b54fe2-536f-4260-a344-528bc86c10c3"
"2-s2.0-0033780432","c0481292-25d3-4501-a117-50ec03d5bd2f"
"2-s2.0-0030617632","892a2e64-767c-47b3-9307-5cbe6b5930e2"
"2-s2.0-0030617632","edabc017-f923-4974-99f5-fffa342cf766"
"2-s2.0-0030617632","59c71f48-5030-4064-890e-918b2ac9754c"
"2-s2.0-0030617632","b41c4eaf-1b06-4bac-89fc-93808d69d9f9"
"2-s2.0-0030617632","b9468ab7-86dd-47c4-a7a9-a186a26eb46f"
"2-s2.0-0030617632","bd7d19ad-437c-42a6-a9e9-c12b2004bb82"
"2-s2.0-0030617632","28814bcc-32d7-41bb-92d3-6f853892b766"
"2-s2.0-0030617632","873582f9-c1db-4c62-ac5d-74d2ff2ae22e"
"2-s2.0-0030617632","b76ef69d-939f-4946-ace6-d3273cbf7066"
"2-s2.0-0030617632","c776ec64-330b-4efd-ad8b-0dbda4c8e8b4"
"2-s2.0-0030617632","b02df24a-e127-41b3-8c84-ae1206901bab"
"2-s2.0-0030617632","b1b1b85b-2d78-423e-a405-71f259e33110"
"2-s2.0-0030617632","b1a66166-3c1c-4f48-b614-05ac09303201"
"2-s2.0-0030617632","da19a0b1-a105-4717-8eb0-3992fdcfdd56"
"2-s2.0-0030617632","62ab4fa4-6f76-4b7e-aad7-0e32ea3d4456"
"2-s2.0-0030617632","a6fa75eb-d6d3-420d-b6ef-8ed68339d057"
"2-s2.0-0031826430","cbd03ae3-1581-4844-8e37-d32e85bfe5f9"
"2-s2.0-0028179919","c496e41a-cc00-4a7b-be8c-e6c6c4d088de"
"2-s2.0-0028179919","82a85681-c280-46c3-8027-8bbef9036220"
"2-s2.0-0028179919","794e5232-6fbe-4ea1-83dd-567cacded19d"
"2-s2.0-0028179919","f5133327-c5fb-4703-859d-ffdeee32882f"
"2-s2.0-0028179919","42382f33-8894-4c9f-8ec6-06f3c36625ac"
"2-s2.0-0028179919","e4408168-bc44-4df2-b36c-777074a424c0"
"2-s2.0-0036273951","d93205de-6b78-4173-9a48-e36c72d511f7"
"2-s2.0-0036273951","a73854ee-c442-4148-91d8-080a10f3babc"
"2-s2.0-0036273951","b9ab5886-1173-4884-9d04-d7fdc3fe7d82"
"2-s2.0-0036273951","adf17018-c593-4cee-89a7-7eba4d35ad30"
"2-s2.0-0036273951","82d3de5c-f282-4aea-998f-3def416f23ba"
"2-s2.0-0036273951","654af7d0-eed9-4c6d-997a-f5da1d6c6339"
"2-s2.0-0036273951","93219415-ac08-4c0a-bb83-cf7d8e6fd4e6"
"2-s2.0-0036273951","46d76092-96b2-4958-ab0b-6d137fcdddfe"
"2-s2.0-0036273951","ff09f15b-3219-4c50-8a41-439f047793c1"
"2-s2.0-0036273951","2d6efeb2-b259-4732-8747-935078886dd3"
"2-s2.0-0036273951","04b9b8c9-f94c-4461-b64a-2dc802fddfcc"
"2-s2.0-0036273951","54e58ce2-5b5f-4c2f-8a0a-6f422d7452c8"
"2-s2.0-0036273951","39076a15-b1c8-4735-9db5-d6ab25ab4d68"
"2-s2.0-0036273951","9b236f4e-38b1-4d8a-a710-e7211f54216b"
"2-s2.0-0036263192","10a94b82-54d5-4809-a367-2123beaad24c"
"2-s2.0-0036263192","830ff623-0391-42c7-a34d-5f5a20666e94"
"2-s2.0-0036263192","7dffc032-af59-4ef0-b6d9-bdcc0b834c52"
"2-s2.0-0036263192","be9ebdf1-06e0-4a58-9115-14e1ac2f779e"
"2-s2.0-84983212569","3f3f3f2b-a4d0-467c-bb30-8b114dc84cfc"
"2-s2.0-84983212569","002cff96-d8f5-4967-ad52-134993f6461a"
"2-s2.0-84983212569","88f5b6f6-1ed9-4cac-b32b-512b767ae275"
"2-s2.0-84983212569","caedec09-03a6-45f2-af7e-78f5e1be5000"
"2-s2.0-84983212569","3317ac82-6804-40b6-9c04-8241020d9b6c"
"2-s2.0-84983212569","ab55a47b-189e-4415-81d6-32efce06c26c"
"2-s2.0-0028978311","c496e41a-cc00-4a7b-be8c-e6c6c4d088de"
"2-s2.0-0028978311","3163b6ff-a606-4fd4-a952-3ebf2651720a"
"2-s2.0-0028978311","370ddc86-ba3d-48e2-81ac-18734bef4d5c"
"2-s2.0-0028978311","69fdfafa-5f6a-4d65-b14e-a9ebbe8fb88b"
"2-s2.0-0028978311","193fadb5-9a12-41ba-8ff6-0b9f6b01d0dd"
"2-s2.0-18744391452","c797e0d1-b1f0-4e9a-917d-5b6a9bf93055"
"2-s2.0-18744391452","beb9ae16-25f1-4f1d-b082-f827095fb5a7"
"2-s2.0-18744391452","2abe5d81-14be-4bce-820d-1c1a665ddd9f"
"2-s2.0-18744391452","ab08de66-cfd6-4a60-8d0c-f15f0f01a0e6"
"2-s2.0-18744391452","792402b6-23ed-48e4-ad9e-86349db22974"
"2-s2.0-18744391452","28e3ff3d-06e5-464d-bbd9-fae65ed63e52"
"2-s2.0-18744391452","734c58f1-bdc9-47ee-831a-62574ad80d9e"
"2-s2.0-18744391452","b11f9421-2469-41b5-8ab5-88935ef9ea05"
"2-s2.0-18744391452","5e64c034-17ca-4ffe-8ee0-111c3eb58643"
"2-s2.0-18744391452","9d56c9f6-f217-4886-a85f-5d7cbe62cf7f"
"2-s2.0-18744391452","56bdcbec-469d-4354-96ea-ae6848d9554b"
"2-s2.0-18744391452","7b6a3d81-ff6c-42e5-a09d-98b979cbfcdf"
"2-s2.0-18744391452","d727020d-e1b9-41b2-9455-50b1d00d6224"
"2-s2.0-18744391452","4ad4ab95-08e5-4e53-b37c-a15055315020"
"2-s2.0-18744391452","7c8e6dcd-b181-4a1b-b60c-9e5119644aa6"
"2-s2.0-18744391452","794e5232-6fbe-4ea1-83dd-567cacded19d"
"2-s2.0-18744391452","c25f76e7-fe23-4a21-a2be-39e2a4d34d91"
"2-s2.0-18744391452","cd0e5bfe-a071-413e-b265-9b062ab40720"
"2-s2.0-18744391452","80382abe-5ec0-4b03-80d9-5d72b59ecd53"
"2-s2.0-0032538086","52f087f0-d505-43ec-bb54-cb74f04a9b0e"
"2-s2.0-0032538086","43c20da6-6c09-4796-9c55-c36b81a4dd91"
"2-s2.0-0032538086","2e663208-d581-415e-8d78-5baa9c754340"
"2-s2.0-0032538086","cc279e59-2e81-4793-8f35-b985df44e725"
"2-s2.0-0032538086","6881ce48-a34b-4752-8b43-da2989f688ed"
"2-s2.0-0032538086","7de4a9b3-575f-4d9b-b8d3-5a4366d9530e"
"2-s2.0-0032538086","6c280c9f-a407-416a-9371-7e2a4c519f8a"
"2-s2.0-0032538086","29b0352b-44b0-41e4-9eb4-ba085dfa25ca"
"2-s2.0-0032538086","2b7efc85-b8ef-4d1b-ae00-c78b4ad97159"
"2-s2.0-0032538086","d54aae91-3bba-4482-b697-00f3d80b75b6"
"2-s2.0-0032538086","53736435-80c4-4433-8781-81dc104bdc97"
"2-s2.0-0032538086","71fb84ca-3cf1-4dd0-8dd8-4e2a84551de1"
"2-s2.0-0032538086","ecd0d918-e115-4ae1-856c-a176d52e5db0"
"2-s2.0-0032538086","51a30b55-9946-4e75-9e8e-af2ca4f03244"
"2-s2.0-0025661789","94a83e30-35db-4223-bcec-2290d2f19c59"
"2-s2.0-0025661789","792402b6-23ed-48e4-ad9e-86349db22974"
"2-s2.0-0025661789","e62675fd-d685-448c-abd0-27f893bf606f"
"2-s2.0-0025661789","ae79f5d7-b671-4ecd-ba84-5ea85c4dc593"
"2-s2.0-0025661789","9edda72c-ddc7-4f53-a62c-e4aa149f35a4"
"2-s2.0-0025661789","34bda6e8-9d4f-4aaf-bc6a-75c61e637787"
"2-s2.0-0025661789","794e5232-6fbe-4ea1-83dd-567cacded19d"
"2-s2.0-0025661789","3c11cf68-4876-4936-9a04-ccfb555d5ca4"
"2-s2.0-0025661789","38b540e9-b39f-4054-be51-0d2c26fe4bee"
"2-s2.0-0025661789","a74f8969-6c45-44c1-a2f6-ed655a8d2057"
"2-s2.0-0025661789","9d8dfb4b-c485-4dd1-bdec-7fa8a70ea9df"
"2-s2.0-0025661789","4884f0d6-78a4-4afa-9a78-f2cffa278814"
"2-s2.0-0025661789","b02df24a-e127-41b3-8c84-ae1206901bab"
"2-s2.0-0025661789","f15814c6-34d3-499c-9ab3-4d6e2a96defd"
"2-s2.0-0025661789","9c6b8ee9-c137-4a2a-8ad0-95cb75a37adb"
"2-s2.0-0025661789","e910fab7-ea6e-4681-9cb6-dac7284873cc"
"2-s2.0-0025661789","95924b2a-6318-43e8-ab88-d7dab31bf078"
"2-s2.0-0025661789","80382abe-5ec0-4b03-80d9-5d72b59ecd53"
"2-s2.0-0025661789","41c6b060-36c8-4b88-9ab0-e787af85d736"
"2-s2.0-0025661789","e8009c91-55ea-4aae-a055-1fde09f737c2"
"2-s2.0-0025661789","f4385eee-2694-4c78-b3bc-d02395f02191"
"2-s2.0-0025661789","4635518d-5bdc-433a-b76a-2ca0ae45423b"
"2-s2.0-0025661789","3e26afc6-59f6-4463-901c-d52d657b0059"
"2-s2.0-0036210348","9f0a1b6e-de3e-4e6a-89d3-a511f0972de6"
"2-s2.0-0036210348","61d17382-fb5b-4d7b-9a40-befb15c4d897"
"2-s2.0-0036210348","cec357dc-8447-4cbd-b950-efd74a276419"
"2-s2.0-0036210348","60180868-d0ef-47bf-9553-49033a18fd6d"
"2-s2.0-0036210348","194dda0f-a06d-4fb4-88f3-ee723392bf62"
"2-s2.0-0036210348","8984ccb5-2013-42f9-8ab4-990538360028"
"2-s2.0-0036210348","d480703c-6bac-47b5-9e4c-80d2bf7e5156"
"2-s2.0-0036210348","a40e1917-b5ee-4e0b-86e0-1d2dba1f9b70"
"2-s2.0-0036210348","2ee547cf-9308-4a32-8b65-6be09f8729c9"
"2-s2.0-0036210348","531e3c26-37e9-46a3-96bb-34b84800cd2a"
"2-s2.0-0036210348","e6acef70-bdc2-476d-81d4-8df09ed39bac"
"2-s2.0-0036210348","eee11f7b-1b03-48b7-bf60-89912a44571e"
"2-s2.0-0036210348","46fcc90f-9898-4009-9c4c-b75f259ca79d"
"2-s2.0-3943072492","f62d928b-1fc5-4c8f-8210-b97ed5fdb486"
"2-s2.0-3943072492","52f087f0-d505-43ec-bb54-cb74f04a9b0e"
"2-s2.0-3943072492","7cc9dea3-5d7e-4cfb-aee9-7b557e5ea370"
"2-s2.0-3943072492","b6fb7c18-e284-4e0f-8333-a888c88cb509"
"2-s2.0-3943072492","2ed6e130-0ccf-4237-b4eb-ea3996b49d2f"
"2-s2.0-3943072492","41a68c4c-4c03-470f-b4ff-c3ddc6dd3345"
"2-s2.0-3943072492","2bb0f3dd-93ed-476a-9302-884cd7485bd3"
"2-s2.0-3943072492","f274de93-23d2-4b3b-8f42-03d47b2da343"
"2-s2.0-3943072492","3463ee02-f59c-40a5-9aab-00b9b2921cfc"
"2-s2.0-3943072492","cd2d4aa5-1ba2-40ea-a10a-3af92ff1aa0f"
"2-s2.0-3943072492","a01cffdc-0442-4c7e-99f8-325444608280"
"2-s2.0-3943072492","9f7cc518-9ccc-4b5b-8a6f-7877c5c29e6b"
"2-s2.0-0033128744","524c42cb-bd0c-4dcb-b2bb-e72a68f1be0d"
"2-s2.0-0033128744","52f087f0-d505-43ec-bb54-cb74f04a9b0e"
"2-s2.0-0033128744","5a702034-71f7-453b-8ad2-ec199e62cc62"
"2-s2.0-0033128744","88ee43b2-7608-4ce8-a0c2-f48363f5a2fb"
"2-s2.0-0033128744","7b6a3d81-ff6c-42e5-a09d-98b979cbfcdf"
"2-s2.0-0033128744","47cb9039-0137-43db-a71b-b2ecd9a74184"
"2-s2.0-0033128744","441b8709-a979-401b-b505-4eb96bd18852"
"2-s2.0-0033128744","cc279e59-2e81-4793-8f35-b985df44e725"
"2-s2.0-0033128744","48f7ee37-ae29-4589-9efb-2af20dfb4b01"
"2-s2.0-0033128744","2ed6e130-0ccf-4237-b4eb-ea3996b49d2f"
"2-s2.0-0033128744","01d47449-2749-49dc-aa2b-b84ec38777c5"
"2-s2.0-0033128744","6c280c9f-a407-416a-9371-7e2a4c519f8a"
"2-s2.0-0033128744","c04b4b6c-cf1b-4b9f-b807-fdbe42e1fddb"
"2-s2.0-0033128744","f70460a9-0c80-408d-8059-0f208ec2b85f"
"2-s2.0-0033128744","93219415-ac08-4c0a-bb83-cf7d8e6fd4e6"
"2-s2.0-0033128744","c7759abe-84e6-4e55-8b6c-ab9ec3777ab6"
"2-s2.0-0033128744","43671423-3071-4816-aba5-349c8fd13836"
"2-s2.0-0033128744","51091eed-b403-4da2-9925-0f5015a2fad4"
"2-s2.0-0033128744","31c6a0af-ba5a-43dc-8089-489df11888f1"
"2-s2.0-0037636082","d62ac495-875e-4a12-be71-4c2bcd029296"
"2-s2.0-0037636082","ce67f1c0-5e3b-4d11-b23c-567437075424"
"2-s2.0-0037636082","29b63eb8-2eb2-48f1-ad66-5b6e817e55af"
"2-s2.0-0037636082","e0a2237b-f7fe-4c3a-a946-4461316f93f4"
"2-s2.0-0037636082","11167d70-8fec-45c8-96b3-19eca4e0f559"
"2-s2.0-0037636082","c70a7822-f2d7-45be-8a97-b0bf6c4b2dc9"
"2-s2.0-0031855780","aa46a6e2-d289-44c5-8a53-deae7c69cd11"
"2-s2.0-0031855780","08799066-a2b2-42aa-8c7e-35b01e379027"
"2-s2.0-0031855780","fabf2ca9-f650-45f9-801b-ce9b8f5dd404"
"2-s2.0-0031855780","d5e857a4-40b7-4f15-9c1e-21c6f64d02de"
"2-s2.0-0031855780","17cbbd20-b540-4001-978d-5f2e98b87ecf"
"2-s2.0-0031855780","567f680f-7987-47e6-a523-31fb3a10813c"
"2-s2.0-0031855780","7d16d299-f635-4aff-994d-9e1f561919de"
"2-s2.0-0031855780","4544f37b-ea67-4d50-9cce-64a2b4866d72"
"2-s2.0-0031855780","16fb3080-1378-4bca-b9fc-be7c3b66b3d8"
"2-s2.0-0031855780","a7a8f3bb-d326-49b8-9ac7-cff1568ce21b"
"2-s2.0-0031855780","230e7ee9-e75d-4a19-99d7-60a0bcf6a3ae"
"2-s2.0-0031855780","f27fcadf-7411-427b-ab14-eefa8d1e416b"
"2-s2.0-0031855780","23fe89b2-3468-41d4-82d2-2cdaa7f20227"
"2-s2.0-0031855780","021257e1-e991-4b3e-babc-99cf4425380e"
"2-s2.0-0031855780","75eaa05c-6918-4f25-841d-4abf731b488a"
"2-s2.0-0031855780","451e4945-29a9-46d9-8733-32987859340d"
"2-s2.0-0031855780","0c3a4eb2-532c-42b5-8714-207e1efd974f"
"2-s2.0-0031855780","5707d1e1-a080-4c26-8015-ba7536feb040"
"2-s2.0-0031855780","197a8b73-2fa4-4d34-91ce-2425cbcb111c"
"2-s2.0-0031855780","cd0c1bf9-95f2-4565-bb93-cd798375935c"
"2-s2.0-0031855780","6fc5aff3-fbb4-4b5c-9c87-2d40437ab93d"
"2-s2.0-0031855780","86f323b9-cd9f-459b-9c01-3979eedd167e"
"2-s2.0-0031855780","611f6533-f93c-476a-96ee-33907214c4ca"
"2-s2.0-0031855780","923b39c6-afcc-463e-a5ac-972abaa80252"
"2-s2.0-0031855780","0f079e06-a459-418e-9ee5-df06751f79f3"
"2-s2.0-0031855780","9a4dceb2-2a93-4104-b48a-4a7614cb9318"
"2-s2.0-0031855780","c66eab42-edb8-4317-8c70-6d8202569dfb"
"2-s2.0-0031855780","ab989590-914b-43a8-bf41-7287ba5785b5"
"2-s2.0-0031855780","df0c1ecb-5dfb-4d6d-b758-9b1222aab255"
"2-s2.0-0031855780","d8ac9f30-1ede-45a4-9fb1-bbb271be7bc7"
"2-s2.0-0031855780","b276cef1-5eed-430c-baa7-61b317f4fd39"
"2-s2.0-0031855780","25f05b92-445d-4329-af09-04970edbc174"
"2-s2.0-0031855780","af246994-6ac1-4003-b4d9-e7a4966bd623"
"2-s2.0-0031855780","09ff4d6b-65ef-4a57-9cc2-4e5474e759b9"
"2-s2.0-0031855780","deec9798-77a1-4211-a7aa-939e6f57b6ba"
"2-s2.0-0031855780","f9d484f9-c19e-4eb6-ac24-e9929554a056"
"2-s2.0-0031855780","d109b64a-cde7-4296-87ab-30e0cab4f9f8"
"2-s2.0-0031855780","bcd5c0e9-4f7b-4be3-95a5-9508bbf63b96"
"2-s2.0-0031855780","a47589a3-f252-4b0d-82f3-379b19c7af8e"
"2-s2.0-0031855780","a579b3ef-6beb-43d3-88cb-0da60ee8985a"
"2-s2.0-0031855780","eccdd672-c0bb-4ab3-b0ef-e82a78ad8b62"
"2-s2.0-0034990303","4aa603d0-b230-45af-a6da-d5ca74ff5063"
"2-s2.0-0034990303","7779cb98-75bb-463a-88ac-9d3aa5117dbf"
"2-s2.0-0034990303","de65738d-fdc6-42e3-81fd-a2f0d3e619d1"
"2-s2.0-0034990303","35506eb5-0485-4191-aa3a-82718e1acd4b"
"2-s2.0-0034990303","f1b2b7eb-1dc2-45c0-ad18-010a01afb4f4"
"2-s2.0-0034990303","4f983dee-9068-466c-b690-e242369df8ee"
"2-s2.0-0034990303","5ff76b3e-a368-4260-865f-25811b2a924b"
"2-s2.0-0034990303","ba073319-a6ec-443b-bb8c-915cfd017cef"
"2-s2.0-0034990303","81c5892a-0218-4db9-a720-5269c12ab524"
"2-s2.0-0034990303","6c50abce-3df1-48f6-9993-093f0f7a73a0"
"2-s2.0-0034990303","a8774495-6ee3-4b1f-aaa4-90eaffcc4bc6"
"2-s2.0-0034990303","8efad45d-69b2-4ee3-83f9-43b241ea7434"
"2-s2.0-0034990303","c6dc074c-8284-4282-b7a5-67141a68db29"
"2-s2.0-0034990303","78c40ac4-4e1a-45f8-bc81-c1c1e98f5d51"
"2-s2.0-0034990303","6c443539-07fd-4e64-b4a6-e3b2ea929486"
"2-s2.0-0034990303","9278438f-ad21-4e75-93d4-64b01bcae7e5"
"2-s2.0-0034990303","2dd5b178-8e40-4722-a097-6b9a327d37c4"
"2-s2.0-0034990303","382b8158-5719-421d-b5d6-7a2e880088dc"
"2-s2.0-0034990303","551240b0-402f-45fc-9f9c-ed884ba9fa38"
"2-s2.0-0034990303","c3b9ed73-f540-4640-a77d-879d0008cd74"
"2-s2.0-0034990303","6da388bc-d557-40bd-b62a-b2a5c69b8deb"
"2-s2.0-0034990303","4d7beee4-ab2e-4131-91b4-47573404f244"
"2-s2.0-0034990303","1a81e80c-62cc-4f36-9cdc-d4ad3e933c66"
"2-s2.0-0034990303","d8c729f0-89ba-4bfd-99c2-430099196ed1"
"2-s2.0-0025779269","597de9a2-2791-4e34-a931-16163f5ce588"
"2-s2.0-0025779269","6e4389e0-9ca3-42f8-965b-d132f5c709ca"
"2-s2.0-0025779269","638e2e01-a23e-41cb-96de-7aaf55643499"
"2-s2.0-0025779269","36e899d6-0e3a-4ecc-982b-d013204f8eb7"
"2-s2.0-0025779269","93219415-ac08-4c0a-bb83-cf7d8e6fd4e6"
"2-s2.0-0025779269","3fbea59f-4afb-4d3b-84d3-65839a575dd4"
"2-s2.0-0025779269","6c7b23c9-ad61-4f5b-8c1f-7cf3a9e334e8"
"2-s2.0-0025779269","31a88e65-3bff-4c04-99c7-d7650bfacfea"
"2-s2.0-0025779269","e50a9b35-f110-4e00-b401-da32129539ad"
"2-s2.0-0025779269","c92d1788-1265-4cc3-8854-11daa242f9d8"
"2-s2.0-0025779269","b3fa19a6-85c1-472f-a505-ccf65344564e"
"2-s2.0-0025779269","233e77fb-e938-43fb-9d7c-6611d013a9f2"
"2-s2.0-0025779269","1f81ce8b-0b85-43f4-ab8e-4537f1b08a01"
"2-s2.0-0025779269","27234e9c-0ea1-4d59-8d53-477b1f631931"
"2-s2.0-0025779269","2d6efeb2-b259-4732-8747-935078886dd3"
"2-s2.0-0025779269","ecf99a94-4ec5-449f-80d9-dc2d76f27307"
"2-s2.0-0031859478","d6c268ec-6b9f-4b52-97a1-2d38a372f1cd"
"2-s2.0-0031859478","9e96078b-e148-4199-a33b-1eb2db9798d7"
"2-s2.0-0031859478","be3fc66c-a8c6-491d-93df-fa7b1dad41f6"
"2-s2.0-0031859478","eb6761ea-9352-4b3d-872a-c1dd2bb4c685"
"2-s2.0-0031859478","43961ad6-ccde-4afb-a80a-c9929f1fc795"
"2-s2.0-0031859478","471bad3a-a65b-449e-b2e4-029656168edf"
"2-s2.0-0031859478","6785d014-5f74-46b5-8de0-fb4c4765cc90"
"2-s2.0-0031859478","b495cc85-6868-4cba-a4f6-4f515b58015f"
"2-s2.0-0031859478","a7817e01-ee3f-4ffe-ab58-df4fb1638e41"
"2-s2.0-0031859478","ebbd8248-8107-443d-9041-5d8130528906"
"2-s2.0-0031859478","a0287116-ce34-4913-9818-07e8b106bdfb"
"2-s2.0-0031859478","e0bc1c35-314c-4454-9407-55a13b57850b"
"2-s2.0-0033037247","72de9779-3e96-4ee5-99fc-a6280338ddb5"
"2-s2.0-0033037247","90ef4fdb-b24e-4997-861c-ec8e37452c4e"
"2-s2.0-0033037247","d47642ca-e3c8-4a21-b595-a9a80affb13c"
"2-s2.0-0033037247","48b17abe-1cb5-4cd8-9dbd-ab7e42db1e5b"
"2-s2.0-0033037247","e29b5bb3-d0e3-4a07-ba90-7babf8591795"
"2-s2.0-0033037247","8d6c10e0-92ed-4321-aa42-4dde42437f2f"
"2-s2.0-0033037247","4fef027e-66ec-4446-93ed-d9aa054312c4"
"2-s2.0-0033037247","e80ffc72-e231-4c89-9cf5-2a4efadf26d2"
"2-s2.0-0033037247","21eb52e7-c5a8-4059-8ca1-9a19f5a1e073"
"2-s2.0-0033037247","80816b2f-a8ae-4edd-ac0f-9867c1de2995"
"2-s2.0-0033037247","94e7d946-084d-49c8-b690-fe179023ef14"
"2-s2.0-0033037247","4459aa33-fc88-4eb5-81fa-8e0812f82298"
"2-s2.0-0033037247","e8bb8483-6829-48f2-94b7-024465a65107"
"2-s2.0-0033037247","07efcc8a-0799-4cc3-8b3b-035462a1139b"
"2-s2.0-0032414373","69a41caa-98eb-4a61-af9b-8092b98e2f53"
"2-s2.0-0032414373","d96cb63f-8d58-499b-82f9-c2365fa704d8"
"2-s2.0-0020801855","f70460a9-0c80-408d-8059-0f208ec2b85f"
"2-s2.0-0020801855","b933b121-eed3-4057-91af-55f10b35967d"
"2-s2.0-0020801855","52f087f0-d505-43ec-bb54-cb74f04a9b0e"
"2-s2.0-0020801855","4c68e011-c107-48b4-9875-b1ddde76421c"
"2-s2.0-0020801855","9df4e20f-4351-4a1a-8f21-77be2f1ea431"
"2-s2.0-0020801855","961e5b2d-1f91-4a49-a469-5f00b5c419e4"
"2-s2.0-0020801855","79c9aad6-64ee-4550-8e2b-eff083ee2667"
"2-s2.0-0020801855","539e3086-7623-4fb7-ba0d-a1ff5416c962"
"2-s2.0-0020801855","9f6de1b8-5b8d-4c1a-b118-36e88974cff7"
"2-s2.0-0020801855","dd775f46-0c82-4db1-b743-0fc8ab619f02"
"2-s2.0-0020801855","5c8912af-1d1a-44a4-bfd1-735e23ce91cb"
"2-s2.0-0020801855","0a31d1de-681f-4a59-91c6-71708eb43f94"
"2-s2.0-0020801855","a1f9cf69-814e-495c-ae69-c82e4b0fdf26"
"2-s2.0-0020801855","5ca4e322-fd24-44d8-9c51-12fe0b32dc89"
"2-s2.0-0020801855","07925b33-c202-490d-a9c9-4f104cefa9fe"
"2-s2.0-0020801855","32a37e04-5ce2-40c7-8233-d1818fff4229"
"2-s2.0-0020801855","3256d715-0ceb-417a-b711-ffe4ce8302c0"
"2-s2.0-0020801855","2c661b40-e335-4a69-8c74-913c762f8d90"
"2-s2.0-0020801855","93219415-ac08-4c0a-bb83-cf7d8e6fd4e6"
"2-s2.0-0020801855","9160fb13-b3b3-4bb5-b67d-abc319ec75f0"
"2-s2.0-0020801855","6067a65b-2930-4003-826e-f8a59dd3270a"
"2-s2.0-0020801855","1f81ce8b-0b85-43f4-ab8e-4537f1b08a01"
"2-s2.0-0020801855","d45536ec-e620-4736-bb26-0823e47d7010"
"2-s2.0-0020801855","275516d5-ec5d-4db5-b44b-f9ef40dfb790"
"2-s2.0-0020801855","94ca8d8c-93d9-429d-a993-5c3f8a734ba1"
"2-s2.0-0020801855","4827f9a3-972e-4e23-a495-a96da6526610"
"2-s2.0-0020801855","26d0acb0-9e19-477e-aaf9-1b5e655a0748"
"2-s2.0-0020801855","b415a373-2cc4-4e36-b9ad-5dbd12c1b173"
"2-s2.0-0020801855","64463dba-0b45-4018-b367-d9956b25688c"
"2-s2.0-0020801855","1099d216-93c0-4080-b314-40964de604a7"
"2-s2.0-0020801855","05cf2dda-b561-4ab8-a9e3-e46187485752"
"2-s2.0-0020801855","037a8cf7-356c-4331-8862-ca662b6764ef"
"2-s2.0-0020801855","27234e9c-0ea1-4d59-8d53-477b1f631931"
"2-s2.0-0020801855","5ec64a7e-ea17-452a-85b5-a76ff9e6a9ab"
"2-s2.0-0024187150","792402b6-23ed-48e4-ad9e-86349db22974"
"2-s2.0-0024187150","794e5232-6fbe-4ea1-83dd-567cacded19d"
"2-s2.0-0024187150","95924b2a-6318-43e8-ab88-d7dab31bf078"
"2-s2.0-0024187150","247aef28-4d75-4472-885a-c6345d3a775e"
"2-s2.0-0024187150","baa21e0b-3185-46dc-a601-ca6509d62a26"
"2-s2.0-0024187150","874bed11-19d0-49e8-bf0a-387e701ee741"
"2-s2.0-0024187150","c7b0bc09-e0f3-45ff-837f-cb74b1e97bb7"
"2-s2.0-0016346168","7fd86c57-226d-4722-a120-9eb53e8a506b"
"2-s2.0-0016346168","12760eaf-3f8d-4b8a-81d4-fd42c79aad13"
"2-s2.0-0016346168","6c7b23c9-ad61-4f5b-8c1f-7cf3a9e334e8"
"2-s2.0-0016346168","9c3e80b0-4649-452a-a8a9-bc95e047bc75"
"2-s2.0-0016346168","8c5ca90f-0201-4754-a53f-1c7d88312feb"
"2-s2.0-0016346168","6067a65b-2930-4003-826e-f8a59dd3270a"
"2-s2.0-0016346168","0e21e4eb-9b9a-436f-8a6c-04400aa9084e"
"2-s2.0-0016346168","2d6efeb2-b259-4732-8747-935078886dd3"
"2-s2.0-0016346168","d45536ec-e620-4736-bb26-0823e47d7010"
"2-s2.0-0016346168","ff469316-0118-4039-b56a-4158104f42ef"
"2-s2.0-0014353637","cdb98501-9c16-46f9-bc30-a3bf1fdc2c38"
"2-s2.0-0014353637","f70460a9-0c80-408d-8059-0f208ec2b85f"
"2-s2.0-0014353637","33baf9bf-b8c5-43c8-a74b-99ff82556075"
"2-s2.0-0014353637","79c9aad6-64ee-4550-8e2b-eff083ee2667"
"2-s2.0-0014353637","9f6de1b8-5b8d-4c1a-b118-36e88974cff7"
"2-s2.0-0014353637","8231d8ad-9a9c-41a0-b9a5-9e2e8162781e"
"2-s2.0-0014353637","dbabbe6d-31a0-40de-8e4d-60c0baaa306b"
"2-s2.0-0014353637","32a37e04-5ce2-40c7-8233-d1818fff4229"
"2-s2.0-0014353637","93219415-ac08-4c0a-bb83-cf7d8e6fd4e6"
"2-s2.0-0014353637","9160fb13-b3b3-4bb5-b67d-abc319ec75f0"
"2-s2.0-0014353637","664055fe-fc59-4dfe-b70d-f546c57debe5"
"2-s2.0-0014353637","2d6efeb2-b259-4732-8747-935078886dd3"
"2-s2.0-0015021039","9f6de1b8-5b8d-4c1a-b118-36e88974cff7"
"2-s2.0-0015021039","dd775f46-0c82-4db1-b743-0fc8ab619f02"
"2-s2.0-0015021039","5fd3606b-0e54-4b82-b123-01cbf2fbb677"
"2-s2.0-0015021039","df9d2c30-4c8a-406f-85ae-b51bd7ff9c3e"
"2-s2.0-0015021039","32a37e04-5ce2-40c7-8233-d1818fff4229"
"2-s2.0-0015021039","eb39aee7-a1b2-464b-8ee3-29b19d22e26d"
"2-s2.0-0015021039","93219415-ac08-4c0a-bb83-cf7d8e6fd4e6"
"2-s2.0-0015021039","c99c462e-c205-460c-a5af-70b85eadb6cb"
"2-s2.0-0015021039","a09e84c7-bf87-47fa-8dd9-7dbca2d94be3"
"2-s2.0-0015021039","6067a65b-2930-4003-826e-f8a59dd3270a"
"2-s2.0-0022618248","95490b57-88d7-4bcc-a666-24cec2b8b321"
"2-s2.0-0022618248","29f1fd1c-ff00-4886-a403-b474df9f3008"
"2-s2.0-0022618248","12760eaf-3f8d-4b8a-81d4-fd42c79aad13"
"2-s2.0-0022618248","490120bb-c15a-4e89-b8e8-c41cdeeb89d0"
"2-s2.0-0022618248","6c7b23c9-ad61-4f5b-8c1f-7cf3a9e334e8"
"2-s2.0-0022618248","31a88e65-3bff-4c04-99c7-d7650bfacfea"
"2-s2.0-0022618248","b0e49b73-8d0c-4909-86c8-1d9119be0ef4"
"2-s2.0-0022618248","b1805fef-644b-496a-9117-2b193e83fef0"
"2-s2.0-0022618248","07f54a06-def3-4077-a62e-4ab7c4eeb3eb"
"2-s2.0-0022618248","5caac7b9-014a-4fe3-9ccc-75a388f3ce92"
"2-s2.0-0022618248","27234e9c-0ea1-4d59-8d53-477b1f631931"
"2-s2.0-0022618248","019aa378-6836-4167-b26a-ca1f02a33821"
"2-s2.0-0022618248","1e1e3e54-d9ab-4ad3-9d1d-cebe27f22c1b"
"2-s2.0-0022618248","e91ebb66-60c0-43c3-ad90-92335353c600"
"2-s2.0-0022618248","63e2859a-6745-474c-b58c-a618928d210a"
"2-s2.0-0022618248","1a08a9f6-0634-4894-84e3-f2d769893410"
"2-s2.0-0014330669","2da8088b-f518-43c5-af9c-e5bcd1871205"
"2-s2.0-0014330669","4c68e011-c107-48b4-9875-b1ddde76421c"
"2-s2.0-0014330669","dd775f46-0c82-4db1-b743-0fc8ab619f02"
"2-s2.0-0014330669","d93205de-6b78-4173-9a48-e36c72d511f7"
"2-s2.0-0014330669","93219415-ac08-4c0a-bb83-cf7d8e6fd4e6"
"2-s2.0-0014330669","6067a65b-2930-4003-826e-f8a59dd3270a"
"2-s2.0-0015896355","1836129d-0554-4902-a8f1-66feac555ed5"
"2-s2.0-0015896355","dd775f46-0c82-4db1-b743-0fc8ab619f02"
"2-s2.0-0015896355","da684193-4872-4b3d-9c4c-1afdd0e7b74e"
"2-s2.0-0015896355","7cc9dea3-5d7e-4cfb-aee9-7b557e5ea370"
"2-s2.0-0015896355","b482aa48-9508-47bf-9296-bd87abab0893"
"2-s2.0-0015896355","ca988fab-6924-4a81-8859-9da34c2a97cd"
"2-s2.0-0015896355","490120bb-c15a-4e89-b8e8-c41cdeeb89d0"
"2-s2.0-0015896355","6c7b23c9-ad61-4f5b-8c1f-7cf3a9e334e8"
"2-s2.0-0015896355","b80b907f-96e2-4f24-9139-80596fa578aa"
"2-s2.0-0015896355","cb338d9b-b583-4a02-9698-e02601be8615"
"2-s2.0-0015896355","0e21e4eb-9b9a-436f-8a6c-04400aa9084e"
"2-s2.0-0015896355","ff469316-0118-4039-b56a-4158104f42ef"
"2-s2.0-0014448184","5b2d07ec-6192-4d48-a861-6c0eff6aa0e1"
"2-s2.0-0014448184","cdb98501-9c16-46f9-bc30-a3bf1fdc2c38"
"2-s2.0-0014448184","1836129d-0554-4902-a8f1-66feac555ed5"
"2-s2.0-0014448184","f70460a9-0c80-408d-8059-0f208ec2b85f"
"2-s2.0-0014448184","843e6f35-7305-489a-a3dd-b8ebf031ee74"
"2-s2.0-0014448184","33baf9bf-b8c5-43c8-a74b-99ff82556075"
"2-s2.0-0014448184","9df4e20f-4351-4a1a-8f21-77be2f1ea431"
"2-s2.0-0014448184","88854e91-306d-4e23-ba60-46e23c945f06"
"2-s2.0-0014448184","fdea218a-8df5-4905-b90a-e84904e7494b"
"2-s2.0-0014448184","6d438507-18a8-410f-939f-5df4e62cf6a6"
"2-s2.0-0014448184","5926d605-8659-4ff2-9251-54b0217b68a8"
"2-s2.0-0014448184","9d6aa015-717e-4bae-89f8-285d0acc27fd"
"2-s2.0-0014448184","d41cc8ad-d605-4496-86e7-b93b08aa15c4"
"2-s2.0-0014448184","da684193-4872-4b3d-9c4c-1afdd0e7b74e"
"2-s2.0-0014448184","5c8912af-1d1a-44a4-bfd1-735e23ce91cb"
"2-s2.0-0014448184","6a758c63-229b-4487-8239-bc9962c442d6"
"2-s2.0-0014448184","dbabbe6d-31a0-40de-8e4d-60c0baaa306b"
"2-s2.0-0014448184","0490bca2-5c78-477e-bb44-2b395c0b5ff7"
"2-s2.0-0014448184","8fc072b5-aa14-4b5a-a601-f27d338e318a"
"2-s2.0-0014448184","b40c8888-ba25-494d-882d-8001abf64595"
"2-s2.0-0014448184","1656d7fa-5ac6-4809-b808-7785ebc84701"
"2-s2.0-0014448184","93219415-ac08-4c0a-bb83-cf7d8e6fd4e6"
"2-s2.0-0014448184","da1cf772-d52b-476b-b1b8-48c7e1934fd2"
"2-s2.0-0014448184","9160fb13-b3b3-4bb5-b67d-abc319ec75f0"
"2-s2.0-0014448184","664055fe-fc59-4dfe-b70d-f546c57debe5"
"2-s2.0-0014448184","c5f15ab3-4288-4587-9a0d-11abeb6ebccd"
"2-s2.0-0014448184","c52bde8a-b32c-42ca-bdb8-e488e1711eac"
"2-s2.0-0014448184","62b38f6c-f87d-4141-b9cd-ec8b4b3a9720"
"2-s2.0-0014448184","9c347188-a2e9-499f-87ec-777a9b959f11"
"2-s2.0-0014448184","d45536ec-e620-4736-bb26-0823e47d7010"
"2-s2.0-0023738066","f02e31d6-2f3a-4fcc-8ce2-3d6743158554"
"2-s2.0-0023738066","95924b2a-6318-43e8-ab88-d7dab31bf078"
"2-s2.0-0019417905","6cc42b20-21a1-4010-9054-7969b57d8f1a"
"2-s2.0-0019417905","82f30031-83cd-488e-9da2-67fbe572e2e2"
"2-s2.0-0019417905","2aa015f8-1d05-407f-b388-cb547129ca21"
"2-s2.0-0019417905","6224084e-6b2c-4383-afb2-e21db60469f9"
"2-s2.0-0019417905","87fb881a-c5c4-415c-8bcd-3ed17c1a2aeb"
"2-s2.0-0019417905","32a37e04-5ce2-40c7-8233-d1818fff4229"
"2-s2.0-0019417905","ff4b2e8f-91bf-4885-b1a3-c1b9bd7dddeb"
"2-s2.0-0019417905","275516d5-ec5d-4db5-b44b-f9ef40dfb790"
"2-s2.0-0019417905","12760eaf-3f8d-4b8a-81d4-fd42c79aad13"
"2-s2.0-0019417905","6c7b23c9-ad61-4f5b-8c1f-7cf3a9e334e8"
"2-s2.0-0019417905","8c5ca90f-0201-4754-a53f-1c7d88312feb"
"2-s2.0-0019417905","881b6376-8778-4783-951e-5d3737e37fd9"
"2-s2.0-0019417905","0e21e4eb-9b9a-436f-8a6c-04400aa9084e"
"2-s2.0-0019417905","10a94b82-54d5-4809-a367-2123beaad24c"
"2-s2.0-0019417905","a69094cc-382e-49fd-84b3-0237afb737c6"
"2-s2.0-0019417905","0e51b9af-8b4e-4ef0-bb05-f7427b49ae5e"
"2-s2.0-0019417905","bbc63c2e-54a8-4e49-a5b0-18b609f4f852"
"2-s2.0-0019417905","2d6efeb2-b259-4732-8747-935078886dd3"
"2-s2.0-0019417905","cda12e24-9597-4551-8f11-0c1d7b310e7e"
"2-s2.0-0015507622","2da8088b-f518-43c5-af9c-e5bcd1871205"
"2-s2.0-0015507622","ffcc6e72-6dc6-47af-a807-9d3f10c2ceef"
"2-s2.0-0015507622","4b94160b-97dc-4be3-bf13-69057bcd7746"
"2-s2.0-0015507622","dd775f46-0c82-4db1-b743-0fc8ab619f02"
"2-s2.0-0015507622","deebafd7-fca1-4a78-8623-bd689c64f57b"
"2-s2.0-0015507622","d93205de-6b78-4173-9a48-e36c72d511f7"
"2-s2.0-0015507622","0f710ae9-e197-46f6-9f93-06d1707fe21a"
"2-s2.0-0015507622","c13baa1e-b564-4e9d-a6dc-ad2212bff783"
"2-s2.0-0015507622","93219415-ac08-4c0a-bb83-cf7d8e6fd4e6"
"2-s2.0-0015507622","4c68e011-c107-48b4-9875-b1ddde76421c"
"2-s2.0-0015507622","6067a65b-2930-4003-826e-f8a59dd3270a"
"2-s2.0-77049257169","53766e89-49e5-40e3-81be-7b143abbe791"
"2-s2.0-77049257169","bf49bec6-77c1-41ff-9626-8a0042f9bc46"
"2-s2.0-77049257169","b0c1d286-5e65-43ac-985c-abf62b15fb5b"
"2-s2.0-77049257169","9e91c9f1-84d2-49d0-a850-cc171d0c24ff"
"2-s2.0-77049257169","93219415-ac08-4c0a-bb83-cf7d8e6fd4e6"
"2-s2.0-70449152920","2da8088b-f518-43c5-af9c-e5bcd1871205"
"2-s2.0-70449152920","d93205de-6b78-4173-9a48-e36c72d511f7"
"2-s2.0-70449152920","93219415-ac08-4c0a-bb83-cf7d8e6fd4e6"
"2-s2.0-80052520395","34e47df5-7ecb-48f4-a251-e945134c2969"
"2-s2.0-80052520395","30bce5c7-4e6a-4af0-a32d-dab1d5d45af3"
"2-s2.0-80052520395","04e1c4e3-0d04-4509-add4-a65a09effffb"
"2-s2.0-80052520395","beb9ae16-25f1-4f1d-b082-f827095fb5a7"
"2-s2.0-80052520395","11137526-4e46-4521-a0d8-ae6eb28e7956"
"2-s2.0-80052520395","6f9189be-e3e8-4752-aa24-3378954185fc"
"2-s2.0-80052520395","eecb0ac2-392d-4ed7-b18e-5e0b297aab89"
"2-s2.0-80052520395","bba34504-0b32-406f-8a31-15f1b0167550"
"2-s2.0-80052520395","ab08de66-cfd6-4a60-8d0c-f15f0f01a0e6"
"2-s2.0-80052520395","28e3ff3d-06e5-464d-bbd9-fae65ed63e52"
"2-s2.0-80052520395","734c58f1-bdc9-47ee-831a-62574ad80d9e"
"2-s2.0-80052520395","a21bc75e-9119-4178-964f-8795a802919f"
"2-s2.0-80052520395","62c2a7fc-9312-42bf-a998-392280fdb7be"
"2-s2.0-80052520395","7b6a3d81-ff6c-42e5-a09d-98b979cbfcdf"
"2-s2.0-80052520395","d727020d-e1b9-41b2-9455-50b1d00d6224"
"2-s2.0-80052520395","f8102a74-fe56-4c2d-a9b4-f20081ae293e"
"2-s2.0-80052520395","cd2dc12e-ee78-43bf-940b-fb6cb276c776"
"2-s2.0-80052520395","45181759-3dba-4d0d-98b1-88909a213c10"
"2-s2.0-80052520395","9bf712e7-5816-4ae1-be87-e059dccf3c12"
"2-s2.0-80052520395","bd123b54-6fbd-4ca5-a049-3791ef407d2e"
"2-s2.0-80052520395","f74f88b8-c5eb-4967-bdbb-46d894db7636"
"2-s2.0-80052520395","62c763e9-a205-4c8d-9e32-91aa168afc28"
"2-s2.0-80052520395","c25f76e7-fe23-4a21-a2be-39e2a4d34d91"
"2-s2.0-80052520395","232246ef-ae21-4d32-9ea9-098c39664167"
"2-s2.0-80052520395","df6247d7-afe4-4c04-9615-e538891d8835"
"2-s2.0-80052520395","9882a6c9-079b-4524-9b73-d4d46cbd07b6"
"2-s2.0-80052520395","c92d1788-1265-4cc3-8854-11daa242f9d8"
"2-s2.0-80052520395","f33d8688-5eca-4fb8-9740-ef9bb7ae5908"
"2-s2.0-80052520395","765a1831-2d6c-4aa0-9517-8c7f0ed0ca6a"
"2-s2.0-80052520395","420ea4f7-b6e4-4eb2-85b1-f21afc363991"
"2-s2.0-80052520395","4d8f4de4-ce38-4c1c-bdd3-eca4e4e68fc6"
"2-s2.0-80052520395","fb3fbe50-c7ab-4428-ad2d-8bfbe4eed579"
"2-s2.0-80052520395","fb56e2f2-10d0-45a3-aa2f-228fb8c073ca"
"2-s2.0-80052520395","222d8054-7a64-4817-805c-07ec7cf4384f"
"2-s2.0-80052520395","3c9339b4-dba8-4976-ae1f-dc5ebc2bf139"
"2-s2.0-80052520395","b853e1b8-56d4-4e82-8ae2-377531c03b5e"
"2-s2.0-80052520395","193fadb5-9a12-41ba-8ff6-0b9f6b01d0dd"
"2-s2.0-80052520395","385d836f-83a8-4a7d-a52c-23da0f4cbbfa"
"2-s2.0-80052520395","b080ee33-afba-4530-9f2d-a3e5554334ae"
"2-s2.0-80052520395","7eab1aaa-e581-476b-a371-36ba2162d76f"
"2-s2.0-80052520395","93219415-ac08-4c0a-bb83-cf7d8e6fd4e6"
"2-s2.0-80052520395","c2552a52-b8f0-4563-b336-c5f5d68edc07"
"2-s2.0-80052520395","c7759abe-84e6-4e55-8b6c-ab9ec3777ab6"
"2-s2.0-80052520395","c4e54626-5c81-4c05-bfe6-4caff474e30a"
"2-s2.0-80052520395","e3658b15-9f9f-4556-a899-8fbd247eea03"
"2-s2.0-80052520395","aab74364-b800-44b2-9122-fba443d21af5"
"2-s2.0-80052520395","61368831-0967-46a9-93ad-eed965d19052"
"2-s2.0-80052520395","545dff2a-482a-48fd-a604-1f24202bd886"
"2-s2.0-80052520395","c99c462e-c205-460c-a5af-70b85eadb6cb"
"2-s2.0-80052520395","49ad4a72-64a0-4901-9c51-595e6e675fff"
"2-s2.0-80052520395","2e48f5bf-1066-47c1-940b-e121bc4e5e1f"
"2-s2.0-80052520395","9a436e5b-2dd8-4cc6-b758-58e4875e0f78"
"2-s2.0-80052520395","52a7f003-b341-44d5-a125-77131ab6b935"
"2-s2.0-80052520395","31c6a0af-ba5a-43dc-8089-489df11888f1"
"2-s2.0-80052520395","3629f3f1-e3e0-46ec-977a-1962c247aa8b"
"2-s2.0-80052520395","00fad238-de91-4337-a247-bb3a45db901e"
"2-s2.0-85167455270","2d7e9c83-4211-437d-b6ab-090f0ca152dd"
"2-s2.0-85167455270","8ba3356a-0916-4ffe-b476-232563dd4e6f"
"2-s2.0-85167455270","6b802d2d-2f9b-4b86-8098-77f0122fb032"
"2-s2.0-85167455270","fb56e2f2-10d0-45a3-aa2f-228fb8c073ca"
"2-s2.0-85167455270","193fadb5-9a12-41ba-8ff6-0b9f6b01d0dd"
"2-s2.0-85167455270","0f17c35a-2e68-4604-9cce-894a9e2ef725"
"2-s2.0-85167455270","8523312b-0f5e-4060-9d62-22e54e999993"
"2-s2.0-85167455270","8b10afd5-1fda-4e71-af34-cc04db8e16eb"
"2-s2.0-85167455270","ed1d4de8-ffce-4c39-b44e-be2e21dd28b5"
"2-s2.0-85148499783","e3330d8e-a20f-484a-a5c5-46042d987a12"
"2-s2.0-85148499783","90a1df64-428c-4bd5-a493-5427f47386ee"
"2-s2.0-85148499783","a9284080-2e5e-4208-86ea-d4cc5ff5ed36"
"2-s2.0-85148499783","8ba3356a-0916-4ffe-b476-232563dd4e6f"
"2-s2.0-85148499783","eceb9a04-a077-4f3a-aae6-4f6f14559d9d"
"2-s2.0-85148499783","26735173-ab75-4069-9e2d-e42372152d58"
"2-s2.0-85148499783","8abc582c-f4c3-48b7-9726-c36a878c696d"
"2-s2.0-85148499783","ceba421b-c2dd-4343-a3e4-102172ebf16e"
"2-s2.0-85148499783","350bbe84-3988-4068-a80a-bbe5e721ac09"
"2-s2.0-85148499783","f62d928b-1fc5-4c8f-8210-b97ed5fdb486"
"2-s2.0-85148499783","52f087f0-d505-43ec-bb54-cb74f04a9b0e"
"2-s2.0-85140784043","00759877-469c-4d4e-ae2a-4f152d84c527"
"2-s2.0-85140784043","160d8b39-3e7f-4f8f-864a-8b2c0f018d8c"
"2-s2.0-85140784043","81e3797a-7a26-4681-8913-b0f7aec6b86a"
"2-s2.0-85140784043","fb56e2f2-10d0-45a3-aa2f-228fb8c073ca"
"2-s2.0-85140784043","0b8001f3-a009-4c58-aa21-c3f51d4f92f3"
"2-s2.0-85140784043","9f7cc518-9ccc-4b5b-8a6f-7877c5c29e6b"
"2-s2.0-85140784043","52f087f0-d505-43ec-bb54-cb74f04a9b0e"
"2-s2.0-85112658148","81e3797a-7a26-4681-8913-b0f7aec6b86a"
"2-s2.0-85112658148","8abc582c-f4c3-48b7-9726-c36a878c696d"
"2-s2.0-85112658148","ce2ef386-b5c1-49e6-bca0-c9d797335179"
"2-s2.0-85112658148","54bd6bdd-4d1a-43b4-abb9-8c87e128161d"
"2-s2.0-85112658148","c9d83b09-7222-438a-86b7-0091b2de7144"
"2-s2.0-85112658148","c0265dc3-6d7d-4b29-abe3-ebd1b15f0ad1"
"2-s2.0-85112658148","52f087f0-d505-43ec-bb54-cb74f04a9b0e"
"2-s2.0-85112658148","7f415b2a-74ae-4848-bf98-c1ad6fcf1dd8"
"2-s2.0-85112658148","bd30be0d-0a5b-4fd6-aa98-7a43f1031320"
"2-s2.0-85112658148","5bff2ae6-b7ce-4a0b-ad4e-f680144da4de"
"2-s2.0-85114063415","00759877-469c-4d4e-ae2a-4f152d84c527"
"2-s2.0-85114063415","694868fe-0dc1-4e47-b562-abf38606a07f"
"2-s2.0-85114063415","81e3797a-7a26-4681-8913-b0f7aec6b86a"
"2-s2.0-85114063415","1319429c-de3b-4f35-9e5c-a2b07ce00431"
"2-s2.0-85114063415","cc67ee43-70dd-4a22-a4db-1ff50b133ff8"
"2-s2.0-85114063415","e5650ef4-cafe-4aa5-92ca-d61826486ca6"
"2-s2.0-85114063415","b853e1b8-56d4-4e82-8ae2-377531c03b5e"
"2-s2.0-85114063415","a01cffdc-0442-4c7e-99f8-325444608280"
"2-s2.0-85114063415","7efe7f2b-3e95-4821-a39b-048b6b3ac4a8"
"2-s2.0-85114063415","505df0b5-9185-4300-b532-a2826be05a9e"
"2-s2.0-85114063415","52f087f0-d505-43ec-bb54-cb74f04a9b0e"
"2-s2.0-85114063415","0dbe094c-d6d2-4a8a-b6e7-ffd0f6b6c821"
"2-s2.0-85114063415","5bff2ae6-b7ce-4a0b-ad4e-f680144da4de"
"2-s2.0-85114063415","ac150300-2d2b-4db3-8ee4-04a086bbd19d"
"2-s2.0-85098866029","d7bedebf-f80d-45d4-9e25-e52b253b1d84"
"2-s2.0-85098866029","f880fa1b-d7ed-4a3c-ad2c-ccb5f338dfd6"
"2-s2.0-85098866029","160d8b39-3e7f-4f8f-864a-8b2c0f018d8c"
"2-s2.0-85098866029","8ba3356a-0916-4ffe-b476-232563dd4e6f"
"2-s2.0-85098866029","81e3797a-7a26-4681-8913-b0f7aec6b86a"
"2-s2.0-85098866029","8523312b-0f5e-4060-9d62-22e54e999993"
"2-s2.0-85098866029","5bff2ae6-b7ce-4a0b-ad4e-f680144da4de"
"2-s2.0-85096052320","913913c9-c665-4315-8ccf-efdca642e583"
"2-s2.0-85096052320","93219415-ac08-4c0a-bb83-cf7d8e6fd4e6"
"2-s2.0-85096052320","ddeb1e63-cad0-4954-8fb2-4aa3ff251ee1"
"2-s2.0-85096052320","c3dbdbcc-cf20-4ac9-9453-ed868262b3e6"
"2-s2.0-85096052320","81e3797a-7a26-4681-8913-b0f7aec6b86a"
"2-s2.0-85096052320","effd3896-d5f3-4700-ac4a-68fe1f2f74b5"
"2-s2.0-85096052320","aef9ff63-36a7-40e9-8001-e7a67a265c12"
"2-s2.0-85096052320","0fa05e63-fb13-4fd3-9b75-2767b9ed1fcb"
"2-s2.0-85096052320","61e79b4a-1ca3-41aa-9624-396b0b9f7476"
"2-s2.0-85096052320","1f492cc8-c4d2-480c-a18e-f3d571d7dd7c"
"2-s2.0-85096052320","e9923ce4-e99a-44bc-9a85-e6e2c44d9fcb"
"2-s2.0-85096052320","d653c5c8-f416-4d2d-89d1-12ecf3cc6b93"
"2-s2.0-85096052320","6067a65b-2930-4003-826e-f8a59dd3270a"
"2-s2.0-85096052320","b75485c4-f696-4ea5-981f-a64941409a5a"
"2-s2.0-85096052320","55d24fd6-e80f-4a9d-8130-9c0ce6c8a031"
"2-s2.0-85096052320","27234e9c-0ea1-4d59-8d53-477b1f631931"
"2-s2.0-85096052320","e4c445aa-fc00-4d2e-a78c-6ea1ab77c297"
"2-s2.0-85096052320","eeede883-c6d0-4ebe-ae6d-c4799e4d9943"
"2-s2.0-85096052320","b11f9421-2469-41b5-8ab5-88935ef9ea05"
"2-s2.0-85096052320","a8aa506b-c25d-4d06-8483-d1be2ab0e60b"
"2-s2.0-85096052320","6ac9fd4e-ac49-4162-bf3b-055e65355d21"
"2-s2.0-85064930583","a4fc06e8-4302-43a3-85e6-437c6e062d11"
"2-s2.0-85064930583","6de1dd37-c403-42e1-8850-70c97d162b94"
"2-s2.0-85064930583","fa563d1e-f4c1-4dca-b174-82f9f32a9073"
"2-s2.0-85064930583","65b1b3fd-ac6b-4365-affe-0edb486feec0"
"2-s2.0-85064930583","1faa0474-7744-4486-82ab-0865cf68f31d"
"2-s2.0-85064930583","e0330d5f-62dd-4762-b484-1db15aef3441"
"2-s2.0-85064930583","b1212b20-5e40-439c-ace4-5ed14527ec9e"
"2-s2.0-85064930583","50f74f0f-4962-457a-a45f-8e06c46bbc51"
"2-s2.0-85064930583","02e0c6f9-9410-4b6d-88e4-7d481e117a82"
"2-s2.0-85064930583","32a37e04-5ce2-40c7-8233-d1818fff4229"
"2-s2.0-85064930583","2dd4e3e1-a6d6-495d-9a19-480a73402e2d"
"2-s2.0-85064930583","d1716f15-629c-406d-be17-cbb633476a06"
"2-s2.0-85064930583","3f4c8672-4fe6-4b39-9038-a203179d5f74"
"2-s2.0-85064930583","6e1fa2f1-9786-4305-9df8-e0eacff7fcde"
"2-s2.0-85064930583","062c392b-1c7f-4cc7-9af4-e9862249e608"
"2-s2.0-85064930583","f5a31e8c-768e-49ca-94d7-bb64b65f3625"
"2-s2.0-85064930583","45ace734-8f13-42e6-83c6-0a2960980d04"
"2-s2.0-85064930583","839daa53-c06b-4f59-aa50-53d33197189b"
"2-s2.0-85064930583","d0ab52fa-b0e1-43b9-96f4-1b6a8e26af69"
"2-s2.0-85064930583","90ef4fdb-b24e-4997-861c-ec8e37452c4e"
"2-s2.0-85064930583","8fc00f5b-ca6c-479d-87f5-03488036168a"
"2-s2.0-85064930583","9f75062d-4826-4ed4-996c-872bdf506101"
"2-s2.0-85064930583","97d2eab0-3952-4a51-89f1-0a6987e27a7f"
"2-s2.0-85064930583","57ac5c14-4316-432d-a4ca-571f21f18b5b"
"2-s2.0-85054667970","00759877-469c-4d4e-ae2a-4f152d84c527"
"2-s2.0-85054667970","0bafb52c-ed58-4ff8-8f57-739d19ea9563"
"2-s2.0-85054667970","3866c2be-d2a8-4259-ad4a-ba65276eb4d8"
"2-s2.0-85054667970","9b3b2866-2b1f-4145-a465-0db0ee3d54ba"
"2-s2.0-85054667970","ceba421b-c2dd-4343-a3e4-102172ebf16e"
"2-s2.0-85054667970","8e78f94d-76e5-4df1-8993-f6859f9796be"
"2-s2.0-85054667970","efe9b127-a98e-4180-adf2-6994cb0b0e8f"
"2-s2.0-85054667970","892004a1-f9cf-421f-a7d4-848021076ce8"
"2-s2.0-85054667970","62ab4fa4-6f76-4b7e-aad7-0e32ea3d4456"
"2-s2.0-85054667970","0ed17ba1-63ab-414f-8496-e797522d6a0b"
"2-s2.0-85054667970","f84e5821-c4ae-402d-a982-3c8204661361"
"2-s2.0-85054667970","2dcad81b-8a85-470c-bda3-63c1e0e183e3"
"2-s2.0-85054667970","4323694c-2ae4-456a-a79b-1ab039389f56"
"2-s2.0-85054667970","0dbe094c-d6d2-4a8a-b6e7-ffd0f6b6c821"
"2-s2.0-85054667970","5bff2ae6-b7ce-4a0b-ad4e-f680144da4de"
"2-s2.0-85054667970","6bec0185-d372-41ee-a833-02b531822116"
"2-s2.0-85054667970","269e35b1-acef-44ff-8569-a9440c4c5d5c"
"2-s2.0-85051411485","93219415-ac08-4c0a-bb83-cf7d8e6fd4e6"
"2-s2.0-85051411485","52f087f0-d505-43ec-bb54-cb74f04a9b0e"
"2-s2.0-85051411485","96457492-67c7-454a-aa9f-2c8d9793cf76"
"2-s2.0-85051411485","d09f9ead-a7f0-4cfd-9e72-8da987f180bf"
"2-s2.0-85051411485","1269da14-8e12-4ae9-a4b5-78f7d714f26e"
"2-s2.0-85051411485","e959ad97-4e1b-408b-8a47-f7765ed00fd9"
"2-s2.0-85051411485","97be40fa-2dd1-4827-82ca-c91b7fbde13c"
"2-s2.0-85051411485","61368831-0967-46a9-93ad-eed965d19052"
"2-s2.0-85051411485","e9923ce4-e99a-44bc-9a85-e6e2c44d9fcb"
"2-s2.0-85051411485","d653c5c8-f416-4d2d-89d1-12ecf3cc6b93"
"2-s2.0-85051411485","cb11fea2-69df-4084-9029-19880a50ecbe"
"2-s2.0-85051411485","27234e9c-0ea1-4d59-8d53-477b1f631931"
"2-s2.0-85051411485","2d6efeb2-b259-4732-8747-935078886dd3"
"2-s2.0-85051411485","95544b42-959a-43f5-a9a4-81f800ab8d0e"
"2-s2.0-85051411485","7a3b75db-3d8f-4471-ad6b-a12e5bde348f"
"2-s2.0-85051411485","07936136-243e-4552-bc01-28f33ca3f957"
"2-s2.0-85051411485","dd579a4d-33fe-498b-9e10-2373195da95f"
"2-s2.0-85051411485","d815129b-16b1-4ca6-bbf2-a6dec47058b2"
"2-s2.0-85051411485","c7759abe-84e6-4e55-8b6c-ab9ec3777ab6"
"2-s2.0-85051411485","545dff2a-482a-48fd-a604-1f24202bd886"
"2-s2.0-85051411485","c8e69e97-1a25-4dcb-9ac1-9937993cacf8"
"2-s2.0-85051411485","7cc9dea3-5d7e-4cfb-aee9-7b557e5ea370"
"2-s2.0-85051411485","d08c1a05-1616-4390-be13-582a9475c2cb"
"2-s2.0-85051411485","032ec586-9e6a-4b14-8177-ec252f821cad"
"2-s2.0-85046838355","93219415-ac08-4c0a-bb83-cf7d8e6fd4e6"
"2-s2.0-85046838355","39a30231-3f7d-4974-a1f3-eaad142b220b"
"2-s2.0-85046838355","30bce5c7-4e6a-4af0-a32d-dab1d5d45af3"
"2-s2.0-85046838355","b580b94b-cc8f-495e-b05c-a274200263cc"
"2-s2.0-85046838355","dd75a44d-ccee-45a6-95ef-71f9337d3140"
"2-s2.0-85046838355","36f7f8c2-0dcb-4390-9e25-2a5a93705974"
"2-s2.0-85046838355","b853e1b8-56d4-4e82-8ae2-377531c03b5e"
"2-s2.0-85046838355","27234e9c-0ea1-4d59-8d53-477b1f631931"
"2-s2.0-85046838355","cb963a3d-2a28-4da4-9616-2a657ed3f5b3"
"2-s2.0-85046838355","4635518d-5bdc-433a-b76a-2ca0ae45423b"
"2-s2.0-85046838355","59d660aa-b7f3-437c-a96a-40a2e0758c8b"
"2-s2.0-85046838355","1838b5df-144a-42a7-b7dd-43a0ff313291"
"2-s2.0-85046838355","7eab1aaa-e581-476b-a371-36ba2162d76f"
"2-s2.0-84963593321","5fe29a2b-432a-42da-837f-9c2c18457af4"
"2-s2.0-84963593321","420ea4f7-b6e4-4eb2-85b1-f21afc363991"
"2-s2.0-84963593321","0d0aabc3-b846-4a63-bd0b-5c746a91628e"
"2-s2.0-84963593321","039f2c65-2b7f-474d-9d63-95acc5b2a2ff"
"2-s2.0-84963593321","98df7e4d-048a-4e12-984f-6eb331b291f2"
"2-s2.0-84963593321","b853e1b8-56d4-4e82-8ae2-377531c03b5e"
"2-s2.0-84963593321","e67e6030-bd27-4223-9994-e4b73d9badbf"
"2-s2.0-84963593321","7eab1aaa-e581-476b-a371-36ba2162d76f"
"2-s2.0-84963593321","93b0c47f-7de0-41a0-8bc2-104ef53e5d8b"
"2-s2.0-84963593321","45abd514-8e8e-43f4-b9bc-bdcfeaeabfd5"
"2-s2.0-84963593321","0e366f7b-418c-40ee-adde-b785c2d365d2"
"2-s2.0-84963593321","59d660aa-b7f3-437c-a96a-40a2e0758c8b"
"2-s2.0-84963593321","adab03a6-092b-4132-b6e3-a92bd194f2d9"
"2-s2.0-84885234946","5d6b7891-0479-4f06-a5ff-de69502d3b02"
"2-s2.0-84885234946","048290d8-3b95-4f50-83d4-591f914ffa64"
"2-s2.0-84885234946","382aad48-fea1-41d8-82a1-6a72cb3d3895"
"2-s2.0-84885234946","d0ab52fa-b0e1-43b9-96f4-1b6a8e26af69"
"2-s2.0-84885234946","90ef4fdb-b24e-4997-861c-ec8e37452c4e"
"2-s2.0-84885234946","0791ce71-1057-4c64-83b2-59042ad79d1a"
"2-s2.0-84885234946","9ffd8586-e85a-4cf1-bf0e-cd18b52e7620"
"2-s2.0-84885234946","97d2eab0-3952-4a51-89f1-0a6987e27a7f"
"2-s2.0-84885234946","675ab9c3-f7e3-4a23-a08a-61106b39bae5"
"2-s2.0-84885234946","57ac5c14-4316-432d-a4ca-571f21f18b5b"
"2-s2.0-84885234946","93cfe3e4-22db-423f-92d3-f19d3db1b681"
"2-s2.0-84885234946","569f70be-f95d-4a1c-9034-afe1feb4a06e"
"2-s2.0-84860112149","b93e9549-31c4-4a03-bf1d-4be4b36bcaa8"
"2-s2.0-84860112149","b61c3946-6a90-43cd-9a67-90d036fd9999"
"2-s2.0-84860112149","ee1b75da-0718-4a80-b5d4-f56576159903"
"2-s2.0-84860112149","f6b851de-e642-4c9d-9feb-675b114395dc"
"2-s2.0-84860112149","90ef4fdb-b24e-4997-861c-ec8e37452c4e"
"2-s2.0-84860112149","57ac5c14-4316-432d-a4ca-571f21f18b5b"
"2-s2.0-0036254372","28e3ff3d-06e5-464d-bbd9-fae65ed63e52"
"2-s2.0-0036254372","19726c1a-bc5e-4bd8-b985-a3bf6f2f4be7"
"2-s2.0-0036254372","b42acfff-02f4-472d-8a07-8a682d8b0666"
"2-s2.0-0036254372","f3809b33-0e41-4c0a-b511-28c1a8e996f0"
"2-s2.0-0036254372","b2df5e2a-3371-4e1e-96dd-0fc189bc7e9a"
"2-s2.0-0036254372","981cca4f-7c54-407c-9050-abe795204be5"
"2-s2.0-0036254372","20e562a5-2245-42bf-bcd7-22e8f4ab4383"
"2-s2.0-0036254372","b549d930-e536-4fde-9a3c-6cc7685be199"
"2-s2.0-0036254372","0dbe094c-d6d2-4a8a-b6e7-ffd0f6b6c821"
"2-s2.0-0036254372","ac150300-2d2b-4db3-8ee4-04a086bbd19d"
"2-s2.0-0036254372","be087706-46ee-43e7-a1bd-ab1ee634d93d"
"2-s2.0-0036254372","ef08b1aa-f655-4dfd-8e0e-ddd7395f5ba0"
"2-s2.0-0036254372","216f47bf-0d02-4d8e-885d-0e2df4b4802d"
"2-s2.0-0036254372","1811485a-c1b9-46b2-b6ab-e25b64f42bbc"
"2-s2.0-0036254372","6bec0185-d372-41ee-a833-02b531822116"
"2-s2.0-0036254372","57ac5c14-4316-432d-a4ca-571f21f18b5b"
"2-s2.0-0034813950","19726c1a-bc5e-4bd8-b985-a3bf6f2f4be7"
"2-s2.0-0034813950","b42acfff-02f4-472d-8a07-8a682d8b0666"
"2-s2.0-0034813950","90ef4fdb-b24e-4997-861c-ec8e37452c4e"
"2-s2.0-0034813950","7ef6602a-8fa4-45a7-b289-00410f1b33ae"
"2-s2.0-0034813950","03ebf415-6bea-4101-87a2-92ed391972d2"
"2-s2.0-0034813950","19b34535-01c0-42db-85e8-07ce5237d370"
"2-s2.0-0034813950","b282fb67-ef44-49cf-abbd-e11113b088e7"
"2-s2.0-0034813950","57ac5c14-4316-432d-a4ca-571f21f18b5b"
"2-s2.0-0034813950","8f1e9e8c-231e-47bf-8247-9da5b8c8f898"
"2-s2.0-79960263974","34c5e5f7-7df3-4f74-a524-cd42afa02b30"
"2-s2.0-79960263974","7b512692-db21-4cb7-91bc-f6c8a69bbbfb"
"2-s2.0-79960263974","eaf25663-fa6a-451e-8b5d-d7427723f637"
"2-s2.0-85158168245","1faa0474-7744-4486-82ab-0865cf68f31d"
"2-s2.0-85158168245","cd2d4aa5-1ba2-40ea-a10a-3af92ff1aa0f"
"2-s2.0-85158168245","0d0aabc3-b846-4a63-bd0b-5c746a91628e"
"2-s2.0-85158168245","a3104f5b-6512-439b-b45c-5a026868ccb0"
"2-s2.0-85158168245","7eab1aaa-e581-476b-a371-36ba2162d76f"
"2-s2.0-85158168245","f7e04533-8004-4b6c-9fa6-17cb508fda47"
"2-s2.0-85032269993","743db256-5830-4244-9a0c-964f7f60b438"
"2-s2.0-85032269993","420ea4f7-b6e4-4eb2-85b1-f21afc363991"
"2-s2.0-85032269993","e80cc2f4-8346-4cd9-8335-69f3d49760b8"
"2-s2.0-85032269993","fb56e2f2-10d0-45a3-aa2f-228fb8c073ca"
"2-s2.0-85032269993","3c9339b4-dba8-4976-ae1f-dc5ebc2bf139"
"2-s2.0-85032269993","b853e1b8-56d4-4e82-8ae2-377531c03b5e"
"2-s2.0-85032269993","7eab1aaa-e581-476b-a371-36ba2162d76f"
"2-s2.0-85032269993","8d5e297d-a2e4-4142-bbc6-ab757a1740ba"
"2-s2.0-85032269993","6a5181c9-2c76-40fa-9586-cb15d09dee26"
"2-s2.0-85032269993","b42acfff-02f4-472d-8a07-8a682d8b0666"
"2-s2.0-85032269993","9c8dc493-71b4-4274-a924-bd2cca4e05d1"
"2-s2.0-85032269993","300be995-99d0-424d-affb-0b971df485bb"
"2-s2.0-85032269993","bad9549a-d562-473b-8b3d-a0474e8d725f"
"2-s2.0-85032269993","1ef08d0f-5a0f-4163-958d-b6da73a8bdc8"
"2-s2.0-85032269993","2f1f81c4-e9e6-4247-9020-274363dc77e4"
"2-s2.0-85032269993","2b148ee0-afa9-4fab-bcfd-ab9de1f280ed"
"2-s2.0-85032269993","c9c784ad-0490-4d33-94af-30a1d41e4c9c"
"2-s2.0-85032269993","ccc254e5-d8e3-4299-a9ef-dd7403368bc5"
"2-s2.0-85032269993","3c7c21d4-470e-4cff-9978-a64f690e19f6"
"2-s2.0-85032269993","996bb39a-0bc4-476f-847e-9bacd30341aa"
"2-s2.0-85032269993","288b7f2a-27bf-4abb-805b-8dcc366130d9"
"2-s2.0-85032269993","baf6fa3d-2543-474e-9d9b-296eb42b51e5"
"2-s2.0-79957503268","77c12400-f1ba-492f-a7cb-9638132cea14"
"2-s2.0-79957503268","5fe29a2b-432a-42da-837f-9c2c18457af4"
"2-s2.0-79957503268","46c266cf-9fb3-41ee-86e7-b7d9812a8c4f"
"2-s2.0-79957503268","eae8aaf1-8f0c-47ab-9a62-9556fe5dcc6b"
"2-s2.0-79957503268","172279e5-dbc7-45bc-be21-1dfb3e2cf278"
"2-s2.0-79957503268","50f74f0f-4962-457a-a45f-8e06c46bbc51"
"2-s2.0-79957503268","039f2c65-2b7f-474d-9d63-95acc5b2a2ff"
"2-s2.0-79957503268","548d03fd-dab5-4922-903a-b4a8d599df9b"
"2-s2.0-79957503268","385d836f-83a8-4a7d-a52c-23da0f4cbbfa"
"2-s2.0-79957503268","e3aeb7cf-f3c2-4210-bd9b-60b686e2db2a"
"2-s2.0-79957503268","0dd7135e-f969-4bd5-82a6-406a7d50aa62"
"2-s2.0-79957503268","d24e038e-ca6e-4032-8e13-0296d61c43e6"
"2-s2.0-79957503268","7eab1aaa-e581-476b-a371-36ba2162d76f"
"2-s2.0-79957503268","6ff71d8c-ff98-4782-84e9-166a22f5cb62"
"2-s2.0-79957503268","3d64a15a-c80d-46ca-b48a-28ebbda548bb"
"2-s2.0-79957503268","6eb3f446-5022-4fbd-b04a-142c837aec5b"
"2-s2.0-79957503268","cc7e28e6-4cc3-4b76-a0a5-1b00f6dc1ebe"
"2-s2.0-79957503268","19726c1a-bc5e-4bd8-b985-a3bf6f2f4be7"
"2-s2.0-79957503268","b42acfff-02f4-472d-8a07-8a682d8b0666"
"2-s2.0-79957503268","42bd487d-fd6a-44f2-a37f-ef3a32014f53"
"2-s2.0-79957503268","f3d43842-40a2-4cc4-b9a4-5bc01adc1a8d"
"2-s2.0-79957503268","408cb687-75dd-4caa-a4c6-34462aa0f147"
"2-s2.0-79957464876","420ea4f7-b6e4-4eb2-85b1-f21afc363991"
"2-s2.0-79957464876","e80cc2f4-8346-4cd9-8335-69f3d49760b8"
"2-s2.0-79957464876","787ed29f-ab26-4382-a37f-eb05b1442363"
"2-s2.0-79957464876","7eab1aaa-e581-476b-a371-36ba2162d76f"
"2-s2.0-79957464876","4fde39e6-ddae-4883-aa79-52d621d5c538"
"2-s2.0-79957464876","f57bb53e-8e80-48d5-bae4-2152734afadf"
"2-s2.0-79957464876","51733b51-a947-4122-97f0-1489284a250c"
"2-s2.0-79957464876","2f1f81c4-e9e6-4247-9020-274363dc77e4"
"2-s2.0-79957464876","4a62d445-0df3-44ac-8b1c-cb2e95f76fd8"
"2-s2.0-79957464876","9dbcd1e3-2ce8-41c6-ab14-77f2147680e0"
"2-s2.0-79957464876","2dd28c0e-e4d2-4a84-bf78-27e71c88d029"
"2-s2.0-79957464876","aaa2bcac-c753-4668-af7f-3767d07e0590"
"2-s2.0-0035660836","19726c1a-bc5e-4bd8-b985-a3bf6f2f4be7"
"2-s2.0-0035660836","b42acfff-02f4-472d-8a07-8a682d8b0666"
"2-s2.0-0035660836","4a62d445-0df3-44ac-8b1c-cb2e95f76fd8"
"2-s2.0-0035660836","c9c784ad-0490-4d33-94af-30a1d41e4c9c"
"2-s2.0-0035660836","57ac5c14-4316-432d-a4ca-571f21f18b5b"
"2-s2.0-0040362328","4a62d445-0df3-44ac-8b1c-cb2e95f76fd8"
"2-s2.0-0040362328","c9c784ad-0490-4d33-94af-30a1d41e4c9c"
"2-s2.0-0040362328","f3d43842-40a2-4cc4-b9a4-5bc01adc1a8d"
